keys,corridor_constructionYardNorth_squareNorth,home_c65,home_c113,home_c66,home_c114,home_c63,home_c115,home_c64,home_c116,home_c69,home_c117,home_c118,home_Sasha,home_c67,home_c119,home_c68,home_Rui,bioengineeringHeadquarters,home_c72,home_Boulos,home_c73,home_c110,home_c70,home_c111,home_c71,home_c112,farm,industryHeadquarters,electrolysisStationSouth,home_c76,home_c102,home_c77,home_c103,corridor_rescueStationWest_mainControlRoom,home_c74,home_c104,corridor_squareSouth_mainControlRoom,home_c75,home_c105,home_c106,home_c107,home_c78,home_c108,home_c79,home_c109,home_c80,home_Evan,excavationShaftB,home_c83,home_c84,home_c100,home_c81,corridor_squareSouth_securityCheckCenter,home_c101,home_c82,excavationShaftA,corridor_securityCheckEast_rescueStationNorth,corridor_constructionYardSouth_excavationShaftB,corridor_outerBarrierCenter_outerBarrierWest,corridor_constructionYardSouth_techSchool,home_c87,home_c88,corridor_reservoirWest_excavationShaftA,home_c85,outerBarrierCenter,home_c86,miningHeadquarters,home_c89,observatory,home_c90,home_c91,home_AmmServer,corridor_reservoirEast_mainControlRoom,home_c94,corridor_miningSchool_securityCheckEast,home_c95,corridor_squareSouth_rescueStationSouth,corridor_mainControlRoom_reservoirEast,home_c92,home_c93,corridor_squareSouth_miningSchool,home_Peiyu,cemetery,corridor_outerBarrierWest_observatory,fineFoodStore-1,home_JwlServer,corridor_recycleFacilityWest_outerBarrierWest,reservoirWest,home_Kasem,home_c98,home_c124,corridor_outerBarrierCenter_spacePort,home_c99,home_c125,home_c96,home_c97,home_Yuhoa,corridor_outerBarrierCenter_outerBarrierEast,corridor_recycleFacilityWest_electrolysisStationNorth,home_c120,home_c121,home_c122,home_c123,techSchool,welfareStationEast,corridor_squareSouth_electrolysisStationSouth,corridor_squareNorth_securityCheckWest,corridor_miningSchool_excavationShaftB,home_Vaeme,home_Dion,corridor_miningSchool_rescueStationSouth,corridor_spacePort_outerBarrierCenter,tavern,corridor_excavationShaftA_securityCheckWest,corridor_welfareStationWest_squareNorth,corridor_electrolysisStationSouth_squareSouth,corridor_excavationShaftA_reservoirWest,corridor_techSchool_constructionYardSouth,corridor_tankArray_recycleFacilityEast,infrastructureHeadquarters,home_c0,corridor_rescueStationNorth_recycleFacilityEast,home_c2,home_c1,home_c4,corridor_excavationShaftB_miningSchool,home_c3,home_c6,corridor_rescueStationWest_excavationShaftA,home_c5,home_c8,home_c7,home_c9,corridor_excavationShaftA_rescueStationWest,ammoniaShop,corridor_securityCheckEast_miningSchool,educationHeadquarters,home_Eugene,squareSouth,home_RstSupplier,corridor_securityCheckCenter_mainControlRoom,home_DrHess,constructionYardNorth,corridor_techSchool_miningSchool,mainControlRoom,home_Charles,corridor_reservoirEast_electrolysisStationSouth,corridor_theEngine_excavationShaftA,home_Maisarah,corridor_outerBarrierEast_outerBarrierCenter,home_teacher2,corridor_rescueStationSouth_welfareStationEast,corridor_welfareStationEast_rescueStationSouth,rescueStationSouth,securityCheckEast,home_ctrler,corridor_observatory_outerBarrierWest,corridor_excavationShaftB_rescueStationSouth,corridor_miningSchool_squareSouth,diamondShop,outerBarrierWest,corridor_recycleFacilityEast_rescueStationNorth,home_RstServer,home_Muos,tankArray,corridor_recycleFacilityEast_tankArray,recycleFacilityWest,home_Megaros,corridor_securityCheckWest_squareNorth,home_Kae,corridor_mainControlRoom_rescueStationWest,corridor_securityCheckWest_excavationShaftA,corridor_rescueStationSouth_miningSchool,home_Alina,corridor_rescueStationNorth_securityCheckEast,home_Krailin,corridor_mainControlRoom_squareSouth,outerBarrierEast,corridor_outerBarrierEast_asteroidMine,corridor_rescueStationSouth_excavationShaftB,theEngine,miningSchool,home_c18,welfareStationWest,home_c19,home_c16,home_c17,corridor_securityCheckCenter_market,home_Agros,home_c10,home_c11,corridor_electrolysisStationNorth_recycleFacilityWest,home_Chef,home_c14,home_JwlSupplier,home_c15,home_c12,home_c13,corridor_squareNorth_recycleFacilityWest,home_Bahriye,corridor_rescueStationSouth_squareSouth,corridor_market_constructionYardNorth,corridor_market_rescueStationNorth,interiorHeadquarters,recycleFacilityEast,safetyHeadquarters,home_Jeweler,corridor_excavationShaftB_constructionYardSouth,home_c29,rescueStationWest,home_c27,home_c28,spacePort,home_c21,home_c22,corridor_electrolysisStationSouth_reservoirEast,home_c20,home_c25,home_c26,home_c23,home_AmmSupplier,home_c24,securityCheckCenter,asteroidMine,corridor_constructionYardNorth_market,corridor_outerBarrierWest_outerBarrierCenter,corridor_cemetery_securityCheckEast,home_Jan,corridor_rescueStationNorth_market,home_DrPaik,corridor_securityCheckEast_cemetery,securityCheckWest,home_Lynn,home_c38,home_c39,home_c32,corridor_squareNorth_constructionYardNorth,electrolysisStationNorth,home_c33,home_c30,home_c31,home_c36,home_c37,home_c34,corridor_recycleFacilityWest_squareNorth,home_c35,home_Metros,market,corridor_reservoirEast_farm,home_c40,home_Chemist,rescueStationNorth,corridor_squareNorth_welfareStationWest,corridor_farm_reservoirEast,home_c49,corridor_excavationShaftA_theEngine,corridor_miningSchool_techSchool,corridor_mainControlRoom_securityCheckCenter,corridor_squareSouth_welfareStationEast,home_c43,corridor_outerBarrierWest_recycleFacilityWest,home_c44,home_c41,home_c42,corridor_asteroidMine_outerBarrierEast,home_c47,home_c48,home_c45,home_c46,home_Hans,home_c50,home_c51,home_Indu,reservoirEast,corridor_market_securityCheckCenter,corridor_welfareStationEast_squareSouth,home_Yuri,home_Hiroshi,home_c54,home_c55,home_c52,home_c53,home_c58,home_c59,home_Salvor,constructionYardSouth,home_c56,home_c57,home_observer,home_c61,home_c62,squareNorth,home_c60,corridor_securityCheckCenter_squareSouth,home_Astinomis
2940,565.32935,428.72876,906.50354,543.53894,899.5619,909.9301,503.9421,918.08875,912.84155,464.18906,375.8706,517.1491,859.72656,517.10364,939.3521,925.0735,678.0147,495.9031,528.4381,886.20807,909.64246,399.17383,516.36975,859.7796,375.82138,410.83002,469.32297,407.74863,306.07324,425.63922,375.8477,859.6942,897.16174,327.71173,859.6928,934.6348,372.49722,538.93616,541.3302,937.0043,414.95352,414.36987,859.70734,401.52228,502.78848,517.15955,420.31445,450.96844,441.053,898.3595,402.2896,428.76227,387.54117,530.1601,490.71973,280.16486,279.82712,416.06467,219.81758,358.87796,912.784,490.731,258.039,452.963,242.4142,402.3343,278.154,375.8866,178.37355,401.58304,464.2793,375.18683,338.7921,528.5209,259.68646,464.28683,338.86255,353.5639,502.8272,912.04004,334.37378,421.36267,190.34607,186.05968,761.1414,442.73022,221.35336,270.93787,394.8791,514.1216,501.67337,205.40814,939.3327,452.78592,502.85126,399.00446,651.331,296.81915,248.7016,402.16116,530.4527,402.16586,859.7407,305.35977,335.7132,338.23608,398.32364,342.87085,651.6399,468.77023,283.65332,192.63412,799.2084,276.56174,590.28156,320.15338,260.73743,334.16223,314.76297,199.09839,464.09717,327.5436,936.8721,413.91986,401.07797,380.30557,923.9957,427.55408,290.14752,522.36053,526.37146,859.5819,375.39444,280.45703,376.60425,246.2418,308.9692,325.37442,376.66953,807.9583,406.88785,361.85284,668.62573,285.1662,397.72388,394.85422,304.1343,310.73978,299.32953,345.11975,325.34464,299.6991,305.62006,315.45605,244.72108,395.03244,179.2259,384.43683,314.68912,380.04398,203.73485,310.82657,789.70447,421.50662,329.963,308.8204,261.3425,678.2372,360.55603,395.02344,347.75888,285.83832,287.8684,419.60648,312.82138,651.7131,377.73636,430.5829,519.73975,351.1935,347.53848,302.72162,859.66034,696.46106,413.0126,422.26163,894.71295,583.29517,885.34015,412.99728,528.4409,250.49997,751.6458,450.37506,375.58282,422.26492,937.0198,439.89194,370.4257,394.62866,323.34665,753.8156,645.8258,387.99323,310.8685,362.6951,454.62546,427.87772,921.472,315.75876,464.00037,896.49585,194.19269,859.0321,435.83453,295.4515,513.813,882.4012,464.00745,882.4017,453.90533,398.99442,456.70505,738.6364,702.5402,211.40233,192.00703,325.3421,524.23303,714.88257,206.69981,318.30713,893.94324,933.8264,489.97424,884.65594,517.1975,263.5132,375.37067,463.98868,897.5398,463.98843,933.82825,413.91614,318.9567,413.9161,299.3234,819.30835,386.15857,452.46756,426.60767,379.11676,533.39716,420.76544,428.3213,292.04053,284.20914,393.38486,346.90594,857.9417,208.23781,401.02667,452.41293,513.93164,594.84515,395.39368,465.6548,491.0041,398.64752,884.996,924.3418,464.14212,421.4166,342.4852,686.6006,337.46597,937.2568,419.75055,425.3587,401.6303,857.61115,425.1805,414.86923,464.14203,651.933,398.77936,375.7471,440.95157,176.6158,880.98834,375.75443,465.33096,489.02747,406.29355,420.69952
3000,572.7549,431.39642,927.3074,545.4264,917.1537,935.6654,505.83762,939.6804,930.4355,466.09253,378.55084,519.0527,877.31866,518.99646,956.9536,943.1287,690.42737,486.385,531.2976,903.78455,928.80206,403.44955,518.643,877.37354,378.50003,415.90475,462.7785,404.07675,311.44876,429.88382,378.52692,877.2718,915.9265,333.71173,877.2723,954.58545,376.07986,543.1882,544.37964,955.7493,417.91025,417.62308,877.2869,404.58463,505.26483,519.0523,428.70056,455.38202,444.1958,916.5233,404.96487,431.4323,392.10638,498.57892,492.61676,282.6871,284.11368,415.37878,223.03087,358.92908,930.3654,492.62808,262.66675,456.79297,247.10046,405.01358,278.5509,378.5708,179.85497,404.64972,466.18115,376.3002,345.5,531.3781,265.00098,466.18964,342.82382,360.69376,505.30267,930.0042,337.74905,428.9145,195.67323,188.38332,777.5047,445.076,226.13687,277.2681,402.43393,517.58826,504.7506,210.41753,956.9154,456.62134,505.32785,403.28885,663.7341,301.8445,252.62646,404.84418,532.34186,404.8488,877.3236,308.3583,341.1525,341.62115,401.1149,346.57278,664.06915,472.54462,289.56857,197.37503,816.30536,280.40402,596.88794,324.17535,264.1904,335.548,316.97766,201.90683,466.0001,335.0103,955.6137,417.19983,404.16727,383.71945,942.5447,430.63132,294.11542,528.253,530.23175,877.1593,378.1022,283.67206,378.52863,251.29108,312.4179,329.23083,379.2207,838.1114,414.47128,367.44543,681.4701,289.1238,405.34534,402.40848,310.7221,308.41577,302.8057,349.41318,329.2032,306.583,312.22903,321.0676,249.20294,402.59445,181.22163,388.44257,318.6923,382.44635,206.53397,317.54425,806.3896,429.07123,330.82343,312.15274,265.9809,690.66754,364.3759,402.59097,354.35654,290.58966,293.9025,427.94437,318.21573,664.1441,382.52075,436.23364,526.0234,355.60553,343.07266,307.88464,877.25305,708.53705,416.8709,428.1391,914.7159,592.0719,903.3065,416.8554,531.301,253.76248,774.18677,455.4077,378.2651,428.14258,955.79205,443.5326,374.35898,402.1742,328.05392,767.1012,659.47284,394.47415,315.95035,370.60507,457.6611,428.7904,941.0372,320.8768,465.90942,915.27075,198.76393,876.62,448.26904,301.93607,517.28564,901.5965,465.91528,901.59674,457.14603,403.28058,464.27536,750.99524,714.54614,213.5862,196.83516,329.20117,535.5224,725.99066,211.23297,323.55862,913.9112,953.7553,492.0656,902.60315,522.0436,265.9878,378.0719,465.90042,915.68115,465.90054,953.75696,417.19113,323.54318,417.19107,302.8005,836.4618,388.33316,456.3166,428.4947,387.20175,537.6991,419.57477,431.01453,293.04202,288.72467,400.9642,351.02682,875.51196,212.46658,404.11502,456.26572,517.41235,602.5687,401.35028,466.79727,506.13705,402.9511,915.84735,941.9267,466.06067,429.1721,347.88727,697.613,342.04788,954.8256,428.09216,429.61337,404.5044,875.1784,429.45483,417.81668,466.06085,664.3766,397.14087,378.41666,444.08377,177.91599,900.1618,378.42484,468.63315,491.7427,412.0905,428.43
3060,580.5348,434.11774,946.14514,548.1651,934.4107,956.9241,508.5836,958.89996,947.694,468.84793,381.2843,521.80115,894.57635,521.7406,974.2157,960.6083,703.05865,477.87558,534.5158,921.02826,946.8252,406.96512,521.5743,894.6322,381.23245,419.81207,456.867,401.11087,316.755,433.38113,381.25983,894.5166,933.75555,339.70102,894.51807,972.99817,379.878,547.0899,547.68896,973.56866,420.77637,420.63507,894.5329,407.50412,508.29672,521.79565,436.69278,459.86575,447.1507,934.0568,407.69397,434.156,396.68182,484.85983,495.36432,284.93732,288.78378,415.05502,226.25946,359.07288,947.6124,495.3756,267.19858,460.0864,251.50397,407.74655,279.37338,381.30908,181.46771,407.5733,468.93393,377.91357,352.0365,534.5934,270.19693,468.94278,346.773,367.76593,508.3331,947.4399,341.1991,436.49066,200.87762,190.7347,794.1103,447.4923,230.70209,283.1333,410.01312,521.10474,508.07697,215.25897,974.1633,459.91916,508.35867,406.81323,676.35956,306.63397,256.4877,407.58072,535.08075,407.5853,894.5718,311.2709,346.67734,345.08398,404.32465,350.4947,676.7154,476.6674,295.34592,202.135,833.2894,284.07062,603.94965,328.27338,267.6454,336.87027,319.26712,204.7361,468.75366,342.36023,973.431,420.23798,407.113,387.43488,960.2672,433.5683,298.02573,532.96185,533.941,894.404,380.86313,286.8142,380.71735,256.30637,315.74832,332.61444,381.81534,861.59015,422.0467,372.98114,694.38916,293.04132,412.92505,409.99167,316.9917,307.8241,305.53162,354.11478,332.5889,313.11966,318.6557,326.55685,253.85855,410.18195,183.25478,392.66074,322.7395,384.97955,209.44809,324.13937,822.97577,436.65842,331.85498,315.50113,270.42523,703.31384,368.20062,410.18118,360.96902,295.07935,299.7938,435.906,323.8507,676.7913,387.52444,442.03265,532.67413,360.1438,343.33936,312.92734,894.5118,720.76917,420.18256,432.44272,933.16064,601.17786,920.74255,420.16678,534.51685,257.06467,793.6549,459.29288,381.00198,432.44632,973.63635,446.7343,378.37332,409.74475,332.7137,780.7822,673.0711,401.29013,320.97363,378.55945,460.41602,429.97937,959.2651,325.92416,468.6649,933.1098,203.402,893.87494,455.7963,308.1871,520.80444,919.6425,468.67014,919.64264,460.14978,406.80484,471.86853,763.3841,727.10925,216.17337,201.66855,332.58725,546.85,737.6238,215.851,328.47293,932.3254,972.1502,494.90884,920.0229,527.40564,268.6028,380.827,468.65994,933.19635,468.66016,972.1518,420.22424,327.95236,420.2242,305.52832,853.2608,390.13425,459.62793,430.48456,395.3022,542.5582,418.33432,433.76022,293.06982,293.1866,408.54184,355.03772,892.7511,216.56319,407.05908,459.58017,520.93884,610.8048,405.7056,469.17947,515.3963,406.49316,939.6288,959.1787,468.8249,436.84958,352.95807,708.7576,346.65384,972.0634,436.05713,433.11987,407.33453,892.4156,432.97986,420.67264,468.82513,677.0357,395.90356,381.14017,447.0278,179.3885,918.1895,381.14877,472.44482,494.89685,417.87723,436.0893
3120,588.65155,436.75998,963.8751,551.56244,951.36285,975.84033,511.9882,976.8127,964.647,472.2624,383.93848,525.20544,911.52936,525.14355,991.17035,977.6649,715.8292,470.24832,538.1503,937.96875,964.1494,410.00116,525.0691,911.58545,383.8859,423.0395,451.5155,398.74915,321.9813,436.4052,383.9136,911.45807,950.9845,345.66483,911.46,990.51434,383.80408,551.0592,551.36633,990.7927,423.49277,423.42322,911.4751,410.2482,511.84213,525.1976,444.46045,464.39435,449.90793,951.1405,410.34436,436.80096,401.22186,480.16873,498.7709,287.24536,293.7549,415.06778,229.54808,359.32513,964.5551,498.78214,271.5682,463.0108,255.7833,410.40094,280.46097,383.969,183.19225,410.32156,472.34598,379.8505,358.40466,538.2254,275.30075,472.35492,350.662,374.7505,511.87717,964.4756,344.65836,444.05026,205.98456,193.12692,810.81775,449.96396,235.08505,288.5818,417.57587,524.88635,511.7665,219.97435,991.1066,462.84787,511.90283,409.8591,689.1268,311.34042,260.2923,410.239,538.4783,410.2436,911.51544,314.1146,352.16812,348.5651,407.8542,354.58694,689.4993,480.98834,300.98987,206.87462,850.1434,287.55954,611.42676,332.40683,271.05612,338.1716,321.6322,207.60678,472.1659,349.61945,990.65405,423.05194,409.883,391.3767,977.4437,436.33115,301.8463,537.32855,537.81586,911.3455,383.54504,289.88718,383.02264,261.3026,318.965,335.725,384.40588,881.72076,429.62076,378.49335,707.35895,296.9072,420.4415,417.5606,322.97122,308.8529,307.83624,359.02814,335.70154,319.39737,324.9041,331.94412,258.65277,417.75293,185.33574,397.03442,326.796,387.53287,212.43657,330.62985,839.59314,444.2276,333.0472,318.86877,274.71985,716.09735,372.06412,417.7535,367.5724,299.29865,305.5497,443.65408,329.71198,689.5758,392.67816,447.96933,539.66797,364.7798,345.02957,317.86624,911.46594,733.1028,423.12335,435.87012,950.6984,610.63477,937.7782,423.10736,538.1482,260.39557,811.6906,462.51157,383.66397,435.87378,990.88324,449.6182,382.48047,417.29944,337.3118,794.75684,686.59863,408.32272,325.9455,386.551,463.05304,431.4223,976.6948,330.89136,472.07687,950.34827,208.07115,910.8259,460.80707,314.2147,524.58606,936.98285,472.08185,936.983,462.9349,409.85205,479.49994,775.7602,740.0798,219.0095,206.50703,335.70023,558.1853,749.5779,220.5445,333.11288,949.83624,989.6516,498.36185,937.04443,533.2295,271.33734,383.50592,472.07642,950.26483,472.07666,989.65314,423.0357,332.25702,423.03564,307.83505,869.8146,391.67035,462.572,432.6019,403.4256,547.92554,417.0891,436.429,293.80325,297.58624,416.10733,358.95145,909.6883,220.55043,409.82953,462.5271,524.7276,619.4164,409.17044,472.4114,522.00555,409.5579,959.79083,976.12695,472.2448,444.45996,357.7539,720.3936,351.24307,988.9993,443.80826,436.15637,410.04114,909.3516,436.03354,423.3825,472.24506,689.8314,395.0282,383.78915,449.77814,180.99904,935.5146,383.798,476.6977,498.50647,423.65445,443.68567
3180,597.0501,439.43182,946.2351,555.4889,933.34015,958.6938,515.9223,959.1723,946.6304,476.20633,386.62204,529.1379,893.5538,529.0757,973.1533,959.61017,728.61035,463.39566,542.1948,919.85394,946.23,412.86972,529.04645,893.5721,386.56906,426.0008,446.66666,396.91025,327.11884,439.26498,386.597,893.35535,933.02734,351.58685,893.35876,972.70264,387.8567,555.26685,555.4301,972.834,426.20392,426.16968,893.3808,412.9744,515.8456,529.1289,452.0786,469.38757,452.63632,933.1187,413.0245,439.47552,405.76273,480.1246,502.70734,289.7485,299.00488,415.39307,232.91042,359.70016,946.46716,502.7185,275.76837,465.8219,260.016,413.08493,281.82358,386.65857,185.0152,413.05173,476.28806,382.00214,364.60873,542.26807,296.54294,476.297,354.52628,381.62863,515.8796,946.43695,351.7108,451.5637,211.01839,195.56439,822.8126,452.4773,239.31752,293.656,425.09247,529.004,515.8404,224.59923,973.0244,465.66458,515.9052,412.73923,701.9068,316.0325,264.0487,412.92847,542.40546,412.93307,893.4366,317.40228,357.5822,352.08585,411.63998,374.867,702.2927,485.5066,322.6228,211.57759,848.7255,290.93936,619.2755,336.55112,274.45038,339.51553,324.07254,210.5241,476.1075,356.7806,972.72784,425.825,412.63586,399.00735,959.497,439.0776,305.5944,541.7321,541.9774,893.28625,386.2575,292.9561,385.44955,269.89725,322.1298,338.76312,387.30994,891.9365,437.1707,383.96362,719.951,304.40286,427.87796,425.0844,328.68793,310.95688,310.04504,364.07117,338.74353,325.49927,330.98444,337.69662,264.09415,425.27722,187.47026,401.55423,347.0593,390.13818,215.47638,337.03107,855.01935,451.74936,334.39044,322.25903,278.90027,728.889,375.97284,425.27847,374.14426,303.28806,314.75137,451.259,335.75,702.3686,397.93335,454.03616,546.9607,369.52094,347.40085,354.41858,893.5581,745.4965,425.95163,438.93637,933.0774,617.4231,919.76385,425.93555,542.1894,263.7479,827.815,465.4723,386.35934,438.9401,973.1935,452.41562,386.6906,424.80856,341.8772,795.95557,687.1421,415.48352,330.875,394.5331,465.64664,433.12668,959.21545,335.7768,476.01715,932.775,212.74612,893.1095,464.6496,320.03,528.7021,919.4611,476.02197,919.4612,465.68234,412.73434,486.78534,788.10156,750.3123,222.0116,211.35507,338.74228,566.48944,761.72894,225.33981,337.5269,932.1743,971.9868,502.31982,919.14185,539.4644,274.17355,386.21732,476.0212,932.3852,476.0214,971.98944,425.80798,336.50726,425.80792,310.04544,863.64886,393.02087,465.4052,434.83752,411.18613,553.7502,415.87723,439.1297,295.47018,318.28,423.65088,362.8279,892.2587,224.4444,412.58417,465.36282,528.85065,628.3133,412.26675,476.26654,527.5161,412.45737,944.0425,958.779,476.1924,451.99933,362.31882,719.6368,355.79407,971.7002,451.41605,439.0314,412.75674,892.09045,438.9247,426.09058,476.1926,702.6335,394.48212,386.47162,452.5032,182.72444,918.44904,386.4806,481.3282,502.54507,429.40164,451.2135
3240,605.5919,442.27664,936.7652,559.85175,923.6821,949.46234,520.29315,949.6978,936.97345,480.58694,389.47836,533.50635,883.9144,533.44434,963.49634,949.9297,741.0791,457.22705,546.6172,910.14514,936.6151,415.81418,533.43726,883.91644,389.42526,428.98938,442.2734,395.59146,332.16446,442.20224,389.45328,883.64923,923.3912,357.4558,883.653,963.1364,392.05865,559.7679,559.8602,963.1965,429.07062,429.05377,883.6764,415.84998,520.2506,533.49695,459.57748,474.73767,455.50858,923.44867,415.8774,442.32278,410.34024,482.543,507.08084,292.46933,304.5912,416.06735,236.34677,364.76657,936.7635,507.09192,279.8196,468.73492,264.24036,415.94128,283.49014,389.52057,186.9266,415.9308,480.66733,384.34265,370.6541,546.6891,299.47348,480.6762,358.44177,388.38867,520.2839,936.7565,357.77213,459.00906,216.00525,198.04778,831.3421,455.06476,243.42645,298.40408,432.5411,533.4634,520.2798,229.16017,963.3217,468.585,520.3094,415.69666,714.37787,320.743,267.76587,415.79208,546.7696,415.79666,883.73535,386.31644,362.91058,355.68747,415.6378,377.11832,714.7735,490.41074,325.98575,216.23964,850.2293,294.27023,627.4516,340.70367,277.85416,363.8081,326.58704,213.48651,480.48578,363.7629,963.1102,428.7366,415.539,405.8397,949.8687,441.97467,309.3059,546.3299,546.4562,883.60223,389.14365,296.07288,388.05804,277.55875,361.28412,403.07352,390.35263,897.1494,444.5947,389.37128,731.8558,333.55212,435.22168,432.5406,334.16693,313.76685,312.35553,369.2104,403.03577,331.55045,336.93085,343.71124,270.15082,432.73285,189.66063,406.30148,349.0256,392.87448,218.55426,343.338,867.60785,459.20203,335.87582,325.67496,282.99512,741.36707,379.92746,432.73444,380.66626,307.10568,322.8827,458.74817,341.87033,714.84796,403.2672,460.22815,554.5069,374.45828,350.23108,345.07364,883.94556,757.9185,428.8822,441.98257,923.6058,622.43195,910.1022,428.86606,546.6085,267.11707,840.7473,468.46365,389.22894,441.98633,963.6974,455.3281,391.01025,432.25015,346.5167,798.78345,689.0613,422.7066,335.7681,402.3409,468.2728,435.16406,949.8268,340.59094,480.3934,923.34033,217.4107,883.6053,468.0748,325.64526,533.1587,910.0515,480.39816,910.0516,468.5688,415.69296,493.44928,800.39526,758.69214,225.13252,216.24382,402.9411,572.7358,773.99774,230.34766,341.76224,922.69116,962.50134,506.7022,909.54034,546.0427,277.09625,389.10254,480.4019,922.7949,480.40204,962.50415,428.71875,340.73843,428.7187,312.3568,863.7802,394.24545,468.34158,437.21463,418.357,559.982,414.72855,442.00375,297.88852,324.98865,431.14465,366.7299,882.9086,228.2586,415.4885,468.30118,533.314,637.4313,415.33914,480.60434,532.6622,415.43292,935.5214,949.47614,480.57568,459.45847,366.68802,720.4838,360.31052,962.4219,458.90796,441.98438,415.6342,882.82904,441.89325,428.95514,480.57584,715.1195,394.8685,389.32794,455.37323,184.54875,909.2824,389.33698,486.28305,506.97067,435.03653,458.66263
3300,614.1865,445.18536,932.7145,564.5798,919.5389,945.52704,525.0296,945.64294,932.8296,485.3331,392.39862,538.24005,879.77576,538.17834,959.35254,945.7721,753.0948,451.66638,551.376,905.97455,932.4892,418.77484,538.1821,879.7731,392.34543,431.97034,438.29587,395.028,337.11945,445.15643,392.3735,879.4779,919.2531,363.26642,879.4816,959.0316,396.3535,564.56384,564.6212,959.05725,431.99292,431.9846,879.5043,418.7781,525.00397,538.23047,466.9661,479.8443,458.43066,919.2926,418.79437,445.234,414.89218,486.32364,511.82013,295.3906,314.56717,417.25064,241.46324,369.89487,932.59,511.83112,283.7491,471.67725,280.9203,418.86154,285.46814,392.44653,188.9186,418.8622,485.41254,386.85135,376.54694,551.44696,302.85617,485.42136,362.394,395.02365,525.0367,932.5938,362.19247,466.36948,220.97687,200.57724,838.086,457.74213,247.43472,302.8766,439.90497,538.2417,525.04974,235.2992,959.1474,471.53375,525.0621,418.6695,726.39844,364.85596,271.45233,418.71875,551.49945,418.72333,879.5618,360.75247,368.1619,359.3275,419.8157,379.9296,726.8012,495.47223,329.7193,221.06914,853.1921,297.59293,635.9126,344.86047,281.2813,365.22717,329.17746,216.49149,485.22946,390.5468,958.9832,431.6932,418.49286,411.18967,945.7361,444.9226,313.0151,551.17377,551.24146,879.4422,392.0921,299.26794,390.7812,283.69308,365.22568,398.43518,393.3088,900.9402,451.83453,394.7073,743.2546,338.0851,442.46085,439.91202,339.43112,317.04434,314.85455,387.64114,398.39877,337.51843,342.7729,349.41507,276.60168,440.103,191.90698,411.20792,351.4302,395.6888,221.68265,353.7256,877.5711,466.56888,337.49545,329.16095,287.0275,753.39215,383.92944,440.10477,387.12503,310.80618,329.3226,466.12894,368.00226,726.87445,408.6582,469.05637,562.37537,379.53207,353.41003,347.9446,879.8159,770.34424,431.84055,444.99634,919.54517,626.7286,905.9532,431.82434,551.36414,270.50046,850.88007,471.44748,392.16165,445.00006,959.6297,458.2746,395.44183,439.60733,351.1846,802.6858,695.97736,429.94235,341.28918,443.59036,470.96814,437.4905,945.81573,345.34973,485.13477,919.3069,222.08147,879.53827,471.2721,331.07352,537.93335,906.0302,485.13947,906.03033,471.50104,418.66656,499.66632,806.0421,766.31256,228.54509,221.20372,398.34662,597.9868,786.3314,235.5416,345.8634,918.6346,958.4429,511.44376,905.4256,552.88635,280.09286,392.05,485.14746,918.68567,485.14758,958.44556,431.6744,344.9757,431.67435,314.85617,865.81006,395.3893,471.3054,439.73627,474.13974,566.57263,413.66562,444.9399,300.84027,331.76782,438.5486,370.62976,878.9251,232.00633,418.44324,471.2668,538.0954,645.90137,418.37662,485.33017,537.77936,418.42273,931.9458,945.5193,485.32382,466.8268,370.89017,722.4008,364.79678,958.47656,466.29135,444.9531,418.5687,878.8893,444.8767,431.87473,485.3239,727.1508,396.4517,392.24786,458.29257,186.46063,905.3882,392.25693,491.51428,511.73703,440.51547,466.0219
3360,625.6738,447.93448,932.6736,603.99365,919.4525,945.544,564.4261,945.601,932.742,524.7603,395.15952,577.63245,879.68665,577.59235,959.2649,945.6786,764.75037,446.64948,590.796,905.8754,932.4109,421.55264,577.5968,879.6857,395.10617,434.75665,434.6998,395.16525,341.9821,447.92798,395.1343,879.37683,919.1675,369.01617,879.38043,958.96136,400.6372,603.99713,604.0303,958.9706,434.75198,434.74786,879.4017,421.54153,564.415,577.63025,474.20935,484.75888,461.18674,919.197,421.5523,447.98624,419.34195,525.2607,551.22107,298.93524,324.43207,418.88434,259.9254,373.09863,932.48535,551.2286,288.00983,474.44373,287.55923,421.6231,287.84814,395.21387,191.00563,421.6293,524.8136,389.4392,382.2921,590.84204,306.91794,524.81775,366.29312,401.5171,564.43225,932.4939,365.8388,473.59656,225.96365,204.61752,843.8881,460.44522,251.57854,305.15848,447.13565,577.6413,564.44446,241.69449,959.0413,474.30594,564.44946,421.4594,738.0595,358.52338,275.13998,421.486,590.87256,421.49057,879.45624,357.60065,373.34012,362.9163,436.82724,383.4565,738.4686,500.49374,334.0185,226.32147,857.204,300.99994,646.2331,348.99387,286.69318,365.3309,331.8803,221.88309,524.58026,398.7575,958.9036,434.48065,421.2805,415.90396,945.65344,447.70438,316.75668,590.5639,590.60046,879.3461,394.88004,302.62152,393.4637,289.3119,366.0711,391.28918,396.14523,904.56946,459.17322,399.97092,754.67444,340.38837,449.51022,447.15067,344.50125,320.6406,317.7446,396.47934,391.25555,343.35904,348.51428,354.85263,283.56784,447.3393,194.39113,416.18192,354.44955,398.43805,235.78557,363.84003,885.5955,473.80164,339.2479,332.90253,291.39835,765.0581,390.6569,447.3412,393.49948,314.46878,334.95865,459.92535,375.7916,738.54193,414.05087,478.17154,570.5347,384.65488,356.85654,351.74927,879.7269,774.25226,434.6257,447.80728,919.4899,630.95416,905.8626,434.60944,590.6767,273.89862,858.9881,474.24078,394.93848,447.81104,959.5722,461.051,412.62402,446.8317,355.80396,807.5274,730.6826,437.13275,347.8064,455.57056,473.6785,440.0658,945.8072,350.0704,524.38086,919.2874,226.88837,879.5029,474.17047,336.32782,577.1909,906.01666,524.3844,906.0168,474.26892,421.46085,505.97733,810.45874,773.71277,271.3499,226.26187,391.2353,684.4708,795.7582,240.97707,350.26703,918.6111,958.4179,550.7247,905.3736,573.2297,283.15308,394.84012,524.3787,918.6362,524.37646,958.42035,434.4641,351.89926,434.46405,317.74615,871.8675,396.48703,474.09473,442.3248,479.60446,586.0119,412.70483,447.7186,304.22223,336.8882,445.89987,374.4502,878.9501,237.2051,421.2352,474.0582,577.27576,653.5822,421.2093,524.4852,577.1209,421.23196,932.16864,945.5572,524.4829,474.0592,374.94864,725.29736,369.23474,958.51794,473.52945,447.74292,421.34464,878.9298,447.67993,434.6357,524.4807,738.82184,398.18585,395.01346,461.05048,188.45451,905.45026,395.02255,527.28894,550.6221,445.95102,473.24585
3420,636.1073,450.58603,932.97046,606.5116,919.7271,945.8661,566.9692,945.89417,933.0156,527.2999,397.8229,580.1732,879.9583,580.12006,959.5384,945.946,773.8326,442.12195,593.33026,906.14056,932.68567,424.22137,580.13007,879.9598,397.76935,437.4281,431.45544,395.7852,346.74966,450.5906,397.7976,879.64056,919.43823,374.69843,879.644,959.2392,405.0578,606.54004,606.569,959.24054,437.41193,437.40988,879.6642,424.20508,566.9583,580.1664,481.24902,489.57663,463.84225,919.4626,424.21317,450.64133,423.98233,527.5758,553.76624,302.02542,377.64072,420.82312,267.90308,375.26724,932.74615,553.7758,291.35123,477.10492,292.9479,424.2878,290.46756,397.8844,193.28857,424.29675,527.3685,392.06537,387.88705,593.39087,311.57248,527.3755,370.1399,407.84436,566.9847,932.7569,369.16843,480.6251,229.02228,208.7641,848.8654,463.1488,256.1657,306.87054,454.16806,580.2018,567.0067,247.73738,959.3009,476.972,567.00684,424.1401,747.1645,357.9928,278.9364,424.15555,593.41956,424.16016,879.71655,357.83243,379.43292,366.46274,485.46286,387.3329,747.53595,505.427,338.54504,231.76578,860.68384,304.45767,655.0322,353.09085,289.41806,365.9394,334.74356,228.37628,527.1954,409.5314,959.1788,437.16525,423.96667,420.37903,945.92706,450.3847,320.5517,593.1926,593.21643,893.08826,397.5694,306.04507,396.11758,296.68152,367.1137,387.30652,398.73578,907.85114,467.98767,393.2767,758.95917,342.7275,456.44672,454.19287,349.39566,324.45322,320.73407,402.11432,387.27594,349.18924,354.7387,360.12622,304.81314,454.3781,197.31989,421.17294,357.74435,401.1391,239.0782,373.12573,892.23755,480.83652,341.1427,336.9016,296.27396,774.11255,412.2821,454.38004,399.7625,318.4735,340.2154,460.3481,400.9213,747.5985,419.45224,486.08246,578.51764,389.77667,360.50684,355.707,879.9989,776.10254,437.3014,423.66336,899.56696,690.9434,892.65814,437.2862,593.30493,277.33264,865.6714,476.91602,397.61545,423.6671,959.863,463.71942,417.87344,453.86002,360.35022,812.36115,772.2587,444.96497,354.43448,470.37695,476.38403,442.85138,946.164,354.76904,527.03265,919.6391,231.8778,879.84717,476.89523,341.4201,579.84045,906.3713,527.03687,906.3714,476.9317,424.14035,526.42584,814.6226,780.1707,264.01718,232.1063,387.27222,755.0593,801.7029,250.42595,358.04193,918.95703,958.7627,553.34875,905.70557,581.36115,286.27206,397.52927,527.02466,918.9694,527.0238,958.76495,437.14862,358.64282,437.14856,307.85452,880.1508,397.5648,476.7746,444.94553,505.364,593.2171,411.8574,450.39517,307.8197,341.01785,453.28635,378.33212,879.38544,242.42456,423.92355,476.74033,579.9395,660.73834,410.50177,527.14764,579.8684,410.51294,932.70404,946.0025,527.15497,481.09555,378.88126,746.94824,374.208,958.9787,467.12836,450.41943,424.0173,879.38904,450.3687,437.29385,527.1541,747.8585,399.8467,397.67834,463.70413,190.5623,905.9197,397.68747,530.2109,553.43317,453.2946,480.2728
3480,646.27985,463.38745,913.36993,624.70435,927.0637,919.5575,585.16724,919.57135,940.34625,545.5104,410.62943,598.3681,887.27844,598.31805,966.8703,953.2909,780.4066,473.56262,611.52783,913.4882,940.0334,437.0288,598.3287,887.2915,410.58102,430.11478,503.47244,420.12244,351.56598,463.39456,410.60556,886.98206,926.78174,380.33698,886.9851,966.5847,413.16425,624.7388,624.7626,966.58307,450.19882,450.19778,887.003,436.99515,585.15924,598.3623,473.7023,494.7406,476.6223,926.80176,437.00162,463.4226,432.82996,545.669,571.96747,326.82947,374.05386,436.5921,272.0336,391.29828,940.082,571.97656,296.33575,489.87018,297.32828,437.06052,309.76846,437.48834,195.77525,437.07153,545.5751,397.54468,393.3894,611.5848,316.93378,545.58136,377.73877,413.74826,585.1833,940.09174,376.16394,486.67075,231.92665,212.39784,853.91345,469.08447,261.29736,308.83987,460.2178,598.3997,585.20605,253.39034,966.63336,489.70505,585.2042,423.47446,753.76807,359.93076,282.98468,436.89548,611.6089,436.8995,887.0493,366.91016,381.2064,373.80762,481.13095,391.40036,754.0869,510.37094,343.1601,237.24184,867.30426,317.86533,663.1582,358.08426,302.0577,372.43234,337.78104,237.33418,545.39374,420.16626,966.52167,449.93362,436.73666,424.80783,953.26874,463.14838,326.50107,577.8621,577.87573,907.0579,410.3426,319.24875,405.23804,304.12073,373.57004,379.95868,407.02084,912.1234,476.63672,390.2349,762.3517,348.0163,459.11185,460.22076,354.17963,330.58823,337.0108,406.81354,379.9285,354.82114,359.81244,365.4187,311.55185,460.3862,200.40097,426.4844,362.0943,410.63644,242.35146,382.39404,898.0009,486.84027,343.18903,341.09506,302.0127,780.6544,422.7013,460.3882,405.6371,325.24088,345.2877,463.1295,414.59677,754.14294,425.64297,493.1357,586.0977,394.9893,364.70212,359.95987,887.30554,777.0341,449.83878,423.01047,896.93536,678.6052,893.36646,449.8256,611.48035,280.8517,871.4552,489.44864,410.1657,423.01376,967.1673,476.24988,429.1497,459.89313,365.7544,819.2829,863.16705,452.40775,361.1043,488.8529,442.06573,448.4629,953.5999,359.78296,545.20184,927.0726,237.00993,887.27783,489.4491,346.37552,598.00134,913.806,585.4373,913.8061,489.45798,436.67682,531.79016,818.72424,786.92596,262.05194,237.6938,379.91745,745.07074,805.2578,257.30475,366.43994,906.25134,966.2657,571.5219,913.2041,594.4652,289.45676,410.12106,545.19073,926.4684,545.1896,966.26843,449.73297,367.29272,449.73294,330.6975,894.64734,402.91797,489.35153,450.43808,513.7506,605.485,432.05984,462.97095,321.4741,345.2453,460.69302,385.80652,900.3824,247.5234,436.49402,489.30203,571.2626,667.49835,416.48303,545.2932,598.0498,416.48856,913.27924,953.4887,545.29944,473.50876,383.34955,756.1183,378.989,966.47064,466.52933,462.94476,436.5436,886.8713,462.93137,449.77936,545.2983,754.3793,444.47507,410.17148,476.18463,192.83112,913.4056,410.17947,545.79175,571.5073,461.32205,472.8709
3540,661.4814,472.82492,913.6589,690.02954,940.60864,916.59503,650.4592,916.60187,953.8856,644.36664,420.0767,636.84174,900.805,663.6415,939.9891,966.88574,788.01886,514.9225,643.3252,927.08685,926.6805,433.06412,663.6462,900.8306,420.0296,429.6633,545.8709,451.20956,356.55377,446.0134,420.05112,900.57227,920.1607,385.94382,900.57416,939.74994,420.49503,649.82385,649.8323,980.1705,459.6309,459.63034,900.5885,446.4303,650.4608,663.6598,470.242,518.2145,486.0489,920.17444,446.4361,472.85126,440.86237,610.9221,637.2646,341.36237,376.68176,454.4073,276.40018,407.56918,953.66095,637.26715,302.7128,499.29092,301.71338,446.49094,332.417,460.11694,198.41124,446.5048,644.3885,404.46677,398.8338,643.33984,324.27676,610.8688,384.5687,418.5716,630.3513,953.6694,382.79022,489.9576,235.14636,215.91971,860.64954,475.75287,266.91562,311.83487,463.50912,663.6658,630.35895,258.89893,980.2094,499.11346,650.4691,426.2997,761.3921,363.02765,287.1714,446.31305,676.8667,446.31708,900.62555,373.58884,384.3413,380.39276,501.71857,399.2537,761.66815,540.1042,349.4626,243.39694,877.0782,330.22086,674.83344,363.57602,313.36008,381.64166,340.98907,244.71913,610.6014,429.7849,980.1069,459.37125,446.17685,438.9607,933.16705,472.58273,334.28406,626.5712,626.57544,910.42676,419.78796,331.70718,412.99496,311.42627,381.25565,379.65472,412.8317,919.6424,484.15363,390.0329,767.19293,353.91415,461.08707,463.52933,359.16672,338.48672,352.87354,411.34164,379.62473,360.2069,364.5554,371.06433,316.95654,463.6515,203.52534,440.64133,368.6688,417.65387,246.24669,391.3985,903.8918,490.10068,345.39053,345.44894,308.08728,788.1935,433.7422,463.6537,410.5093,334.0938,350.70093,464.82947,424.16376,761.684,431.82016,499.96457,595.2996,402.16,370.07437,365.81134,900.8055,778.178,459.15234,425.83923,905.5445,677.5219,903.6847,439.0288,676.6115,284.4755,877.3562,458.52597,432.8993,425.8423,940.20184,452.03314,457.98444,463.19922,371.63354,829.4676,838.43115,461.3419,367.79453,503.92514,428.93378,465.9672,933.37036,365.56357,610.2411,920.31586,244.24187,900.73145,498.76355,351.30124,663.03107,927.2606,670.25824,913.7868,498.76242,445.9891,537.15894,844.4241,795.6494,263.43933,243.08127,379.60736,732.7701,807.4841,263.58124,375.08282,909.89777,979.85614,636.6194,926.7931,626.0159,292.72037,419.47598,610.2058,940.0576,610.2014,979.8594,459.08014,378.87503,459.0801,349.77695,895.1246,412.74008,458.46237,430.51566,520.6056,635.05804,454.23462,472.3084,333.84476,351.99588,467.02994,392.34836,906.92267,252.22847,445.83252,458.40344,622.9786,683.6725,422.5815,610.1978,636.152,422.58426,913.354,966.81476,610.1919,470.05038,389.41357,766.0416,383.9595,979.7928,466.5669,445.42944,445.85007,900.1818,445.44235,459.055,610.1875,761.8886,469.3199,419.45535,485.45474,195.26503,913.243,419.46335,599.8651,622.5279,468.80444,469.5796
3600,677.6885,479.7149,912.4787,742.29724,945.9514,913.82904,702.7194,913.8324,959.22626,679.6237,426.9704,675.91296,906.14844,715.91327,925.43866,938.5822,793.7805,555.5881,679.1099,932.4696,918.79944,433.35962,689.1069,906.1711,426.93124,431.68707,582.2679,478.89355,362.46338,439.71524,426.94888,905.9515,915.5929,391.50003,905.9527,925.2342,426.61218,682.3055,682.30743,945.12506,446.40982,446.40952,905.9633,439.91553,682.6169,715.91846,469.6767,528.817,459.41245,915.60236,453.32623,479.73386,448.71167,663.1655,689.52783,355.1748,381.12457,473.31842,278.95267,423.45853,959.03174,689.52814,310.13403,465.94806,306.33655,453.37894,352.77243,446.67944,202.20209,439.98416,679.6264,413.3405,404.4232,679.107,331.64795,663.1326,390.83994,423.13364,672.71716,932.092,388.95724,492.74994,240.9707,219.52722,867.888,449.37598,272.02243,316.60693,466.30627,689.1041,672.7175,264.6047,985.57764,465.76443,682.611,429.9398,767.17334,366.96515,291.88776,453.19342,729.1084,453.19766,905.9958,380.7886,388.78354,386.35828,523.5575,408.14636,767.4032,562.40546,355.3641,249.74023,883.95074,342.24445,689.4445,369.4231,324.21555,392.31406,344.6365,251.16386,662.8028,438.53827,945.06903,446.16843,439.6786,451.79257,921.9716,452.67114,343.0157,670.6569,670.657,910.78156,426.69888,343.0415,422.6864,318.39456,387.3994,383.0093,416.92804,900.9812,491.12918,392.17783,770.7933,360.79388,463.18005,466.32324,364.6324,347.61685,368.3572,416.24762,382.9805,365.78406,369.46286,377.85898,322.9953,466.4169,206.95229,453.3993,374.88965,424.48996,250.40637,400.31586,910.43207,492.861,348.51233,350.2902,315.73938,793.899,447.3504,466.41922,415.07645,343.81702,356.62033,466.84448,430.85306,767.3918,436.59683,507.79095,606.1594,411.08353,377.9735,370.5708,906.1422,781.0505,445.8672,429.4781,908.4743,678.09326,907.4614,435.9655,695.262,288.5217,870.42645,445.55963,432.93082,429.48053,925.6124,442.3658,484.56464,466.00708,378.07828,836.20013,821.4923,468.26895,375.618,516.1783,426.35815,483.34833,922.08936,372.82202,662.353,915.6651,250.5993,906.02625,465.36005,356.57242,688.3224,932.5563,732.0918,912.4521,465.35663,452.80762,543.0997,852.8594,801.8434,265.3719,248.82726,382.95813,722.1465,810.0625,269.69156,384.9748,910.3811,944.81006,688.75006,918.6955,654.12524,297.056,426.34454,662.2883,925.22314,662.2835,944.81274,445.83008,393.79425,445.83005,366.83655,891.669,425.37415,445.52866,426.1722,525.916,662.1019,477.0014,479.1571,345.8121,357.90314,473.0286,398.12042,908.8109,257.162,439.28043,445.4649,668.5098,698.51544,427.84326,662.2186,674.98694,427.84467,912.0508,972.0322,662.20905,469.48203,396.929,768.7821,389.14545,985.01605,467.75684,439.0657,439.27267,905.40814,439.09665,445.74945,662.2042,767.5706,491.31696,426.2678,458.7373,198.55035,911.83997,426.274,632.8066,667.67847,476.3307,469.14926
3660,694.5918,485.47568,910.0364,783.4291,946.7186,910.61633,743.8588,910.618,959.9928,712.39886,432.73538,710.56915,906.9232,757.0523,916.41705,922.8019,798.6191,594.7178,712.1455,933.26636,913.0689,435.87854,717.0635,906.9376,432.7039,435.05615,616.2736,504.6114,368.12585,438.99377,432.71835,906.74695,911.493,397.02472,906.74786,916.2388,432.06415,713.71625,713.71674,926.02655,442.2825,442.28235,906.7557,439.08752,713.8686,757.0531,470.36908,536.8654,448.68375,911.4998,459.0893,485.48935,455.18304,704.2994,730.6697,367.86377,386.02582,491.89008,281.86612,439.0702,959.8216,730.6699,317.8937,451.92078,310.64713,459.14087,370.86017,442.44382,205.74788,439.1508,712.3975,422.58386,410.16113,712.1395,337.91006,704.2809,396.8206,427.52167,708.9959,919.6208,394.84564,495.111,246.45857,223.2195,876.1209,440.44574,277.49603,322.38623,468.6723,717.05676,708.9943,270.15988,986.3656,451.73373,713.8617,434.10672,772.0287,371.29477,297.05908,458.95154,770.239,458.956,906.7861,388.7541,393.35822,392.05295,544.9333,417.21954,772.21857,577.84717,361.2232,255.71521,887.26135,353.92294,704.9284,375.23544,334.54828,403.9665,348.52237,256.9406,703.906,446.62247,925.97974,442.0608,438.8688,462.876,914.61456,445.2617,352.0921,707.7683,707.76697,909.10846,432.48483,354.02908,431.49533,324.93915,393.56937,388.94128,421.51184,893.7016,497.33188,395.49838,774.9509,366.88693,465.14548,468.67917,370.555,357.36868,382.56754,421.48163,388.91214,371.4435,374.49002,384.7017,328.68423,468.75305,210.4827,464.48386,380.91718,431.814,254.50555,408.81735,891.433,495.1919,351.5287,355.31247,324.12195,798.6971,462.51523,468.75543,419.42465,354.21616,362.7147,468.82825,436.90305,772.1922,441.11554,515.66376,616.91034,420.42633,386.4489,375.71432,906.9183,784.3717,441.7093,433.64636,908.0659,679.26025,907.4733,436.83722,719.8686,292.8397,871.74603,441.55844,435.32916,433.6483,916.57336,439.98755,509.04822,468.3837,384.37216,840.5275,808.90753,473.6821,382.8176,526.28217,429.13068,499.51096,914.6766,379.94058,703.4164,911.5152,256.39322,906.77045,451.3024,362.0454,716.19025,933.30096,777.92773,909.9342,451.29913,458.5336,548.3083,858.36694,807.6131,267.8407,254.60977,388.885,713.24054,812.89825,275.6165,395.88797,908.7672,925.7112,716.4095,912.8588,679.84235,301.18207,432.11395,703.3239,916.07117,703.3199,925.71313,441.70114,410.2954,441.70114,381.81897,887.8528,439.72385,441.55426,428.90524,530.5743,686.5277,499.07114,484.90808,357.37366,363.718,478.28015,403.52997,907.8787,261.79565,438.44547,441.48804,706.31934,710.15576,432.8198,703.2221,709.5035,432.8205,909.54193,972.73157,703.21295,470.17258,405.24753,769.2245,394.30408,985.72327,469.32938,438.31616,438.418,906.1236,438.36102,441.57812,703.2089,772.3494,511.8871,431.99384,447.96774,202.01337,909.2937,431.99823,661.02594,705.2939,483.15012,469.93924
3720,711.8177,1420.1699,907.8792,2365.476,1569.0245,908.0491,1396.7771,908.04987,1893.7452,741.7317,438.07254,740.8398,906.35913,1719.6715,911.0249,914.0521,1121.9257,631.9172,741.61005,1244.1157,909.2653,439.61874,744.02936,906.36285,438.039,439.21454,648.2578,528.5505,373.7691,441.13388,438.0564,906.155,908.4917,402.23734,906.1557,910.8282,437.10114,742.38184,742.38684,915.64417,442.74942,1062.3403,906.1615,441.17755,1384.2454,1719.6895,471.49,555.8489,445.9065,908.4968,774.21454,1420.2092,461.70572,737.75244,1073.8593,379.95938,391.12738,509.86377,284.82394,454.4385,1893.5552,1073.8629,325.95697,447.52625,314.94916,774.279,387.14478,442.86673,209.2494,441.2472,741.7453,430.77536,415.9647,741.6168,344.0763,737.75073,402.7146,431.7651,740.07025,912.50433,400.57144,807.43677,251.87943,226.90274,882.14026,438.81375,283.2816,328.42276,470.62674,744.0397,740.0727,275.55994,2542.9907,447.3402,742.4674,438.6642,776.73663,376.04007,302.62466,774.0756,2042.6421,774.0825,906.20447,396.68994,397.48813,397.62488,565.7957,426.0124,776.8959,871.12396,367.08188,261.48315,890.02264,365.41168,720.3272,380.95337,344.71326,415.96936,352.41147,262.126,737.33636,454.87814,915.60406,1054.8397,440.9815,472.73703,910.012,444.12717,361.04462,739.2354,739.2339,907.303,437.84183,364.7019,438.33887,331.1639,402.84424,395.84488,431.45578,891.6591,503.55627,399.02155,785.0096,373.22913,467.54092,470.62704,376.81345,367.45285,395.7721,427.33224,395.81485,376.9703,379.4238,391.17294,334.20193,470.6865,214.05307,474.41928,386.80045,437.13275,258.46,417.1302,885.4839,807.4974,353.90445,360.40143,333.06247,1114.5731,478.51315,470.68982,423.52438,365.01367,368.72205,470.60202,442.10675,776.8938,445.2748,523.1201,626.9734,429.44376,395.43784,388.88602,906.36523,787.9513,1096.6782,438.22742,906.93005,681.7023,906.4976,439.79675,2028.8011,297.4082,875.7956,442.12024,439.03168,438.2289,911.21533,441.34775,532.0202,470.35352,390.65247,843.9062,799.1361,477.9154,388.78735,534.57587,433.25467,514.683,910.1152,386.27875,736.8531,908.55945,265.07047,906.22284,446.91742,367.71396,743.1326,1255.4187,2399.318,907.7816,446.91315,770.0401,553.8955,873.8083,812.3262,270.66006,260.33536,395.78433,705.80286,1126.571,281.37952,407.4283,907.01984,915.3589,1067.9128,909.0333,703.16943,305.3446,437.4767,736.7194,910.61414,736.7164,915.3603,1084.0896,427.75568,1084.0896,395.40176,901.94855,455.06226,442.12433,433.89035,534.63074,709.25336,521.12646,1419.6155,368.6811,369.6246,483.34778,408.98563,906.5015,266.55255,440.5626,442.05948,738.1268,720.2367,437.7957,736.60175,739.6919,437.79608,907.3921,2217.919,736.59454,471.3002,413.92096,770.92834,399.31067,2542.366,470.89743,440.47375,440.5239,905.5679,440.53058,442.04626,736.59155,777.02966,531.3935,437.33118,445.18982,205.50638,907.1382,437.33423,692.48157,737.0256,489.8684,471.13446
3780,767.3561,959.0962,965.1984,1571.9556,1310.7666,964.543,1075.5928,964.5435,1477.3253,1770.6954,1701.5656,732.8317,964.5994,1240.9526,966.7579,1735.4341,987.19366,630.2064,2016.2904,1143.4368,965.1955,450.07974,1467.8818,964.48773,449.1655,449.87997,611.4666,534.4346,376.0028,1044.0728,449.26288,1982.9816,964.83484,406.24915,1485.498,1819.0569,476.8766,1722.1854,733.59863,2525.5637,907.3392,776.48596,963.72455,668.17426,1069.4376,1241.1521,820.1152,685.50775,1648.9905,964.86584,628.0444,959.3046,471.0311,1427.4219,910.1218,405.51077,395.8433,520.92957,290.0166,504.74994,1476.6182,910.14056,334.77347,2039.6643,315.5228,628.1741,389.70856,1239.4286,210.89984,726.21893,1783.3477,1383.9343,424.5991,733.3415,362.72565,1009.88715,410.42017,445.25858,732.58075,966.8977,409.33344,677.5385,256.66418,232.06897,898.7922,1397.4159,295.19324,329.57654,758.3778,734.56793,1330.3865,278.97656,1809.7306,1579.9014,733.79803,449.596,803.67194,377.98383,314.1828,628.0139,1406.8906,628.03156,963.8576,511.82758,399.69977,406.53152,573.4721,444.28525,995.7287,769.4002,384.101,272.5522,930.3442,412.1402,741.13403,389.36572,350.98254,452.06204,356.07446,261.74002,730.8891,464.67413,2061.1716,772.65295,450.57126,494.02155,965.5125,1212.358,372.86267,731.8245,731.8251,964.17413,449.04788,373.32516,460.5742,338.71454,477.25055,895.8463,481.10233,1411.8617,514.19293,750.1685,848.9061,392.84216,585.19525,772.28314,385.44485,381.31708,397.2171,437.97156,436.0066,382.68704,382.33112,427.88245,337.12387,499.23837,218.44136,495.0185,401.9276,456.31427,261.70956,426.5669,1550.9523,678.34973,352.80533,367.3229,380.17725,983.9192,493.83313,759.2161,436.55295,387.50064,382.63998,798.0477,449.44562,804.3003,469.2353,597.3201,642.91705,439.59677,388.27048,459.47104,1514.0302,876.7258,793.57434,449.53735,964.92883,688.78613,1141.9203,450.31052,1400.0004,306.0893,1061.4644,451.45236,626.87616,449.54492,967.68445,451.07938,540.55835,755.248,397.13083,869.6283,815.53345,490.85645,392.79538,540.5685,1783.6255,538.63196,966.7676,386.40414,1844.576,1481.7053,321.06116,964.84753,1862.9463,372.99973,733.8692,1150.1669,1588.8466,1242.387,1302.1228,626.25995,605.6662,1006.1912,827.43854,274.28683,266.03384,436.3699,711.66724,998.89746,286.18982,418.65204,964.0849,968.1835,906.77295,1157.3695,816.3807,333.93472,808.86975,730.56744,1343.7378,730.5671,1924.2471,787.1906,445.6022,787.19037,397.03183,1127.51,523.5202,451.29825,1267.8016,564.85474,717.5508,542.96594,959.0032,377.73392,386.59064,505.41315,417.93057,964.54877,275.859,450.49893,451.23532,731.2588,740.3977,449.13654,730.5109,732.0311,449.13672,965.332,1643.8346,730.51105,890.4485,439.80612,794.6954,408.5961,1810.0486,675.19794,1094.9285,716.1598,1565.4534,1175.7404,1008.25684,730.5107,804.31854,556.89734,894.0471,1580.0436,208.90013,965.0588,448.94714,738.7567,730.80646,500.59912,670.67676
3840,805.58246,772.07526,1097.2524,1160.204,1287.5208,1096.42,936.39545,1096.4203,1376.216,1291.5062,1150.924,747.71454,1097.1448,1024.2106,2057.8757,1509.4965,946.40753,641.70056,1412.4003,1197.9719,1879.5033,773.5013,1135.923,1096.909,494.4528,494.94827,703.9805,544.3182,378.77783,813.9233,1051.4531,1631.3574,1458.657,423.3687,1373.0721,1517.1178,501.3794,1234.3071,1796.5865,1905.1782,739.943,675.56757,1949.2352,615.5849,933.3636,1024.5309,728.7132,727.20245,1118.2592,1504.0929,595.86646,772.2587,498.6341,1122.8588,848.3334,402.7047,418.23917,537.00635,290.22467,503.8243,1375.6224,848.3773,338.24722,1317.1709,317.8063,595.9781,396.93365,910.1389,213.48535,644.2832,1298.052,923.7748,437.84497,1861.5774,376.87994,897.5205,431.58588,471.33524,1214.1266,1609.6704,432.62817,656.87683,302.87595,234.51462,927.48785,963.94183,309.2571,331.0228,696.6485,1564.3885,1061.9592,284.84818,1512.652,1050.6516,1214.7986,494.5655,1105.4681,383.7916,329.05276,595.7372,1112.9756,595.7507,1620.4496,553.25037,445.42065,425.93304,588.99554,468.40848,937.3651,770.6281,400.93903,285.47543,1004.80023,406.3293,763.69275,393.85336,355.95508,483.24005,358.55728,261.55597,1102.0225,483.95844,1676.4662,672.7687,673.28436,530.568,1911.4547,895.81824,388.88135,746.97314,746.97284,1407.6754,1902.2498,381.83728,496.73856,347.8347,527.2825,735.5188,588.13586,1216.4221,561.68414,603.5302,951.01337,422.502,616.5046,705.3602,393.72134,381.27756,633.8358,453.39627,744.12384,393.61655,392.52087,441.71017,345.26627,556.3746,221.80022,529.01105,419.06012,499.15,263.16916,433.47296,1253.8136,657.90295,353.3403,369.37122,394.85876,945.3695,517.8237,697.70154,465.15414,410.64487,395.44012,716.03156,513.75854,1018.043,530.52264,623.6142,668.6055,459.83948,383.0213,464.4734,1394.5166,886.0135,684.05054,494.7021,1097.3499,760.4152,1183.688,1085.7861,1109.4747,323.68054,985.9936,1484.3768,595.13196,494.71017,2218.0388,1385.5322,598.471,694.8872,410.49023,929.1013,863.1564,526.57135,396.62845,569.7591,1160.8346,574.1373,2058.8132,444.33026,1328.0776,1371.5459,337.55737,1960.1353,1230.3248,378.14996,1341.2319,1201.6809,1168.8125,1247.0643,914.1817,595.1669,742.8313,1053.5663,861.5089,276.0186,276.0721,741.68787,730.9156,957.01825,292.02606,529.367,1718.2815,1951.5835,846.28735,1204.0339,802.1584,403.94363,690.79407,1565.4662,1302.4849,996.5911,1567.9708,680.1471,478.3377,680.14685,615.2087,1228.0885,516.8267,1620.592,893.5764,648.37744,735.09564,559.574,771.4508,383.08105,407.85092,534.54193,437.65225,1382.8372,280.7614,674.3058,1838.5076,746.5988,777.04144,493.72775,1398.0109,1653.9978,493.72787,2020.3619,1464.4923,1771.4496,763.8835,447.49515,908.051,417.3755,1512.3029,642.5336,838.7639,639.02826,1412.338,878.05304,789.96783,1429.5964,1075.3491,552.42664,733.78033,1084.6611,211.62178,1096.6786,494.75458,778.9621,1071.0792,544.5663,639.7136
3900,849.79626,722.7726,1848.1992,992.19727,1290.6531,1952.9845,902.3802,2000.2075,1341.0944,1090.2843,882.48846,1310.212,2100.2393,952.1158,1690.0089,1413.0277,1003.34143,662.51733,1149.8137,1239.4753,1588.3983,710.1893,1007.1104,2030.619,1188.5923,915.3477,714.49396,549.8964,494.97607,743.4241,853.61285,1473.0629,1374.6469,445.00897,1332.4901,1383.2283,533.1161,1028.767,1305.4221,1574.1705,700.2524,668.5817,1636.2982,632.3766,900.8475,952.3893,691.97815,741.377,899.7959,1397.0563,622.6877,722.8696,569.47107,1007.4538,852.34296,401.03833,434.15366,553.6071,329.46106,509.44727,1340.585,852.3878,346.46317,964.1293,333.90274,622.719,401.5219,790.68933,296.0978,646.5147,1093.6934,720.5004,453.3781,1370.9603,388.3199,876.6227,462.2685,492.94193,1039.0668,1455.7935,465.47427,655.6514,327.2117,237.67,962.5942,776.4678,323.5494,373.3874,661.8009,1218.1366,964.30133,293.5103,1381.1185,872.86285,1039.4722,559.1078,1068.3695,393.2044,342.8943,622.271,1002.7679,622.2784,1461.1262,559.5917,449.47006,456.2759,616.92773,491.19305,985.9588,782.52075,414.06174,295.82755,1055.0952,415.48904,812.79694,418.8121,360.06592,504.21713,369.49728,262.51187,983.5284,502.6687,1461.3939,665.9576,659.5202,561.0216,1610.7399,782.4,399.2825,1607.8247,1579.3779,1342.6337,1290.9606,388.1685,540.6348,360.5434,553.4647,650.66986,612.10486,1151.2583,594.5995,525.58044,1065.2477,447.28403,623.85095,680.63934,402.49313,381.6285,527.07025,466.77393,654.6744,403.73804,404.12137,444.35086,362.8402,593.2355,229.77293,557.2983,437.72165,546.4184,269.4494,443.66635,1124.3313,656.59625,426.07837,372.9516,399.1118,1003.5547,545.5562,662.76636,489.19623,435.45224,407.33344,671.13336,515.97375,1025.8574,545.3909,631.4075,695.2344,480.2904,379.92432,467.3162,1350.2471,1044.169,672.0765,558.835,1177.063,808.18396,1218.9078,869.6854,1000.92725,342.97925,965.5913,1085.9147,621.49927,558.8508,1728.812,1030.5901,610.37494,660.63904,426.87485,983.6483,901.7332,557.05615,401.71887,600.34485,840.0094,602.1226,1683.522,462.30405,1108.261,1331.8348,339.1747,1601.2808,920.801,395.9185,1108.0316,1241.5204,996.456,1263.8545,765.2219,621.7319,761.754,1065.9944,921.57086,290.2963,290.11456,653.6367,758.91724,970.25793,304.1378,551.9667,1501.516,1596.1437,850.8149,1241.719,816.27734,417.07382,674.5892,1224.6658,1296.904,924.75635,1407.3538,669.35876,498.18924,669.3586,505.29465,1235.4725,519.24023,1111.9644,705.8049,651.40137,816.8129,575.50824,721.0485,385.82855,427.37296,563.5773,467.21365,1329.8889,294.8059,659.6992,1259.2291,1334.269,808.501,557.4947,1135.6802,1261.6095,557.4948,1657.5762,1390.6288,1326.1858,695.8455,455.12366,946.3591,433.19165,1380.1687,635.2378,754.64703,642.9927,1351.3025,773.4056,724.5532,1151.357,1067.8966,549.4554,696.9108,882.9235,228.56824,1472.8234,2053.3035,812.25336,961.51294,658.2039,633.3641
3960,891.21606,706.87384,1572.3495,910.13416,1291.2368,1596.6608,886.15283,1653.5792,1322.8453,991.8619,758.7562,1093.4801,1696.5371,917.21216,1508.0265,1364.6885,1059.2487,682.5755,1021.1835,1259.0369,1444.2687,687.37195,944.2914,1668.9236,936.06555,795.01996,707.062,553.571,529.7307,717.081,764.61456,1394.2806,1332.4036,464.5459,1311.6349,1316.4323,558.53754,928.1978,1064.3235,1410.38,689.0719,673.491,1481.3855,648.9852,885.372,917.4186,663.18677,749.6212,800.64996,1343.461,644.2257,706.909,606.34674,951.19806,854.83374,399.92117,488.28656,569.1837,321.26038,516.9454,1322.4163,854.8694,359.39,798.8015,341.72446,644.2282,404.1154,740.2645,355.6937,655.95294,993.65936,639.1226,469.22284,1130.0852,399.37933,866.8286,486.94708,513.101,953.43195,1379.1304,491.55933,658.22394,332.3071,247.88106,997.41095,703.2498,331.30942,397.2763,647.83514,1048.2562,916.708,302.53003,1315.4468,793.75604,953.67737,774.3415,1077.7157,416.3166,355.8578,643.70044,949.00433,643.7053,1381.7715,560.4616,456.56757,483.96143,639.65924,511.71576,1037.637,793.5527,425.28732,303.82217,1087.4275,419.65292,924.1992,451.63223,365.09088,518.0231,402.19885,268.09753,925.79456,520.44037,1354.6959,671.07465,661.2171,585.38293,1461.8835,735.0638,409.96033,1246.3112,1232.3527,1309.7491,958.5021,394.28656,572.4437,375.28778,566.3236,609.62164,626.86816,1139.3387,623.3548,492.94266,1094.7303,466.2481,629.7581,657.77234,415.3851,381.9493,461.0645,515.7237,611.39764,414.75064,415.69208,453.4429,384.4027,614.4688,255.56549,580.2466,456.47018,578.4398,278.71323,459.0876,1078.535,659.0516,612.80237,384.89813,404.38196,1059.7616,569.5523,648.6772,506.12915,451.05383,419.31412,652.23395,535.15546,1057.2769,564.1196,644.0347,720.08093,500.5603,378.1814,472.28024,1327.4727,1152.643,674.5452,1516.3927,1613.0663,923.68744,1235.3882,771.73816,947.97107,357.83734,973.4718,898.23145,642.869,1463.8275,1487.0323,864.3197,621.3184,646.9922,445.42194,1024.1057,929.66364,580.2035,421.0204,621.83514,701.13885,623.6551,1497.8788,470.84857,1000.56104,1311.3368,336.9607,1423.7264,776.8712,421.86145,993.7529,1260.1635,912.10925,1271.1545,700.2956,643.13586,779.8591,1192.4171,974.9413,298.10953,302.58203,611.0013,783.20386,1060.8278,315.12106,555.4375,1394.0629,1420.4363,853.60956,1259.4812,838.4742,416.12122,675.081,1057.5947,1293.3743,889.99866,1327.5266,672.5137,512.8263,672.51355,450.3837,1227.0533,525.52454,870.19214,632.01385,652.3726,844.8603,585.2521,704.6878,387.08597,444.57367,589.6298,491.14578,1302.946,301.24557,660.9483,942.5083,1104.8568,842.79596,794.951,1007.1949,1069.1437,806.9653,1478.0529,1353.3252,1107.6735,665.03326,465.06696,997.10504,451.21094,1314.2303,634.8063,721.62415,653.3061,1320.3177,730.342,700.6611,1014.9984,1078.2256,550.5847,687.06195,791.9618,284.40158,1373.396,1374.4875,803.85114,908.05804,662.0822,633.47565
4020,922.7525,706.57446,1455.2559,867.72534,1310.18,1440.0791,876.0887,1501.7677,1332.4974,941.3912,705.38416,984.7753,1516.4478,897.9863,1437.1005,1359.6377,1096.6512,692.453,955.8417,1287.4193,1392.0731,683.6466,911.32654,1509.5532,819.34326,743.3118,696.17834,579.10535,553.7712,711.6245,728.33124,1374.2286,1330.3218,480.6932,1320.0883,1302.2622,579.3574,876.6642,943.64923,1348.4847,691.081,683.4157,1423.8502,664.6671,875.6846,898.1388,651.27924,755.5936,759.3742,1335.7792,662.3304,706.5614,634.9876,921.44543,853.9847,401.80557,484.99734,596.4627,319.65045,537.85535,1332.1637,854.01117,368.04843,724.9875,348.9744,662.32837,405.97867,722.96765,364.4135,668.1082,942.3623,613.1582,483.7882,1009.49414,409.48563,859.921,508.2431,526.5846,909.2135,1360.0846,513.4803,661.97675,332.1922,260.7035,1031.9072,681.2161,338.56595,400.6403,643.45496,962.57935,891.1865,310.8323,1301.8065,762.35516,909.3666,726.03235,1092.1769,428.92575,367.48276,661.76447,920.44714,661.76843,1361.3928,560.8118,461.90652,537.46643,657.6666,529.8852,1072.8927,802.3755,435.56912,310.14578,1121.1832,426.1718,951.35254,561.0821,370.5565,530.2898,443.28497,274.41263,895.3601,535.6682,1320.9191,681.2452,669.70605,605.12695,1407.353,719.42523,419.2025,1066.4242,1059.5786,1312.2853,802.5903,403.32474,597.4288,386.6473,572.76495,589.31793,639.446,1152.1072,646.3268,479.4594,1109.996,481.00348,634.8887,648.7662,431.02277,382.20593,429.11798,513.73553,590.03046,425.26093,425.94785,462.83298,396.08926,627.3444,275.4938,599.1994,474.17212,603.09375,286.4166,475.30463,1073.5588,662.68713,650.23334,405.70853,411.00824,1097.2181,589.8072,644.175,521.1527,462.8803,430.30765,645.4403,543.953,1082.5385,579.5417,649.20825,759.3575,518.8057,377.23035,478.66278,1334.7765,1181.5675,683.32324,1104.1827,1468.5862,924.79376,1262.2216,731.1086,919.8072,368.75403,994.9095,813.45276,660.967,1078.326,1386.4915,790.0774,633.2112,642.7936,463.70474,1065.3993,957.937,602.5348,438.70917,637.5155,646.78375,643.18353,1424.9431,473.68353,945.47675,1319.6715,334.61032,1354.7726,713.6469,444.90967,935.4358,1287.756,868.52094,1293.1649,675.9185,661.2434,777.83,1265.4216,1019.1359,302.05478,312.99808,589.9179,805.19946,1132.8212,327.42352,560.50916,1359.9017,1352.6802,852.96075,1286.9384,859.21893,412.2974,683.00775,973.40314,1310.3531,870.8988,1306.9562,681.74976,525.6294,681.7497,423.8764,1232.5815,532.90924,758.93164,609.7584,655.28156,866.71796,590.7072,704.302,388.0259,459.49277,611.53925,511.683,1308.0148,308.18378,669.23645,794.3694,990.0185,927.52313,735.1769,941.9956,972.4699,741.0874,1407.9021,1353.2054,998.15796,652.1196,476.80423,1033.7557,468.02753,1300.0267,637.07874,712.9747,665.97974,1323.2704,716.8065,696.4454,945.8923,1093.0703,596.5634,689.7551,754.74713,325.42868,1342.6614,1048.0485,803.101,879.75024,673.7101,636.07825
4080,947.8254,700.07104,1406.4707,833.52545,1328.3408,1405.5698,857.77985,1435.9272,1346.077,869.77466,672.76996,917.9369,1436.6271,875.17883,1370.6113,1366.0065,1120.2523,691.0572,910.3428,1310.2483,1375.2396,675.45496,881.7572,1439.9512,755.5604,711.5094,684.2965,580.89844,553.5152,702.5779,704.12024,1373.2073,1338.1395,495.3572,1333.0945,1304.1296,592.38074,837.9668,870.93506,1326.8685,685.73773,681.9667,1404.3756,666.05206,857.56305,848.5455,649.3538,742.7147,732.7318,1340.8359,664.90656,673.29254,649.7809,893.449,826.8366,404.61462,530.83636,607.7812,359.5665,545.2093,1345.7961,840.23236,375.58627,682.3742,367.3656,664.93054,403.86038,681.3855,360.14352,667.7827,870.3239,608.35626,497.2964,936.8022,417.92764,843.1606,522.1187,538.7429,874.0963,1359.5447,527.29456,667.892,331.83563,273.79163,1064.8483,678.1606,345.74103,404.13934,645.3723,907.061,865.2616,319.67245,1303.9259,740.65326,874.19977,696.01733,1104.5033,439.0489,377.67087,664.4032,893.02606,664.40765,1360.1942,553.42487,468.42236,561.6476,667.78577,542.3761,1095.39,784.88477,443.84467,314.90903,1150.5863,432.40298,973.704,557.7081,376.25558,537.5864,473.08514,281.33554,867.0813,545.3979,1313.1594,680.0783,667.7142,611.89404,1389.3767,678.7959,426.52496,964.61664,927.82446,1308.9191,719.71606,408.1721,609.92786,398.7665,570.0721,572.0605,641.87036,1173.9784,664.5892,475.7022,1121.6526,489.79495,643.87366,648.2723,447.53336,382.542,414.84357,516.9002,572.2807,435.55554,435.46066,473.0851,418.96716,637.7312,289.91074,606.0907,487.9333,615.2438,296.20612,489.57043,1088.179,668.5257,645.9526,426.9316,418.2295,1120.8225,604.2623,646.01245,536.03326,470.96588,440.54535,646.1847,564.7425,1100.1444,593.4777,656.51276,787.41595,533.35724,376.76398,484.75012,1347.1532,1192.4926,681.6192,868.59656,1386.061,959.2945,1284.2823,705.1121,892.6082,376.97025,1022.5279,725.5687,650.4864,855.8795,1345.7861,714.06976,638.8232,644.8215,479.402,1102.3025,991.862,615.7692,446.57693,646.0729,627.789,650.5193,1397.8536,477.79956,905.0677,1332.5768,331.23352,1329.6431,676.49835,463.89185,893.4389,1310.1365,833.77704,1312.7983,657.90643,664.1038,783.5611,1257.1953,1055.7306,318.63144,322.67664,572.2961,828.84155,1176.8119,342.28232,560.78326,1351.9904,1328.2338,839.367,1309.3494,874.4404,408.54382,680.9229,918.749,1327.6075,848.27094,1305.7317,680.31006,536.0193,680.31,412.26877,1253.235,540.20874,698.215,606.73706,662.04047,880.61847,593.58325,698.11865,389.14923,470.39453,629.9728,526.88385,1319.4152,315.4587,667.3555,715.5347,920.3301,944.9422,699.8065,896.7226,911.7135,702.7143,1382.2465,1362.0286,931.0699,663.29517,489.1387,1111.5848,483.02682,1301.9958,642.28015,702.7325,666.231,1333.6602,704.17535,688.3694,898.6824,1105.5303,583.59485,665.0051,730.4335,345.54123,1336.4713,881.43604,794.9437,852.74164,685.6009,641.46814
4140,968.506,699.2265,1387.7803,887.74054,1342.596,1393.9127,879.65424,1408.8518,1358.0741,865.4644,659.0778,915.93384,1402.648,894.86847,1343.2053,1374.4607,1140.1481,686.60516,918.86053,1326.8062,1372.2754,673.77545,898.113,1411.0116,726.5339,698.2102,673.23236,580.95166,550.127,700.4772,694.5598,1378.022,1347.303,507.17477,1344.8129,1310.3652,603.91833,849.8345,866.05975,1321.5481,685.46704,683.61176,1400.1068,669.0929,879.5383,881.78827,652.78467,742.6565,721.97833,1348.6392,668.5328,686.0459,659.83246,910.56274,857.744,411.2549,522.0333,615.00934,351.84326,550.12537,1357.8193,864.33594,381.65125,663.77625,373.17975,668.5738,407.78616,663.293,353.8341,669.98267,865.7686,611.7746,510.14713,931.9073,427.78598,865.7854,534.7024,550.54517,887.68915,1364.5925,539.24475,675.25146,334.8132,288.64667,1095.8036,682.0955,366.35474,404.76868,650.76843,910.6049,883.3614,327.57303,1310.2828,732.3457,887.75543,683.6262,1118.8374,447.74356,386.99582,668.0761,910.3881,668.0808,1364.917,549.99915,477.65833,575.8756,687.06903,552.26135,1114.7245,774.41583,452.44208,319.58633,1175.7063,439.18643,993.31195,560.25946,382.49664,542.2842,494.70624,293.56543,884.0199,553.9625,1314.6737,681.94183,669.1731,617.85706,1385.8615,661.2487,434.92065,945.3765,893.856,1312.5939,681.383,421.34253,620.3163,410.30057,567.864,561.08826,645.5818,1198.4004,680.6764,477.98456,1139.2672,496.4754,652.5989,652.3966,463.17194,383.18134,424.06296,522.7454,561.0908,445.46033,444.8907,482.8376,426.88425,647.2702,300.54288,612.6025,500.33325,624.8287,320.17072,500.201,1111.5405,675.8242,638.858,448.38202,427.85413,1140.7147,616.9485,651.34546,548.3293,477.79294,450.16125,651.007,572.6627,1117.0863,606.0089,664.8957,808.68677,544.787,376.66415,492.6594,1358.5472,1197.9341,683.1472,755.066,1350.7529,979.9398,1313.9406,694.69574,910.01166,384.9985,1052.2861,684.70294,647.715,748.8125,1331.0576,712.4945,651.92365,650.2792,493.7327,1133.7731,1008.8816,627.64734,463.096,652.78186,623.8792,656.19977,1389.8516,482.1707,915.91095,1344.2572,330.911,1322.6061,660.5798,478.1232,903.50476,1326.4794,847.4149,1327.7894,651.4149,667.864,791.7843,1256.3285,1088.3447,328.65454,331.40564,561.1529,847.0247,1202.1776,353.2829,562.2194,1353.4624,1321.568,863.47076,1325.7432,896.3105,411.63016,682.3208,922.6082,1341.4636,867.88666,1310.4948,682.02496,545.825,682.0249,410.23987,1263.2388,546.9574,670.771,637.8035,666.61053,904.8731,594.9831,697.4917,391.2562,479.78662,646.2546,537.92163,1316.9037,364.008,668.8568,679.1808,916.74805,960.4383,684.8287,878.4003,912.5169,686.25916,1374.9553,1371.7097,895.3109,673.2546,501.24048,1112.8912,495.85544,1308.2904,649.28796,700.07214,668.7362,1344.0879,700.37573,686.73816,906.12616,1119.9393,584.14044,655.1757,720.81085,352.37115,1338.7399,801.80096,822.75665,869.87366,696.1586,661.996
4200,986.5812,700.6795,1384.3894,891.39087,1355.4185,1393.9889,867.425,1401.3405,1369.7833,840.3421,654.2127,891.95715,1391.7229,881.5447,1335.5243,1384.4312,1157.335,680.3404,900.0426,1340.7666,1376.6266,674.8174,883.15283,1402.5746,714.12103,693.53296,663.33325,581.6291,548.4427,701.30975,691.72375,1386.1998,1357.6205,517.3223,1356.3884,1319.2423,614.84985,832.67773,840.6732,1324.7386,687.2087,686.29596,1403.8131,672.4653,867.35284,875.14343,677.4886,744.32684,718.5592,1358.2865,672.19293,694.19305,669.0074,895.9816,849.95953,415.78558,519.84955,620.7926,353.44962,554.26587,1369.5431,853.2077,386.84665,656.51135,393.88138,672.2476,411.21686,656.276,348.4385,672.945,840.5484,618.1531,522.8706,906.51306,436.81415,853.93506,545.78406,563.89166,871.3937,1372.883,549.6362,688.3886,339.54175,300.55722,1124.5311,688.29236,377.1907,407.1092,662.9432,889.3697,869.2905,336.99332,1319.2181,730.1471,871.4485,679.425,1133.2867,494.69003,396.00372,671.7776,895.9496,671.78235,1373.0472,548.5089,487.87082,585.2909,692.4111,560.61127,1131.6216,769.8418,461.0764,324.69012,1198.4763,445.09497,1009.52264,564.25226,388.0625,545.6821,510.61102,304.2636,869.41394,562.48236,1321.2389,684.7985,671.8322,623.7386,1389.9501,654.56024,441.03995,912.97064,854.2157,1320.2214,664.46716,424.01804,628.83093,420.2265,566.2441,567.7215,649.5661,1222.4835,694.5655,497.4687,1155.1754,502.0913,664.8301,663.7757,477.23978,400.68524,430.31284,542.8367,567.63666,455.3175,454.52448,492.62283,432.90268,661.3978,308.8139,619.20953,511.44727,632.51294,326.35086,511.2695,1138.0973,688.84686,630.3318,468.01328,437.56558,1157.8994,626.6447,663.40375,561.61633,483.14178,459.608,676.2402,576.6038,1132.8204,619.336,676.34186,826.0974,554.66034,411.86353,500.21875,1369.9543,1209.7915,685.80164,701.1196,1339.1779,984.08527,1334.3542,691.4772,895.6583,392.2926,1081.9912,666.50543,648.2653,698.0458,1329.6082,713.6186,653.3659,662.4187,506.1556,1161.2302,1024.7502,641.75494,479.0946,658.93774,626.2168,661.22766,1391.7322,487.7648,898.3867,1355.8243,332.33017,1324.9623,654.6491,489.46173,885.59906,1340.3407,831.2766,1340.9855,650.1282,671.61096,796.8598,1256.6427,1116.7545,334.89127,339.6636,567.71136,862.3104,1219.6903,362.76956,564.4079,1360.0319,1324.1328,852.4465,1339.6559,904.288,413.5459,684.95184,901.6742,1354.1273,854.71173,1318.6842,684.8118,554.14417,684.8117,423.5228,1274.4089,553.0241,699.3448,657.7698,671.58575,914.7195,595.593,699.125,399.3061,487.90338,662.4815,547.9376,1321.5018,359.9017,671.5477,663.25146,892.21954,974.0667,679.4108,846.63153,890.1481,680.11456,1377.1895,1382.2987,854.967,687.5239,512.6837,1116.4496,507.49088,1317.2042,675.55615,700.67596,671.8844,1355.0273,700.4514,687.81635,887.0272,1134.428,587.00635,652.2254,717.9544,352.60684,1345.664,764.49695,811.8397,855.80096,705.5784,681.5405
4260,1000.2214,703.56775,1388.3685,891.5781,1367.3765,1399.6775,859.8006,1403.2952,1381.1926,826.3869,653.9969,878.55145,1391.9875,873.38495,1337.392,1394.9874,1175.099,673.1653,889.1769,1353.2876,1384.4176,677.50476,874.1868,1404.069,710.1872,693.4045,654.58325,583.05676,548.5746,703.89154,692.502,1395.8733,1368.3469,528.0003,1367.7344,1329.2603,624.3078,822.63824,826.58386,1331.9585,690.2447,689.79565,1411.2853,676.3051,859.75146,870.2655,690.219,746.3381,719.05286,1368.6827,676.17413,700.37854,676.9423,887.1978,844.5244,421.25702,520.62006,625.81635,357.87512,557.91595,1380.9608,846.1269,391.75174,655.12463,400.45697,676.23914,412.50302,655.01074,344.4606,676.5858,826.5389,625.2847,534.9181,892.40643,445.6445,846.4969,555.9885,574.68384,861.7669,1382.6111,558.9767,695.29266,345.22946,310.08768,1151.1313,694.93304,384.452,410.3026,669.37744,877.309,860.75555,345.6279,1329.264,731.254,861.8139,679.5529,1149.693,492.03763,404.4308,675.7932,887.2301,675.7981,1382.696,547.6638,498.1755,592.35956,697.35034,568.098,1149.2261,768.54767,469.6685,330.3924,1219.4762,450.80252,1023.0771,568.48883,393.50653,548.3961,522.81946,313.51715,860.6316,571.0889,1330.1283,688.4344,675.37244,629.4132,1397.6195,680.25037,446.77393,895.4273,833.12225,1329.6332,658.3816,428.55853,636.19055,429.15842,565.05457,570.45514,653.5706,1245.3408,707.1445,512.33295,1171.653,507.02658,671.64404,669.92114,489.72607,416.56863,436.03214,554.2904,570.3431,464.9756,464.29306,501.88364,438.88113,668.8374,315.29382,625.6556,521.54517,639.1575,332.43015,522.4685,1165.1191,695.7385,622.66394,485.3001,445.6928,1175.6337,633.7969,669.82544,572.0772,488.14886,468.74506,689.1537,579.5787,1149.842,629.473,688.3705,841.4145,563.45435,434.2174,507.66986,1381.2141,1222.1376,689.3031,676.77997,1339.1287,997.89703,1350.0576,692.091,886.98517,399.00833,1110.563,659.7529,650.7396,675.2702,1334.5403,716.3638,655.58307,668.90424,517.8976,1185.4459,1039.3011,651.70123,494.29,664.77496,630.9623,665.7646,1398.3195,494.40353,888.15765,1367.1787,335.01932,1331.7844,653.92834,499.12134,875.1847,1352.8242,821.7391,1353.1416,651.69507,675.6479,804.68756,1263.6267,1143.3657,340.3674,347.5492,570.41504,875.68774,1234.5518,371.21555,566.911,1368.9438,1331.0745,845.4321,1352.1818,912.36694,415.61472,688.4761,889.79083,1366.0382,846.65063,1328.3939,688.4126,560.7875,688.41254,432.68735,1286.1376,558.43,715.62726,671.57477,676.81885,923.49695,595.7979,702.15674,410.2859,495.11664,675.08765,557.24335,1329.4424,361.0416,675.10864,657.6551,878.5809,986.8345,678.9816,829.4377,877.57025,679.3279,1383.9584,1393.1803,833.55145,695.14734,523.2886,1124.7141,518.3286,1327.2574,689.00543,703.1748,675.6381,1366.0715,702.72144,690.51843,876.0532,1150.8289,590.2667,652.9504,718.71765,350.25293,1354.7322,748.3105,812.44946,847.3273,714.2452,691.6871
4320,1013.62085,707.11993,1396.2217,892.90204,1379.1565,1408.3746,857.28235,1410.1549,1392.7018,820.76514,656.0255,873.1869,1398.008,870.6057,1344.2063,1406.0793,1190.276,665.6877,885.0635,1365.3474,1394.1489,680.95856,871.00995,1410.6986,710.3828,695.4711,646.88153,585.0535,550.08887,707.29236,695.01697,1406.5304,1379.5223,536.6754,1379.2148,1340.0878,632.85376,818.9405,820.8926,1341.409,693.875,693.6541,1420.8585,680.3325,857.24585,869.0976,700.2697,748.45557,721.4291,1379.6954,680.271,705.55664,695.7639,884.1065,843.08563,427.65353,522.942,630.3323,362.7313,561.1862,1392.4761,843.8779,396.69562,656.6014,405.35684,680.3587,415.70734,656.54706,341.76404,680.5325,820.885,632.2044,546.1962,886.6936,454.13217,844.07043,565.23566,585.07874,858.26184,1393.2946,567.46985,702.44525,351.45285,317.91385,1175.8373,701.28455,390.45276,414.03552,676.3027,872.6031,857.7854,352.91223,1340.1049,693.84705,858.3031,681.77924,1164.2151,494.2203,412.15823,679.9321,884.16547,679.93695,1393.3406,547.27704,508.33853,598.1339,701.8163,575.0183,1164.317,768.9588,478.17773,336.24725,1239.2295,456.67398,1035.036,572.6564,399.18002,550.7138,532.58044,321.77124,857.5461,579.9745,1340.4076,692.41736,679.3099,634.824,1407.2972,695.0819,452.43445,888.0275,857.3851,1340.1692,657.5872,433.9619,642.656,437.48196,564.1698,571.50806,658.5418,1266.865,718.4281,524.863,1185.2026,511.47427,679.19604,676.6838,500.8342,430.0093,442.4322,562.8135,571.3954,474.6877,474.12332,511.21634,444.96835,676.24536,320.50375,631.85834,530.7811,645.06305,338.52258,534.0974,1191.3542,702.87335,616.2115,500.3562,452.71158,1190.7966,639.39655,676.7327,581.54877,493.08725,477.829,699.26575,582.65155,1164.656,638.75854,699.4307,855.3322,571.7334,451.16614,514.9412,1392.6505,1233.9767,693.2017,693.72595,1345.0005,1000.17163,1363.6895,694.56866,883.9433,405.28925,1137.5614,658.6116,654.1399,692.98553,1342.8617,719.88696,658.90686,675.86,528.2494,1208.0687,1052.796,660.8669,508.6543,670.49164,636.3864,669.9026,1407.4683,500.29556,884.34985,1378.6741,338.6396,1341.0498,655.755,507.7481,871.288,1364.8752,818.2812,1365.0315,654.6465,679.81177,810.95026,1271.7458,1165.8241,345.73373,355.139,571.4588,887.7661,1247.986,379.01852,569.67535,1379.251,1340.4124,843.21936,1364.2675,921.1105,418.12167,692.4182,885.1834,1377.8212,843.92896,1339.0941,692.3924,566.56433,692.39233,440.77625,1298.0446,563.2348,725.8413,681.76776,682.4585,932.1569,595.8082,705.855,421.1274,501.6538,686.5401,565.95355,1339.2695,364.49368,679.07513,657.1196,873.1171,999.1987,680.9847,822.232,872.62714,681.155,1393.2017,1404.4482,824.268,702.6536,532.96466,1131.8096,528.5198,1338.1144,699.37695,706.586,679.66986,1377.4115,706.0491,694.0017,871.89734,1165.3391,593.55707,655.4657,721.24396,347.3265,1365.1,742.49603,815.96484,844.4106,726.109,700.4466
4380,1023.65405,714.3345,1406.1089,895.74475,1390.9763,1418.6796,858.2375,1419.5557,1404.388,820.2027,662.4937,872.7397,1406.9901,871.4333,1353.583,1417.5625,1206.0425,658.2979,885.23206,1377.3077,1404.9625,688.1248,871.64124,1419.9833,715.94556,701.953,640.1139,587.43884,552.6604,714.4315,701.72125,1417.7993,1391.0468,545.2547,1390.8894,1351.4413,642.0171,819.32306,820.2936,1352.0851,701.1265,701.0178,1431.5938,687.7809,858.20807,870.7159,709.441,750.6298,728.0599,1391.1395,687.7534,713.5674,699.8915,884.7767,844.5741,433.94156,526.217,634.4693,367.73984,564.1632,1404.1672,844.9674,401.76526,662.789,410.40958,687.84326,419.9755,662.76355,340.11087,687.93134,820.3032,639.7043,556.8249,886.0721,462.26917,845.07153,575.0332,595.2347,858.73035,1404.5763,576.5401,710.1802,357.97525,324.51578,1199.1328,708.2344,396.0349,418.19263,683.9294,872.47784,858.5157,359.39038,1351.4647,680.90027,858.7677,688.32776,1179.656,498.5108,419.24588,687.4213,884.8455,687.42596,1404.603,547.2905,518.3568,604.4435,706.45386,581.5271,1180.0298,770.2466,486.57288,342.03497,1258.0286,462.4686,1046.0029,577.09033,404.8524,552.801,540.6904,329.3112,858.2227,588.86487,1351.4973,699.8624,686.7339,639.97614,1418.0898,707.8623,459.07635,886.5775,871.51025,1351.3853,662.6865,439.99136,650.6505,445.39322,563.5468,571.9382,663.68005,1287.1979,728.7363,536.1497,1199.4004,515.57446,686.82275,684.2034,510.803,441.5048,448.8211,570.4091,571.8353,484.32025,483.94684,520.25037,451.12592,684.0915,324.84567,637.806,539.6564,652.59076,344.4893,545.0785,1216.3892,710.5814,610.94385,513.6385,459.0856,1206.5298,644.26404,684.3326,590.2162,498.036,486.7431,708.4508,586.1737,1180.2188,647.887,709.7897,868.2107,579.5497,465.03488,522.0644,1404.3035,1245.2878,700.4979,707.4394,1374.1201,1003.8826,1376.4293,701.16595,884.63324,411.22943,1176.4456,663.43286,661.1988,707.0773,1352.9806,726.9952,663.01917,683.4971,538.2897,1228.8181,1065.4708,669.78375,522.47894,676.24817,642.89246,673.71924,1418.0049,506.44656,884.66187,1390.3658,342.88025,1351.6449,662.0362,515.6862,871.5584,1376.8407,818.77515,1376.9176,661.48126,687.2394,817.2462,1280.0477,1186.5492,351.08774,362.50195,571.88885,898.9618,1260.4395,386.41684,572.7483,1390.3682,1351.0531,844.32697,1376.26,929.7256,421.0697,699.7763,885.11194,1389.6644,844.7908,1350.4054,699.76874,571.9626,699.7687,447.99435,1309.9741,567.515,736.2797,690.876,688.5001,940.7607,595.73785,713.09045,430.8426,507.6809,697.21625,575.40375,1350.1472,369.00565,686.4449,662.27783,872.63,1011.1038,687.38794,820.8953,872.39545,687.4718,1403.786,1416.0289,821.90857,710.5448,541.79114,1138.3834,538.52423,1349.4884,708.6819,713.6425,687.0348,1389.0197,713.1,701.0593,872.0517,1180.7449,596.79285,662.0518,727.82764,344.7163,1376.2299,744.9741,820.8145,845.1809,734.52045,708.9707
4440,1035.6376,717.02704,1417.1116,899.98834,1402.9303,1429.8899,861.5548,1430.3209,1416.2759,822.7827,664.8278,875.36505,1417.5449,874.6891,1364.3351,1429.3523,1219.3528,651.232,888.16125,1389.3331,1416.4231,690.79913,874.8,1430.689,717.826,704.2894,634.1495,590.073,555.9677,717.0878,704.1662,1429.4836,1402.857,553.14984,1402.7738,1363.1683,649.0619,822.3671,822.8528,1363.4788,703.8499,703.7964,1443.015,690.60266,861.5294,874.358,717.7245,752.85,730.4756,1402.9104,690.5921,716.6636,715.30756,854.5712,848.1546,440.38205,530.1598,638.3091,372.87622,566.92084,1416.0593,848.3513,406.97842,665.01526,415.7472,690.70447,425.04883,665.00446,339.28723,690.75104,822.86884,646.1797,568.76764,888.6077,470.09198,848.4113,582.70685,605.6894,861.80615,1416.267,583.50214,717.74854,364.66037,330.23004,1221.092,714.2456,401.49582,422.70212,691.44836,875.259,861.7194,365.44614,1363.1947,673.7332,861.8408,690.7483,1192.8219,503.86063,425.8131,690.30493,888.0207,690.3098,1416.284,547.66046,528.81726,608.7518,711.3024,587.7174,1193.3105,771.99115,494.832,347.71664,1276.0659,468.26382,1056.3414,581.3187,410.60593,554.7615,547.6219,336.3043,861.4024,597.9611,1363.0995,702.7429,689.60596,644.89996,1429.5446,713.3667,465.8277,888.7068,881.30115,1363.0494,664.4188,446.37515,655.5901,452.99893,563.1777,572.2478,667.49066,1306.54,738.3351,547.21387,1211.484,519.43414,694.184,691.6604,519.0827,451.53174,455.37634,577.7841,572.1581,493.892,493.8903,529.0633,457.32635,691.7083,328.60632,643.5145,547.78235,657.2275,350.26163,556.21405,1240.1361,718.1265,606.7527,525.15234,465.0916,1219.8298,648.8603,691.8282,598.45416,503.02548,495.49,716.73285,590.225,1193.4366,656.2412,719.7283,880.29016,587.0059,476.8174,529.00635,1416.1775,1256.1835,703.3672,713.46405,1394.5897,1008.78705,1388.8434,703.6908,887.8112,416.89972,1207.0084,665.0894,663.95306,713.2883,1364.0988,729.769,667.7354,691.0226,547.58905,1247.1635,1077.5428,678.242,534.4223,682.15173,648.6833,677.2796,1429.335,513.5862,887.65234,1402.2646,347.5174,1363.0048,664.4122,522.9777,874.5306,1388.8745,821.865,1388.9124,664.1284,690.1766,824.17236,1288.3574,1205.0444,356.44016,369.6927,572.20233,909.5648,1272.1726,393.55084,576.15814,1401.9927,1362.4438,847.7195,1388.3157,938.4446,424.39334,702.6883,887.92163,1401.6464,848.06525,1362.1261,702.6901,577.254,702.69,454.9574,1321.7656,570.58466,740.70325,698.1258,694.9363,949.3568,595.49335,715.9423,439.59824,513.3239,707.08203,582.9593,1361.6477,374.00656,689.375,664.12305,875.2397,1022.5242,689.8431,823.0946,875.13043,689.88434,1415.1368,1427.8702,823.60425,718.189,548.0311,1144.913,548.09686,1361.2228,717.01843,716.4001,689.9472,1400.8665,715.8719,703.8022,874.9758,1193.8893,599.9494,664.5675,730.33417,342.7442,1387.8416,745.4597,826.39526,848.4104,745.20557,716.9328
4500,1044.7919,723.58875,1429.6318,904.74115,1415.919,1442.516,865.85614,1442.7281,1429.2314,826.7289,671.2171,879.324,1429.8419,878.9597,1376.7328,1442.2634,1233.9894,644.61206,892.26904,1402.361,1429.1724,697.3527,879.0227,1443.0626,723.9878,710.6748,628.85614,592.85486,559.7674,723.631,710.6062,1442.3425,1415.7783,561.2858,1415.7316,1376.0491,657.1618,826.5411,826.7873,1376.1957,710.4246,710.3983,1455.7441,697.2274,865.833,878.8173,725.0343,755.1175,736.8952,1415.812,697.22504,723.4195,717.15875,842.3886,852.58673,446.72983,534.6168,641.9097,378.12515,569.5193,1429.0204,852.68665,412.32935,671.3387,421.3011,697.3371,430.60382,671.3347,339.12256,697.3627,826.8054,652.80774,576.4653,892.5196,477.63678,852.7246,591.2789,614.6316,865.9877,1429.1288,591.3631,724.6983,371.42795,335.29926,1241.9755,720.4891,406.92828,427.5095,698.37756,879.2932,865.96344,371.28757,1376.0768,675.4295,866.0206,697.1584,1207.3811,509.80966,431.97958,696.9426,892.24677,696.9474,1429.1411,548.3469,538.36395,614.18427,716.16754,593.6435,1207.9236,773.9845,502.93695,353.31522,1293.9125,474.02695,1066.2236,585.7595,416.40472,556.6624,553.6769,342.85663,865.6356,606.9313,1375.9224,709.4086,696.2688,649.63007,1442.2938,721.3213,472.82178,892.4193,888.7824,1375.9027,670.52374,452.60968,662.3873,460.36423,563.0628,572.6661,671.87335,1325.2592,747.57043,557.40625,1225.0535,523.13214,701.13446,698.5632,526.62714,460.46036,461.93756,585.1814,572.5896,503.35754,503.603,537.6708,463.56033,698.68365,331.98468,649.01324,555.6345,663.75867,355.82892,566.5162,1262.6417,725.0627,603.5037,535.4077,470.8783,1234.4347,653.388,698.7439,606.3977,508.06924,504.06482,724.0402,594.78766,1208.0024,664.629,729.3997,891.7412,594.16437,487.07538,535.7833,1429.1261,1266.7589,709.9173,721.56494,1411.7684,1015.1954,1402.0654,710.0718,892.03766,422.35925,1232.8689,671.04755,670.45404,721.48065,1376.6727,736.2688,672.70294,697.96387,556.61145,1263.9111,1089.5139,686.04517,546.1065,688.2675,654.8318,680.637,1442.0128,520.3971,891.78595,1415.223,352.4096,1375.6985,670.7236,529.7448,878.65717,1401.8993,826.05725,1401.918,670.5738,696.7606,831.25244,1296.6407,1223.0813,361.78735,376.75198,572.6258,919.8525,1283.3689,400.50687,579.8972,1414.8285,1375.1653,852.059,1401.3638,946.92523,428.02072,709.2969,891.9722,1414.6581,852.35034,1375.0098,709.303,582.5292,709.3029,461.71954,1334.1268,573.29755,748.0501,705.134,701.6992,957.7427,595.1241,722.5185,447.5874,518.6708,716.6293,591.663,1374.402,379.22284,695.99164,670.2091,879.19696,1033.4858,696.2256,826.85767,879.14905,696.24585,1427.8105,1440.7855,827.1193,725.18994,554.1566,1152.6696,557.83673,1374.08,724.3528,722.89575,696.5222,1413.7756,722.40607,710.26025,879.08716,1208.4116,603.0204,670.9186,736.67285,341.47113,1400.6351,710.7203,832.1871,852.6792,752.38855,724.0901
4560,1056.4631,728.167,1440.7578,910.15497,1427.2756,1453.6918,871.05237,1453.7961,1440.572,831.7574,675.7182,884.3498,1440.859,884.1401,1387.7997,1453.5797,1246.0466,638.492,897.3672,1413.7354,1440.4094,701.93146,884.17926,1454.1166,728.3695,715.16943,624.15173,595.71356,563.935,728.20056,715.12714,1453.6337,1427.1008,569.31085,1427.0719,1387.3527,664.26984,831.68134,831.80914,1387.4183,715.0166,715.0036,1466.9714,701.8456,871.03064,884.08966,732.1642,757.437,741.4081,1427.1251,701.8472,728.0994,722.86426,839.48236,857.84906,453.01047,539.4918,645.3158,383.46518,572.006,1440.3627,857.9012,417.79922,675.8157,427.0097,701.963,436.4276,675.81525,339.48532,701.97864,831.82764,659.0687,584.0688,897.5197,484.94424,857.9281,598.85065,622.866,871.1243,1440.4224,598.2309,731.65045,378.23,339.90167,1261.6838,726.44183,412.46133,432.56686,705.3233,884.3552,871.1305,377.02502,1387.3813,677.64056,871.1561,701.68506,1219.4175,516.13214,438.0528,701.5814,897.4012,701.5863,1440.4326,549.3135,547.9282,618.8537,721.1911,599.3507,1219.9695,776.12604,510.884,358.86423,1310.2986,479.74835,1075.7745,590.2359,422.23053,558.54816,559.061,349.04388,870.7973,615.9744,1387.2023,714.0805,700.94104,654.1992,1453.5363,726.626,478.9292,897.32086,895.53784,1387.1978,674.92505,458.79984,667.92596,467.53482,563.20154,573.28784,675.62494,1342.995,756.6654,567.281,1236.1274,526.7262,708.08276,705.4885,533.6117,468.56372,468.4309,592.66943,573.2235,512.6893,513.1977,546.08167,469.82672,705.6451,335.11826,654.3336,563.08984,669.11414,361.2084,576.8831,1283.9734,732.0012,601.0735,544.392,477.38693,1246.4882,657.9667,705.676,614.2239,513.1669,512.4686,731.1691,599.8085,1220.0385,672.49115,738.87854,902.68787,601.0736,496.1861,542.40674,1440.4707,1277.0791,714.5325,726.94147,1425.195,1021.85394,1413.5415,714.6035,897.1906,429.54105,1255.8519,675.3763,675.04816,726.9023,1387.8353,740.8562,678.91833,704.91754,565.226,1279.2072,1100.5723,693.59045,556.1564,694.6214,660.7413,683.8348,1453.2333,527.7832,896.89276,1426.582,357.47226,1386.9279,675.2267,536.13135,883.7625,1413.2914,831.2026,1413.3007,675.14233,701.3949,838.5579,1304.8939,1238.5237,367.1238,383.70966,573.2529,929.79755,1294.1578,407.3406,583.9331,1426.1235,1386.4048,857.2746,1412.7635,955.5874,466.5218,713.95856,897.0423,1426.0397,857.5415,1386.3293,713.967,590.71844,713.9669,468.31207,1345.4642,575.75726,753.0707,711.57086,708.7456,966.0561,594.7192,727.1635,454.9976,523.7938,726.0538,599.4944,1385.6729,384.5316,700.6649,674.6246,884.2252,1044.0396,700.78394,831.798,884.20734,700.79395,1439.0417,1452.1346,831.93744,732.1658,560.02734,1160.8345,567.09393,1385.3998,731.4925,727.4878,701.15643,1425.1211,727.0366,714.81616,884.1907,1220.4312,606.0075,675.4265,741.1668,340.85025,1411.9241,695.013,838.5439,857.86523,759.2536,731.1498
4620,1065.7219,732.9414,1452.2333,916.11426,1438.865,1465.1926,876.9094,1465.244,1452.1531,837.5384,680.46106,890.12103,1452.2802,889.9881,1399.2471,1465.1498,1258.611,632.8883,903.17267,1425.3346,1451.9407,706.7093,890.0155,1465.5564,733.04724,719.9043,619.9753,598.60095,568.3488,732.9707,719.87494,1465.1912,1438.6743,577.6422,1438.6542,1398.9175,671.46796,837.517,837.5863,1398.9434,719.8019,719.7955,1478.4973,706.6453,876.8885,889.98236,739.3206,759.81335,746.15137,1438.694,706.64905,732.92645,726.40967,841.3597,863.7404,459.19247,544.71643,648.5628,388.8746,574.4171,1451.9457,863.7689,423.36758,680.5472,432.83258,706.76465,442.37802,680.5486,340.27487,706.7754,837.6045,665.0036,591.4378,903.27606,492.04562,863.79016,606.1921,630.7063,876.95166,1451.9813,604.8742,738.7201,385.0379,344.1701,1280.3551,732.13513,417.9997,437.83096,712.3934,890.14374,876.97253,382.7188,1398.9468,681.2615,876.9827,706.4421,1231.9703,522.7044,445.64615,706.3936,903.23315,706.3985,1451.9905,550.5281,557.33325,623.5402,726.4064,604.8704,1232.524,778.3687,518.669,364.3922,1326.2125,485.42416,1085.0913,594.7567,428.06848,560.44794,563.9832,354.92657,876.63617,624.8413,1398.7588,718.92883,705.79114,658.6363,1465.0732,731.78406,484.8618,903.02783,902.15674,1398.7618,679.645,464.8854,673.3621,474.54532,563.589,574.14307,679.39624,1359.9185,765.61273,576.9464,1248.0385,530.2581,714.9106,712.5381,540.15137,476.04437,474.81522,600.2523,574.08936,521.87885,522.6719,554.2834,476.12653,712.71344,338.10248,659.50415,570.20624,674.41016,366.43036,586.506,1304.161,739.0547,599.35876,552.6678,483.1836,1259.0371,662.6711,712.73,622.1458,518.31445,520.698,738.32336,605.2261,1232.5803,679.7033,748.20123,913.2223,607.7654,504.4245,548.8729,1452.0563,1287.1959,719.3191,732.101,1437.8052,1028.9467,1425.1942,719.34906,903.02014,444.16818,1276.8527,680.02673,679.8291,732.08405,1399.3313,745.626,684.6324,711.98914,573.48535,1293.8345,1111.4236,701.03485,566.25946,701.2137,666.4204,686.9081,1464.7587,534.9801,902.69885,1438.1759,362.6553,1398.4589,679.96295,542.2292,889.5698,1424.9019,837.0372,1424.9065,679.91077,706.19257,845.4229,1313.1215,1253.3882,372.4455,390.58762,574.1132,939.50244,1304.6321,414.08948,588.23285,1437.6903,1397.945,863.1412,1424.3821,963.9493,500.13913,718.7896,902.8337,1437.649,863.3981,1397.9088,718.7992,595.2743,718.79913,474.7455,1357.0132,578.02795,758.07355,717.5852,715.9959,974.3345,594.33636,731.9848,461.9698,528.7443,734.59033,607.14606,1397.2236,389.8796,705.50616,679.3421,889.9996,1054.2418,705.56866,837.53656,889.99634,705.5736,1450.5696,1463.7202,837.6158,739.2393,565.6112,1169.3094,575.9955,1396.9688,738.6474,732.2647,705.95734,1436.701,731.85376,719.5556,890.0017,1232.9617,608.9167,680.14716,745.8727,340.79913,1423.4764,689.7882,845.135,863.72107,765.01117,738.27167
4680,1078.0499,737.0526,1463.4993,922.70166,1450.1873,1476.4708,883.45135,1476.496,1463.4711,844.0493,684.56366,896.61884,1463.5194,896.5244,1410.5004,1476.462,1269.4413,627.7958,909.6861,1436.662,1463.2341,710.82587,896.54584,1476.8047,737.111,723.9983,616.27606,601.4859,572.92584,737.08,723.9751,1476.4973,1449.9889,585.34454,1449.973,1410.2286,677.9677,844.0546,844.0948,1410.235,723.92377,723.9206,1489.7877,710.7759,883.431,896.54016,746.2806,762.24725,750.2495,1450.0063,710.78064,737.06744,730.8088,845.94977,870.3011,465.29193,550.237,651.68005,394.3352,576.78015,1463.2648,870.3179,429.01477,684.6485,438.74286,710.8972,448.36652,684.6508,341.41428,710.9057,844.1125,670.50433,598.5191,909.76434,498.9668,870.3362,613.1719,638.1809,883.47864,1463.2887,611.02875,745.6358,391.8349,348.20352,1298.0967,737.44916,423.5556,443.26328,719.3128,896.64954,883.5065,388.40295,1410.2583,684.8231,883.5091,710.5594,1242.8069,529.4514,454.72202,710.5381,909.7585,710.5431,1463.2974,551.9624,566.3888,627.96423,731.89386,610.22766,1243.3511,780.69073,526.26733,369.92007,1341.4532,491.0566,1094.2494,599.269,433.9092,562.3809,568.51434,360.5556,883.1675,633.71063,1410.0692,723.1081,709.9729,662.96515,1476.3727,736.1142,491.07654,909.4905,909.0679,1410.0759,683.76605,470.99225,678.2304,481.42245,564.2167,575.23145,682.9606,1376.1086,774.031,586.36066,1258.6577,533.75714,721.6594,719.44415,546.3278,483.05203,481.07867,607.91235,575.187,530.81177,531.9643,562.10406,482.46027,719.62683,341.00397,664.5263,576.977,679.1792,371.52097,596.15564,1323.2937,745.9573,598.2669,560.00073,489.4079,1269.8713,667.54596,719.6363,630.2514,523.5075,528.6487,745.2821,610.9818,1243.4128,686.7134,757.3871,923.415,614.16327,511.99673,555.1829,1463.3801,1297.15,723.4547,736.4185,1449.6335,1036.3904,1436.5514,723.46436,909.54193,457.21362,1296.3859,684.10016,683.966,736.41254,1410.612,749.7502,690.3898,718.91113,581.73987,1307.6537,1121.9695,708.2746,574.90393,708.0297,671.73334,689.8853,1476.0552,542.0139,909.2074,1449.5067,367.92886,1409.7593,684.0788,548.0975,896.08093,1436.241,843.56915,1436.2434,684.0422,710.33545,852.3697,1321.3298,1267.02,377.7501,397.40222,575.20636,949.02795,1314.8605,420.77902,592.766,1449.0087,1409.251,869.68634,1435.7262,975.92017,506.20074,722.9641,909.3417,1448.9883,869.9437,1409.2343,722.97437,600.4037,722.9743,481.0334,1368.3147,580.15594,762.328,723.11633,723.42706,982.67084,594.0119,736.1533,468.6082,533.5602,742.83,614.6447,1408.5361,395.22208,709.6919,683.4702,896.5021,1064.1459,709.72675,844.0289,896.5059,709.7292,1461.8689,1475.0475,844.0782,746.1577,570.918,1177.9288,584.2171,1408.2864,745.6039,736.39813,710.10565,1448.0232,736.02484,723.6543,896.52185,1243.7931,611.756,684.24133,749.9516,341.23148,1434.7855,688.98956,852.60895,870.26855,770.5696,745.2169
4740,1087.1346,741.0478,1474.6322,929.4755,1461.3481,1487.6094,890.208,1487.6217,1474.6296,850.7966,688.56116,903.352,1474.6392,903.27673,1421.628,1487.6173,1281.5228,623.1966,916.4253,1447.8257,1474.3806,714.8271,903.2952,1487.9287,741.0829,727.9868,613.0101,604.3491,577.6013,741.07434,727.96655,1487.6499,1461.146,592.685,1461.1323,1421.385,683.6258,850.8148,850.8405,1421.3816,727.92773,727.92615,1500.9323,714.7857,890.1881,903.30286,753.10754,764.74146,754.2387,1461.1626,714.79095,741.0793,735.2637,851.7519,877.0688,471.32776,556.0092,654.69196,401.40274,579.1158,1474.424,877.07983,434.7238,688.6475,456.7318,714.9085,454.34607,688.6504,342.8446,714.91595,850.8579,675.63165,605.3084,916.4908,505.72845,877.0965,619.7376,645.36334,890.2278,1474.4421,616.90265,752.4399,398.6118,352.0764,1314.9963,742.4328,429.19705,448.82993,726.12213,903.38635,890.2589,395.6616,1421.4149,688.56165,890.2578,714.56805,1254.8857,574.13416,463.92908,714.5602,916.503,714.56525,1474.4506,553.5918,575.23914,632.31836,737.5367,615.4419,1255.427,783.08167,533.7074,375.66165,1356.125,496.6541,1103.301,603.77167,439.74976,564.3592,572.79193,365.97568,889.91766,642.35156,1421.228,727.16345,714.0311,667.2046,1487.5248,740.2423,497.4204,916.2032,916.00116,1421.2367,687.7976,477.14005,682.8438,488.18704,565.073,576.53973,686.4098,1391.6244,782.35266,595.5247,1270.4441,537.2431,728.3205,726.2439,552.20154,489.6986,487.2331,628.31433,576.50323,539.7041,541.08923,570.02295,488.82712,726.4288,343.8695,669.449,583.44403,683.71875,376.5264,605.09753,1341.4602,752.7504,597.71625,566.94086,495.99725,1281.9386,672.6108,726.4347,638.317,528.74316,536.54474,752.1091,617.0228,1255.4806,693.3158,768.8698,933.42413,620.511,519.0588,561.34314,1474.5447,1306.9755,727.4681,740.5198,1461.0468,1045.4504,1447.7328,727.4677,916.2833,467.21576,1314.7501,688.0877,687.98456,740.5192,1421.7565,753.75476,696.2599,725.72345,589.16766,1321.3898,1132.2942,715.3511,583.8108,715.04645,676.72314,692.78937,1487.2083,548.92346,915.94104,1460.6774,373.29993,1420.9158,688.08734,553.7738,902.8176,1447.416,850.3234,1447.4172,688.05835,714.3542,861.3185,1323.03,1280.7013,383.23477,404.16592,576.51886,958.41156,1324.8959,427.42706,597.5076,1460.1738,1420.411,876.44403,1446.9043,983.49286,506.32175,727.0137,916.07605,1460.1638,876.7021,1420.4038,727.0243,605.9568,727.02423,487.2001,1379.6182,582.17755,766.4122,728.2511,730.9788,990.9612,593.7682,740.1984,474.99283,538.26874,750.76733,621.67456,1419.7012,400.55835,713.752,687.5051,903.2369,1072.9875,713.77325,850.766,903.2442,713.7745,1473.0256,1486.2177,850.80054,752.9636,575.97217,1187.4841,592.2986,1419.4513,752.4271,740.4122,714.13025,1459.1896,740.0747,727.6355,903.2652,1255.8557,614.53436,688.2251,753.92,342.06955,1445.9457,690.5663,859.44604,877.0279,776.73505,752.039
4800,1100.4993,744.75995,1485.642,970.4268,1472.372,1498.6213,931.13007,1498.6274,1485.6521,891.7404,692.28107,944.2595,1485.6425,944.2151,1432.6365,1498.6378,1292.0381,619.0684,957.35077,1458.851,1485.397,718.54565,944.2275,1498.9338,744.7836,731.6976,610.1636,607.1802,582.3527,744.78613,731.67865,1498.6688,1472.168,599.7545,1472.1553,1432.4073,689.2326,891.7558,891.7675,1432.3992,731.6482,731.6474,1511.9471,718.5106,931.1166,944.2324,759.4841,767.298,757.9488,1472.1841,718.5161,744.80206,740.1714,892.2158,917.9996,477.75696,561.99506,657.6192,421.6666,581.4395,1485.4467,918.0043,440.9,692.3721,465.13007,718.63586,460.39716,692.3751,344.54175,718.6428,891.7754,680.404,612.681,957.38574,512.3486,918.0133,626.0812,652.33624,931.1374,1485.462,622.46265,758.8009,405.36404,357.32214,1331.1455,747.0944,435.1412,452.601,732.489,944.2812,931.1609,403.2216,1432.4375,692.16327,931.1591,718.2994,1265.4103,570.4286,472.5636,718.29816,957.39874,718.3032,1485.4705,555.3948,583.86017,636.54736,755.85236,620.53033,1265.9417,785.5384,540.97186,381.86777,1370.2875,502.2926,1113.8475,608.2487,447.50754,566.39,576.84186,373.58618,930.78253,650.96533,1432.2543,730.9324,717.80304,671.3707,1498.5464,744.0455,503.83838,957.0439,956.94806,1432.2638,691.5597,483.3831,687.13226,494.85526,566.1446,578.04956,689.747,1406.5415,790.4442,604.4589,1281.0315,540.7291,734.51965,732.6106,558.70337,496.0783,493.47574,639.4586,578.02,548.31177,550.0229,577.4472,495.22485,732.79126,346.91724,674.2698,589.63007,687.9539,392.4343,614.1085,1358.751,759.10535,597.63965,573.1939,503.06836,1292.4587,680.4874,732.79553,644.89276,534.05426,544.1551,745.1192,623.30273,1266.0028,699.98236,780.39856,943.2913,626.5953,525.7304,567.3616,1485.5729,1308.1925,731.2016,744.295,1472.1975,1053.9617,1458.7697,731.1963,957.10406,475.02917,1332.1385,691.8133,691.72504,744.29706,1432.776,757.48083,714.81854,732.0956,596.7174,1335.053,1142.4441,722.0753,591.4319,722.237,681.3944,695.63934,1498.2332,555.80005,956.69147,1471.7112,378.88672,1431.9436,691.8233,559.4552,943.5725,1458.4524,891.0917,1458.453,691.798,718.09204,867.65204,1323.5887,1294.07,427.94583,410.88837,578.03265,967.68713,1331.8344,434.04593,602.8215,1471.2054,1431.4409,917.249,1457.9425,1004.9565,505.79617,730.7801,956.81006,1471.2004,917.4507,1431.4384,730.7909,614.4569,730.79083,493.44894,1390.7275,585.0073,770.191,733.0194,738.6405,1011.6309,593.7911,743.96124,481.25266,542.8911,758.49384,627.84296,1430.7349,407.40775,717.5281,691.27203,943.91095,1080.71,717.5427,891.444,943.91595,717.54333,1484.0536,1497.2518,891.4644,759.33374,583.533,1196.2091,599.9847,1430.4818,758.80054,744.147,717.8734,1470.2198,743.8427,731.3402,943.9302,1266.3806,617.2612,691.93585,757.6151,343.25095,1456.9731,693.09283,896.46936,917.428,782.2797,758.4153
4860,1116.7997,745.3347,1462.129,1047.5702,1448.8662,1475.0242,1008.23834,1475.0272,1462.1509,968.8854,732.89404,1021.3578,1462.1716,1021.34955,1409.1289,1475.0514,1302.0682,615.3978,1034.4728,1435.2649,1461.8123,719.1302,1021.3543,1475.4264,745.3548,732.2769,607.7466,609.9746,587.1355,745.363,732.2579,1475.0896,1448.5953,606.6956,1448.5798,1408.8406,693.70325,968.89014,968.88806,1408.8268,732.23865,732.2383,1488.3733,719.1049,1008.2341,1021.34875,765.89716,769.91656,758.53156,1448.6179,719.11066,745.3927,753.7436,969.1096,995.1152,483.54965,612.4501,660.4794,431.52243,583.76306,1461.884,995.11334,446.29016,692.98895,472.3395,719.251,466.3782,692.99243,346.57858,719.2581,968.882,683.9644,619.78687,1034.4685,519.0694,995.1117,630.91394,659.28796,1008.2305,1461.9014,626.65924,765.2065,410.1339,362.5579,1341.8856,750.58417,441.74304,456.07147,738.90063,1021.3586,1008.24115,410.50076,1408.882,692.7352,1008.2401,718.9318,1275.4532,572.3165,480.5812,718.934,1034.4738,718.93933,1461.9142,557.3525,591.3081,639.56744,791.34784,625.5056,1275.9407,788.05884,548.08264,388.3201,1366.0027,507.9179,1128.4071,612.40137,452.60626,568.47754,580.76636,381.43997,1007.7866,659.62604,1408.721,731.5923,718.46625,675.4761,1475.011,744.721,510.29498,1034.0305,1033.9846,1408.7355,692.2216,489.61545,689.2625,503.3333,567.4171,579.74194,692.27216,1412.7141,800.0919,599.6567,1286.7786,544.2235,740.7595,739.0171,564.985,502.25986,499.54892,647.476,579.7184,556.8534,558.7253,584.9265,516.11957,739.1958,350.38098,679.02313,595.27057,690.0829,397.3106,622.5024,1374.0154,765.503,597.9777,579.26416,511.40805,1302.4353,694.8193,739.19916,651.57623,539.61206,551.7001,744.9593,644.7788,1275.9825,706.0554,790.5533,952.629,632.6475,532.1075,573.2306,1462.1816,1308.1357,731.9034,718.33276,1428.6687,1115.4061,1421.7773,731.89636,1034.0471,481.5038,1347.4517,692.51605,692.4323,718.33636,1409.4515,758.17584,748.6255,738.5088,603.21625,1334.9812,1139.7028,728.72284,599.4722,730.0447,684.89,698.45074,1475.0344,562.6235,1033.5089,1448.5178,384.72852,1408.7461,692.52954,565.1618,1020.39496,1435.2616,967.9249,1435.2621,692.5077,718.79626,889.7177,1323.9692,1303.7701,422.51416,418.24387,579.7285,974.1773,1335.3278,444.4754,609.8185,1447.8007,1408.0387,994.13544,1434.5415,1040.3419,505.83463,731.5011,1033.5776,1447.7982,994.22815,1408.0396,731.5123,628.7862,731.51227,486.7374,1381.1726,587.78485,770.91376,736.56433,748.5144,1046.7748,594.0953,744.67883,487.33694,547.44104,766.2379,633.4649,1421.3167,414.4723,718.2641,692.00665,1020.56494,1087.6376,704.9339,968.1025,1020.5648,704.93427,1461.2548,1474.4382,968.10913,765.74066,589.49335,1212.1215,608.992,1407.739,751.8469,744.8515,718.5852,1447.5123,744.5706,732.0246,1020.5666,1276.3313,619.94574,692.628,758.2916,344.7616,1434.2689,693.2027,958.4967,993.56824,793.09644,764.82825
4920,1133.5103,756.9876,1428.8011,1008.47437,1442.4722,1434.9731,1009.1545,1434.9746,1455.7518,1003.0788,764.2323,1022.2714,1428.8441,995.5865,1402.7285,1468.6603,1310.6124,651.38214,1035.356,1428.8794,1455.4205,730.7836,1022.24176,1435.3602,730.3282,723.91583,679.1149,639.44,592.03876,757.0124,743.90765,1468.6964,1442.2036,613.79956,1442.1886,1402.4503,702.14124,969.7964,969.80383,1402.4355,743.87976,743.8796,1481.9784,730.74945,1009.14026,1022.2526,756.79376,790.5828,770.16376,1442.2258,730.75494,757.0303,758.45624,969.91113,996.0331,510.71082,606.4004,678.2405,437.53983,599.7318,1455.4917,996.0362,453.31317,704.6242,478.57217,730.8822,492.50635,704.62695,348.93964,730.8879,1003.1186,690.6826,626.4944,1035.392,527.72034,996.0482,639.6438,665.4154,1009.1627,1455.5071,635.0208,769.612,414.66623,367.24664,1350.017,756.26263,472.41766,459.97546,743.31226,1022.2961,1009.1872,417.58798,1402.4902,704.31415,1009.1839,717.2001,1284.0182,576.5673,512.0422,730.54065,1002.10596,730.5454,1455.5197,567.8734,597.2865,646.57935,799.3479,633.8975,1284.4453,815.1566,556.5426,395.57053,1368.9229,522.99646,1140.7668,617.34174,467.19717,575.9658,584.56323,393.5118,1008.7283,668.99243,1402.3492,743.2412,730.1177,689.1054,1468.6355,756.3747,518.61523,1034.9653,1001.6445,1402.3638,703.8742,505.14124,699.3983,512.33545,576.50165,576.05426,699.60474,1416.7642,808.69904,600.28784,1290.5261,550.9025,742.4826,743.421,571.01013,510.51123,517.8243,654.5458,576.0334,565.0379,566.8392,592.30347,523.04285,743.57043,353.9842,693.11365,603.021,698.7034,402.8775,631.2224,1386.1084,769.87085,598.68225,584.8201,591.2137,1310.897,707.9002,743.5735,657.6932,547.65735,559.34424,746.1389,655.7223,1284.4478,711.8561,799.9728,963.28284,640.5681,538.66925,580.18335,1455.8,1308.0416,743.3291,716.6456,1412.3788,1104.5457,1408.7802,743.3229,1035.0363,491.97018,1359.5693,703.9466,703.8755,716.64935,1403.0637,769.5946,762.7085,742.92584,610.72797,1339.1276,1141.7971,739.9625,606.39984,740.37964,690.60046,712.8361,1468.6858,569.2674,1034.5426,1442.1724,392.7213,1402.4009,703.95856,570.8178,1021.4302,1428.9174,968.97797,1428.9176,703.94147,730.22015,895.95087,1345.5006,1311.4777,422.4354,425.23828,576.0266,980.31946,1337.0408,452.3706,618.46747,1421.2726,1401.708,995.12427,1428.2128,1052.5043,507.35773,742.9889,1034.5918,1441.4686,995.25775,1401.7108,742.99927,667.18945,742.99927,511.4907,1376.1306,594.30615,782.3958,716.5856,758.88696,1056.463,614.9566,756.15894,503.18646,553.9829,772.9189,642.23883,1421.6785,425.54272,729.7442,703.48926,994.98395,1103.4801,709.85034,969.18164,1021.6321,709.8505,1428.0469,1468.1644,969.1962,756.6229,595.41187,1217.5415,615.5424,1401.5004,749.6689,756.2688,730.0092,1441.2788,756.038,743.39465,1021.6479,1284.758,664.3387,724.01337,769.6548,346.61197,1428.0352,704.29443,946.7367,994.87244,801.6831,755.89435
4980,1145.5023,765.51337,1414.4597,989.7502,1421.1871,1417.3597,990.12286,1417.3605,1427.7269,1020.3975,782.4388,996.5782,1414.4905,983.4183,1401.6338,1467.6045,1317.5819,693.678,1002.99054,1427.83,1427.4346,725.9775,1023.1755,1417.6973,725.73505,722.6006,723.7466,670.6663,597.1647,738.86475,732.42816,1467.6351,1420.9456,620.4174,1441.1278,1401.3877,709.35077,970.7448,970.75665,1401.3749,752.40063,752.4005,1480.9133,739.2736,1010.0834,1023.1929,752.9519,797.9764,778.677,1420.9646,739.2791,765.54865,764.3909,970.80786,996.9835,528.43365,607.7567,697.9108,443.64206,616.85516,1454.4248,996.98895,461.8407,713.1478,485.29507,739.40063,517.25525,713.1505,351.56006,739.4062,1020.4549,697.55023,632.8752,1003.0428,535.9633,997.0067,647.3668,670.7899,990.1397,1454.438,642.67194,772.48676,419.42456,372.00952,1357.0121,763.14844,480.21155,465.02414,746.19293,1023.24866,990.16693,424.73114,1401.4231,712.8161,1010.1404,719.1533,1291.0099,582.0928,519.24805,739.0528,986.68066,739.0575,1427.5199,575.4783,603.56287,652.8365,807.12067,643.0671,1291.3757,834.124,564.38654,402.74185,1373.3727,537.5848,1149.8064,622.73505,480.99548,586.1176,588.3158,403.08813,989.722,677.6488,1401.302,751.7886,738.6681,701.0174,1433.9225,764.92334,529.0428,1002.63214,986.24365,1401.3129,712.4289,520.773,706.0447,520.8121,583.6639,578.25684,704.7847,1420.6362,816.13367,603.6692,1296.9426,557.7919,743.8387,746.2951,577.0003,520.4905,537.0579,661.50024,578.2378,573.15674,574.6036,600.427,528.44995,746.40955,357.6754,704.96234,610.51526,706.3588,409.8307,639.4187,1395.9175,772.7035,599.7103,590.3468,565.9365,1317.801,718.836,746.4125,663.10815,558.1921,567.2196,747.4351,662.88965,1291.3555,717.5267,809.3731,974.8227,649.8613,546.1889,586.0758,1454.6926,1307.1628,751.75104,718.6213,1406.3969,1102.1083,1404.4707,731.74384,1036.0122,502.1056,1355.9216,712.375,725.6472,718.62506,1401.9269,744.6721,776.5941,745.8194,618.1051,1423.9302,1146.0645,747.08746,613.923,753.34406,697.5058,727.92804,1434.0028,577.34503,1035.555,1420.9559,399.1,1401.3829,712.3857,576.4438,1022.445,1427.898,970.0083,1414.4338,712.3729,738.642,901.2833,1349.9738,1345.3842,425.68625,431.9272,578.21954,986.7383,1337.6127,459.5081,627.93384,1410.4032,1400.7765,996.1338,1427.2825,1063.4979,510.90024,751.4576,1002.326,1440.5376,982.97925,1400.7805,751.46796,678.6354,751.4679,533.92035,1381.651,605.1301,750.85266,710.3167,767.23285,1064.7651,638.2083,764.62024,518.1288,560.50854,778.98206,649.8818,1410.5623,436.85846,738.2113,711.9607,982.9425,1116.9708,715.09174,970.2533,996.0555,715.0919,1413.836,1467.2146,970.2677,752.77313,602.35095,1221.9244,622.43134,1400.57,749.3031,738.01733,738.43353,1440.3447,737.8255,751.7756,996.07263,1291.6455,691.41174,742.2409,778.0291,348.77817,1413.6356,712.544,951.33716,982.7504,808.78046,752.22955
5040,1157.842,771.6413,1403.5042,982.05164,1406.8147,1404.8087,982.2611,1404.8091,1410.0366,997.1323,819.9677,985.43835,1403.5315,978.9419,1397.1959,1429.5388,1323.6077,735.70026,988.57526,1423.4277,1409.776,752.19507,998.50494,1405.1049,752.07446,750.5327,762.0183,699.91394,603.4973,758.5329,755.3688,1429.5627,1406.5942,627.1864,1416.5198,1396.9733,725.39197,972.71564,972.7285,1396.9617,765.1367,765.1366,1476.4962,758.6787,992.07324,1025.152,752.07355,803.9207,778.06616,1406.611,772.01404,798.27216,780.88855,972.75214,998.9499,544.32,610.0258,717.5569,448.63037,633.93304,1450.0072,998.9563,471.45706,745.83344,491.6176,772.0807,539.257,745.83405,355.6115,758.75006,997.1882,711.52783,639.24493,988.6272,544.1662,985.65784,664.3217,675.83716,982.2797,1423.0913,659.4809,774.95184,425.73352,377.06854,1364.3308,744.6948,485.17624,472.48062,748.6638,998.574,982.3024,431.86868,1397.0054,745.3969,992.12646,748.51495,1297.0547,588.2772,524.4409,758.3043,980.5858,758.3066,1409.8485,583.9071,611.4636,668.56067,815.2094,652.3322,1297.3655,847.0558,572.08374,410.12283,1375.2794,551.6387,1156.7499,631.06067,494.09195,597.9102,592.9929,411.92004,981.8812,686.8634,1396.9086,764.45764,758.00305,711.3426,1412.962,770.92004,539.90546,988.23425,980.17413,1396.9169,745.09485,534.4189,728.7428,528.6416,590.3104,583.71466,722.7287,1397.2645,823.38257,609.36145,1301.433,565.65643,745.9243,748.7468,583.32025,531.925,555.0667,668.8925,583.6975,581.27686,582.5009,609.11774,534.4766,748.8382,362.07037,715.36804,620.2525,730.3153,416.70822,647.9304,1404.8649,775.12604,601.34174,596.18427,566.0462,1323.7736,728.94916,748.841,668.33453,569.2925,575.18225,749.12994,668.836,1297.3317,724.8709,819.692,986.48303,659.6301,557.44495,592.88477,1423.3262,1306.0189,763.7505,747.4521,1399.5605,1098.6449,1398.4707,753.90924,1004.68835,510.59372,1358.2477,744.3793,750.90704,747.45404,1397.4645,760.2684,786.35785,748.30444,628.25244,1398.0845,1148.0353,755.1257,621.88007,765.3324,712.4753,742.85126,1413.0145,585.4259,1004.2537,1406.5944,405.74725,1396.9607,744.3826,582.3527,997.80414,1423.4746,972.01013,1403.3856,744.37836,770.6314,906.7104,1351.8002,1354.5372,429.8513,438.67,583.67114,992.3141,1337.6414,466.4301,638.0578,1401.1576,1396.4215,984.8258,1409.4636,1073.241,516.82074,763.6052,987.9739,1415.9863,978.4584,1396.425,763.611,686.5638,763.6111,553.50586,1371.409,619.1705,763.3091,717.88464,775.9435,1071.9727,662.5921,770.081,532.3468,567.7576,785.2569,666.423,1401.1572,445.76566,756.97156,744.05756,978.54175,1128.3169,745.5961,972.3023,984.99536,745.5964,1402.8925,1429.1399,972.3143,751.8892,610.7456,1219.405,631.9933,1396.1705,750.17255,756.8736,757.0784,1415.7513,756.7797,763.64655,985.01025,1297.606,715.20374,758.956,776.5624,352.00165,1402.6119,744.347,955.2273,978.3098,818.05414,751.49756
5100,1166.4297,755.6898,1393.9083,981.04486,1395.5374,1394.4381,981.16705,1394.4384,1397.1263,988.46643,819.47455,982.7311,1393.9364,979.51855,1390.807,1406.6118,1328.6713,777.30865,984.26074,1417.0657,1396.8904,746.14606,989.14557,1394.7024,746.0702,745.3303,797.49713,727.8915,610.0981,749.2497,747.70197,1406.6306,1395.3344,633.5113,1400.2131,1390.6028,728.58453,976.4609,976.4734,1390.5919,752.4921,752.49207,1470.1224,749.31506,985.98834,1028.8842,752.81396,809.2209,758.86035,1395.3496,769.2053,795.4592,784.31006,976.4836,1002.68823,559.1691,640.08124,736.1319,453.28506,650.63727,1443.6338,1002.6948,481.6152,743.0565,497.67642,769.2978,559.1944,743.05963,359.90665,749.4151,988.5158,722.17694,645.6762,984.3073,556.6434,982.84656,669.32947,680.76324,981.18475,1403.4675,664.356,777.3578,432.72195,382.15594,1370.061,739.7194,491.55014,480.59616,751.0753,989.20496,981.2019,438.7756,1390.6326,742.6714,986.0338,744.2039,1302.1373,594.81793,529.8498,749.0214,980.3565,749.0242,1396.9537,592.5924,619.8963,672.33636,822.833,661.3462,1302.398,856.2602,579.80316,417.09842,1375.6622,565.03284,1162.1279,638.1791,506.71265,610.52924,596.9039,420.06906,980.8016,695.66125,1390.558,751.9095,748.73596,720.4853,1398.459,755.09247,551.2958,983.9282,979.9645,1390.5647,742.3893,547.707,732.755,561.7134,597.63354,590.8297,722.55743,1386.3174,829.34094,616.51996,1303.5773,572.82947,747.9664,751.1296,590.01874,543.9901,571.6483,676.4985,590.813,589.5161,590.6053,617.9123,619.77924,751.20795,366.38907,724.65753,628.71027,734.88776,423.18185,656.62476,1385.7905,777.4901,604.02704,601.98145,570.61005,1328.7834,738.37384,751.2107,673.3173,580.86755,583.24835,751.16064,679.5232,1302.3455,730.6589,829.50757,997.42096,669.0964,568.7981,600.328,1403.6934,1304.0839,751.44666,743.42865,1391.9987,1097.3269,1391.329,746.6036,992.0464,517.46735,1362.851,741.9179,745.1036,743.43146,1391.0627,749.7357,794.6448,750.7284,637.11237,1384.146,1149.0618,761.4472,630.04175,776.0121,723.8743,757.1611,1398.4801,594.3922,991.6239,1395.3209,412.6529,1390.5782,741.9245,588.5668,988.4509,1417.091,975.76294,1393.7426,741.9185,768.1696,911.5867,1352.7837,1355.4025,434.54086,450.33725,590.78094,996.8923,1336.8218,498.66742,648.1345,1392.4186,1390.0891,982.0417,1396.5059,1080.5873,522.49994,751.2924,983.69434,1399.7156,979.0146,1390.0919,751.29816,693.6182,751.2982,570.8651,1362.8857,634.7422,751.1525,725.3128,784.0769,1078.5463,685.91284,754.4885,546.1091,574.6757,790.29895,671.31934,1392.3263,453.56488,747.9625,741.6095,979.1577,1137.6737,742.36896,976.09045,982.3347,742.3691,1393.2937,1406.1923,976.0998,752.6222,619.84955,1216.0406,640.55585,1389.7986,751.7889,747.972,748.0728,1399.4453,747.87897,751.3581,982.34656,1302.5964,736.82153,749.0506,757.71216,355.87103,1392.9832,741.86725,960.4536,978.89996,825.34235,752.34503
5160,1172.968,748.53986,1385.3942,982.85175,1386.1959,1385.5518,982.9276,1385.5519,1386.9808,986.5049,779.93713,983.69775,1385.4238,982.1036,1383.8707,1391.5461,1332.6388,816.6914,984.4388,1410.1506,1386.7655,743.86224,986.84186,1385.7908,743.8114,743.46265,831.0378,753.7186,616.28845,745.3773,744.6234,1391.5614,1386.0084,640.22144,1388.404,1383.6826,731.91296,980.6033,980.61523,1383.6722,746.9668,746.96674,1463.1986,745.4038,985.2946,1033.0134,754.0308,814.3018,750.1057,1386.0228,768.5152,794.7629,788.2276,980.6188,1006.8233,573.38074,644.6279,753.8497,458.24283,667.054,1436.7108,1006.82996,492.08826,742.38574,503.46286,768.62085,577.4549,742.3898,364.0802,745.51746,986.54846,729.7554,652.2633,984.4803,569.0413,983.7617,674.5566,685.5356,982.94415,1390.0254,669.3958,779.4008,441.46686,387.18594,1373.8153,739.2613,497.45923,489.35104,753.12366,986.89294,982.95703,445.4277,1383.7108,742.03186,985.33344,742.7848,1306.1249,601.55365,535.6168,745.15594,982.54047,745.15857,1386.8225,601.4791,627.5272,676.40485,830.33154,670.02435,1306.3398,863.3161,587.62305,423.9746,1375.031,578.14624,1166.3096,644.25665,519.04205,623.51434,629.42883,427.4986,982.5734,704.25574,1383.6545,746.4514,744.8915,728.7783,1387.5437,748.01996,562.3801,984.1126,982.1637,1383.6602,741.7718,560.6038,736.9683,568.89886,605.097,598.77295,724.60406,1380.8525,834.7715,623.885,1304.5847,580.2554,749.7317,753.1538,597.1533,556.34155,587.13556,684.3907,598.756,597.77673,598.6514,626.4439,585.2437,753.22107,370.86975,733.6496,636.0927,738.47095,429.2207,668.7649,1378.7218,779.49786,611.63007,690.99286,576.5833,1332.7006,747.40894,753.2238,678.22266,592.6111,591.3331,753.026,690.1397,1306.2665,735.0191,838.7389,1007.42316,678.52905,580.37787,608.1831,1390.2454,1301.705,746.1022,742.1578,1384.4906,1096.1008,1384.0359,743.71844,988.12555,523.6905,1367.4336,741.41534,742.96295,742.1607,1384.1179,745.26227,802.0497,752.79047,644.9196,1374.4646,1149.4559,766.3658,668.8434,785.93604,731.4678,770.7921,1387.5366,602.7667,987.7112,1385.9822,419.34308,1383.6462,741.4224,594.967,986.15015,1410.1576,979.9093,1385.2062,741.4167,767.66235,916.01654,1353.4365,1353.6754,439.79977,462.12186,598.72003,1001.4963,1335.2976,505.27975,658.2306,1384.3431,1383.1979,982.97723,1386.3545,1088.5898,527.7097,745.9591,983.89856,1387.9338,981.59735,1383.2002,745.9639,701.0465,745.964,586.7359,1355.3134,651.3476,745.8943,731.302,792.4731,1084.2373,709.26807,747.5389,559.5884,581.8481,794.90594,676.3877,1384.1951,460.5543,744.25543,741.1301,981.77106,1145.7688,741.50574,980.264,983.3358,741.50586,1384.7753,1391.1063,980.27136,753.83636,629.7015,1212.7103,647.96497,1382.873,753.4441,744.30927,744.35895,1387.633,744.2225,746.0217,983.34534,1306.4906,757.2874,744.88666,749.14777,359.8976,1384.4565,741.35535,965.9239,981.5056,831.35284,753.63745
5220,1179.8503,746.3293,1383.2953,986.63715,1383.6898,1383.2937,986.68884,1383.2938,1384.0776,988.4359,761.7901,987.06824,1383.3173,986.2712,1382.547,1386.2455,1333.383,854.04175,987.42175,1408.8611,1383.8953,744.0425,988.60394,1383.4941,744.0058,743.8472,863.2045,777.72424,622.40576,744.7776,744.41327,1386.2566,1383.5287,646.6493,1384.7032,1382.3854,735.30133,985.53613,985.5474,1382.3762,745.5539,745.55383,1461.898,744.785,987.848,1037.9335,756.0126,819.24286,747.1033,1383.5409,769.4776,795.7184,793.0237,985.5478,1011.74896,587.10803,647.1149,770.73456,463.6988,683.18536,1435.4095,1011.7555,502.77573,743.3619,509.30942,769.5909,594.3791,743.3662,368.28876,744.9058,988.4748,735.0459,658.9633,987.45905,578.6749,987.1055,679.9132,690.44727,986.70337,1385.5167,674.53906,781.7977,450.57166,392.23776,1376.0782,740.7584,503.07367,498.64734,755.52563,988.64935,986.7139,451.9004,1382.41,743.02765,1007.8406,743.3974,1306.9016,608.32404,541.2822,744.5648,986.50854,744.5671,1383.9419,610.6303,634.73395,680.6613,837.9399,678.32556,1307.0692,869.294,595.48706,430.71594,1376.43,591.019,1169.7678,649.8283,531.1817,636.66785,641.3526,434.46887,986.34296,714.65515,1382.3662,745.0886,744.3222,736.50323,1384.2806,745.86237,573.5286,987.10095,986.143,1382.3702,742.7895,573.19745,739.9989,573.4027,612.839,607.2549,727.3477,1378.3573,839.89026,631.11536,1303.2155,587.92834,751.9399,755.5215,604.5901,568.83014,601.80597,692.0622,607.23724,605.9665,606.57166,634.6508,580.2192,755.5867,375.4389,741.46356,642.9166,741.75494,435.12796,681.57336,1376.55,781.8584,619.8493,673.87775,581.94226,1333.4257,756.3465,755.58936,683.6967,604.3326,599.3946,755.3369,699.0195,1306.9957,738.81647,847.4896,1016.53723,687.22577,592.17444,615.7391,1385.7006,1298.8774,744.7838,742.8435,1382.8688,1095.7096,1382.5549,743.6103,989.0923,529.7578,1370.9951,742.47894,743.22424,742.8462,1382.7542,744.3722,809.1491,755.19946,652.14526,1369.4169,1230.8339,770.6399,678.83673,795.9362,736.92474,783.8154,1384.2908,611.6738,988.6827,1383.526,425.9607,1382.375,742.4856,601.5586,987.91473,1408.8842,984.8453,1383.1445,742.4805,768.71954,920.2727,1354.0077,1350.0215,445.16476,471.40714,607.19836,1032.7794,1333.0693,509.06015,668.21,1382.5638,1382.0009,986.3362,1397.0149,1094.8704,533.6666,744.6581,986.8983,1384.3308,985.767,1382.0029,764.64557,708.2054,744.66284,601.5954,1361.3092,668.5231,744.6309,735.81006,804.7954,1089.4478,732.5608,745.4426,572.8638,589.21735,799.64966,681.52997,1382.3883,466.81985,743.7571,742.2196,985.9552,1152.8964,742.4061,985.2154,986.7266,742.4062,1382.7522,1385.8563,985.2214,755.8081,639.76746,1211.2948,654.6938,1381.6306,755.6418,743.8241,743.8486,1383.9795,743.7474,744.70526,986.7344,1307.2008,776.74005,744.1469,746.2432,363.99466,1382.4186,742.4117,971.8041,985.68585,837.3348,755.67126
5280,1184.2191,746.5748,1379.5312,992.79675,1379.7255,1379.4572,992.8351,1379.4573,1379.9183,993.68286,754.1948,993.02216,1379.5521,992.6182,1379.1649,1380.9122,1334.4089,889.59906,993.1855,1405.5005,1379.758,745.46344,993.767,1379.6333,745.4339,745.3686,894.217,800.17255,628.36456,745.81476,745.6426,1380.9218,1379.5826,653.82214,1380.1578,1379.0217,738.61224,992.2587,992.26996,1379.0144,746.19226,766.1711,1418.148,745.8139,1013.3534,1044.644,758.29755,824.1909,746.96,1379.5928,771.2812,797.516,797.0856,992.2688,1018.46576,600.51337,651.4799,786.834,468.8584,699.01495,1432.0411,1018.4719,513.62573,745.1772,515.3464,771.4,610.25604,745.1816,372.56808,745.93976,993.7185,739.1319,665.84973,993.22003,586.48645,993.04614,685.21765,695.4509,992.84827,1380.5718,679.7332,784.2899,459.26077,397.2965,1377.8751,743.07574,512.0565,508.3838,758.0226,993.8086,992.8571,458.33557,1379.044,744.85736,1023.2034,745.03864,1307.9447,615.1166,550.201,745.6138,992.75574,745.6157,1379.7985,620.02344,641.9081,685.07935,845.97485,686.236,1308.0812,874.72327,603.30133,437.35367,1376.2255,603.66693,1172.2916,655.5388,543.1988,649.87933,646.03705,441.07657,992.49365,725.28436,1379.0107,745.7662,745.38995,743.8049,1379.9536,746.1485,584.5492,992.8672,992.3965,1379.0143,744.63763,585.7518,742.93115,577.9661,620.9037,616.1327,730.41125,1377.5078,844.4697,638.32513,1302.9766,595.823,754.0834,757.9851,612.32526,581.4438,615.88245,699.47,616.1141,614.00214,614.40454,642.5051,582.01843,758.04956,380.0718,748.90955,649.6835,744.8396,440.91565,692.4515,1376.5157,784.31647,626.143,667.50397,611.9816,1334.4233,764.9382,758.0522,688.608,615.92566,607.3513,757.78784,707.4807,1307.9972,742.2631,855.94104,1024.91,695.4628,602.7632,623.0261,1380.7405,1295.9164,745.4802,744.52576,1379.347,1095.6743,1379.1049,744.90216,1027.1185,535.6717,1373.7822,744.34705,744.6987,744.5283,1379.3539,745.2792,843.5021,757.6997,658.9602,1364.9968,1204.5967,774.41626,683.12115,806.3663,741.18945,796.2813,1379.9358,620.2149,993.47345,1379.5594,432.54227,1378.9908,744.3531,608.26886,993.0957,1405.499,991.58624,1392.833,744.34875,770.58093,923.81,1354.5679,1347.0704,450.4472,479.16083,616.0728,1042.3776,1330.4945,513.25275,677.95123,1378.9376,1378.6614,992.3028,1399.5094,1102.1833,537.7733,745.37024,992.68744,1399.998,992.1315,1378.6646,775.18353,795.2658,745.37506,615.765,1353.5116,686.0786,745.3619,739.51086,815.62915,1094.5809,755.72095,745.76355,586.0541,596.70557,803.7211,686.591,1378.7202,473.256,744.8665,744.1102,992.323,1159.2715,744.2035,991.96027,992.70374,744.20355,1378.9729,1380.4893,991.96484,758.0804,650.2493,1209.9095,661.0529,1378.2405,758.02826,771.57135,744.94574,1379.4049,744.86847,745.3998,992.7097,1308.1802,795.28235,745.1252,746.1565,368.15793,1378.6395,744.2732,982.4605,992.0604,841.77563,757.98956
5340,1191.3608,748.48645,1374.9467,1051.6898,1375.0422,1408.4906,1051.6819,1374.8411,1375.1407,1052.1198,752.25104,1051.7725,1374.9698,1051.5945,1374.7697,1375.5612,1333.8547,923.5789,1051.8676,1401.1178,1374.9957,761.27155,1052.1537,1375.0027,747.92737,747.9102,924.2,821.2759,634.7908,774.74896,748.04095,1375.5702,1395.1045,660.29645,1375.1956,1374.6412,742.1125,1051.407,1051.408,1374.6346,748.3,778.1028,1393.8933,761.43,1081.7292,1103.7726,759.5767,829.1789,748.68384,1374.924,773.959,800.1884,801.6178,1051.4077,1077.5931,613.5353,655.57513,802.2058,474.30374,714.55396,1427.6561,1077.5939,524.6055,747.8656,521.50635,774.0822,625.28864,747.8699,376.92206,748.2436,1052.115,742.6654,672.8246,1051.8638,593.2643,1051.7782,690.5736,700.1175,1051.6808,1375.4127,684.8901,785.6622,467.3825,402.38376,1378.9338,745.8,521.0074,518.4742,759.3995,1052.1456,1051.6746,464.75327,1374.6617,747.5562,1086.5542,760.9608,1307.4109,621.9556,558.9816,747.92914,1051.6261,747.93085,1375.0339,630.0026,648.6582,689.5039,873.2485,693.7741,1307.5184,879.8983,611.0044,443.92233,1375.0978,616.1001,1178.5149,660.63245,555.11926,663.21094,648.6142,447.44516,1051.2633,735.5272,1374.6353,767.8773,747.7206,750.7773,1375.1001,748.0945,595.88983,1051.4441,1051.2095,1374.6388,747.3519,597.8838,746.0521,582.6855,629.49695,625.6743,734.21423,1376.754,848.66876,645.24567,1301.6658,604.0352,755.563,759.3597,620.35834,593.48047,629.47375,706.88,625.6544,621.89655,622.0514,650.18555,585.576,759.4113,384.75806,756.0529,655.7787,748.057,446.85287,701.9306,1377.2009,785.6735,631.18567,665.60394,617.724,1333.8574,777.6393,759.41394,693.11145,627.47687,615.2114,759.1563,714.3627,1307.4352,745.1687,864.0763,1032.6406,703.3425,613.8042,630.0047,1375.5748,1293.4742,767.60114,747.1575,1374.8892,1096.4463,1374.683,747.3419,1101.5073,542.22906,1375.8558,747.07007,747.2264,747.1598,1374.9509,747.5293,875.6405,759.09515,665.5374,1361.5626,1190.5703,777.1104,686.7886,816.4956,744.8724,808.2439,1375.0521,629.511,1051.4342,1374.8671,439.0989,1374.5846,747.07635,615.3064,1077.8483,1401.0919,1050.5056,1394.8593,747.07184,773.29785,927.4503,1355.1481,1344.1976,456.04013,486.13962,625.61066,1044.3036,1327.813,518.0136,688.4458,1374.418,1374.2828,1050.899,1398.0006,1127.6322,542.67126,747.5275,1051.1096,1404.9711,1050.833,1374.2871,782.1709,782.2716,767.50653,629.40216,1347.4735,703.85785,747.53015,742.85565,824.068,1118.5629,778.692,747.7298,598.9238,604.28174,807.19244,691.678,1374.1682,480.35623,747.2223,746.8503,1050.9304,1165.05,746.89746,1050.747,1051.1128,746.8976,1374.3639,1375.097,1050.7401,759.372,661.00916,1208.2545,667.1058,1373.8251,759.3651,787.0198,747.28986,1374.408,773.8631,747.5396,1051.1035,1307.6029,813.00354,747.40454,747.912,372.39243,1374.034,746.9869,1036.69,1050.2388,846.02924,759.3009
5400,1202.2838,753.96594,2333.3364,1102.8488,1377.7185,2470.1301,1102.8743,2453.5715,1377.7994,1103.0555,755.8853,1102.9177,1377.7126,1102.7959,1377.6158,2682.354,1602.119,956.1632,1102.9254,1664.3608,1377.4323,1034.5288,1103.0662,1377.7354,753.6959,1301.7201,953.244,841.6258,640.50006,1585.5164,753.8155,1377.7151,1941.2781,666.6996,1377.5385,1377.2738,746.185,1102.6953,1102.7247,1377.2627,1334.1881,1304.2222,1386.7399,1031.5259,1664.906,1946.0602,761.29083,904.0072,754.13434,1377.4135,1037.69,1588.803,806.2823,2215.7976,1392.5938,626.2672,660.351,817.2681,479.80484,730.08923,2212.251,1386.4495,535.6883,753.8011,527.7352,1037.8531,639.63605,753.8082,381.35236,753.99243,1103.108,746.1565,679.8917,1102.9796,600.93475,1102.9375,696.8807,704.96375,1102.8896,1377.6837,691.4669,1045.7325,475.00537,407.6314,1380.0612,748.9394,529.17236,528.8479,761.1743,1103.1193,1643.9835,471.17935,1377.3142,753.4951,1661.1438,1031.2319,1309.547,628.84326,566.8972,753.6831,1102.8698,753.6843,1377.4974,685.0958,655.4281,694.9058,900.1338,702.42926,1634.8926,1126.7716,619.94635,451.04123,1379.7468,628.3726,1188.8341,665.64453,566.9605,677.66327,650.72345,453.8674,1102.3984,745.1559,1377.2379,1317.546,753.436,759.7275,1377.4668,753.62036,606.51526,1102.485,1102.3672,1377.2399,753.25543,609.74567,750.7663,587.8213,659.73895,638.96277,760.42194,2215.5942,852.408,652.0858,1332.5972,613.66766,759.1074,761.1296,628.62366,605.55237,642.6652,714.86676,638.7932,629.64197,629.57947,657.68524,590.11835,761.1812,389.5226,765.214,663.3337,752.8644,453.08844,710.52264,2356.837,1045.7396,635.5738,665.91486,639.2988,1596.0862,793.92883,761.1873,698.1609,639.17456,622.99414,760.9388,720.925,1634.9995,748.0399,897.03864,1040.5481,710.9983,625.13684,679.08655,2311.419,1326.6168,1311.1572,753.1413,1377.6995,1097.55,1660.3613,1294.9926,2215.0503,548.9342,1670.6653,793.04517,1033.1431,753.1529,1378.0065,753.33484,899.72375,760.89154,672.00555,1359.4604,1184.7395,779.63293,690.81683,826.14496,748.4918,822.01685,2491.6914,637.8144,1102.2488,1938.0499,466.06055,1377.623,753.1219,622.3527,1932.8083,1674.1798,1101.8021,1671.113,753.10266,1049.6423,930.6289,1423.1654,1342.6342,461.36322,492.73236,638.88715,1044.1292,1587.09,523.1996,700.3771,1943.8629,1377.1173,1375.104,1669.116,1151.6581,548.0362,1354.3662,1102.0591,1946.1506,1101.9205,1377.1249,1318.2073,783.7351,1310.9929,642.6161,1420.7246,721.74176,753.24365,746.2624,842.52625,1141.869,801.425,753.3429,611.5715,613.3954,810.5468,697.727,1377.1168,487.66092,753.0231,752.8401,1101.9548,1172.5,752.864,1101.8606,1102.0406,752.8641,2278.2166,1377.6118,1101.8501,761.1024,671.9596,1210.4888,673.0673,1376.8083,761.12463,1591.2272,753.09393,1377.0941,1584.7479,753.2467,1102.0266,1309.9019,843.35223,753.18036,753.43005,376.70093,1376.9147,752.9756,1089.1146,1101.0668,850.34235,761.0572
5460,1328.2854,1526.975,1948.599,1091.9967,2066.3455,2022.0118,1092.1693,2013.8639,1451.5261,2121.918,763.82825,1092.2053,1451.6787,1091.9889,1451.4165,2126.5024,1504.5095,948.95795,2292.6565,1605.3335,1450.7438,914.20795,1820.2538,1451.5007,762.6159,1052.329,942.6855,842.6215,644.2375,1198.486,762.7785,2293.9375,1748.4341,672.0482,1887.5321,1450.7166,765.6724,1091.9935,1092.0747,1450.7083,1068.2314,1053.4889,1455.3656,912.679,1388.5833,1533.5487,1119.9333,980.95795,1723.5907,1450.7792,915.72797,1200.2174,812.2758,1672.898,1248.0322,621.5745,665.9729,825.7015,484.28464,741.74457,1888.5181,1245.025,544.49774,762.8935,530.37616,915.9446,638.2194,1418.4807,382.76614,1036.4778,2134.407,749.8095,707.144,1092.3154,617.36035,1326.5559,707.11957,778.2478,1092.2712,1450.9491,703.3001,957.9823,481.42398,409.908,1396.5857,1430.1604,547.50104,532.6821,1023.5684,1092.4061,1378.4487,477.44208,1450.761,762.6245,1386.8898,912.56824,1577.9556,636.1738,583.5981,1017.4681,1092.2961,762.72766,2320.3762,795.3467,671.53076,707.1747,909.0511,721.79425,1520.5923,1051.9727,643.9414,464.65607,1424.2625,645.48566,1207.6072,677.24225,572.8991,714.98663,651.5067,450.42548,1684.9761,761.29297,1490.8916,1059.7991,1048.9792,782.3278,1450.6246,1402.6666,614.8888,1091.788,1091.7318,1450.5066,762.2739,618.18396,760.71204,594.0218,745.4501,1154.5249,780.0433,1827.7823,862.72656,1015.42255,1397.0106,650.0302,898.4265,1135.6456,639.5064,594.764,631.73804,731.5541,1159.0591,638.86554,635.0975,699.6015,592.7298,805.5171,392.40698,786.80255,680.94226,769.1712,455.804,722.1705,1891.514,958.844,635.52673,666.1368,670.765,1501.8109,810.1173,1019.34595,716.9521,690.8472,636.5813,1018.4511,731.4792,1520.975,798.7265,948.77124,1058.4894,723.34534,590.05756,717.22394,1938.023,1380.8844,1056.9724,762.4831,1451.6327,1118.695,1603.3076,1049.0177,1672.5632,558.8455,1540.4114,822.0559,913.3921,762.5073,1452.3512,762.597,901.56036,1018.3705,681.5417,1385.6588,1207.5009,798.9812,692.2508,835.61475,755.1939,845.85736,2033.5758,638.38293,2017.7462,1747.676,508.24524,1451.7015,762.50635,629.2344,1526.922,1611.0958,1091.5183,1609.5868,762.47107,921.70026,1000.6905,1502.741,1357.3196,468.18518,498.7626,1144.3611,1050.4962,1487.4563,527.7203,752.96375,1749.3057,1450.2357,1239.054,1607.3767,1191.1355,600.0735,1077.9457,1091.531,1750.431,1091.4646,1450.2429,1060.1946,792.5939,1056.6453,631.70337,1604.7189,736.80585,762.31824,1471.0249,891.22626,1145.9657,804.64935,1449.5968,614.59656,636.4527,829.77765,704.386,1450.9618,494.47745,762.1457,762.0557,1091.555,1193.4087,762.06726,1091.5121,1091.6007,762.0673,1921.7512,2494.0981,1091.515,1124.056,686.9721,1248.7715,677.13635,1450.8724,1014.03766,1201.1996,938.94336,1972.4846,1198.0239,1209.8562,1091.6035,1526.8745,841.33136,1137.2247,1769.5112,379.1122,1451.1279,762.2979,1089.5203,1091.1432,859.18787,1015.893
5520,1318.7123,1212.9093,1817.9314,1103.7198,1869.1451,1826.6853,1103.9888,1822.6759,2193.7979,1643.6627,850.8815,2004.2737,1546.7258,1103.742,1546.3817,1878.135,1485.379,958.23553,1727.7296,1635.1185,2327.4805,898.2441,1488.6742,1546.44,810.2771,972.8531,1001.42975,839.9855,670.20685,1051.3322,1284.9663,1960.568,1712.3259,693.35266,1780.7693,1586.0244,792.9478,1103.8505,1103.924,1545.6396,980.5515,973.2986,1547.9241,897.3726,1269.7301,1347.6942,1030.4872,997.40564,1316.3159,1915.8595,898.89197,1052.1783,914.8239,1422.8954,1193.9714,622.48395,673.7139,835.4586,487.93372,754.72205,1788.0098,1192.499,550.2034,810.5245,535.8541,899.126,631.86957,1159.6731,384.7723,958.45386,1650.014,763.06525,725.0257,2235.705,630.3672,1232.6846,731.27795,786.13184,1501.2134,2072.0452,726.24664,949.1512,541.3895,412.76456,1418.2926,1101.1416,557.257,537.24,968.088,1652.6454,1264.9346,485.34143,1586.0974,810.122,1269.0688,897.1876,1508.5173,645.59155,597.5507,948.8012,1104.2012,978.6845,2000.5826,807.2383,706.60114,726.0881,923.4919,741.03955,1480.2284,1032.1039,657.669,477.99643,1477.3237,654.66974,1224.4432,682.1143,574.3369,739.66797,652.8246,449.85074,1415.3103,783.56024,1605.5903,975.33594,963.37024,806.20276,2237.027,1150.6947,630.32983,2376.8154,2361.854,1730.4865,809.044,619.89716,793.6832,602.1412,783.4316,991.4421,884.8909,1664.602,889.9908,868.1666,1519.6598,677.02466,915.43207,1025.2631,647.68787,583.5481,817.0261,749.5836,993.34283,651.1723,648.40643,706.8938,597.9714,861.3752,395.00336,808.74524,696.5619,798.8789,458.7342,730.5022,1671.9526,950.13617,662.85474,666.87115,685.1931,1484.8,838.34467,966.5845,743.332,702.8879,652.4438,965.36774,752.31213,1480.818,814.1325,973.4529,1080.8542,740.0419,574.24335,721.32104,1812.9166,1380.4553,974.89124,810.0523,1546.6536,1157.9252,1620.5679,970.9581,1389.5271,580.89435,1472.2607,879.28546,897.4802,810.07184,1547.3878,1614.6875,929.632,965.2148,695.8614,1482.844,1261.18,833.37476,695.16016,866.08954,769.2213,867.5523,1866.4775,713.8191,1592.4031,1712.3313,519.93555,1546.4988,810.0929,636.38806,1344.2803,1638.389,1103.4988,1637.6466,849.9682,901.718,1066.7402,1517.7745,1408.9791,469.8219,510.89597,986.2853,1120.6726,1449.658,533.2629,838.38446,1711.9916,1544.6359,1189.0754,1635.421,1216.0812,652.8835,984.33594,1776.4833,1712.5452,1324.0806,1544.6394,975.6192,844.5386,973.873,823.9109,1645.432,749.5587,1746.076,1144.643,951.67,1159.0812,819.9941,1173.923,602.6086,658.9874,858.2972,725.3984,1815.4823,501.92413,977.466,808.9217,2025.1107,1216.8135,808.927,1626.4965,1848.7657,808.92706,1804.5851,2092.9004,1852.112,1032.5547,700.7213,1301.1243,690.14923,1545.553,963.527,1052.2697,909.9439,1822.6079,1050.0626,1050.5773,1678.4506,1484.0083,833.7303,1014.8454,1339.2115,381.16867,1545.8668,810.4702,1128.2068,1376.4504,908.5864,977.20667
5580,1344.5444,1077.9025,1759.7178,2061.7947,1778.1915,1736.6881,1471.3076,1734.7152,1944.709,1391.9077,873.2682,1596.0553,2363.1045,1750.5657,1639.5774,1762.0398,1542.1643,970.6338,1433.3326,1655.8989,2010.0925,909.87006,1342.2981,2305.4492,1383.0737,953.2481,999.4765,836.42896,770.98816,998.46356,1106.778,1802.6738,1700.7076,715.01544,1734.3839,1658.7539,820.07227,1126.4198,1126.4735,1598.5028,956.9254,953.3572,1639.995,909.3529,1227.9753,1272.9753,994.4132,1005.22314,1102.1827,1800.8755,910.10944,998.8362,914.7196,1316.6162,1184.0789,625.3157,683.9625,844.8643,529.8117,766.4223,1744.7007,1183.3579,560.6548,853.3893,554.5077,910.28125,629.41925,1051.7703,491.22226,939.4841,1428.3894,787.4611,740.1439,1716.5834,641.7435,1203.1897,752.67865,797.94885,1341.9432,1884.4905,750.42316,953.42694,560.43286,419.0457,1443.4442,955.75836,566.6612,593.2189,949.41364,1423.1603,1225.7872,495.49905,1658.8276,852.869,1227.8093,909.0017,1539.8934,657.884,611.81445,934.39716,1949.3804,949.10364,1849.3439,809.6293,711.8754,757.45514,944.82336,759.419,1526.7074,1027.6361,670.97754,488.75375,1510.9951,664.44806,1274.1536,708.164,578.3084,757.46533,664.95105,453.2711,1299.2969,801.978,1668.2162,953.1742,940.6415,826.3484,1938.582,1046.1105,643.336,1785.6548,1778.348,1702.791,851.4303,625.6459,825.8851,611.0571,802.0508,912.67865,898.193,1605.4629,919.1261,801.92413,1594.5277,699.0376,925.70483,978.60504,658.15894,575.75836,732.74084,764.99304,913.3351,662.2435,661.48145,709.7879,605.4471,897.3478,410.06223,826.9792,713.9473,828.7369,468.35458,741.5113,1576.1573,954.3463,734.6207,669.91595,685.32745,1542.5226,865.4635,949.1145,766.85376,716.65137,665.4766,947.8272,769.357,1527.1439,833.88947,978.28577,1101.5671,755.2024,565.25146,728.0456,1757.4155,1619.6334,953.6793,852.6287,1599.4769,1189.7516,1648.6868,951.7294,1267.0516,601.3251,1450.9692,926.6029,908.8535,852.6428,1600.1742,1248.4877,944.55963,947.6419,710.376,1500.4576,1296.2148,862.6616,699.98553,893.57104,792.5944,883.9434,1790.2977,719.35645,1366.647,1700.9873,522.2608,1599.1971,852.6687,656.75793,1271.1499,1657.8708,1126.1196,1657.5057,912.17773,911.04987,1079.2822,1522.253,1460.6001,486.3123,525.46545,910.0175,1138.408,1531.849,541.3166,851.653,1699.8346,1597.2963,1181.141,1655.4268,1237.5076,663.3175,957.5008,1490.1466,1700.1069,1247.6635,1597.2985,953.22144,840.4245,952.3623,723.20233,1648.36,763.3728,1352.235,1001.94183,954.16534,1181.4618,835.24097,1057.4832,595.6036,679.84607,884.1141,748.0385,1744.3976,513.5966,947.3696,891.0583,1605.892,1236.9762,851.15234,1409.8302,1519.1812,851.15247,1752.9459,1901.4958,1527.5757,995.3435,713.8288,1340.6787,706.3478,1598.193,947.19714,998.1778,914.85614,1754.837,996.4137,991.4041,1435.5233,1529.0731,829.7777,973.8254,1113.4459,410.34235,1783.5576,853.342,1153.6375,1273.7174,940.8742,966.76465
5640,1370.8942,1017.4354,1729.8657,1639.0991,1732.2289,1691.2451,1328.8112,1690.2744,1820.917,1269.724,930.1188,1396.8323,2026.9141,1472.7555,1684.2296,1703.7522,1591.0709,976.2815,1290.1459,1664.9697,1852.7399,921.5223,1271.9281,2005.1832,1167.5873,949.52747,985.4978,833.3232,793.3416,978.38995,1025.0453,1723.7899,1693.8031,735.0189,1710.3708,1693.353,841.8024,1139.1637,1139.204,1623.3291,951.2449,949.48944,1684.1151,921.19086,1209.0657,1237.8468,981.23944,1010.55396,1002.77374,1743.1068,921.5675,978.5278,922.921,1265.9594,1180.8413,624.6097,696.12195,853.4923,523.62085,776.5283,1722.2009,1180.49,573.3294,880.4008,562.143,921.68994,625.5786,1004.60236,530.0787,936.06744,1320.9761,813.41583,754.0941,1462.7896,650.5394,1190.2844,770.6831,810.0687,1265.1903,1791.0029,770.111,960.4118,566.3126,432.55978,1467.6771,897.2,576.3626,611.81635,945.10834,1311.8375,1208.102,505.6267,1693.4208,919.73645,1209.0896,920.7485,1576.2786,670.164,624.4387,933.2449,1544.1582,940.48346,1773.7233,811.02246,721.88574,777.1428,963.6106,774.3452,1570.4724,1028.5814,681.7477,497.5876,1532.547,671.8132,1320.1506,742.0193,582.70593,770.5106,703.2194,458.9412,1243.9049,815.9516,1697.8866,948.2696,935.458,842.86536,1790.5715,1000.6509,654.1143,1463.2723,1492.9172,1688.0056,878.27924,631.2184,850.4146,621.00446,811.54456,874.3858,913.0674,1589.7426,942.0875,776.3521,1620.6456,715.9904,935.20667,960.10223,673.1553,570.75574,688.26855,777.8716,874.472,674.18835,674.55725,718.7335,617.6007,919.877,433.6798,842.24915,729.21313,851.6444,477.85492,752.92444,1541.6284,961.24884,920.1576,679.5446,686.78345,1591.7062,886.5892,945.3489,787.18634,726.8655,677.9856,957.4208,782.66656,1570.7224,852.4613,990.5929,1156.3142,770.22723,559.7103,732.3427,1728.8654,1660.2067,949.2212,1780.4808,2040.7377,1213.295,1661.3843,948.2423,1208.343,616.708,1453.1017,955.85376,920.4449,1634.3251,1624.8906,1074.311,952.7403,943.9003,725.79205,1522.6694,1318.4214,885.9894,707.2668,914.21814,817.029,896.478,1717.9736,725.7568,1257.1248,1694.2095,522.4287,1623.9343,879.6049,682.49695,1236.7109,1666.2638,1138.7932,1666.0842,948.7561,921.6297,1079.505,1663.6804,1502.3942,494.9144,537.96625,872.97614,1151.9269,1605.2421,551.8666,851.0604,1692.7722,1622.1322,1178.9161,1664.1918,1256.0247,663.24615,950.3357,1350.9683,1692.9061,1211.7576,1622.1343,948.2372,841.2711,947.8145,670.7006,1643.416,776.70935,1164.5013,945.6581,955.22253,1207.5292,845.4386,1006.224,590.1786,696.33405,906.95197,767.2043,1708.2928,522.1747,938.5879,937.48444,1401.3455,1279.2343,1096.3197,1304.9149,1358.7129,1086.2512,1726.3527,1806.1403,1369.5437,981.5988,727.43207,1358.5474,723.459,1622.9495,957.371,977.5782,923.28723,1720.3026,976.05725,968.2703,1317.6309,1571.9655,829.0881,959.62225,1008.36017,464.7139,1727.7148,920.3106,1144.7238,1224.7115,959.8769,966.554
5700,1397.3524,995.41724,1714.3348,1425.7069,1708.7704,1668.078,1253.2273,1667.6003,1759.1533,1204.1667,965.7996,1293.3364,1860.5958,1330.6238,1705.3495,1674.253,1625.7987,975.69934,1214.24,1668.6189,1774.486,934.97375,1231.8406,1856.5681,1069.2998,955.40936,970.3648,831.32697,789.8449,976.2326,992.551,1684.1401,1689.5723,751.61566,1697.7211,1709.5433,861.18866,1139.9685,1140.0016,1634.7133,956.1716,955.3079,1704.9924,934.7375,1194.2927,1215.0933,977.6396,1014.551,961.58844,1713.8468,934.92487,976.2526,934.36237,1235.5647,1173.7787,626.6802,708.3185,861.307,523.1616,785.1778,1710.2953,1173.61,586.4469,901.4016,568.744,935.0117,623.0874,989.1026,533.1634,942.093,1229.4495,837.6459,767.37134,1332.4423,659.0334,1178.4531,787.37244,821.44714,1221.946,1744.1621,787.6501,966.86725,568.65546,444.73224,1489.505,879.16876,581.90643,617.7296,946.0105,1251.5674,1193.8986,514.5722,1709.6051,960.33795,1194.3794,934.2394,1604.9011,681.3812,635.218,940.3894,1339.3024,943.9531,1735.6729,812.15985,729.74243,800.55383,976.98566,787.5362,1602.6327,1031.3186,691.8259,505.01068,1548.2506,678.2491,1357.126,764.1559,589.35236,780.31586,740.8076,465.75204,1211.2299,839.0056,1711.6781,953.6243,940.6763,856.48676,1716.9287,986.05,661.99133,1299.2415,1347.0461,1679.9171,899.2567,636.4835,871.53644,630.8765,816.66315,855.6616,925.0787,1591.2994,960.2009,767.7631,1638.6565,729.87714,943.2522,953.83057,689.8881,567.87256,666.93286,789.0058,855.5013,685.63916,686.3946,727.5234,628.9339,933.96185,452.53616,855.2651,743.56213,871.62573,486.07968,768.43524,1536.2683,967.6444,940.2677,697.5667,689.3264,1626.513,903.05054,946.496,804.2886,734.87573,689.1953,965.1902,793.0468,1602.7744,869.2402,993.3089,1165.9902,783.7956,556.31854,738.4649,1713.9263,1682.3518,954.7651,1370.3695,1860.6681,1230.1503,1666.8212,954.2617,1173.9594,627.9577,1465.7823,977.9764,933.8974,1298.4678,1636.1453,996.36304,955.70435,945.1221,740.47107,1543.982,1333.732,903.9989,719.08057,928.02765,839.8145,906.3684,1681.5186,728.90247,1197.7538,1690.0073,522.80096,1635.2415,900.6162,701.6852,1214.2738,1669.5281,1139.5404,1669.44,974.4841,934.59174,1080.0704,1715.3837,1534.6398,499.91953,548.3842,854.8859,1164.0033,1655.6852,562.80133,852.4106,1688.5344,1633.593,1172.4092,1667.7429,1274.8617,661.0382,954.6025,1277.1111,1688.6002,1188.7092,1633.5951,953.5756,843.37274,953.3676,658.3252,1638.9908,788.65845,1079.9248,929.4113,957.5065,1230.9545,851.7353,988.7851,587.4477,710.52075,925.99207,784.9236,1689.7135,530.04364,942.05225,968.1027,1295.358,1322.0619,1019.66327,1247.9349,1274.4022,1014.7099,1712.4135,1758.3716,1253.2032,977.74744,741.4213,1373.2748,739.3156,1634.3053,965.42444,975.1926,935.1867,1702.455,973.81964,964.6055,1254.2372,1603.6545,830.51196,960.351,964.3828,499.46835,1699.381,960.9653,1139.0536,1195.2355,973.07434,969.53534
5760,1416.0525,989.72437,1703.011,1322.2064,1693.5459,1653.0151,1217.4993,1652.7802,1725.0764,1173.3964,988.48486,1243.8735,1775.0493,1262.1725,1712.055,1656.0692,1650.2169,970.8857,1178.3693,1666.7473,1732.3069,946.72925,1213.5858,1779.7476,1026.0829,963.4371,956.41595,830.6217,789.0468,980.30566,981.6996,1660.9543,1683.8148,765.5029,1687.8204,1713.8335,877.9938,1141.8352,1141.863,1636.6407,963.73804,963.3132,1711.5896,946.5462,1188.4896,1205.3624,979.94366,1017.6824,946.4719,1695.7736,946.6394,980.2732,945.3926,1222.0732,1171.7686,629.49945,719.2055,868.3905,525.477,793.0525,1700.7614,1171.6892,594.18195,916.8783,575.47546,946.7076,621.8877,986.6161,527.5088,950.1986,1185.8857,859.22943,780.2019,1236.5667,667.5056,1174.0873,802.21576,832.6894,1202.1243,1717.4358,802.8465,974.20056,570.72424,457.18668,1508.2614,879.47485,587.7717,624.4258,950.6132,1223.3566,1188.3514,522.5396,1713.8916,985.4595,1188.5841,946.0297,1626.3657,691.49664,644.40704,949.0575,1239.9641,950.8132,1713.2717,813.99054,738.20496,816.7148,988.60474,799.28326,1625.762,1034.41,701.4386,511.4837,1559.1079,683.8832,1386.968,781.13293,595.48456,788.33057,767.1588,473.13794,1196.6388,844.8529,1714.8075,961.4441,948.4302,867.91095,1677.0344,984.05,668.41156,1220.0267,1243.5533,1672.2789,914.76587,642.29395,889.1011,640.5605,820.09216,847.2645,935.0624,1598.413,983.30054,767.53467,1652.1664,741.00183,951.64905,954.7731,706.1721,566.63324,657.4557,798.5648,847.0087,696.6308,697.376,736.986,639.6587,945.0171,465.79364,866.49133,756.96936,888.3847,494.15436,784.75085,1543.8308,974.9152,932.5451,719.5586,694.1028,1650.9409,915.2958,951.1854,819.1815,740.65686,699.6443,973.1792,802.02344,1625.8499,884.7524,997.74414,1181.9498,796.1235,554.4741,745.2558,1702.8745,1698.842,962.64343,1173.7561,1768.3575,1243.2563,1665.8362,962.3826,1158.48,636.34296,1482.2233,994.0063,945.6812,1138.3855,1637.974,963.17065,959.8275,949.89923,754.3905,1562.2639,1343.9524,919.028,739.1863,938.0909,860.18756,914.4125,1659.9136,732.3465,1169.9788,1684.2722,523.97797,1637.139,916.0915,717.05273,1204.6638,1667.4679,1141.342,1667.4247,992.2881,946.10455,1084.4762,1733.0078,1560.9362,504.55988,557.3786,846.8126,1174.532,1689.9011,573.3618,851.8443,1682.84,1635.6254,1170.6891,1665.882,1288.5815,658.86975,961.8851,1209.067,1682.8724,1178.8595,1635.6278,961.3851,849.97766,961.2827,653.2399,1634.6045,799.00635,1043.493,931.0617,958.9835,1253.1995,855.5569,985.3797,586.6303,722.71985,945.0305,800.57196,1676.9714,537.46155,948.94336,988.3464,1244.7186,1354.3438,987.13477,1221.4009,1234.4221,984.6979,1701.933,1731.2463,1197.4573,979.9278,755.0261,1384.0123,753.9336,1636.2955,973.54333,979.1747,946.1995,1690.0583,977.8945,967.938,1224.53,1626.5381,833.32715,965.8449,947.8876,515.1039,1681.8245,986.0955,1141.2643,1182.204,984.21796,975.19305
5820,1431.1461,992.0709,1695.5637,1270.3899,1684.1796,1643.7467,1199.0164,1643.6311,1706.431,1157.3654,1004.7871,1218.6311,1731.0615,1227.5964,1713.4761,1645.2621,1668.6207,963.5622,1159.8251,1663.9672,1709.6892,957.6606,1203.7025,1740.0656,1009.9679,972.53186,944.03314,832.0149,788.38324,987.4544,981.5068,1647.6819,1679.1173,777.4901,1681.0841,1714.0786,893.0395,1141.856,1141.8807,1635.7261,972.61206,972.4031,1712.9705,957.5088,1184.7323,1199.6713,985.11584,1020.23804,944.19025,1685.0155,957.5552,987.40063,956.4538,1214.5305,1169.8782,636.98645,729.34796,874.8445,533.674,799.54034,1694.2048,1169.8429,601.1782,929.64813,583.63007,957.6143,625.10364,990.54254,521.013,959.33875,1163.554,878.0629,792.621,1188.4956,676.0044,1171.0337,815.84735,843.7179,1191.4652,1702.4185,816.5025,981.88837,573.4955,468.50864,1524.3817,887.49756,593.82056,628.11914,956.9593,1208.5638,1184.7095,529.9765,1714.134,1002.9729,1184.8208,956.9908,1643.349,700.92664,652.50464,958.48254,1190.1841,959.3485,1700.3821,815.8827,747.4919,831.404,997.4459,809.81366,1643.511,1037.3276,710.73535,517.394,1567.8538,690.6785,1411.499,794.3956,603.1411,794.8338,786.7139,480.86826,1188.5746,851.7158,1714.4946,970.4778,957.433,877.65063,1655.5522,988.2508,674.29803,1180.1718,1191.7506,1666.6678,927.58655,649.0687,904.3516,650.0479,822.62024,843.78577,945.2438,1606.781,993.5972,771.8816,1663.4675,750.8007,959.51483,959.24097,721.1589,567.0728,659.3024,807.4701,843.5038,707.3025,707.9301,746.83203,649.8671,954.5078,475.17282,876.3128,769.44324,903.0658,502.31775,796.67926,1556.3007,982.54236,924.6771,741.16296,698.2323,1669.3221,924.50684,957.54395,832.22314,745.4704,709.6694,981.1947,810.15106,1643.568,898.9713,1004.6468,1199.2772,807.43945,553.8984,752.4428,1695.5472,1712.7134,971.6843,1082.1915,1721.0442,1253.5857,1663.4978,971.5471,1149.9597,644.4657,1512.5251,1007.0529,956.6514,1064.7933,1636.9736,952.01056,961.99994,956.34314,767.5867,1577.9253,1351.296,931.9398,757.406,945.7259,878.0739,921.1382,1647.4131,736.645,1155.4124,1679.5797,525.9936,1636.2037,928.8659,729.5043,1199.0286,1664.5844,1141.3268,1664.5632,1006.2076,956.9269,1087.9066,1743.4185,1581.1143,510.96762,565.51843,843.5033,1182.6066,1714.29,583.32465,851.7211,1678.2207,1634.8097,1168.9602,1663.1493,1300.1095,663.49835,970.6578,1174.726,1678.2367,1173.144,1634.8123,970.4169,851.39343,970.36646,657.23737,1631.5046,807.8405,1030.7542,940.0734,961.4877,1272.3033,857.8626,988.88873,589.12744,733.5328,959.6928,814.7892,1668.871,544.7037,957.5273,1003.4931,1218.9536,1378.9158,976.3241,1207.4929,1213.8989,975.12524,1694.9236,1716.0481,1169.1771,985.0363,767.7746,1392.3573,767.55646,1635.4397,981.61285,986.3018,956.7886,1682.109,985.0859,974.72723,1209.0527,1644.1483,836.96326,973.6976,944.927,519.567,1671.3362,1003.6035,1143.7668,1174.9609,994.0166,982.0808
5880,1445.1385,998.451,1690.5316,1247.0416,1678.2036,1637.8347,1192.0629,1637.778,1695.8877,1151.629,1018.02875,1208.3503,1708.0371,1212.7299,1712.8058,1638.5916,1682.7352,954.95685,1152.8497,1661.246,1697.2043,968.26605,1200.9822,1719.1688,1007.2651,982.2318,933.1479,833.24426,789.4351,996.1958,986.63763,1639.7961,1675.4496,788.13324,1676.4133,1712.8416,906.81226,1144.0133,1144.0356,1633.9211,982.2077,982.10486,1712.2926,968.1334,1185.0256,1199.0117,991.4222,1022.41846,948.30164,1678.3655,968.1565,996.13513,966.39307,1212.9586,1171.0908,638.71136,738.8226,880.7303,538.5826,805.41345,1689.6217,1171.0769,607.1191,941.16406,594.60547,968.21063,626.21454,997.70166,515.629,969.0657,1154.712,894.6355,804.5586,1166.9885,684.9147,1171.671,828.6651,854.401,1188.3595,1693.6714,829.11224,989.45087,577.1447,478.37024,1538.1353,898.50806,599.8967,631.1077,963.8636,1203.4197,1185.0522,538.2617,1712.895,1016.81866,1185.1041,967.61914,1656.79,711.138,659.7689,968.3552,1167.8329,968.78345,1692.6818,818.4554,757.38806,844.54877,1005.18866,819.3459,1657.2878,1039.9308,719.8372,523.28107,1575.2108,694.93506,1432.1525,805.44604,608.44135,800.54865,801.423,488.7925,1186.7554,859.2124,1712.9927,980.1795,967.1209,886.0898,1643.6356,995.5731,679.7064,1162.7155,1168.4144,1662.5597,939.1556,653.6776,918.11145,659.4766,825.06714,843.3787,955.2514,1614.9309,1003.5868,778.8691,1673.1034,759.0316,966.8109,965.1762,734.6523,572.6403,658.5502,816.503,843.0994,717.7692,718.31024,756.82025,659.5967,962.934,482.13647,885.0353,781.1415,916.4202,510.23898,808.3301,1569.92,990.04974,915.9853,760.6799,702.6223,1683.4098,931.72437,964.429,843.71625,749.41144,719.4401,988.92224,817.79895,1657.3317,911.984,1013.2371,1216.078,817.9111,573.8239,759.9308,1690.5669,1724.9169,981.36914,1042.3799,1696.3876,1262.0106,1660.9996,981.29486,1147.9056,651.61957,1534.9204,1018.70386,967.29016,1033.8236,1635.0962,951.7617,964.44934,963.30554,780.1739,1590.9282,1356.8142,943.19653,774.29083,951.96545,893.93146,926.8998,1639.9015,741.6806,1150.3801,1675.909,528.7851,1634.3833,940.388,740.20276,1198.3845,1661.8043,1143.4534,1661.7941,1018.2881,967.48566,1092.3235,1751.7043,1597.7985,516.98254,573.1774,843.18604,1189.2803,1732.8198,592.69916,852.17413,1674.6287,1633.0908,1170.2555,1660.4862,1310.5529,666.62823,980.2314,1159.9863,1674.6365,1172.4834,1633.0934,980.11786,853.561,980.093,657.5381,1629.128,815.35266,1029.7397,951.8017,964.8908,1289.5576,859.2339,995.8694,591.30853,743.12555,971.8288,828.02277,1663.5525,551.8359,967.0117,1016.20013,1208.4392,1398.6315,976.26636,1202.8103,1205.9619,975.6766,1690.1233,1707.2194,1157.426,991.30884,779.4793,1398.9519,780.455,1633.6805,989.3578,995.0469,967.23987,1676.8488,993.88025,983.2895,1203.5933,1657.8497,840.8153,982.78296,948.69727,518.7783,1664.8265,1017.43414,1149.0968,1173.5607,1002.54895,989.26874
5940,1457.7869,1006.4318,1687.133,1238.3525,1674.3411,1634.0192,1191.4379,1633.9913,1689.7766,1151.6122,1029.382,1206.0865,1695.7766,1208.2146,1711.5519,1634.4019,1694.3567,945.88605,1152.2219,1658.9991,1690.1514,978.32837,1202.4417,1707.9618,1010.77716,991.84686,923.5986,835.303,792.1151,1005.3378,994.0048,1635.0073,1672.7333,797.7913,1673.2052,1711.3198,919.4411,1147.878,1147.8973,1632.1245,991.7751,991.7245,1670.691,978.20856,1187.967,1201.4828,998.05444,1024.3639,955.1754,1674.1798,978.22003,1005.2773,975.79297,1181.8035,1174.4843,642.17664,747.751,886.1186,544.682,810.80347,1686.4525,1174.4806,612.2,951.6806,603.25,978.2717,627.9004,1006.0688,511.6699,978.6991,1153.1613,909.3878,815.9354,1159.2057,693.2939,1174.7798,840.74567,864.6652,1189.6251,1688.4529,840.8173,996.7091,581.5894,486.85852,1549.8779,910.3514,605.9697,634.015,970.8,1203.6792,1188.0125,546.1192,1711.3701,1028.4775,1188.0354,977.70123,1668.0964,720.9351,666.35004,978.06555,1159.6329,978.2785,1687.9781,821.22546,767.669,856.25665,1012.14624,828.0435,1668.7305,1042.2333,728.7963,529.27295,1581.568,698.8849,1449.9557,815.18207,613.33453,805.6809,812.91974,496.72626,1188.6602,867.38995,1711.3481,989.8231,976.7593,893.52014,1636.8687,1004.0446,685.0591,1156.9313,1159.7365,1659.634,949.72235,657.89,930.616,668.61176,827.5083,844.4971,964.84125,1622.4043,1012.8297,787.41565,1681.8906,766.48126,973.6743,971.6081,746.7787,580.01025,659.67255,825.82153,844.2312,728.1074,728.63873,766.80225,668.8694,970.59814,487.62497,892.8954,792.1667,928.6382,517.81024,819.4511,1583.0062,997.2598,908.32,777.74567,707.2638,1695.0037,937.71844,971.33496,853.96857,753.12085,729.0385,996.2647,825.172,1668.768,923.9172,1022.85474,1231.785,827.6688,588.76044,767.44977,1687.1882,1735.9249,990.993,1027.6514,1683.3268,1269.2341,1658.866,990.9507,1149.6901,657.91785,1552.3262,1029.2904,977.386,1023.4451,1633.235,956.50305,967.4353,970.279,792.2222,1601.5592,1361.171,953.15356,789.7404,957.4854,908.15466,931.9371,1635.2871,747.2683,1150.6954,1673.1832,532.3035,1632.5693,950.91833,749.86285,1200.8528,1659.5172,1147.2905,1659.5123,1029.086,977.5392,1097.0276,1759.1012,1612.0629,523.2553,580.5783,844.354,1194.9548,1747.7656,601.5743,853.23364,1671.9786,1631.3638,1173.69,1658.2937,1321.2736,669.58417,989.81696,1155.5408,1671.9825,1174.9608,1631.3665,989.7661,856.27875,989.75385,659.1755,1627.2676,821.7535,1034.1117,964.15955,969.0491,1305.1459,860.021,1004.177,595.17633,751.8366,982.3252,840.4119,1660.0376,558.8237,976.5577,1027.3254,1206.0762,1415.2081,981.11755,1203.3156,1204.8661,980.8274,1686.8458,1701.9617,1154.4578,997.9226,790.1356,1405.0797,792.7926,1631.9125,996.7007,1004.2098,977.2452,1673.3495,1003.0829,992.34814,1203.7137,1669.2473,844.8487,992.099,955.403,516.08905,1660.7129,1029.0801,1155.4406,1175.6854,1010.5745,996.3581
6000,1468.2686,1015.20276,1684.4991,1237.9337,1671.4792,1631.1913,1194.9884,1631.1776,1685.8076,1155.4683,999.9603,1208.8292,1688.7765,1209.8514,1709.9719,1631.3893,1703.8512,936.8681,1155.7766,1656.9419,1685.728,988.12476,1207.0172,1701.4845,1017.34796,1001.4216,915.219,837.9785,796.0884,1014.6782,1002.4736,1631.6995,1670.4447,806.68713,1670.6737,1709.6177,931.17737,1153.6427,1153.6593,1630.289,1001.3289,1001.304,1689.6218,988.0137,1193.2717,1206.5546,1004.6658,1026.1732,963.4085,1671.169,988.0194,1014.6204,984.8111,1170.3385,1180.0117,646.2089,756.24554,891.0884,551.2922,815.82513,1683.9413,1180.013,616.75055,961.70557,611.3019,988.0696,630.28,1015.03033,509.0161,988.28656,1156.259,922.75604,826.7032,1159.2368,701.68646,1180.1661,852.28937,874.47327,1194.1031,1684.9331,851.8633,1003.6318,586.6844,494.22076,1559.8833,922.16486,612.11,637.0082,977.56647,1207.6611,1193.3245,553.55615,1709.667,1039.0593,1193.3331,987.5133,1677.4508,730.36176,672.4818,987.69476,1192.6279,987.80176,1684.7117,824.255,778.1665,866.91077,1018.8045,836.0566,1678.128,1044.3,737.6477,535.3206,1586.9458,702.5435,1465.6431,824.14026,617.99493,810.4256,822.227,504.54977,1193.4557,875.93225,1709.5919,999.4343,986.36945,900.1636,1632.5942,1013.0777,690.29065,1157.9482,1159.3292,1657.2489,959.7923,662.6804,942.26685,677.5219,830.04535,846.5028,974.0082,1629.0066,1021.4652,796.8838,1689.1627,773.34546,980.2054,978.10754,757.7582,588.0209,662.1778,835.3228,846.253,738.3592,738.9627,776.6914,677.7393,977.70496,492.21017,900.0752,802.6396,940.08325,525.0777,830.156,1594.891,1004.1409,901.92346,792.50385,712.2263,1704.4752,942.9943,978.06866,863.2463,755.9942,738.49896,1003.23114,832.379,1678.1642,934.93286,1033.027,1246.3385,836.81964,601.01385,775.02625,1684.5642,1746.0374,1000.5774,1025.2535,1675.9388,1275.5487,1656.8704,1000.5512,1154.4266,663.6302,1566.3373,1039.3439,987.20624,1023.1875,1631.35,963.69,971.4191,977.07086,803.80786,1610.3711,1364.6486,962.0925,803.76776,962.69775,921.13574,936.4236,1632.0643,753.11334,1154.7042,1670.8885,536.4329,1630.7246,960.95233,758.8783,1205.9147,1657.4388,1153.032,1657.4365,1039.2435,987.33563,1102.3175,1766.0293,1623.4387,529.8036,587.8464,846.3884,1199.9155,1760.4314,610.0491,854.5877,1669.7478,1629.5885,1179.2344,1656.2886,1331.8175,672.6818,999.3989,1157.2152,1669.7498,1180.0376,1629.5912,999.37897,860.0174,999.37286,661.9324,1625.8461,827.2407,1041.1241,976.33997,973.7657,1319.5441,860.4411,1013.1285,600.3369,759.8956,991.67834,852.2056,1657.3738,565.6944,986.12396,1037.6626,1208.7756,1429.6445,988.3741,1207.4257,1208.1885,988.2314,1684.2865,1698.427,1156.864,1004.52344,799.8288,1409.9146,804.6963,1630.1046,1003.6602,1013.5698,987.02264,1670.6835,1012.477,1001.6438,1207.6329,1678.6183,848.97076,1001.52124,963.54565,513.15906,1657.7449,1039.6439,1163.1808,1180.5939,1018.37573,1003.21027
6060,1477.6952,1024.3317,1682.5116,1241.4106,1669.38,1629.1187,1200.422,1629.1119,1683.163,1161.0575,1030.1448,1213.8638,1684.6364,1214.3423,1708.502,1629.2256,1712.6562,928.2164,1161.2172,1655.2474,1682.868,997.762,1212.9535,1697.6049,1025.3953,1010.9483,907.86005,841.0983,801.04047,1024.088,1011.4561,1629.3901,1668.6359,815.3641,1668.7451,1708.096,942.1899,1160.1703,1160.1852,1628.704,1010.84717,1010.8349,1698.253,997.65704,1199.5677,1212.7345,1011.13025,1027.9174,972.28156,1669.005,997.66,1024.0336,993.5647,1168.3894,1186.4186,650.5045,764.8242,895.7087,558.1768,820.5701,1682.0228,1186.4221,620.9897,971.4596,619.1443,997.70886,633.26025,1024.2551,507.4612,997.8223,1161.4736,935.0907,836.84863,1162.9424,710.039,1186.503,863.4133,883.8141,1199.9917,1682.5182,862.40424,1010.251,592.28815,500.7222,1568.4211,933.6452,618.2573,640.1205,984.11115,1213.3043,1199.6234,560.71277,1708.145,1049.0812,1199.6252,997.1625,1686.1932,739.55963,678.6207,997.254,1212.5428,997.3089,1682.4213,827.51825,788.7676,876.81946,1025.0945,843.5144,1686.8765,1046.2045,746.41125,541.4042,1591.5771,706.08215,1479.6991,832.64014,622.4907,814.9168,829.9795,512.19916,1199.501,883.6617,1708.0486,1008.9975,995.9336,906.19434,1629.8147,1022.355,695.11646,1162.1392,1162.8192,1655.398,969.5857,667.3548,953.3072,686.2551,832.73126,849.07623,982.9832,1634.7714,1029.5793,806.88715,1696.4486,779.7839,986.4987,984.5071,767.80786,596.2232,665.55054,844.9154,848.8419,748.54266,749.29095,786.4417,686.4101,984.40216,496.24545,906.7157,812.6653,950.97455,532.0815,840.4724,1605.3813,1010.7248,896.7186,805.27094,717.3468,1713.254,947.851,984.58234,871.8948,758.7961,747.83655,1009.8739,839.67334,1686.9077,945.18445,1043.4486,1259.8457,845.4539,611.72473,782.6163,1682.5819,1755.4663,1010.1105,1028.8901,1671.6127,1280.8969,1655.211,1010.0941,1160.4459,669.07056,1577.8751,1009.26556,996.85614,1027.8771,1629.7247,972.0481,975.8563,983.6343,814.99475,1617.944,1367.5974,970.2385,816.54144,967.9428,933.1881,940.4892,1629.7946,759.0962,1160.3618,1669.0741,541.04565,1629.133,970.70905,767.4648,1212.0841,1655.7312,1159.542,1655.7302,1049.0541,996.97253,1107.8657,1772.679,1633.71,536.5436,595.05206,848.9796,1204.4518,1771.5846,618.2319,856.3169,1667.9879,1628.0542,1185.646,1654.6401,1341.1395,676.0057,1008.94354,1161.7284,1667.9889,1186.2216,1628.0569,1008.9387,863.7717,1008.9357,665.42773,1624.6141,831.98804,1049.4001,988.0814,978.882,1332.7338,860.63495,1022.36127,606.30945,767.4706,1000.20447,863.55835,1655.3915,572.44446,995.66437,1047.5763,1213.7932,1442.5497,996.7781,1213.137,1213.5122,996.7079,1682.3445,1696.0045,1161.7429,1010.9819,808.6754,1413.1305,816.25616,1628.5388,1010.2934,1022.99207,996.6533,1668.6902,1021.92957,1011.0224,1213.2498,1687.3419,853.11334,1010.96216,972.3615,510.71243,1655.6034,1049.642,1170.7899,1186.7026,1026.0424,1009.8054
6120,1487.1089,1033.052,1680.924,1246.9861,1667.7379,1627.4999,1206.9645,1627.4966,1681.252,1167.6815,1049.2216,1220.2083,1681.9866,1220.4196,1707.168,1627.5619,1720.1721,920.10516,1167.768,1653.8137,1680.8597,1006.7363,1219.7418,1661.463,1033.584,1019.86676,901.3685,844.5263,806.6868,1032.9471,1020.1066,1627.6532,1667.144,823.4422,1667.1941,1706.7439,952.40936,1167.2559,1167.2695,1627.3234,1019.7634,1019.75745,1701.8971,1006.6364,1206.5344,1219.6423,1017.63086,1029.6481,980.8851,1667.3385,1006.638,1032.8967,1002.3947,1171.3044,1193.4412,654.91797,772.8625,900.03796,565.4097,825.1102,1680.4766,1193.4458,625.05066,980.49744,629.1775,1006.68726,636.70746,1033.0267,506.80847,1006.74994,1167.9126,946.49396,846.4444,1168.6389,718.34845,1193.491,873.98883,895.28253,1206.7574,1680.7277,872.3421,1016.83466,598.28687,506.5901,1575.7136,944.56555,624.3957,643.3457,990.6605,1219.9479,1206.5911,567.8889,1706.793,1058.246,1206.5896,1006.14996,1693.6885,761.24396,684.3631,1006.19727,1226.2058,1006.22656,1680.692,831.09485,799.3893,886.0071,1031.1691,850.52374,1694.3591,1048.0126,755.09454,547.54364,1595.5419,709.58307,1492.4642,840.8201,626.8655,819.2591,836.59314,519.6435,1206.3427,891.487,1706.6903,1017.95306,1004.89124,911.7501,1627.8507,1031.1685,700.36316,1168.0734,1168.4084,1653.89,978.6592,671.8019,963.54346,694.94403,835.6103,852.0831,991.66296,1639.7666,1037.2628,817.186,1702.7191,786.3094,993.09827,990.9714,776.2441,604.42346,669.42975,891.76605,851.8629,758.66064,759.61395,796.0237,695.1087,991.01416,499.955,912.9271,822.275,961.1085,538.8568,850.42035,1614.507,1017.27856,892.5694,816.3759,722.5789,1720.7518,952.4817,991.10406,880.04944,761.6161,757.05646,1016.4711,847.07043,1694.39,954.82947,1066.3245,1273.9601,853.6484,621.4875,790.20166,1680.9966,1764.3594,1019.04987,1034.9272,1668.8745,1285.8022,1653.7975,1019.0376,1167.2788,674.2705,1587.517,1038.5508,1005.8537,1034.4321,1628.3097,980.41406,980.7606,990.19824,825.78186,1624.2605,1370.1538,977.89594,828.1685,973.0264,944.3869,944.23267,1628.0742,765.2529,1167.0133,1667.5763,546.0366,1627.7465,979.7638,775.5729,1218.9811,1654.2866,1166.6128,1654.2863,1058.1255,1005.9654,1113.5823,1772.7327,1641.9515,543.41174,602.2594,851.99854,1208.5328,1781.6908,626.312,858.4053,1666.5377,1626.7162,1192.6661,1653.2452,1349.9384,679.54926,1017.89856,1167.8191,1666.5381,1193.1307,1626.7189,1017.9013,868.04694,1017.89984,669.3665,1623.5325,835.27527,1057.7267,999.18365,984.00745,1344.9385,860.5273,1031.1616,612.73126,774.8157,1008.18945,874.37305,1653.8239,579.07587,1004.62164,1056.711,1220.1305,1453.6935,1005.17633,1219.8156,1220.0001,1005.14185,1680.7869,1694.2101,1168.0181,1017.48047,814.244,1416.4325,827.484,1627.173,1016.87897,1031.8773,1005.64404,1667.11,1030.8408,1019.87646,1219.8815,1694.8098,857.23474,1019.84686,980.94324,509.00177,1653.9507,1058.7964,1178.4692,1193.5796,1033.7196,1016.3853
6180,1497.7917,1041.4125,1679.8289,1287.781,1666.6165,1626.399,1248.2139,1626.3975,1679.9976,1208.9968,1062.6746,1261.3574,1680.3666,1261.4586,1706.1967,1626.4388,1727.5203,912.6072,1209.0414,1652.803,1679.5652,1015.2253,1261.126,1643.3665,1041.6831,1028.3268,895.5933,848.1583,812.78314,1041.3761,1028.4347,1626.4933,1666.1033,830.81525,1666.1241,1705.7705,961.9738,1208.789,1208.795,1626.3387,1028.224,1028.2211,1703.3821,1015.1296,1247.9984,1261.076,1023.85944,1031.4033,989.19635,1666.2119,1015.13043,1041.3298,1011.1391,1210.78,1234.9296,659.8319,780.6286,904.1262,585.9764,829.5032,1679.4086,1234.9313,629.4148,989.0235,641.5626,1015.1811,640.5026,1041.4159,506.91434,1015.2189,1209.1113,957.0816,854.75446,1209.4677,726.57324,1234.9519,884.2346,902.51117,1248.1075,1679.5394,881.7866,1023.10175,604.5915,513.4508,1581.9686,954.8725,630.7253,644.754,996.91327,1261.2295,1248.0314,575.5824,1705.8195,1066.8295,1248.0294,1014.65216,1701.0292,773.763,689.4976,1014.6778,1270.9379,1014.6945,1679.5338,834.9559,809.96857,894.67017,1049.6821,857.1734,1701.685,1049.7788,763.70154,553.863,1599.0411,713.10144,1505.7874,848.763,633.0024,823.5269,842.35516,529.17444,1247.6844,899.3654,1705.7174,1026.4486,1013.3893,916.9403,1626.5825,1039.5927,705.82446,1208.9711,1209.1342,1652.8452,987.21735,676.8769,973.1258,703.3436,838.71075,855.4564,999.9609,1644.115,1044.5972,827.62427,1709.7885,792.89386,998.9104,997.1741,784.108,612.52167,673.6216,890.9222,855.2488,768.72,769.9143,805.51874,703.0048,997.28595,503.66638,918.7983,831.51154,970.6209,556.13214,859.9966,1622.389,1023.5191,889.3391,826.1139,728.28253,1728.0829,959.6658,997.3315,887.5858,764.5316,766.1723,1022.74506,854.21326,1701.7152,963.847,1077.5386,1287.1595,861.4808,630.62085,797.766,1679.9026,1764.345,1027.535,1041.9829,1667.2137,1290.2411,1652.7991,1027.5243,1208.5846,679.16187,1595.654,1057.0408,1014.3684,1041.7428,1627.2944,988.6216,998.73676,996.4616,836.58307,1630.6307,1372.5181,985.0407,838.78485,978.1714,954.8284,947.7306,1626.9188,771.78906,1208.1611,1666.529,551.3511,1626.7554,988.3106,783.27167,1260.2446,1653.2659,1207.9658,1653.2659,1066.6711,1014.4789,1119.3917,1771.6372,1652.0385,588.4539,609.4614,855.38086,1212.3936,1788.0975,634.08966,861.2125,1665.5319,1625.7672,1234.0298,1652.2671,1371.0062,683.24774,1026.4006,1208.6735,1665.5321,1234.3824,1625.7698,1026.4071,875.7652,1026.4064,673.58704,1622.8546,838.122,1065.915,1009.61444,989.399,1368.7618,860.18604,1039.5862,619.37225,782.05133,1015.6682,884.74866,1652.7512,587.06824,1013.12885,1065.2997,1261.0406,1463.3901,1013.40857,1260.8895,1260.9803,1013.39166,1679.7102,1693.0166,1208.893,1023.70526,820.5881,1419.0132,838.3997,1626.1959,1023.1428,1040.3362,1014.1579,1666.0238,1039.3226,1028.3116,1260.9232,1702.1244,861.3128,1028.2971,989.2489,508.06357,1652.8292,1067.3748,1216.165,1234.4678,1041.4083,1022.657
6240,1519.089,1049.6642,1679.2399,1292.5822,1666.015,1625.8162,1253.2722,1625.8156,1679.3301,1214.0693,1073.4288,1266.3662,1679.5171,1266.3896,1705.6675,1625.8448,1763.4114,905.7377,1214.0997,1652.2634,1678.8849,1023.54346,1266.2319,1634.4132,1049.8064,1036.6293,890.445,851.91705,819.18164,1049.6616,1036.6721,1625.8806,1665.5479,838.2083,1665.5543,1705.2467,971.04443,1213.9788,1213.9888,1625.8123,1036.5278,1036.5265,1704.068,1023.45087,1253.1556,1266.2164,1029.7783,1033.2113,997.43134,1665.6141,1023.4514,1049.6187,1019.73346,1214.964,1240.1053,664.58575,788.2174,908.0162,597.1596,833.77057,1678.8391,1240.1095,632.92114,997.3647,652.7978,1023.5034,644.74603,1049.6837,507.75046,1023.529,1214.1544,967.0333,862.3749,1214.3339,734.70123,1240.1257,894.18207,909.6287,1253.2251,1678.9106,890.89526,1029.0374,611.12244,519.9565,1587.3358,964.6558,637.77734,645.8671,1002.8445,1266.3193,1253.2036,583.7372,1705.2954,1075.1927,1253.2001,1022.98145,1736.755,783.4193,697.81274,1022.9964,1277.7249,1023.00696,1678.9197,838.6665,820.4664,903.01886,1058.2157,863.54486,1737.457,1051.546,772.2428,560.48914,1602.2039,716.798,1516.5753,856.54156,636.5751,827.6462,847.4726,538.71655,1252.8231,907.2039,1705.1979,1034.7828,1021.7263,921.8533,1625.9205,1047.8904,711.1063,1213.8989,1213.9799,1652.2922,995.5869,681.68524,982.3007,711.58484,841.84985,858.81683,1008.041,1647.8823,1053.7878,838.0992,1739.3439,799.1688,1004.53674,1003.07556,791.58167,620.50653,678.2736,895.1724,858.62006,778.7079,780.173,814.81604,710.8814,1003.2176,507.66455,924.4016,840.448,979.7463,562.2204,869.20026,1629.175,1029.4326,886.9039,834.7361,737.8361,1763.6082,967.3138,1003.24133,894.78375,767.7242,775.1816,1015.37683,861.1915,1737.2362,972.31476,1086.9225,1298.6036,869.0037,639.3079,805.35376,1679.3136,1761.9994,1035.8564,1049.5997,1666.3462,1349.8236,1652.2689,1035.8463,1213.7506,688.2778,1602.5664,1070.2798,1022.7056,1049.485,1626.7396,996.811,1045.7443,1002.4022,846.9236,1638.0004,1374.82,991.71954,848.5252,983.41205,964.6764,951.043,1626.304,777.6962,1213.348,1665.966,556.9924,1626.2213,996.6671,790.69025,1265.4803,1652.7163,1213.2549,1652.7164,1075.018,1022.816,1139.9774,1770.3374,1668.6587,584.3962,616.6536,858.7489,1216.1105,1790.4775,641.7246,864.9757,1665.0074,1625.272,1239.2782,1651.7567,1383.4473,731.0976,1034.7395,1213.7177,1665.0076,1239.6212,1625.2747,1034.7479,897.54584,1034.7476,678.25275,1624.3159,840.69934,1074.0952,1019.48126,994.9197,1379.6083,859.7488,1047.8856,626.1947,789.47327,1023.0278,894.8285,1652.1953,594.93256,1021.4739,1073.6787,1266.1558,1471.7749,1021.61835,1266.0897,1266.1344,1021.61005,1679.1422,1658.7732,1214.0095,1029.6216,826.70233,1440.1066,849.04504,1625.6926,1029.0746,1048.645,1022.4967,1665.4634,1047.6522,1036.6006,1266.1176,1737.4869,865.3349,1036.5935,997.4787,507.87872,1652.2517,1075.7299,1221.6655,1239.8596,1051.0127,1028.6019
6300,1526.271,1059.4619,1679.4956,1296.8965,1666.265,1659.6995,1257.7192,1626.0839,1679.5483,1218.5277,1084.4535,1270.7872,1679.6436,1270.7715,1705.9529,1626.1086,1759.0837,903.49426,1218.5511,1652.5516,1679.1041,1033.3756,1270.7,1630.5562,1059.5406,1046.4519,905.96735,855.74585,825.92664,1059.4756,1046.4634,1626.1346,1665.8285,845.1411,1665.8281,1705.5413,1012.5428,1218.4951,1218.5073,1626.1085,1046.3909,1046.3901,1704.958,1033.324,1257.6509,1270.7019,1020.5314,1035.1088,1007.26447,1665.8738,1033.3242,1059.4724,1028.892,1218.9857,1244.6118,685.66943,796.5406,911.74384,604.94995,837.961,1679.112,1244.6173,636.191,1007.247,662.0573,1033.3734,651.30566,1059.5238,509.22272,1033.3927,1218.5991,976.7445,869.9213,1218.6918,785.06274,1244.6316,904.31476,916.3323,1257.7015,1679.1544,900.50586,1033.2637,615.7162,525.8288,1592.0408,974.26697,645.4661,647.11334,1007.0715,1270.7808,1257.7073,591.8669,1705.5896,1085.0724,1257.703,1032.8503,1732.5947,792.048,706.0651,1032.86,1283.0195,1032.8674,1679.1705,842.78705,828.86145,911.7426,1063.7756,870.96405,1733.111,1053.3497,781.9813,567.39056,1605.32,761.3844,1524.5977,864.2982,641.6255,831.8316,852.09973,552.0744,1257.3093,915.02783,1705.4958,1044.6647,1031.6108,926.7276,1626.1512,1057.7524,716.6929,1218.2865,1218.3271,1652.5756,1005.49023,688.3585,992.1307,734.71564,845.3103,862.65204,1019.6558,1651.306,1062.3801,834.5776,1722.9403,804.8956,1006.76624,1007.2729,801.0712,628.51843,686.7569,901.614,862.4636,788.563,790.11456,823.84033,723.2815,1007.40607,511.7471,929.79205,850.49805,989.5454,568.778,878.0508,1635.0339,1033.609,885.15594,842.4511,746.95306,1759.3505,973.92847,1007.4192,901.1126,785.04016,784.2347,1013.0608,868.2892,1732.9834,990.92584,1095.9895,1308.6227,876.2454,647.6803,821.4122,1679.5681,1758.3514,1045.7168,1032.5774,1646.2947,1337.5768,1639.1165,1045.7081,1218.2579,705.1807,1608.4884,1082.5549,1032.5778,1032.5243,1627.0057,1006.61066,1038.311,1006.6469,856.58496,1669.3082,1377.317,997.9247,857.51355,989.2751,974.3224,954.2187,1626.5786,783.74133,1217.849,1666.2646,562.96625,1626.5358,1006.5465,798.62616,1269.9985,1653.0222,1217.8062,1653.0223,1084.8861,1032.6826,1145.4773,1768.986,1680.2992,585.85516,623.73865,862.5889,1219.8867,1790.0526,650.0968,871.71655,1665.3717,1625.652,1243.8033,1652.1284,1392.657,754.8622,1044.6252,1218.152,1665.3718,1244.1478,1625.6545,1044.6343,907.58356,1044.634,674.20575,1625.4943,862.0342,1083.898,1029.1476,1000.80316,1388.7278,915.5519,1057.7484,634.39294,797.9886,1029.968,905.22205,1652.5137,602.48,1031.362,1083.5778,1270.6244,1478.9985,1018.1721,1270.6003,1270.6223,1018.168,1679.4178,1642.4794,1251.6154,1033.8481,836.5938,1447.3444,859.2807,1626.0121,1019.9789,1058.4961,1032.3655,1665.7511,1057.5269,1046.4298,1270.6284,1733.2433,869.29675,1046.4263,1007.28314,508.41055,1652.5315,1085.5868,1225.679,1244.4712,1060.7316,1032.8536
6360,1537.2946,1077.4088,1661.4142,1277.2147,1675.0718,1685.1097,1277.836,1634.9558,1688.3375,1238.6659,1102.9948,1290.889,1661.4857,1264.3689,1714.7743,1634.9763,1755.2075,943.09326,1238.6824,1661.4304,1687.9471,1051.3372,1290.8326,1637.3412,1050.9265,1044.5084,977.4998,886.0934,833.0339,1077.4261,1064.4031,1634.9958,1674.7004,851.6304,1674.6971,1714.4177,1013.7895,1238.6567,1238.6669,1634.9893,1064.3373,1064.3369,1714.1274,1051.2767,1277.7946,1290.8389,1016.97296,1055.0568,1025.1995,1674.7339,1051.2767,1077.4115,1041.688,1238.9014,1264.7605,727.15186,804.42865,930.196,611.5734,855.5175,1687.9777,1264.765,642.16376,1025.1919,670.1964,1051.3093,679.6274,1077.4413,511.202,1051.3245,1238.7184,989.05707,877.4642,1238.7661,781.53394,1264.7754,917.34,922.14044,1277.8291,1688.0037,913.82654,1036.4095,620.0479,531.30133,1597.5559,986.6085,653.5998,649.1503,1010.22076,1290.8949,1277.8429,599.90344,1714.4623,1102.9773,1277.8387,1037.4926,1728.8002,800.23895,715.722,1050.7625,1270.4203,1050.768,1688.0223,850.9405,837.2751,923.53107,1075.001,881.4155,1729.2091,1079.6788,792.8615,575.14996,1612.557,765.91876,1531.7131,873.03217,659.45337,840.60693,856.35376,563.6186,1277.4224,922.6013,1714.368,1062.634,1049.5826,941.25977,1634.9928,1075.7098,724.68134,1238.3552,1238.375,1661.4414,1023.4735,707.22076,1006.90454,746.6406,856.0465,859.25684,1028.4822,1656.756,1072.7086,836.9806,1719.3796,813.84125,1008.7002,1010.3925,808.2708,639.36957,716.8221,909.0526,859.0916,798.2464,799.70465,833.20544,732.59393,1010.50696,515.83606,944.40656,862.9524,1004.61053,575.37946,886.53516,1640.5117,1036.7008,884.0027,849.43,756.3715,1755.4813,981.56213,1010.51495,906.75806,794.9818,793.82965,1012.99585,874.9272,1729.1187,1000.8827,1105.136,1319.528,885.3747,656.37714,829.03485,1688.3489,1753.9847,1063.3923,1037.0321,1645.0854,1416.1824,1641.3718,1063.3855,1238.3672,716.42834,1613.9982,1101.4137,1050.268,1037.0089,1635.7434,1024.2606,1043.224,1009.82153,867.10876,1667.8589,1382.9518,1007.9528,865.8565,1000.3999,986.6965,968.85376,1635.2848,790.0524,1237.9166,1674.9812,571.142,1635.262,1024.2335,806.0726,1290.0684,1661.7424,1237.8982,1661.7426,1102.5607,1050.3599,1172.2626,1788.4895,1685.0441,589.72235,630.6116,859.1851,1224.4086,1787.7509,658.1233,879.3299,1654.0696,1634.5254,1263.9005,1660.998,1407.2472,758.95404,1062.3901,1238.1868,1674.2373,1264.2238,1634.5286,1062.399,916.0316,1062.3989,710.6562,1627.3248,873.1745,1101.6166,1014.8957,1006.3138,1402.1453,919.69037,1075.4978,655.5961,807.8801,1036.659,918.41394,1661.1578,610.0668,1049.1158,1101.3309,1264.1478,1494.675,1029.3676,1290.637,1290.6477,1029.3656,1661.0991,1642.9027,1287.929,1023.5233,846.0718,1479.8339,870.0258,1634.6178,1016.56934,1076.1582,1050.0393,1674.3303,1075.2672,1064.0155,1290.6624,1729.3755,914.58466,1064.0139,1024.8615,509.57922,1661.1063,1103.181,1243.732,1264.428,1073.4729,1022.7361
6420,1544.4163,1089.7794,1652.4468,1324.224,1659.1674,1663.9586,1324.5134,1639.2794,1665.6992,1305.256,1109.0249,1330.9331,1652.4802,1317.8998,1712.3179,1639.2961,1749.3062,985.06323,1305.2598,1665.7556,1665.364,1050.4579,1357.4042,1640.6075,1050.236,1047.1001,1019.3132,918.2247,840.4835,1063.2749,1056.878,1639.3116,1658.8519,857.40955,1679.0148,1712.0131,1017.328,1305.2444,1338.3582,1639.3147,1076.7023,1076.702,1678.2578,1063.6465,1344.3623,1357.4019,1016.35565,1061.8583,1037.5641,1658.8772,1063.6465,1089.773,1052.8032,1305.3618,1331.3264,738.3021,813.66785,950.48315,619.5016,873.9864,1692.289,1331.3273,650.44196,1037.5671,678.4997,1063.6771,709.24146,1089.7977,513.5865,1063.6915,1305.2667,1001.884,885.41583,1305.2856,784.01025,1331.3257,929.0115,927.96674,1324.5023,1692.3071,925.61743,1039.1298,624.6473,536.6363,1603.2328,999.63605,661.44617,652.83966,1012.94556,1357.4169,1324.5055,607.95355,1712.0542,1108.7063,1344.3706,1043.3358,1722.9534,808.372,725.1019,1063.1265,1320.8534,1063.1316,1665.4376,856.474,846.1298,933.68634,1104.2037,892.053,1723.2863,1097.9452,802.63196,582.8884,1617.5077,774.31195,1542.0702,882.0765,674.5039,851.65045,860.29034,572.8668,1324.0206,930.4695,1711.9668,1075.0707,1062.0226,954.0077,1639.3016,1088.1401,735.3609,1304.7996,1304.8062,1652.317,1035.923,724.3148,1019.1267,755.6314,862.1963,861.0031,1034.6503,1662.4795,1083.165,842.5107,1713.4238,821.8963,1010.7987,1013.0818,815.8672,652.51294,740.6598,917.0356,860.864,807.74927,809.1079,842.82544,741.7736,1013.1811,519.9451,956.69653,874.3492,1017.2475,582.1907,894.61957,1646.0857,1039.3673,883.3606,855.62384,764.7406,1749.5808,994.1407,1013.1866,912.5119,804.13855,803.489,1014.1424,883.6717,1723.2224,1007.5313,1114.677,1331.0981,895.59735,666.39905,835.6283,1692.5984,1749.9106,1075.6509,1042.791,1644.4211,1392.3597,1642.4402,1055.753,1304.7802,725.3939,1619.5887,1107.6187,1062.5343,1042.7822,1639.9493,1036.5106,1068.5895,1012.5678,877.89606,1671.1259,1387.833,1014.5128,872.96136,1008.8812,999.72986,984.144,1639.4843,797.11285,1304.2062,1659.0178,577.8239,1639.4716,1036.5024,813.48676,1356.354,1665.948,1304.1981,1652.5039,1108.1841,1062.6213,1177.3329,1791.11,1688.9419,595.8325,637.34344,860.9274,1230.2274,1784.4198,666.0482,887.7011,1648.4716,1638.8551,1330.2609,1665.325,1438.4363,758.9992,1074.7305,1304.4392,1678.5615,1317.2451,1638.8593,1074.74,926.94965,1074.7399,737.62616,1625.2375,883.88605,1074.1475,1014.6439,1012.7875,1432.1411,934.1827,1087.8279,673.89935,816.02155,1046.1947,929.8399,1651.8956,617.4613,1061.456,1107.0345,1317.264,1507.7429,1038.4847,1330.2926,1330.298,1038.4839,1651.9902,1643.0192,1328.9547,1019.5285,854.98456,1489.7473,880.7703,1638.7808,1016.061,1061.8911,1062.3026,1678.4819,1061.0767,1076.1952,1330.2983,1723.4802,942.6435,1076.1945,1037.0419,511.28674,1651.8124,1108.7305,1298.8655,1316.8531,1085.0651,1018.954
6480,1549.5201,1071.8331,1646.0348,1317.7291,1649.3419,1651.5731,1317.899,1639.4293,1652.5592,1308.402,1081.3228,1321.058,1646.0529,1314.6232,1675.4983,1639.4424,1744.6624,1026.8123,1308.4092,1665.9038,1652.2721,1052.5098,1334.0607,1640.2146,1052.3834,1050.8593,1054.8668,949.11176,848.9199,1058.7998,1055.6615,1639.4552,1649.0728,863.5942,1658.9926,1675.2358,1021.6576,1308.4048,1324.7034,1639.461,1085.2654,1065.378,1658.6251,1058.9553,1327.6553,1360.5526,1016.96735,1067.0166,1046.1307,1649.0911,1072.2136,1098.3323,1063.757,1308.4697,1334.4907,748.2437,822.2998,970.57465,625.6169,892.01807,1692.4235,1334.4961,659.7319,1079.294,685.91425,1072.2513,733.0007,1071.8474,517.26685,1059.0063,1308.437,1014.2191,893.3843,1308.45,788.49054,1321.26,938.9305,933.57056,1317.9033,1665.5503,936.1926,1041.3997,630.182,542.0852,1609.9446,1012.011,669.4307,659.28235,1015.22095,1334.1023,1317.9149,615.8332,1708.8799,1080.8744,1327.6855,1048.713,1718.331,816.4523,739.57324,1058.4506,1316.1167,1058.4546,1652.3373,862.48816,855.5529,942.74756,1113.0,902.34973,1718.6185,1109.9873,811.8987,590.6988,1620.5005,783.1201,1551.0741,891.56244,687.04266,863.7151,864.31714,581.585,1317.4293,937.9154,1675.1963,1063.8417,1057.4242,964.91797,1639.4424,1070.2751,746.552,1307.9756,1307.9802,1645.8477,1077.7332,737.71106,1029.8438,762.5581,869.23834,864.79333,1038.7094,1640.3616,1091.8226,849.88116,1708.9972,830.0596,1012.2579,1015.32153,824.78015,666.60376,757.6165,925.61255,864.67865,817.2834,818.50055,852.835,750.3687,1015.4068,524.37085,967.3332,884.6141,1028.1667,589.23004,902.69543,1625.7759,1041.586,884.1969,861.60144,774.5388,1744.9113,1006.38983,1015.4111,917.2974,812.80725,813.1321,1015.64124,890.6979,1718.557,1012.47107,1125.3212,1342.7572,906.0543,679.05786,842.7997,1665.8033,1746.8068,1064.2898,1048.1241,1642.097,1381.1844,1640.9868,1054.4993,1307.9994,763.3885,1612.7388,1080.0181,1057.8145,1048.1218,1640.0052,1045.0366,1074.5266,1014.8575,888.7091,1670.4009,1391.1748,1020.39417,880.8077,1016.9569,1045.2747,999.1189,1639.5482,805.33105,1307.4457,1649.1602,585.2653,1639.5403,1045.036,821.4186,1333.0992,1666.0142,1307.444,1645.9554,1080.2974,1071.1472,1182.1326,1790.9249,1688.6371,601.6522,644.3152,864.7178,1235.4816,1781.3193,673.95435,897.2521,1643.7463,1639.0153,1333.4674,1652.038,1445.6635,878.5172,1063.4557,1307.6661,1658.5513,1313.9674,1672.6266,1063.4635,937.51013,1063.4635,756.11975,1620.4117,897.03406,1063.175,1020.53424,1019.3359,1440.659,952.5547,1069.9105,689.7146,824.47327,1052.2172,940.1069,1645.348,625.00757,1056.8103,1079.233,1314.1118,1518.7416,1045.5123,1320.5251,1320.5278,1045.512,1645.5015,1641.072,1319.873,1018.4491,867.1714,1489.0548,891.9031,1672.4397,1016.73505,1057.3799,1057.5824,1658.3658,1056.6355,1064.7686,1320.5364,1718.804,967.1672,1064.7683,1045.5068,514.0955,1645.2474,1113.9247,1288.4558,1313.7471,1096.2461,1018.0395
6540,1552.6825,1064.8187,1639.883,1314.476,1641.5105,1642.4958,1314.5858,1636.5204,1643.0967,1309.8911,1069.5045,1316.1406,1639.8975,1312.9526,1654.3838,1636.5309,1739.9146,1067.683,1309.8994,1662.9923,1642.8467,1055.3293,1322.5182,1637.0247,1055.2533,1054.5187,1087.0214,977.7579,857.8642,1058.4114,1056.875,1636.5425,1641.2772,870.00287,1646.1567,1654.1544,1025.8804,1342.9957,1317.929,1636.5488,1071.4033,1061.6196,1645.9801,1058.46,1319.3793,1362.0381,1017.983,1071.5944,1052.1566,1641.2908,1078.2379,1104.3488,1072.5349,1309.9413,1335.9862,758.7051,829.9882,989.6394,631.8422,909.5021,1689.5021,1335.9937,669.25,1068.493,693.2701,1078.2837,752.7208,1064.833,520.93243,1058.5172,1309.9391,1025.6149,902.1574,1309.9489,794.0454,1316.2505,947.7963,939.68835,1314.5994,1649.3984,944.9725,1043.238,636.2192,547.5494,1615.2877,1023.8719,680.84863,666.4925,1017.0653,1322.574,1314.6132,623.585,1704.3293,1069.0079,1319.4183,1053.1848,1713.5967,824.57446,833.59784,1057.9763,1313.7273,1057.9795,1642.9049,868.9964,865.79736,951.0177,1120.8632,912.2087,1713.8491,1118.3052,821.0932,598.40405,1621.8519,792.26917,1557.4802,901.11163,698.36957,876.2703,868.2548,589.7564,1314.1356,945.64435,1654.1232,1060.1808,1057.025,974.4787,1636.5316,1063.3485,757.6424,1309.4868,1309.4906,1639.6844,1100.1573,749.9825,1039.321,769.2533,875.6796,869.82196,1042.4574,1630.4941,1098.4135,858.9343,1703.9917,837.70496,1013.68774,1017.1355,834.3604,680.76843,771.27765,934.3878,869.72754,827.07495,828.2177,863.1443,758.32025,1017.20825,528.9402,976.84534,894.21716,1038.2979,596.104,910.5032,1618.8939,1043.3807,885.04346,867.3614,808.73315,1740.1365,1017.10864,1017.212,921.5864,821.838,822.8862,1017.1059,897.87445,1713.7861,1016.5867,1135.5193,1353.5199,916.44165,692.2044,850.3838,1649.6292,1743.1184,1060.5417,1052.589,1637.9641,1374.5142,1637.2919,1055.7241,1309.5304,801.9421,1612.4792,1068.2805,1057.3384,1052.5896,1637.0319,1051.072,1081.1267,1016.7144,898.8218,1667.9976,1392.9878,1025.6678,888.2382,1024.6527,1040.2662,1013.43195,1636.5908,813.7862,1308.9928,1641.3207,592.40375,1636.5851,1051.0745,830.0159,1321.6125,1663.0568,1308.9938,1639.7444,1068.4192,1077.1783,1186.4054,1790.1898,1687.2798,607.87616,651.1942,869.74774,1239.7749,1778.0469,681.67084,907.05664,1638.4508,1636.1238,1321.7599,1642.5302,1450.606,843.5856,1059.7864,1309.2152,1645.7351,1312.3167,1652.6638,1059.7924,949.8719,1059.7924,770.5348,1614.7404,911.44574,1059.6526,1028.7489,1025.8643,1447.6945,972.1373,1062.97,704.1417,832.26135,1057.3431,949.10516,1639.1483,632.9953,1056.4045,1067.4357,1312.53,1527.2843,1050.8488,1315.6887,1315.69,1050.8486,1639.321,1637.1266,1315.3733,1018.6206,878.3057,1485.5721,901.8531,1686.0167,1017.78595,1057.0101,1057.1099,1645.4888,1056.3287,1060.967,1315.7017,1714.0203,989.78375,1060.967,1051.4913,517.3365,1639.0391,1118.2919,1291.9,1312.2109,1104.969,1018.3273
6600,1638.3383,1063.243,1634.1962,1315.8965,1634.9971,1635.3813,1315.9734,1632.441,1635.7805,1313.644,1065.5634,1316.739,1634.2112,1315.1509,1641.3341,1632.45,1742.8162,1105.5918,1313.6519,1658.9103,1635.5604,1058.5894,1319.8594,1632.795,1058.5396,1058.1919,1117.814,1004.3063,866.8041,1060.0946,1059.3457,1632.4607,1634.7927,876.41284,1637.1921,1641.1318,1029.8997,1363.0226,1317.6155,1632.4669,1066.458,1061.6448,1637.1089,1060.0903,1318.3273,1365.7809,1019.2328,1076.0221,1056.9946,1634.8033,1083.0728,1109.1763,1080.3303,1313.6846,1339.737,769.25323,837.159,1007.784,638.2598,926.45404,1685.413,1339.745,678.74756,1065.0575,700.7003,1083.1263,769.39856,1063.2598,524.7425,1060.1538,1313.696,1035.0922,910.4854,1313.7037,800.17804,1316.8037,956.13135,945.24133,1315.9915,1638.8008,952.9388,1044.8967,642.08594,553.0513,1618.7385,1033.6598,692.9536,674.2951,1018.7302,1319.919,1316.0045,631.3682,1699.4375,1065.0564,1318.3674,1057.2714,1716.4493,832.7572,823.5326,1059.6295,1315.5679,1059.6321,1635.6135,875.96356,875.6024,958.47095,1129.1215,921.3423,1716.7112,1124.6472,830.0226,605.98224,1622.1276,801.89484,1561.9047,909.40173,708.92303,889.03094,871.989,597.5435,1315.5356,953.02997,1641.1088,1060.2986,1058.7471,983.0665,1632.454,1061.8593,769.0282,1313.2502,1313.2533,1634.0065,1113.1,762.3132,1046.3588,775.8277,881.3862,875.70715,1046.0039,1626.0188,1104.2299,868.4357,1720.2809,845.49097,1015.27216,1018.7722,843.64294,694.65594,782.975,943.229,875.62915,836.7619,837.9703,872.73065,765.47577,1018.83673,533.6104,985.57477,903.02875,1045.6731,603.09247,918.3319,1617.5485,1045.0024,885.7705,872.791,819.18805,1743.0314,1026.8353,1018.8402,926.5983,831.0718,832.35895,1018.5881,905.15875,1716.6836,1020.2226,1145.4475,1363.6038,926.26416,705.5884,857.7809,1639.016,1738.9192,1060.5916,1056.6793,1633.276,1370.9869,1632.8285,1058.2206,1313.2991,815.4471,1614.3923,1064.3998,1059.0004,1056.6812,1632.9036,1055.9347,1089.1077,1018.3919,908.3964,1665.6959,1394.1366,1029.7878,895.059,1031.8962,1074.9108,1027.0922,1632.4802,822.2669,1312.7712,1634.8077,599.2425,1632.4757,1055.9384,838.88916,1318.9779,1658.9453,1345.8588,1634.033,1064.4692,1082.0355,1190.6667,1788.8005,1687.109,614.12555,658.0366,875.6346,1243.6458,1774.4102,689.06476,916.28815,1633.2075,1632.0635,1319.023,1635.2145,1482.9602,837.64923,1059.905,1313.0176,1636.7915,1314.5446,1640.203,1059.9097,962.10394,1059.9097,782.602,1609.3389,926.803,1059.8427,1036.6555,1032.1414,1453.6721,992.5494,1061.4778,717.48566,839.97235,1062.449,957.3577,1633.4496,641.9954,1058.1318,1063.5588,1314.7914,1534.563,1055.4008,1316.3481,1316.3489,1055.4008,1633.6229,1632.5287,1316.1974,1019.45013,889.37384,1481.8572,911.42194,1690.0403,1019.0571,1058.7281,1072.029,1636.5006,1058.1045,1060.97,1316.3605,1716.8699,1010.9662,1060.9701,1056.3085,520.8366,1633.3325,1122.3058,1300.9258,1314.5073,1113.0173,1019.23914
6660,1613.7035,1064.4323,1664.0358,1321.5594,1664.4298,1664.6151,1321.6171,1663.1682,1664.8124,1320.4537,1065.5876,1321.9944,1664.0061,1321.1957,1667.5458,1663.1693,1745.127,1140.2594,1320.4606,1689.6315,1664.6991,1062.1564,1323.5142,1663.3433,1062.1204,1061.9622,1147.9619,1028.5623,875.2668,1062.8867,1062.5248,1663.1715,1664.3168,882.5969,1665.4991,1667.4338,1034.1301,1377.8278,1322.4235,1663.1719,1065.9893,1063.6215,1665.4548,1062.8567,1322.7721,1372.5769,1020.614,1080.4159,1061.3387,1664.3186,1087.4125,1113.5092,1087.868,1320.4883,1346.5403,780.06,844.33014,1024.9668,644.94214,942.8545,1716.1031,1346.5481,688.221,1065.3357,708.1478,1087.474,784.3403,1064.4537,528.7255,1062.9268,1320.5054,1043.0717,918.7317,1320.5115,807.03864,1322.0364,963.9379,950.96063,1321.6368,1666.2867,960.4342,1046.4819,648.202,558.6246,1625.8594,1041.8251,703.80817,682.5194,1020.32196,1323.5725,1321.6481,638.9166,1729.7264,1065.0879,1322.8098,1061.2573,1718.7488,840.9825,821.87354,1062.4183,1321.4327,1062.4205,1664.7216,883.1692,885.1825,965.74695,1138.0336,929.85803,1718.9899,1129.981,838.7567,613.5079,1640.058,811.29767,1565.1793,917.6394,719.2595,901.81024,875.6407,605.1009,1321.1847,959.9598,1700.989,1062.3612,1074.848,990.92706,1663.1301,1063.1321,779.3547,1320.0615,1320.0642,1663.8928,1121.4655,773.2059,1052.4989,782.8669,886.9267,882.1743,1049.6072,1632.0593,1109.4551,878.0151,1714.7177,852.7218,1016.8617,1020.3372,853.18774,708.2838,794.29755,952.0468,882.1085,846.4288,847.6807,882.21735,772.70105,1020.3969,538.37744,993.732,911.61017,1051.7202,610.39264,925.42633,1619.555,1046.5558,886.5528,878.2674,826.8038,1745.2727,1036.1013,1020.40027,931.02374,840.2202,841.65576,1020.0928,912.1822,1718.9287,1023.6847,1154.901,1372.4287,935.6377,719.0077,865.2456,1666.3234,1734.3895,1062.5968,1060.6724,1663.499,1371.5073,1663.3123,1061.4297,1320.1093,821.2027,1618.0021,1064.4713,1061.8,1060.6747,1663.3212,1060.3077,1098.3993,1019.99475,917.54706,1676.4744,1408.2245,1033.1145,901.6275,1038.7578,1062.1396,1040.1234,1662.7875,830.44104,1319.5851,1663.9329,605.9952,1662.7855,1060.3118,847.8165,1322.6362,1689.25,1368.9397,1663.5511,1064.5067,1086.4025,1195.0814,1787.4349,1690.0541,620.87085,664.8464,882.1026,1250.2354,1770.383,696.2794,925.1566,1663.1864,1696.224,1322.6362,1664.1753,1492.8469,837.65466,1061.9706,1319.856,1664.9513,1320.6082,1666.6284,1061.9744,972.38837,1061.9744,794.1058,1627.1813,942.9021,1061.9429,1043.8584,1038.5026,1459.7302,1013.60266,1062.75,730.52576,847.4504,1066.9257,965.12054,1662.6823,651.8929,1060.9922,1063.662,1320.8672,1540.7908,1059.6504,1321.6355,1321.6359,1059.6504,1662.7584,1662.2235,1321.5648,1020.622,900.66736,1490.5988,920.57166,1723.9153,1020.45105,1061.559,1081.3512,1663.9395,1060.989,1062.9316,1321.6462,1719.0774,1030.7526,1062.9318,1060.6384,524.54736,1662.382,1126.2329,1309.876,1320.5956,1120.0916,1020.4702
6720,1601.976,1066.8585,1685.9628,1328.3328,1686.1567,1686.2517,1328.3833,1685.5398,1713.2235,1327.7911,1067.4429,1328.5696,1685.9188,1328.1569,1687.6902,1685.54,1741.676,1172.2228,1327.7985,1712.0012,1686.2931,1079.0007,1355.7544,1719.2208,1065.7236,1065.6608,1176.0166,1051.201,882.8107,1066.102,1065.9304,1685.5419,1686.1044,888.9643,1686.6869,1687.6373,1037.662,1389.0912,1328.7793,1685.5408,1067.6002,1066.4353,1686.6637,1066.0591,1348.7897,1379.9032,1022.5913,1084.8314,1065.3171,1686.104,1091.386,1117.4762,1093.8478,1327.8258,1353.8746,790.81036,851.63043,1041.2369,652.09924,958.7065,1738.4655,1353.8822,697.7271,1067.3164,715.8284,1091.4537,798.01636,1066.885,532.88025,1066.1348,1327.8463,1049.8792,926.3006,1327.8514,813.954,1328.6017,971.1413,956.46045,1328.4052,1713.9551,967.45795,1048.5657,655.2737,564.28674,1635.5806,1048.6316,713.6915,691.0682,1022.4125,1329.3607,1348.257,646.39996,1751.8947,1100.0709,1328.9869,1065.0706,1715.3317,849.5546,823.43585,1065.6427,1328.3096,1078.8911,1686.3119,890.5314,894.2595,972.23553,1146.5787,937.99774,1715.5254,1134.82,847.46814,620.77185,1654.6235,820.9023,1567.695,925.065,729.43646,914.4436,879.1255,612.5379,1327.9539,966.73865,1737.7115,1085.1226,1084.6454,998.26953,1685.4861,1065.6377,789.5855,1327.4025,1327.4048,1685.8608,1127.453,784.2638,1057.9152,789.5828,892.8472,888.917,1053.4108,1643.1156,1114.1329,887.299,1707.4596,859.8337,1018.74335,1022.39,862.7195,721.891,805.2623,960.73456,888.86017,856.01733,857.23395,891.4647,779.80566,1022.4526,543.25305,1001.4602,919.69336,1056.9124,617.6332,932.1812,1624.9851,1048.6046,887.75726,882.951,834.2494,1741.802,1045.1022,1022.4559,935.3188,849.4661,850.8051,1022.1357,918.8724,1715.4625,1026.9991,1163.4084,1380.3241,944.59766,731.7741,872.87946,1687.0242,1729.698,1085.3201,1064.5042,1685.6343,1375.3577,1685.5734,1064.8746,1327.4517,824.5846,1624.2207,1099.4894,1065.0428,1064.5068,1685.5374,1064.3265,1107.4076,1022.08685,926.23663,1686.0547,1420.511,1036.2263,907.3192,1045.4011,1058.643,1052.5573,1684.947,838.7215,1326.9304,1685.5107,612.8692,1684.9452,1064.3329,856.55225,1328.4291,1711.4077,1384.2781,1698.7622,1066.3926,1090.4174,1199.7118,1785.9205,1693.1421,627.98566,671.8136,888.8457,1258.4885,1766.0479,703.3951,934.1109,1685.1931,1735.0492,1328.405,1699.1207,1495.876,838.78143,1064.8723,1327.2091,1686.0635,1327.5803,1686.8887,1084.7446,982.3901,1064.8763,805.15857,1639.3694,959.3446,1064.863,1050.2809,1045.1239,1465.2374,1034.66,1065.2633,743.3736,855.0846,1070.8628,972.44507,1684.2982,660.82074,1077.5359,1065.6039,1327.843,1546.1436,1063.6326,1328.2234,1328.2236,1063.6327,1684.3215,1684.0565,1328.192,1022.4829,911.5715,1498.8153,929.2365,1747.7977,1022.42914,1091.3135,1087.8049,1684.6606,1064.3019,1065.7448,1328.2332,1715.6044,1049.4158,1065.7449,1064.6168,528.449,1683.897,1130.0056,1317.3623,1327.576,1126.3745,1022.3815
6780,1593.936,1070.0995,1703.2606,1336.1057,1703.3561,1703.4122,1355.9905,1703.0619,1743.5529,1335.8423,1070.4061,1336.2477,1703.2152,1336.0228,1704.1122,1703.0635,1737.869,1202.8495,1335.8503,1729.5225,1703.435,1089.3351,1376.0487,1753.2241,1069.5438,1069.5311,1203.3033,1072.4769,890.6587,1096.2184,1069.6567,1703.0673,1703.3453,895.0699,1703.6307,1704.0996,1041.1136,1399.0652,1336.3489,1736.6636,1070.443,1089.7345,1703.6218,1082.9279,1366.0258,1387.9427,1023.56824,1089.21,1069.3259,1703.3463,1095.3881,1121.4734,1099.8049,1335.8783,1361.9221,801.92615,858.61566,1056.7031,659.0563,974.0832,1755.9904,1361.9297,707.36523,1070.3445,723.6759,1095.4623,811.2186,1070.1346,537.1986,1069.7665,1335.9009,1055.847,933.83765,1335.9055,820.5829,1336.2747,978.122,961.5087,1336.178,1743.9332,974.53217,1049.5856,661.4438,569.9921,1646.4519,1054.48,722.4057,699.90356,1023.43933,1336.6521,1365.7853,653.9455,1769.3256,1119.3346,1356.3054,1069.0071,1711.5464,857.7335,826.456,1069.2893,1336.1368,1089.0518,1703.4614,898.33344,902.96735,978.4946,1155.677,945.6439,1711.7073,1139.3368,855.96594,628.0489,1667.6631,830.9095,1569.601,932.24774,739.76624,926.9677,882.51965,619.83325,1335.7273,973.4891,1762.2988,1098.3965,1091.5435,1005.1702,1703.0073,1068.9518,800.02277,1335.457,1335.4594,1703.1917,1132.4724,795.2162,1062.9429,796.1229,899.2008,896.09357,1057.5138,1655.5293,1118.5126,896.2276,1702.703,867.0548,1019.86804,1023.4106,872.30566,734.7871,816.6093,969.22925,896.0433,865.4692,866.5958,900.45654,786.21265,1023.463,548.234,1008.8182,927.372,1061.7072,624.70953,938.73615,1632.9551,1049.6079,889.21313,887.4698,841.5638,1737.974,1054.2839,1023.4664,939.359,859.055,859.783,1023.1519,925.7113,1711.6389,1029.752,1171.7683,1387.53,953.177,744.00543,880.124,1703.7324,1724.7057,1098.565,1068.4597,1703.0485,1379.8563,1703.0476,1088.5038,1335.5095,827.2534,1632.5785,1118.7806,1068.7053,1068.4633,1702.9801,1068.3746,1116.8333,1023.13025,934.55585,1694.3411,1432.0764,1037.6165,912.9544,1052.1038,1059.4211,1064.407,1702.359,847.0504,1334.9917,1702.6364,619.837,1702.3564,1068.3832,865.3248,1362.1727,1728.8179,1396.263,1722.5955,1069.3907,1094.4615,1204.5929,1784.5192,1695.9735,634.564,678.5949,896.02203,1267.5099,1761.3005,710.2278,943.612,1702.5364,1760.6665,1335.6884,1722.8302,1495.7297,839.817,1068.384,1335.2635,1723.1243,1335.4471,1703.3748,1098.0275,991.2156,1088.2532,816.5473,1650.3794,976.04047,1068.3861,1056.0579,1052.1539,1470.4197,1055.6749,1095.0726,756.1008,862.2688,1074.2373,979.47675,1701.4293,669.7017,1087.7625,1068.65,1335.7084,1550.85,1067.6826,1335.898,1335.8981,1067.6827,1701.4233,1701.2865,1335.8856,1023.4191,922.72217,1505.8826,937.4672,1766.0283,1023.4128,1108.0173,1093.0486,1701.3413,1094.5111,1089.0446,1335.907,1711.778,1067.2366,1069.1805,1068.6256,532.5291,1700.9691,1133.9065,1324.9375,1335.436,1132.349,1023.34076
6840,1589.615,1073.7501,1717.044,1382.4847,1717.091,1717.1318,1372.4684,1716.9595,1763.7474,1342.7037,1073.9224,1342.9276,1717.003,1369.2319,1717.4655,1716.9629,1732.5981,1232.3022,1342.7136,1743.4194,1717.1471,1096.4746,1388.9266,1741.6332,1073.4795,1073.4938,1229.803,1092.5514,898.5476,1113.0852,1073.5479,1716.9677,1737.2638,900.61475,1717.2458,1717.4803,1044.7062,1406.865,1342.9761,1767.0958,1073.8992,1103.25,1717.2463,1093.2812,1377.4023,1394.7933,1024.7478,1093.7067,1073.3563,1717.1119,1099.4116,1125.4922,1105.0814,1342.743,1368.781,813.0785,865.4923,1071.437,665.9632,989.01746,1769.8933,1368.7887,717.5218,1073.8938,730.9588,1099.491,823.9432,1073.793,541.66925,1073.6127,1342.7673,1061.2667,941.3549,1342.7719,827.288,1342.9535,984.8964,966.55804,1342.906,1763.9648,980.6629,1050.7896,668.5826,575.7523,1657.7167,1059.7303,731.00604,709.17267,1024.6503,1343.1439,1377.3074,661.33563,1783.1831,1130.8698,1372.6434,1086.2488,1706.297,865.77985,830.06586,1073.1492,1342.8925,1096.1134,1717.1833,906.4508,911.6641,984.5819,1163.895,952.9476,1706.4304,1143.8013,864.3235,635.3222,1679.5277,841.0954,1571.0103,939.2747,750.2654,939.3731,885.8659,627.03766,1342.4542,980.22955,1779.674,1107.0085,1097.0206,1011.7618,1716.9084,1072.6687,809.98773,1342.3225,1342.3248,1730.4371,1137.021,806.1498,1067.7095,802.7027,905.9583,903.66693,1061.296,1667.8907,1122.8994,905.0424,1697.5375,874.40094,1021.42566,1024.6077,881.9659,747.5873,827.97943,977.5606,903.6212,874.7619,875.83466,909.20105,792.8791,1024.6578,553.3159,1015.91534,934.2149,1066.2722,631.6969,945.1602,1642.5238,1050.7955,890.87256,891.8634,848.5513,1732.7009,1063.5205,1024.6611,943.32513,868.7169,868.5798,1024.361,932.61914,1706.3705,1032.5118,1179.8164,1394.158,961.42145,756.4165,887.273,1717.237,1719.8228,1107.147,1098.9564,1716.9005,1385.9883,1716.9263,1102.1942,1342.3824,829.8502,1642.338,1130.3347,1072.5754,1072.4805,1716.8394,1072.4371,1124.828,1024.354,942.57684,1701.7819,1442.3743,1039.0013,918.47656,1058.93,1062.1761,1075.7686,1716.2028,855.05115,1341.8693,1736.4955,626.88086,1716.1996,1072.4482,874.1581,1381.6766,1742.66,1405.0618,1739.5983,1072.936,1098.5206,1209.9255,1783.176,1698.3523,641.3097,685.46173,903.5945,1276.5964,1756.4651,717.01135,952.67505,1736.5039,1778.5485,1342.1772,1739.7738,1495.7123,841.15955,1072.1975,1342.1262,1746.6371,1342.2178,1716.7659,1106.6442,999.5109,1101.8356,827.9374,1660.2875,992.88153,1072.2064,1061.3824,1059.3602,1474.7291,1076.5756,1111.82,768.6524,869.4766,1077.8925,986.25903,1715.1318,677.90314,1094.8811,1072.2391,1342.4773,1555.0472,1071.7664,1342.5731,1342.5732,1085.006,1715.1113,1715.0338,1342.5706,1024.5802,933.9874,1513.2527,945.4184,1780.2626,1024.6006,1118.3014,1097.6978,1714.8191,1111.4603,1102.5553,1342.5823,1706.5144,1084.2408,1072.9233,1072.6504,536.7764,1714.6401,1137.8712,1331.1283,1342.2075,1138.0349,1024.5256
6900,1585.1105,1077.4357,1755.5098,1408.5182,1728.6604,1728.697,1383.8014,1728.6122,1778.4952,1349.3109,1077.5443,1349.4465,1728.6038,1388.7922,1728.8477,1728.6172,1729.0367,1260.7041,1349.3226,1755.0712,1728.7096,1101.8752,1398.4867,1740.7415,1077.3053,1097.1914,1255.5564,1111.5521,906.42804,1123.2678,1077.3535,1728.6227,1758.7684,906.2522,1728.761,1728.8815,1047.8596,1413.9253,1349.4694,1786.8842,1077.4902,1111.7853,1728.7672,1100.2626,1386.226,1401.3888,1026.1576,1098.2919,1077.2302,1728.703,1103.2788,1129.3544,1110.5338,1349.3531,1375.3844,824.3565,872.0771,1085.5049,672.92145,1003.53375,1781.5502,1375.3922,727.64136,1077.5331,738.3556,1103.363,836.41425,1077.4857,545.80414,1090.6359,1349.3784,1066.2693,949.0216,1349.383,834.0363,1349.4724,991.4217,972.04767,1349.4491,1778.6378,986.5294,1052.2147,675.5736,581.5376,1668.9927,1064.5586,738.78955,718.4226,1026.0828,1349.5712,1386.2035,668.6846,1794.8179,1138.437,1383.9087,1096.628,1702.738,873.7542,834.00885,1076.9482,1349.4497,1101.4847,1728.754,914.8257,920.2406,990.4764,1171.8787,959.9802,1702.8597,1148.2896,872.5435,642.58356,1690.6337,851.4624,1572.0007,946.16516,760.89496,951.6478,889.19055,634.1622,1348.9966,986.96796,1793.0378,1113.1603,1101.6318,1018.1202,1728.5659,1076.417,820.15283,1348.933,1348.9353,1748.6604,1141.1709,816.7342,1072.1877,809.3271,913.082,911.57935,1064.8749,1679.757,1127.0016,913.7592,1694.4352,881.87463,1023.18414,1026.0225,891.69995,760.3168,839.52155,985.71906,911.5368,883.89105,884.9474,917.71344,799.50476,1026.0746,558.3739,1022.8041,940.8713,1070.5902,638.63165,951.4906,1652.958,1052.2051,892.7116,896.15906,855.3303,1729.1202,1072.0764,1026.078,947.46893,878.5111,877.1965,1025.7952,939.83966,1702.7938,1035.1796,1187.5312,1400.2875,969.37726,768.9064,894.36755,1728.7036,1714.9792,1113.27,1115.8594,1748.6926,1391.1207,1728.5739,1110.8302,1348.9993,832.5749,1652.8661,1137.9171,1076.3822,1076.3624,1728.4755,1076.3413,1132.5481,1025.7966,950.32605,1708.4717,1452.1793,1040.4553,923.8888,1065.8976,1065.7758,1086.6926,1727.8313,863.06854,1348.4902,1757.9712,633.9779,1727.8275,1076.3546,883.046,1394.5011,1754.2867,1412.6185,1752.7803,1076.5857,1102.4211,1214.8296,1781.8922,1701.23,648.1425,692.3322,911.50555,1285.6031,1751.6156,723.7845,961.7963,1758.0323,1792.1614,1348.6042,1752.926,1495.7025,842.7519,1075.9934,1348.731,1763.0212,1348.7771,1728.1716,1112.7987,1007.4248,1110.4331,839.4891,1669.5331,1009.7787,1076.0062,1066.3369,1066.7234,1478.5569,1097.2999,1121.9745,781.14056,876.7203,1080.9614,992.7761,1726.6876,685.7885,1100.3038,1075.9283,1349.0336,1558.8323,1088.9364,1349.0834,1349.0835,1095.4498,1726.6595,1726.6088,1349.0857,1025.9816,945.34595,1520.2992,953.129,1792.0725,1026.0186,1125.2618,1101.8889,1726.2625,1121.7188,1111.0859,1349.0927,1702.937,1100.4927,1076.6531,1076.5188,540.8543,1726.1788,1141.7028,1337.027,1348.7627,1143.5586,1025.9503
6960,1581.7467,1074.3951,1771.0262,1412.0967,1730.9442,1730.9333,1380.1641,1730.8916,1782.3428,1343.3474,1074.4806,1343.4474,1730.9158,1389.1932,1731.0404,1730.899,1722.5197,1249.1372,1343.3622,1757.35,1757.8185,1099.6831,1393.9701,1736.8966,1074.3346,1104.0001,1207.6998,1102.0737,914.18976,1123.4196,1074.3766,1730.9086,1765.9009,911.6681,1730.9785,1731.045,1048.5104,1408.1783,1343.4556,1793.1714,1094.2693,1111.1411,1730.9896,1098.8553,1381.3525,1395.4171,1029.3378,1084.9834,1074.2996,1730.9608,1100.3397,1126.4119,1112.622,1343.3965,1369.4224,815.1607,894.1789,1084.0015,680.3028,1004.0407,1783.8391,1369.4314,735.8055,1107.587,745.85315,1100.4426,829.2063,1074.4822,550.2254,1094.188,1343.4259,1068.4974,956.6541,1343.4323,839.3413,1343.4762,995.22327,977.6391,1343.4647,1782.4117,989.30035,1055.4259,681.4476,587.2342,1678.7765,1066.9851,746.3561,727.3416,1029.301,1343.5322,1381.3741,675.8738,1797.0968,1137.3624,1380.2443,1096.9404,1696.24,881.6608,838.15173,1087.2614,1343.4752,1099.3353,1731.0046,914.6332,928.69525,993.69165,1217.8064,963.17035,1696.3422,1128.2428,879.0012,649.0244,1696.9963,852.91113,1571.5637,952.3021,762.5566,958.43036,892.511,636.8757,1343.0835,995.0662,1796.1711,1111.3971,1099.1127,1014.6826,1730.8627,1099.945,827.7365,1343.0542,1343.0574,1754.1874,1138.4233,818.22723,1071.2493,816.3421,913.746,912.2135,1064.9443,1688.7881,1133.4927,922.36694,1689.8744,886.2608,1029.2001,1029.2322,901.4675,770.9447,826.961,993.68646,912.1756,892.8276,893.9225,925.61786,809.90454,1029.3114,563.4824,1020.37555,945.10236,1070.1495,644.7512,957.92706,1663.4026,1055.4349,894.7125,900.381,861.91486,1722.641,1094.2324,1029.3147,951.94696,886.668,885.21735,1029.0199,990.4126,1696.3191,1037.7665,1194.6328,1403.9832,975.0577,781.04517,900.0653,1730.9678,1710.0177,1111.6312,1119.5223,1760.9567,1452.7866,1730.8665,1110.4269,1343.1361,835.4818,1663.3568,1136.9935,1073.5983,1073.6261,1730.8639,1073.6158,1135.5482,1029.0225,957.17944,1711.0336,1458.8367,1037.5254,929.2296,1070.5048,1067.584,1085.6,1730.242,870.4904,1342.6523,1765.2258,638.67737,1730.2373,1073.6318,891.97076,1391.708,1756.6958,1374.202,1755.9546,1106.8204,1099.6943,1234.7566,1759.6663,1702.4478,655.29846,699.8017,912.1524,1295.2512,1746.7478,733.35297,973.339,1765.21,1795.4437,1355.8684,1755.9824,1491.2562,844.58777,1073.2012,1342.8849,1767.6675,1342.9097,1730.3707,1111.1631,1014.3407,1109.9993,826.93494,1680.4523,1022.9146,1073.2174,1068.5281,1083.701,1477.3945,1097.8619,1122.3077,784.33093,881.85486,1085.0282,998.5682,1729.1636,693.33154,1098.3273,1073.102,1343.184,1552.8041,1092.7404,1343.2124,1343.2125,1095.9447,1729.1792,1729.1361,1343.2196,1042.6213,956.24304,1543.346,960.6741,1794.7363,1029.2448,1124.0431,1099.3109,1728.7585,1122.1233,1110.6414,1343.225,1696.4746,1074.2479,1073.851,1073.785,545.0519,1728.723,1138.9442,1338.2622,1343.0629,1150.0924,1042.4297
7020,1580.8313,1099.5273,1749.729,1446.1891,1723.2892,1703.0044,1410.6886,1702.9839,1755.3094,1372.7528,1073.1411,1372.8146,1703.1659,1421.7207,1703.1935,1702.9982,1720.3158,1231.6632,1372.7634,1729.4436,1743.1191,1098.7692,1424.074,1706.0822,1073.0402,1107.5128,1186.2496,1090.8702,921.74164,1123.6553,1073.0791,1703.0171,1740.3964,920.45856,1703.0546,1703.1019,1053.1887,1437.6716,1405.8417,1767.2506,1102.689,1110.9891,1703.0737,1098.3295,1411.2747,1424.7972,1075.0087,1085.0262,1073.0272,1723.2172,1099.0603,1125.1279,1116.7362,1372.7915,1398.806,815.3361,904.715,1079.9866,700.12384,1002.98785,1755.9607,1398.8135,742.6455,1122.5385,755.5063,1099.1766,823.2967,1073.1787,554.8366,1096.1066,1372.8136,1069.3536,967.6693,1372.8168,845.6244,1372.8384,999.1189,999.3697,1392.6453,1755.2668,992.0476,1101.5006,690.2154,594.2827,1682.0082,1068.18,753.9346,735.6369,1075.3823,1372.8672,1411.296,683.0986,1769.2175,1137.0066,1410.7404,1097.2711,1694.0166,889.6472,842.48755,1092.5123,1372.8406,1098.4553,1703.1165,917.41046,938.4993,997.0922,1218.6371,965.4384,1694.1593,1116.4756,885.9076,655.5671,1686.8752,855.7375,1573.1127,957.9327,766.62994,962.3101,895.8118,642.8975,1372.4271,1002.9255,1768.7303,1110.7207,1098.0657,1012.79407,1703.0151,1111.7096,833.6818,1372.4124,1372.4136,1714.4956,1137.2603,820.32983,1071.1759,823.2752,916.25476,913.4991,1065.9833,1688.7029,1143.3091,931.39813,1694.1978,890.4165,1064.5425,1074.3344,911.0006,779.7805,819.38104,1001.38745,913.46533,901.4927,902.92596,932.673,819.18994,1074.8862,568.8104,1019.60315,949.4292,1070.528,661.4408,964.95374,1698.1622,1101.0076,896.8532,904.51373,868.59216,1720.4922,1106.5793,1074.8882,972.07794,894.2858,892.7753,1074.6017,984.5502,1694.1737,1056.172,1200.7677,1405.7448,979.0503,792.13257,907.0461,1703.2559,1705.3104,1111.0095,1121.5076,1738.1637,1438.0717,1716.4518,1110.4133,1372.4696,838.588,1671.2513,1136.7207,1072.4158,1072.4689,1736.8853,1072.464,1150.6748,1074.5348,963.3144,1701.5371,1454.0851,1063.2904,934.712,1076.3534,1101.5852,1083.4241,1702.802,877.6403,1371.9384,1740.1676,645.2989,1702.7952,1072.4811,900.8465,1422.4862,1729.2548,1387.4608,1728.8901,1121.8763,1098.5391,1239.1549,1754.46,1701.2936,700.1362,707.0078,913.4464,1300.8737,1741.877,740.0262,984.61017,1739.8746,1768.1925,1391.6307,1728.62,1500.4628,846.6634,1072.0273,1372.1461,1741.0867,1372.1578,1702.5903,1110.5537,1022.40295,1109.9811,819.35767,1670.3794,1031.4559,1072.0449,1095.8541,1089.1685,1488.546,1095.5295,1122.6664,788.11426,887.07587,1105.9036,1001.8696,1702.0543,702.05096,1097.5553,1104.9913,1372.3826,1548.3069,1094.8134,1372.3976,1398.813,1096.3898,1702.1941,1702.1389,1372.401,1094.1566,966.0077,1540.6573,967.3223,1767.8661,1074.5532,1123.6289,1098.231,1701.8424,1122.5212,1110.5955,1372.4033,1694.3533,1064.726,1072.6499,1072.6174,549.4184,1701.8341,1137.7568,1364.5659,1372.0438,1156.3608,1094.3341
7080,1592.4014,1789.9247,2474.9497,2558.4917,2205.0154,1722.7736,1860.8462,1722.7637,2453.3252,1373.0215,1083.5376,2057.701,1723.3895,2081.5996,1723.3964,1722.782,1972.977,1214.3481,1373.0786,1980.4142,2462.9758,1339.7421,2106.514,1724.837,1083.38,1581.0536,1172.0056,1083.3075,929.11884,1794.0214,1083.4912,1722.8224,2223.7537,928.9613,1722.851,1722.8921,1061.2635,1438.0385,1422.4241,1788.0205,1578.6029,1577.2803,1722.86,1336.7638,1855.8115,2083.2153,1440.0054,1195.3871,1083.456,2199.2375,1337.1234,1826.6852,1123.1678,1373.1494,1618.5466,858.8501,911.7684,1077.9121,710.5333,1003.5506,2469.3645,1626.473,754.32513,1140.9432,767.4233,1337.2858,849.1698,1083.5974,559.6918,1335.7902,1373.2197,1071.547,978.057,1373.2341,855.9412,1373.2449,1006.6797,1010.9332,1862.7272,2460.93,998.7843,1344.5708,732.3658,601.2479,1690.3043,1069.8909,763.625,778.6085,1090.1892,2065.6323,1855.9948,690.9747,1789.0931,1147.8676,1871.7048,1336.134,2104.178,910.6686,848.4254,1328.4939,2304.743,1331.4297,1722.9856,933.67236,981.78503,1004.3124,1216.5637,971.924,1999.805,1339.4382,896.7703,664.39874,1704.232,876.90015,1587.248,963.5609,786.6721,965.5817,899.16455,649.8346,1372.8044,1009.9627,1788.7334,1571.297,1328.2338,1019.55664,1722.8162,1795.5126,842.7299,1372.7986,1372.8005,1728.4635,1147.6544,840.70105,1082.4897,830.6271,953.8627,1253.1,1113.8281,2406.6687,1151.3362,1298.9408,1871.4282,895.70703,1161.7681,1090.027,920.32324,791.5848,1073.8989,1048.6339,1267.4116,910.01666,913.9703,939.2234,827.3738,1090.5872,574.5361,1027.2277,957.9363,1077.0709,667.1548,971.4846,2411.2332,1344.9729,899.12805,908.7257,903.04474,1982.1615,1114.1472,1090.5938,982.6813,904.663,900.24915,1326.0078,984.2752,2000.4067,1064.5696,1263.137,1411.581,982.9198,802.7917,973.3931,2551.3633,1917.9694,1566.6078,1824.7914,2217.766,1429.5037,1966.0245,1566.3098,1373.0449,841.95,1928.3016,1147.7709,1327.2954,2022.4323,1774.0592,1083.0924,1155.999,1089.7183,969.21405,1708.501,1464.3278,1074.3406,940.14746,1082.046,1119.4586,1088.2677,1723.3918,885.4201,1372.5438,2218.8855,686.4511,1723.3794,1083.131,909.60266,2081.883,1975.6393,1380.1978,1980.8527,1140.4613,1334.1921,1241.9475,1956.0277,1711.2064,695.45685,716.3999,1256.8441,1304.7773,2006.4493,747.4086,994.5211,2212.3865,1788.1755,1619.7694,1982.4766,1500.4805,848.97327,1607.0431,1372.5327,2229.259,1372.5399,1722.3175,1560.7538,1031.1666,1560.4718,1088.7316,1853.5421,1037.1814,2220.9382,1786.7092,1094.0216,1490.6091,1093.083,1816.9474,810.53156,896.3422,1116.3138,1009.47296,1722.9172,711.0387,1333.248,1131.7548,2080.9668,1557.7512,1329.2795,1372.833,2094.0046,1332.6948,2442.045,1723.4014,1372.8541,1457.791,975.1494,1547.3645,976.06445,1789.1077,1326.4221,1817.5541,1336.4963,1723.006,1816.8866,1566.421,1372.8567,1726.2883,1085.0104,1554.9434,1083.1797,553.97766,1970.3761,1148.3177,1400.4618,1372.7692,1161.2761,1335.6648
7140,1634.4316,1450.2302,2219.8071,2012.1075,2080.264,1855.8461,1649.3285,1822.2618,2209.1914,1389.4071,1102.8485,1752.7661,1823.3756,1737.9833,1823.1268,1822.265,1968.4073,1203.6165,1389.4819,1962.4751,2213.3672,1242.1082,1776.6708,1823.8464,1102.6527,1367.4545,1225.3809,1084.2434,938.8813,1452.2888,1102.794,1822.3079,2088.9475,965.5515,2209.6638,1822.358,1079.0453,1454.4559,1446.8123,1887.975,1366.145,1365.4941,1822.3274,1240.5555,1646.797,1738.8599,1334.3966,1255.4308,1102.7537,2076.897,1240.732,1494.853,1133.8878,1389.5673,1523.5138,847.3251,918.96814,1085.1782,718.7061,1010.3512,2216.5496,1527.4271,770.0679,1164.1377,775.0617,1240.8934,848.0284,1716.9529,563.0647,1240.2025,1389.6534,1081.1522,991.2689,1422.6799,875.8408,1596.4142,1018.06195,1038.2263,1650.2689,2212.436,1012.8689,1285.5759,767.67395,606.4045,1710.9218,1076.0594,777.1984,807.49194,1325.2903,1730.3453,1647.047,699.7359,1888.5709,1167.3438,1654.7604,1240.1191,2033.5792,923.1507,863.6881,1236.371,1880.9795,1237.8258,2575.704,1049.3336,998.7125,1015.17035,1223.1346,991.2457,1982.1956,1297.8713,915.59656,680.1974,1762.9012,886.3002,1638.7427,971.21,790.82355,984.6315,901.1671,654.4023,1894.5116,1023.1522,1888.2136,1361.8104,1235.6344,1047.9663,1822.194,1452.3158,850.5184,1389.2117,1389.2129,2016.3663,1166.6678,846.1113,1099.2972,845.8404,1010.2134,1145.5967,1164.6547,2092.2773,1169.5605,1158.6792,1967.5864,919.1589,1214.7515,1426.7773,929.49426,800.97723,971.1119,1055.1754,1152.2732,923.7837,928.49774,984.04443,834.6521,1148.1157,579.71027,1054.2179,979.3255,1090.0273,670.1818,977.8907,2076.2388,1286.4974,897.4532,911.51746,922.80383,1973.8204,1123.03,1328.3508,1086.0077,918.11945,914.4453,1276.3943,990.43567,1982.798,1091.1678,1296.2347,1434.7639,996.21674,795.5195,992.933,2257.5808,2057.3862,1360.2273,1493.8595,2086.7102,1448.7496,1955.3239,1360.0588,1389.5403,852.1154,1825.1777,1167.4062,1235.7207,1591.1096,1882.3068,1102.5292,1169.328,1329.1259,980.686,1753.9349,1503.9923,1112.1367,941.2189,1092.6855,1133.5969,1112.4285,1823.1699,906.58167,1389.027,2087.1372,720.92773,1823.161,1102.5957,918.90436,1737.9708,1960.7228,1392.8074,1963.2885,1163.8054,1239.3434,1318.1731,2100.9565,1757.695,699.5731,732.4928,1147.3936,1319.4641,2021.9409,755.89844,1057.6459,2082.6333,1887.3285,1523.5845,1962.7883,1517.822,914.9686,1379.4932,1388.8818,2090.9385,1388.8857,1821.3456,1356.752,1048.9546,1356.6132,978.406,1947.1,1041.4465,1701.4219,1433.0431,1173.1519,1507.8611,1094.2599,1489.5067,822.02155,915.30963,1143.4197,1021.83215,2011.452,718.8236,1238.1925,1158.9011,1763.8925,1610.3312,1236.2582,2112.195,1770.3502,1237.9382,2203.555,1823.0355,1389.2411,1343.4392,983.83954,1593.1218,989.32184,1888.5884,1276.9779,1490.1156,1240.226,2274.2576,1489.4652,1360.3336,1389.2427,1834.9291,1090.5654,1354.6874,1102.7574,557.609,1957.8694,1167.8876,1406.8971,1600.8647,1174.3909,1280.8856
7200,1674.398,1319.205,2084.8394,1747.7637,2036.3204,1938.8699,1549.6365,1888.768,2106.4907,1401.8884,1148.3726,1607.1183,1889.9746,1573.3676,1889.6464,1888.7665,1988.9193,1218.0865,1401.9506,1971.1921,2108.0828,1230.1019,1592.4147,1890.0061,2087.1243,1298.3867,1269.0635,1084.3405,979.35065,1320.2345,1562.4667,1888.8013,2040.1521,995.4317,2099.5583,1888.8369,1105.5817,1466.9142,1463.1782,1954.696,1297.6171,1297.2968,1888.8147,1229.22,1548.3542,1573.8469,1290.913,1270.4376,1148.2299,2034.2319,1229.3054,1341.1226,1159.1294,1402.0245,1481.129,846.50793,925.56055,1094.9916,723.72034,1019.7851,2082.8115,1483.0643,782.8565,1211.4539,783.6528,1229.3818,845.96497,1476.8257,570.58014,1229.0718,1435.0917,1097.6344,1010.20636,1451.3535,889.8504,1517.0219,1040.465,1061.647,1550.1116,2107.667,1037.1998,1265.8296,778.9816,611.22504,1736.817,1090.7482,788.27435,815.6467,1272.1113,1569.7478,1548.5804,710.26135,1955.0243,1212.6937,1552.3673,1228.6614,2007.7745,934.00793,875.4812,1226.8214,1676.8446,1227.541,2286.4434,1069.6918,999.3558,1036.0134,1232.8737,1010.5524,1982.8337,1291.5247,931.2445,694.96704,1804.0289,889.9242,1687.0616,981.72266,796.26874,1006.57196,905.32166,658.66583,1669.9894,1044.2906,1954.7015,1294.0325,1225.3535,1073.9552,1888.6373,1318.7407,865.30646,1401.6422,1434.635,1997.6143,1211.2714,848.565,1128.086,854.1416,1045.8516,1117.098,1201.647,1963.2107,1200.2771,1091.3975,1990.7063,946.3787,1222.0325,1323.9537,938.5159,805.2053,918.5634,1067.2496,1120.0543,937.48254,941.36176,987.29584,841.9482,1185.5228,584.58356,1078.44,994.108,1119.8953,674.17883,990.33325,1896.915,1266.8405,943.6537,914.299,925.3829,1992.1816,1145.1013,1274.1885,1088.831,940.51385,929.23846,1261.1611,1008.8193,1983.2395,1114.7693,1320.0354,1466.9924,1012.944,793.5013,995.99866,2103.5515,2096.7163,1294.1982,1340.1085,2039.6172,1486.7805,1967.5873,1294.1074,1401.9562,875.8915,1773.3835,1212.5624,1226.2568,1387.9606,1952.879,1147.5918,1184.3922,1273.7239,994.203,1798.204,1539.5312,1144.2834,946.21545,1122.934,1152.2686,1133.1917,1923.1621,965.1488,1401.4384,2039.6224,731.2727,1889.5793,1147.6426,928.2271,1573.0936,1970.7,1403.3062,1971.9626,1210.788,1228.1433,1379.51,2134.6472,1804.2924,699.7935,747.472,1117.884,1351.5105,2068.4502,766.0957,1113.567,2036.3307,1953.6614,1480.6321,1970.6461,1541.4823,949.1623,1302.6823,1401.2991,2040.4202,1580.6731,1887.6188,1291.5088,1061.106,1291.4404,922.14594,1949.8275,1048.2349,1480.9293,1270.8712,1204.4794,1532.8278,1109.3381,1337.0355,821.8843,934.31744,1168.2537,1044.7307,1994.9722,727.31683,1226.4476,1207.271,1585.9099,1659.2823,1225.5032,1783.6714,1589.1196,1226.3297,2076.4998,1922.8102,1401.6847,1295.4315,994.3966,1632.0449,1002.65515,1954.7233,1261.7645,1338.0632,1228.3474,2131.2627,1336.8909,1294.9271,1906.303,2078.0315,1086.1577,1292.1495,1148.3749,561.35095,1968.8712,1213.4806,1410.4126,1518.9994,1203.2535,1263.1327
7260,1704.077,1264.2533,2016.6569,1614.5782,2012.9265,1977.9929,1497.4183,1919.7662,2054.181,1404.8798,1180.2742,1532.2919,2630.887,1489.2391,1920.6261,1953.3563,2006.8505,1232.1307,1404.9268,1973.7694,2054.5664,1233.6991,1498.6188,1954.3838,1668.5087,1273.9271,1265.2646,1083.387,1072.1152,1264.8082,1403.832,1919.8142,2014.4362,1016.36945,2043.6688,1919.8435,1132.7803,1469.8723,1468.0553,1985.8192,1273.4412,1273.2836,1919.8287,1233.1824,1496.7595,1489.5114,1275.7411,1278.1075,1180.137,2011.533,1233.2236,1275.0269,1183.372,1437.9706,1457.108,849.32855,935.3327,1104.6401,729.5527,1029.4619,2015.2981,1458.0692,792.2085,1244.2618,792.9249,1233.2527,844.9341,1368.2172,690.2965,1233.119,1454.2651,1119.1967,1025.28,1462.2786,900.57733,1474.7932,1059.8604,1080.8141,1497.6666,2054.3982,1057.9727,1262.7069,782.9546,620.9624,1761.8011,1112.345,798.0024,817.3382,1252.5458,1487.5651,1496.9501,721.2667,1986.0082,1244.5269,1498.8087,1232.552,2002.7821,945.58746,886.53394,1231.6495,1573.2334,1232.0063,2115.5251,1074.8453,1000.14795,1057.4226,1243.1384,1028.0537,1990.9453,1293.4763,946.1845,707.0206,1828.5182,897.8495,1724.2811,1012.52924,802.4498,1023.0002,920.79266,667.1606,1556.3948,1065.4384,1985.7207,1270.2756,1229.8827,1094.9706,1919.6404,1262.612,885.7645,1404.6106,1453.8237,1986.6948,1242.7914,856.356,1152.3525,863.42426,1064.5997,1107.7366,1215.929,1915.1497,1227.7418,1057.9192,2002.3932,968.0093,1230.1343,1279.0884,949.90155,807.5367,893.4354,1079.0984,1108.912,948.7688,951.7769,992.10486,850.89386,1210.4058,606.6368,1097.9092,1008.92084,1146.3486,683.0035,1001.03955,1848.379,1263.6542,1046.6858,919.4957,927.3199,2008.9635,1164.1412,1254.025,1092.2122,958.92255,947.86597,1260.1995,1024.2245,1991.2052,1137.9614,1324.894,1498.4747,1028.6392,793.4513,1000.25055,2025.9797,2111.5376,1271.1959,1273.954,2014.664,1510.873,1971.9232,1271.1469,1404.8782,890.3108,1774.1571,1244.2559,1231.0917,1297.5012,1985.7903,1179.246,1191.4618,1253.0175,1007.9433,1833.7422,1569.1458,1171.4722,952.13654,1149.3768,1175.8021,1149.0382,1970.6298,978.75397,1404.3708,2014.5072,734.36127,1920.5289,1179.281,951.65686,1488.8126,1973.877,1405.2946,1974.4984,1243.3816,1232.1073,1381.9174,2148.473,1843.0471,704.65283,759.70447,1108.0286,1388.1139,2102.7898,776.80585,1120.3763,2011.931,1984.6857,1456.3857,1972.8978,1559.0453,952.93964,1274.4536,1437.2992,2013.9459,1505.7556,1918.6167,1268.966,1070.2834,1268.9321,895.1902,1949.4604,1057.7764,1381.9963,1204.5265,1209.0912,1556.7784,1122.0009,1271.5662,822.88354,951.90094,1192.3279,1070.472,1985.2352,738.03467,1230.2191,1240.6127,1495.2952,1698.4933,1229.7606,1592.5955,1496.8923,1230.1674,2012.3215,1970.2432,1437.6964,1277.9191,1005.42804,1656.2,1017.83276,1985.6354,1260.7825,1272.7467,1231.9888,2059.2114,1271.364,1272.1764,1679.3442,2051.4834,1084.0131,1270.8099,1180.2488,603.57446,1972.5974,1245.3331,1408.5616,1475.6409,1226.9486,1260.9642
7320,1726.3976,1243.0636,1984.2715,1550.7709,2002.5784,1998.4469,1473.4248,1936.2252,2029.6018,1408.0659,1201.7906,1497.1749,2313.4927,1449.568,1937.0388,1986.3467,2020.0194,1238.884,1408.0999,1976.246,2029.4414,1241.2885,1454.1884,1987.2275,1441.9572,1267.7012,1252.0514,1082.5438,1083.5569,1243.3619,1331.5973,1936.2856,2002.9923,1036.0232,2017.3755,1936.3114,1152.7078,1473.0248,1472.1487,2002.342,1267.3677,1267.2902,1936.3019,1240.9535,1473.0782,1449.7302,1272.1067,1283.3038,1201.6527,2001.5734,1240.9735,1248.3319,1204.8181,1457.3475,1446.9897,853.8342,947.11646,1113.5664,736.0778,1038.4271,1983.2874,1447.4705,799.17236,1266.224,802.326,1240.9833,845.39886,1294.1718,719.9387,1240.9293,1465.3875,1140.7449,1040.3651,1469.3418,910.0784,1455.7152,1076.5383,1096.8362,1473.5612,2002.5321,1075.3517,1265.1613,785.36163,634.38574,1785.166,1135.0482,810.35364,817.5176,1246.9152,1448.8298,1473.2352,731.97296,2002.4553,1266.0161,1474.1471,1240.2988,2004.6282,956.2495,896.59204,1239.8573,1523.9463,1240.0354,2032.6224,1077.0648,1011.47784,1082.6163,1254.374,1043.611,1999.2554,1297.5122,957.96735,716.95355,1846.8511,906.8948,1752.9481,1040.7002,808.7076,1035.0991,961.2444,676.06494,1502.2258,1075.4899,2002.2001,1264.4956,1238.0192,1112.02,1936.116,1240.9081,896.8025,1407.7843,1431.9949,1982.5406,1264.1998,864.37085,1172.0549,873.87646,1074.6104,1104.6095,1227.3386,1902.226,1248.5941,1048.4653,2010.7661,984.8935,1237.899,1260.6082,965.2469,809.3099,883.0675,1089.1752,1104.9508,960.40063,963.2826,1001.3457,863.8301,1226.589,631.3781,1114.0134,1022.9981,1168.284,693.205,1011.3596,1810.0692,1266.0283,1183.5585,931.652,931.7962,2021.5248,1180.383,1248.0485,1101.6179,971.2658,958.27875,1263.7137,1035.5106,1999.4304,1157.7491,1328.5374,1525.7694,1044.3591,794.184,1005.6938,1988.9442,2120.6716,1265.7335,1247.2661,2003.5186,1528.7769,1975.2727,1265.706,1408.0011,900.86554,1786.9888,1265.6989,1239.3499,1258.8551,2003.0824,1200.6766,1198.1765,1246.8364,1022.6602,1862.4525,1591.6296,1192.0492,960.40283,1167.9506,1199.4321,1161.3264,1995.1376,989.37286,1407.5007,2003.3003,735.95496,1936.9117,1200.7008,976.07306,1449.0397,1976.5931,1407.958,1976.8992,1265.2683,1239.9098,1380.0725,2157.7468,1874.0115,710.68097,769.9957,1104.6694,1407.7623,2125.2646,788.3379,1118.3843,2001.1948,2001.221,1446.179,1975.2766,1577.9845,949.4653,1266.4882,1456.741,2002.1891,1470.6404,1935.142,1263.7954,1077.8481,1263.7788,883.922,1947.1898,1067.8181,1339.2365,1182.8104,1208.3077,1579.2257,1129.7673,1245.2742,824.69226,967.53033,1213.3395,1084.9406,1981.6465,751.5519,1237.9921,1262.9287,1452.4783,1729.8181,1237.7725,1500.3524,1453.2745,1237.9727,1981.9087,1961.1772,1457.1422,1273.1136,1017.9895,1672.8959,1032.7827,2002.0262,1264.2782,1246.4922,1239.6565,2024.8951,1245.04,1266.8201,1569.4287,2042.7217,1084.6097,1266.148,1201.7706,657.9771,1975.569,1266.8365,1413.7682,1456.0471,1246.1779,1263.923
7380,1748.5309,1238.2457,1965.7732,1522.5647,1994.9221,2005.9692,1464.7977,1941.7848,2014.9423,1412.8235,1217.972,1483.074,2154.7136,1433.2427,1942.5468,2000.033,2032.6262,1239.3795,1412.848,1974.9181,2014.5319,1250.6155,1435.5197,2000.8181,1336.1022,1270.2246,1238.0356,1082.4604,1080.2031,1238.4066,1301.6471,1941.8473,1994.8171,1047.7537,2001.892,1941.8722,1170.5717,1477.7518,1477.3369,2007.9268,1269.9756,1269.9375,1941.8661,1250.374,1464.6078,1433.346,1273.9332,1287.1545,1217.835,1994.129,1250.3838,1240.7977,1222.5549,1470.0542,1445.1915,859.15875,958.51886,1121.705,743.0499,1046.4653,1964.9939,1445.4352,807.79645,1282.6263,811.5229,1250.3884,847.24243,1263.3473,722.1452,1250.3704,1474.0309,1160.4672,1055.0168,1475.9874,919.17267,1449.5074,1091.5428,1110.9539,1464.8784,1974.4668,1090.5469,1270.0635,788.1363,649.2059,1805.0704,1156.3801,817.8442,819.18353,1247.8438,1432.9524,1464.7391,742.03796,2008.001,1282.192,1465.1863,1249.7181,2011.6313,966.1491,905.3728,1249.5033,1502.8679,1249.5934,1989.2827,1078.6604,1021.11884,1102.5398,1264.4778,1057.345,2009.4429,1301.6962,968.2904,725.5395,1859.6707,915.70154,1775.8436,1065.258,815.7291,1044.3418,997.2148,684.69745,1478.7628,1091.8926,2007.773,1267.3121,1247.6833,1126.0696,1941.6908,1235.8937,906.23047,1412.5336,1457.4067,1977.9635,1280.3877,872.43475,1188.8545,884.2801,1080.4154,1103.9077,1238.3756,1903.3345,1265.0171,1048.7949,2022.2404,998.38794,1245.3931,1255.0043,981.6182,811.0579,880.51544,1098.2894,1103.8732,971.4333,974.467,1010.22675,875.3656,1238.2097,651.0315,1127.6359,1036.1194,1186.9918,702.34753,1024.0209,1828.7543,1270.8534,1195.814,950.9479,936.62024,2033.7902,1189.7576,1248.768,1111.611,980.8316,968.51874,1269.1411,1045.1309,2009.5638,1174.9752,1334.1162,1549.231,1058.5282,795.30347,1011.91254,1968.1342,2128.121,1268.6702,1239.7649,1995.4465,1542.0996,1974.3862,1268.6542,1412.7123,908.4197,1803.9604,1281.8691,1249.0497,1245.4703,2008.9807,1216.8481,1204.9434,1247.5094,1036.5515,1886.8796,1612.572,1209.3296,972.4018,1181.3674,1221.1995,1171.1415,2004.6489,993.9731,1412.2145,1995.2386,737.91174,1942.4279,1216.8656,993.9402,1432.6487,1975.3837,1412.4415,1975.5345,1281.6573,1249.3726,1380.1261,2165.4329,1906.8643,717.27594,779.16064,1103.8645,1425.4803,2140.3938,799.4295,1117.7252,1993.4398,2006.8845,1444.3475,1973.9757,1596.0105,944.83484,1268.2411,1469.5016,1993.9319,1456.5687,1940.8037,1266.9225,1084.6874,1266.9143,880.9264,1944.6115,1077.236,1323.8645,1181.2372,1211.0833,1599.4954,1134.1432,1238.011,827.0888,981.1834,1231.1051,1098.7568,1977.4102,759.8182,1247.4877,1279.5748,1434.6351,1755.517,1247.3859,1458.1915,1435.0332,1247.4843,1964.4554,1987.7949,1469.9094,1274.3594,1031.3201,1684.9734,1046.6112,2007.6189,1269.689,1239.2157,1249.0658,2005.5115,1237.7609,1269.7871,1518.5609,2044.4904,1087.0354,1269.4565,1217.9653,690.8933,1974.5344,1283.0148,1421.9452,1449.6222,1261.3683,1269.1084
7440,1765.6006,1241.3936,1955.2919,1512.9636,1989.774,2008.3107,1464.8269,1943.1635,2006.3472,1419.4476,1231.4456,1480.4084,2075.1785,1429.4954,1943.8752,2005.4049,2042.764,1235.642,1419.4658,1972.9036,2005.8336,1260.7141,1430.6184,2006.1207,1289.54,1276.972,1225.1091,1083.3307,1079.7892,1241.4813,1292.4187,1943.2246,1989.4336,1060.3083,1992.9116,1943.2493,1186.7305,1484.349,1484.1597,2009.3126,1276.7714,1276.7527,1943.2451,1260.5228,1464.7157,1429.5668,1279.1815,1290.1348,1231.3119,1989.1052,1260.5276,1242.6075,1238.0021,1480.5754,1448.5824,864.6934,969.2321,1129.105,750.35645,1053.6343,1954.6332,1448.7091,813.11005,1296.2096,820.47516,1260.5337,850.194,1253.7031,717.8849,1260.5316,1482.5516,1178.1313,1069.1107,1483.5248,928.10785,1450.7278,1105.3826,1124.1415,1464.8794,1959.2966,1104.2639,1276.875,791.79156,663.42035,1822.7036,1175.6864,825.4226,826.3477,1252.7043,1429.4178,1464.8289,751.41705,2009.3663,1295.6691,1465.048,1259.8755,2019.0121,975.67456,917.333,1259.7722,1496.765,1259.8187,1966.5953,1080.2761,1030.8625,1119.8998,1273.7926,1069.4918,2018.371,1305.4225,977.8523,733.32654,1870.0239,923.7646,1794.8219,1080.4385,821.87006,1051.7375,1022.2182,693.3838,1471.498,1098.3483,2009.1614,1274.2628,1258.0042,1137.8268,1943.0836,1238.9957,914.3419,1419.1519,1474.1797,1974.3596,1293.9132,880.1961,1203.7682,894.4262,1084.2366,1104.3196,1249.0658,1909.6785,1278.6472,1053.7803,2029.54,1009.4896,1254.0294,1256.5204,997.3265,812.9852,882.0482,1107.1265,1104.1272,982.1053,985.26495,1019.69635,886.2117,1248.2943,665.32184,1139.3113,1048.3583,1203.4141,711.83466,1039.4104,1820.7214,1277.5922,1186.3785,973.2576,944.64075,2043.7328,1197.2649,1253.4899,1129.2844,988.1332,978.46045,1276.2224,1053.7808,2018.4597,1190.5475,1341.4552,1569.472,1071.333,796.6964,1018.65765,1956.4994,2134.8787,1275.651,1241.6149,1990.078,1552.8699,1972.5977,1275.6407,1419.3031,915.4276,1821.9598,1295.3575,1259.3649,1244.4255,2010.4647,1230.3444,1213.6074,1252.2633,1049.699,1904.8386,1623.2084,1223.2529,992.37256,1191.3816,1240.7031,1179.205,1974.382,998.50903,1418.8054,1989.8912,740.7116,1943.7632,1230.3577,1008.4967,1428.8577,1973.4088,1418.9186,1973.4832,1295.2537,1259.565,1382.2465,2172.319,1925.3912,724.4379,787.6808,1104.2352,1438.7499,2151.3884,809.8894,1116.2317,1988.308,2008.3544,1447.7268,1972.0203,1610.4309,940.93787,1274.6765,1480.0598,1988.5527,1453.9331,1942.2756,1274.0333,1096.1721,1274.0293,882.2406,1941.6963,1085.6478,1321.8693,1188.4171,1213.3485,1617.6976,1136.5127,1240.0128,829.923,993.1098,1246.4044,1111.9103,1973.9869,767.99347,1257.7339,1293.3346,1430.1578,1776.5424,1257.6901,1441.7498,1430.3579,1257.7385,1954.5099,1999.5316,1480.4761,1279.3184,1044.4247,1694.6681,1059.5652,2009.0245,1276.7466,1241.1829,1259.239,1994.6089,1239.7557,1276.7592,1471.4633,2049.259,1090.5413,1276.5966,1231.4493,705.9395,1972.6615,1296.4833,1431.2625,1450.7534,1274.3506,1276.0903
7500,1779.4824,1248.2145,1948.6165,1513.419,1985.7211,2007.9597,1470.021,1942.3418,2000.5973,1427.8948,1243.3442,1484.2749,2034.506,1432.8405,1943.0095,2006.5438,2051.4346,1229.3517,1427.9089,1970.4094,2000.0497,1270.9496,1433.3951,2007.2075,1271.9039,1285.556,1213.5934,1085.1079,1079.6078,1248.2638,1293.1432,1942.4011,1985.2817,1069.6884,1986.9895,1942.4258,1201.5405,1492.7719,1492.6927,2008.4904,1285.3845,1285.3752,1942.4227,1270.787,1469.9496,1432.8943,1285.3209,1292.5333,1243.2157,1985.1304,1270.7894,1248.772,1251.6326,1490.9281,1455.4326,872.0064,978.92334,1135.8439,762.2471,1060.0741,1948.0339,1455.5013,818.8207,1308.1625,830.533,1270.7996,854.34845,1254.2358,713.33673,1270.8046,1491.9191,1193.9825,1082.8806,1492.408,936.9572,1456.5093,1118.3195,1136.4738,1470.0591,1950.3303,1116.865,1283.8,796.3429,676.1474,1837.5941,1193.0017,832.9148,832.05835,1258.6735,1432.8628,1470.0504,760.38116,2008.5333,1307.5743,1470.1576,1270.152,2026.3289,985.0856,923.01495,1270.1035,1498.9368,1270.1288,1953.9294,1082.1299,1040.9358,1134.9867,1282.5968,1080.3049,2026.4294,1308.573,987.00287,740.6787,1878.3937,931.1998,1811.0712,1092.9929,828.00867,1057.9355,1040.9808,702.1964,1473.1046,1105.0806,2008.3484,1282.9956,1268.3962,1147.8114,1942.2759,1245.8391,921.7588,1427.5929,1487.6064,1971.0922,1305.8773,887.79285,1217.3018,904.27814,1087.1515,1105.3735,1259.2102,1917.4567,1290.4231,1061.2285,2036.1873,1018.89185,1260.6476,1260.7765,1011.7572,817.96124,886.3274,1116.0039,1105.1248,992.58325,995.8309,1029.5143,896.3883,1256.8014,675.91974,1149.4624,1059.851,1218.0927,721.477,1049.6119,1824.9062,1284.45,1178.4114,994.6166,950.32996,2052.283,1203.6252,1259.3589,1135.8416,994.0384,988.1751,1283.2755,1061.7181,2026.497,1204.8118,1350.0175,1587.2959,1083.0117,799.0234,1025.7473,1949.2489,2141.2588,1284.3741,1247.818,1985.9089,1561.1111,1970.2231,1284.3668,1427.7252,921.7953,1838.9528,1307.2792,1269.7323,1249.2045,2009.649,1242.2771,1221.5284,1258.1833,1062.2521,1918.7163,1631.6403,1235.843,1009.8359,1199.2124,1258.1011,1185.9951,1991.5406,1003.602,1427.225,1985.7473,744.36945,1942.9095,1242.2883,1020.42896,1432.1702,1970.9252,1427.282,1970.9619,1307.2285,1269.8693,1385.7277,2178.347,1941.0647,733.4808,795.84436,1105.2769,1449.0657,2160.1008,819.7528,1115.4738,1984.3197,2007.6134,1454.5698,1969.5956,1624.1683,944.41846,1283.1613,1490.4329,1984.443,1457.8214,1941.539,1282.8502,1101.5785,1282.8481,886.412,1939.0941,1093.0198,1326.2014,1199.1047,1216.5388,1634.2206,1137.7397,1246.3198,841.1375,1003.6298,1259.4578,1124.4176,1970.8259,776.18964,1268.0963,1305.421,1433.1505,1794.5168,1268.0809,1438.8557,1433.252,1268.1049,1948.1241,2003.8115,1490.857,1285.3064,1056.8776,1701.607,1071.9136,2008.2322,1283.7802,1247.4479,1269.5382,1987.748,1246.061,1285.4551,1453.487,2055.2546,1094.6449,1285.3751,1243.3533,710.9851,1970.2444,1308.3724,1441.5345,1456.4961,1285.8783,1283.1147
7560,1789.9244,1256.5447,1944.5321,1518.8102,1982.9253,2007.0024,1477.7468,1941.1559,1970.1172,1437.2283,1254.1715,1491.3458,2013.677,1439.664,1941.782,1972.7572,2058.8289,1221.7048,1437.2399,1968.3962,1996.415,1280.9558,1439.9386,2006.9364,1268.2014,1294.7478,1203.4362,1087.6461,1081.1156,1256.5737,1298.468,1941.2097,1982.4506,1077.6581,1983.2874,1941.2341,1214.9506,1502.0831,1502.0579,2007.2964,1294.5947,1294.5902,1941.2318,1280.8109,1477.6957,1439.7083,1291.5542,1294.5483,1254.049,1982.3864,1280.8123,1256.7817,1263.8414,1501.1882,1463.9753,879.3034,988.10693,1142.0026,770.13196,1065.9331,1944.0001,1464.0153,824.6478,1319.0157,843.2087,1280.8271,859.4258,1259.4779,709.9621,1280.8354,1501.694,1208.325,1095.4596,1501.9445,945.73035,1464.5256,1130.5095,1147.8689,1477.7776,1945.1316,1128.5648,1290.4268,801.65656,687.27576,1850.2795,1208.5558,840.24115,837.397,1264.8335,1439.7329,1477.7887,770.2218,2007.3335,1318.4088,1477.8408,1280.1895,2033.0637,995.648,928.7663,1280.168,1505.171,1280.1827,1946.9099,1084.2867,1051.2656,1148.1428,1290.89,1090.0167,2033.5095,1311.2076,995.92487,748.08936,1885.5577,938.1142,1825.3295,1103.7817,834.2798,1063.3536,1055.1351,711.1079,1479.0647,1112.2319,2007.167,1292.3016,1278.5201,1156.4165,1941.1003,1254.22,928.83826,1436.9205,1499.377,1968.705,1316.7701,895.2573,1229.7283,913.8464,1089.6924,1106.8933,1268.748,1925.2317,1301.2994,1070.0547,2041.6772,1027.0809,1266.9314,1266.0563,1024.774,851.6579,891.9523,1125.3052,1106.6333,1002.9516,1006.2847,1039.4573,906.06494,1264.1859,684.1921,1158.4197,1070.7173,1231.368,730.8369,1060.0975,1833.8688,1291.0194,1169.6614,1013.6778,956.09015,2059.5977,1209.3752,1265.4457,1142.9,999.20435,997.72406,1289.9651,1069.2726,2033.5618,1217.2693,1359.3779,1603.1012,1093.7507,853.7199,1033.0504,1944.8727,2147.3916,1293.6544,1255.8629,1983.0472,1568.3657,1968.275,1293.6486,1437.0406,927.2937,1854.2164,1318.1301,1279.8237,1256.5487,2008.4203,1253.1409,1229.2993,1264.326,1074.301,1929.7697,1638.4766,1246.5378,1025.9028,1205.7683,1273.6827,1191.8375,1999.1797,1009.0186,1436.5365,1982.9055,748.81964,1941.6886,1253.1509,1030.7887,1438.9695,1968.9009,1436.5657,1968.9192,1318.1057,1279.929,1390.381,2184.1804,1953.7972,741.9691,803.81396,1106.7971,1457.4277,2167.5405,829.11847,1115.7012,1981.6003,2006.4908,1463.1057,1967.6464,1638.0684,946.3436,1292.3494,1500.7047,1981.6638,1464.9088,1940.4213,1292.2017,1107.6959,1292.2007,891.9818,1936.8496,1099.4244,1333.3422,1210.9023,1220.4785,1649.1998,1138.321,1254.4407,854.396,1013.046,1271.1575,1136.326,1968.4912,784.3487,1278.2117,1316.3802,1439.8063,1809.7498,1278.2104,1442.6152,1439.8586,1278.2223,1944.1864,2005.1206,1501.1367,1291.4631,1068.2516,1707.262,1083.8165,2007.0533,1290.4535,1255.5262,1279.5984,1983.5742,1254.1832,1294.7007,1449.8263,2061.3052,1099.0516,1294.6614,1254.1815,711.4605,1968.2578,1319.186,1452.0011,1464.5007,1296.4146,1289.8073
7620,1801.7878,1265.5271,1941.1887,1526.4402,1980.2142,2005.2065,1486.5288,1939.2507,1953.7852,1446.8085,1264.3823,1473.4646,2002.0837,1448.0083,1939.8436,1988.3667,2065.5505,1213.5026,1446.8174,1966.0824,1993.303,1290.7596,1448.1451,2005.4662,1271.2639,1304.1492,1194.5017,1090.7749,1084.181,1265.5458,1305.967,1939.3024,1979.7346,1084.9524,1980.1427,1939.3269,1227.2395,1511.6416,1511.6427,2005.3849,1304.0083,1304.0061,1939.325,1290.6263,1486.4878,1448.0474,1297.5775,1296.3206,1264.2654,1979.7134,1290.6272,1265.6093,1275.0326,1511.2134,1473.1611,888.8146,996.8539,1147.6581,790.6002,1071.3416,1940.6945,1473.1868,831.3005,1329.2369,889.8497,1290.6465,866.0135,1266.9457,707.93774,1290.6564,1511.4801,1221.4728,1107.2599,1511.6133,954.4182,1473.4523,1142.1333,1158.4579,1486.5558,1941.2524,1139.586,1296.6462,807.57477,696.9957,1861.0485,1222.6598,847.49744,844.44806,1270.827,1448.0991,1486.5762,791.3233,2005.419,1328.6245,1486.6013,1290.0172,2039.4656,1017.6875,934.39166,1290.0092,1513.215,1290.0188,1942.1346,1086.7491,1061.7493,1159.8372,1298.7236,1098.8271,2040.0652,1313.4384,1004.71155,757.96625,1891.3533,945.1936,1854.322,1113.4603,841.3222,1068.2626,1066.1815,720.0188,1486.9763,1119.7671,2005.2675,1301.7937,1288.416,1163.9452,1939.2067,1263.2612,935.9036,1446.4943,1510.1432,1966.2139,1327.04,903.1586,1241.349,923.15625,1092.128,1108.8029,1277.8224,1932.2667,1310.8481,1079.6681,2047.3976,1034.4027,1272.8018,1271.5938,1036.5078,879.1215,899.49396,1137.3088,1108.5503,1013.24805,1016.6897,1049.384,915.3272,1270.7625,691.01904,1166.4381,1081.0685,1243.607,740.089,1070.6152,1844.1531,1297.1914,1161.9229,1030.236,962.1156,2066.2644,1214.8444,1271.3838,1149.8792,1004.1749,1007.14355,1282.9878,1076.6078,2040.1078,1228.6112,1369.5992,1617.3589,1103.6982,886.048,1040.4738,1941.3851,2197.974,1303.1107,1264.716,1980.3032,1574.3197,1966.0,1303.1056,1446.6061,932.1832,1867.6002,1328.3564,1289.6809,1265.057,2006.466,1263.3806,1237.0588,1270.3186,1085.9153,1938.4786,1643.8024,1255.7559,1040.7125,1211.6337,1287.7886,1196.9618,2001.6101,1014.76825,1446.098,1980.1799,754.4001,1939.7625,1263.3901,1040.2212,1447.295,1966.5782,1446.1134,1966.5874,1328.345,1289.7704,1395.7433,2183.0784,1964.484,752.828,811.6802,1108.7123,1464.3905,2217.9714,838.09296,1116.9032,1978.9663,2004.6412,1472.2834,1965.3918,1649.1425,948.11255,1301.7831,1510.7323,1979.0002,1473.3755,1938.5773,1301.7157,1114.2234,1301.7152,899.4917,1934.7625,1104.9817,1341.7642,1222.7946,1225.0037,1666.0343,1138.5353,1263.3536,873.8298,1021.6135,1281.3062,1147.7687,1966.0394,792.4137,1288.1049,1326.6842,1448.0701,1822.5238,1288.1106,1449.4551,1474.4369,1288.1165,1940.9358,2004.4479,1511.1754,1297.4489,1078.6115,1711.5972,1095.3773,2005.164,1296.6913,1264.398,1289.4421,1980.206,1263.0988,1304.1198,1453.0166,2067.342,1103.5844,1304.1006,1264.3837,710.3514,1965.9664,1329.3739,1462.136,1473.4269,1306.3074,1296.0747
7680,1813.6937,1274.3002,1941.8237,1535.5374,1981.1586,2006.6207,1496.1968,1940.614,1948.0278,1456.8759,1273.76,1470.0221,1998.6458,1457.4672,1941.1687,1998.3441,2071.7637,1205.2598,1456.8828,1967.2429,1994.069,1299.9342,1457.536,2007.0187,1277.1244,1313.1244,1186.6458,1094.3345,1088.4592,1274.3136,1314.0059,1940.6628,1980.6948,1091.9097,1980.8923,1940.686,1238.4469,1521.6884,1521.702,2006.7394,1312.9922,1312.9912,1940.6844,1299.8093,1496.161,1457.5034,1303.3801,1297.9507,1273.6487,1980.6936,1299.8099,1274.3093,1285.605,1521.4894,1483.0297,898.9242,1005.2482,1152.8807,799.41693,1076.405,1941.3646,1483.0482,837.3073,1338.6179,880.8439,1299.8342,873.84906,1274.9795,707.1178,1299.8448,1521.6384,1233.5692,1118.2595,1521.7136,963.0084,1483.193,1153.1411,1168.3477,1496.2218,1941.6399,1149.9146,1302.5465,813.95685,705.84894,1870.3257,1235.4884,894.8036,846.51544,1276.6198,1457.5676,1496.2463,800.37317,2006.7699,1338.0076,1496.2583,1299.2139,2045.5242,1027.8496,941.4731,1299.2123,1522.5159,1299.2195,1942.0806,1089.4951,1072.299,1170.3008,1306.528,1106.9034,2046.1868,1315.3793,1013.4065,767.99176,1897.512,952.56226,1863.3289,1122.4078,848.8387,1072.8401,1075.0916,729.26135,1496.2135,1127.5885,2006.6296,1310.8452,1297.6677,1170.6338,1940.5745,1272.0955,943.1321,1456.5544,1520.7808,1967.2863,1336.4714,911.41016,1252.08,932.2322,1094.5974,1111.0569,1286.3286,1911.8064,1319.802,1089.7267,2055.3206,1041.1051,1278.3564,1277.1447,1047.1707,900.29004,908.4306,1149.5504,1110.8181,1023.484,1027.0693,1059.207,924.2473,1276.8246,696.9747,1173.7145,1090.9563,1254.7871,751.6124,1081.0148,1854.2153,1303.051,1155.4249,1044.5118,980.302,2072.4495,1220.9402,1277.132,1156.6487,1009.9191,1016.45105,1282.4012,1083.8077,2046.2355,1238.9921,1380.5448,1630.1077,1112.9762,909.7007,1047.9478,1941.9355,2165.645,1312.131,1273.4435,1981.2177,1580.3514,1953.7576,1312.1261,1456.6606,936.91583,1879.1868,1337.7524,1298.8993,1273.6151,2007.749,1272.7906,1245.2404,1276.1176,1097.1082,2000.2158,1649.302,1263.8773,1054.2859,1217.1694,1300.6066,1201.5344,2005.1224,1020.8699,1456.1478,1981.1565,761.3803,1941.1344,1272.8,1049.078,1456.7369,1967.7534,1456.1565,1967.7582,1337.7473,1298.9817,1401.4276,2180.8835,1992.2299,763.94836,819.492,1110.9733,1470.5022,2211.5662,846.7661,1121.2628,1980.0399,2006.0994,1482.1422,1966.6528,1661.3079,950.1096,1310.8108,1521.0056,1980.0594,1482.8865,1940.041,1310.7831,1122.6722,1310.7827,908.4096,1941.1705,1109.8267,1350.2899,1234.2697,1229.9805,1681.3381,1138.5453,1272.1298,891.85175,1029.5356,1290.1296,1158.6802,1967.2035,813.87585,1297.3627,1336.1399,1457.491,1832.6099,1297.3721,1458.1758,1496.7949,1297.375,1941.6868,2006.4666,1521.4608,1303.2322,1088.0417,1716.5387,1106.6226,2006.5833,1289.3698,1273.137,1298.6566,1980.8895,1271.879,1313.1045,1459.9421,2073.222,1108.1381,1313.095,1273.7578,709.1083,1967.1798,1338.7339,1472.7927,1483.171,1315.6622,1302.0106
7740,1821.7505,1282.8423,1940.9954,1545.4833,1980.4805,2006.179,1506.4269,1940.1505,1944.0544,1467.31,1282.5999,1473.8085,1995.8091,1467.6017,1940.6802,2002.1166,2077.1226,1197.4668,1467.3156,1966.6786,1993.3098,1308.6713,1467.637,2006.6392,1284.2336,1321.7617,1180.6235,1098.1902,1093.6628,1282.8531,1322.1825,1940.1992,1980.0327,1099.0594,1980.1263,1940.2225,1250.7734,1532.1027,1532.1226,2006.2701,1321.6387,1321.6382,1940.2211,1308.5552,1506.3953,1467.6361,1296.4216,1299.6029,1282.496,1980.042,1308.5557,1282.8206,1295.0704,1532.0165,1493.3617,910.61755,1015.16943,1157.7416,807.0785,1081.2322,1940.5625,1493.3767,843.1825,1347.4585,885.0073,1308.584,882.6199,1283.1644,707.3282,1308.595,1532.1073,1244.7639,1183.7413,1499.2473,985.855,1493.4607,1163.6564,1196.2751,1506.4508,1940.699,1159.7179,1309.0591,818.5999,714.3712,1878.4355,1247.2324,892.36414,849.55475,1283.0829,1467.7036,1506.4758,807.8737,2006.2999,1346.8531,1506.4814,1307.9719,2050.8174,1036.5629,948.51154,1307.9738,1532.56,1307.9799,1940.9226,1092.5276,1080.8464,1179.8866,1314.6997,1114.5607,2051.4614,1317.23,1022.19556,776.96246,1901.9664,973.7248,1868.4086,1130.8689,856.57324,1077.313,1082.3439,739.95215,1506.229,1135.7296,2006.169,1319.5499,1306.4724,1176.7216,1940.12,1280.6976,950.55316,1466.9802,1531.4813,1966.6853,1345.3602,919.9455,1262.1193,983.8693,1097.3469,1101.0845,1294.4799,1904.4143,1328.4518,1086.124,2055.8303,1047.4927,1286.2047,1283.4629,1059.2577,916.9328,905.96906,1160.6958,1113.6825,1033.6252,1037.1704,1068.873,946.3377,1283.4052,702.5214,1180.4391,1100.6056,1265.1501,762.99994,1091.2255,1863.5476,1309.5284,1149.621,1056.8136,987.13324,2077.731,1228.3827,1283.558,1163.6304,1056.1787,1025.6674,1285.7288,1091.2812,2051.4915,1249.5326,1391.3944,1641.5355,1121.6936,928.38025,1057.3193,1941.0709,2152.3044,1320.8054,1281.9785,1960.3999,1585.6344,1946.6052,1320.8007,1467.0814,941.88544,1889.268,1346.609,1307.6725,1282.0667,2007.2334,1281.6613,1254.0735,1282.5903,1107.9021,1988.4548,1653.5211,1271.6852,1066.6879,1227.8992,1312.3347,1205.7173,2005.6953,1027.4003,1466.5641,1980.4828,768.9744,1940.657,1281.6708,1057.8314,1466.8541,1967.1782,1466.5693,1967.1808,1346.607,1307.752,1407.5598,2178.2583,2003.7402,774.29675,827.2484,1101.0054,1476.2346,2198.658,856.9545,1137.0493,1979.4296,2005.677,1492.4641,1966.1351,1673.3007,952.52673,1319.5074,1531.5282,1979.4419,1493.0394,1939.6246,1319.4991,1131.4585,1319.499,905.9371,1937.9832,1117.1718,1358.7354,1245.1558,1235.5121,1693.3995,1141.1263,1280.706,907.10547,1037.1671,1298.6854,1169.1412,1966.6205,826.14606,1306.1764,1345.0466,1467.606,1840.9397,1292.9911,1467.9454,1486.9429,1292.9926,1940.8965,2006.2952,1531.9901,1309.6681,1114.1643,1720.2979,1117.3207,2006.124,1289.3717,1281.6786,1307.4291,1980.0677,1280.4586,1321.7446,1468.8278,2078.326,1112.6571,1321.74,1282.594,708.3583,1966.6196,1347.5559,1483.0465,1493.436,1324.5232,1295.3264
7800,1831.6984,1326.7313,1947.3179,1531.9619,1986.875,2012.7426,1532.5101,1946.7065,1948.8285,1493.5096,1326.6144,1496.7268,1974.2913,1493.6532,1947.1678,2010.7515,2079.977,1229.9255,1493.5117,1973.182,1972.8767,1352.6342,1493.6698,2013.1758,1327.4137,1345.8802,1247.7345,1128.5846,1100.1798,1326.7329,1365.8727,1946.7498,1986.483,1106.0819,1986.526,1946.7717,1273.5619,1558.2793,1558.2991,2012.8138,1365.5028,1365.5026,1946.7705,1352.4696,1532.484,1493.6804,1295.1003,1318.9454,1326.457,1986.4963,1352.4689,1326.6161,1317.5886,1558.246,1519.4982,942.26526,1024.9498,1177.079,815.0449,1099.2057,1946.9443,1519.51,851.20905,1391.3467,892.13635,1352.4316,912.238,1353.1221,708.4241,1352.44,1558.3033,1265.9707,1176.4485,1542.1458,999.2868,1519.5615,1187.058,1208.8193,1532.5308,1947.012,1182.7865,1314.4484,823.2177,722.43005,1886.4777,1268.5145,892.9871,853.74835,1288.4515,1493.7391,1532.5511,815.54956,2012.8412,1390.617,1532.5541,1338.5059,2053.6616,1045.3474,954.80286,1351.6997,1525.6448,1351.7031,1947.1282,1099.713,1089.8396,1202.2689,1329.1766,1125.509,2054.2454,1343.2343,1032.7068,785.9931,1909.9545,993.6516,1873.361,1142.4104,873.6428,1086.1523,1088.4713,755.7054,1532.1819,1143.7886,2012.7153,1363.359,1350.33,1191.86,1946.6722,1324.4563,960.2399,1493.1392,1557.7656,1973.1638,1389.2511,937.91235,1295.2972,980.5756,1107.1843,1103.0863,1318.431,1905.2631,1337.0994,1088.6484,2052.731,1056.013,1289.8209,1288.7316,1069.9402,932.64746,934.9321,1171.11,1109.2852,1043.6478,1046.9902,1079.1174,954.812,1288.788,707.9005,1196.0168,1115.0034,1297.624,773.53656,1101.1339,1898.8789,1314.8568,1145.0256,1067.4713,992.8841,2080.4856,1237.4973,1288.8649,1170.1727,1052.1387,1035.2804,1289.5563,1098.9916,2054.2358,1262.3003,1402.1226,1653.7577,1132.0627,944.00555,1067.5809,1947.3538,2142.8022,1363.7401,1324.8486,1956.8646,1591.1266,1949.8612,1363.7385,1493.2196,946.7414,1898.1056,1389.6296,1350.6812,1324.894,2013.6335,1324.695,1268.9899,1287.9729,1121.6981,1986.4819,1659.8329,1284.2168,1078.0149,1237.5792,1300.6565,1221.0446,2012.6039,1034.5461,1492.6685,1986.7793,778.6229,1947.0524,1324.6984,1066.7871,1492.812,1973.5238,1492.6715,1973.5251,1389.6285,1350.7245,1414.3373,2196.2424,2009.2152,783.99133,835.1159,1103.0005,1482.0702,2186.8455,866.93555,1141.8254,1965.7473,2012.2129,1518.5387,1972.6272,1690.1738,954.7844,1362.6365,1557.6718,1985.884,1519.0054,1946.1674,1362.6349,1141.2529,1362.6349,934.8905,1934.9482,1126.4299,1401.7308,1266.2815,1241.1578,1708.8623,1160.9691,1323.7675,929.70483,1046.6403,1308.9525,1192.1747,1972.8746,834.21405,1349.2997,1388.2115,1493.5288,1857.3033,1329.6213,1493.6962,1503.0414,1329.6222,1946.9962,2012.7,1558.102,1301.6196,1120.0314,1726.423,1130.7828,2012.3804,1291.5421,1324.5131,1350.3745,1986.138,1323.4546,1364.4778,1494.1388,2067.6255,1158.264,1364.4757,1325.4279,708.3321,1972.8187,1357.3881,1506.6406,1519.2893,1336.8142,1294.2502
7860,1842.5701,1358.0106,1948.176,1534.3927,1967.6404,2013.7391,1534.6832,1947.7026,1948.9252,1515.4789,1357.9652,1517.0807,1961.4546,1515.5497,1948.1078,2012.7681,2080.5115,1266.2245,1515.4801,1974.1516,1960.5938,1370.766,1515.5579,2014.1366,1358.3457,1367.4434,1288.2417,1160.8578,1108.1575,1358.0103,1377.2699,1947.7446,1967.3004,1113.0111,1987.444,1947.7654,1293.1152,1547.3419,1547.3596,2013.8025,1396.7725,1396.7722,1947.7656,1383.7653,1554.3917,1515.5714,1295.788,1325.1478,1357.781,1967.3156,1383.7646,1357.8595,1336.9132,1580.2192,1541.4319,963.45886,1034.4188,1198.0754,823.8663,1117.9308,1947.856,1541.4412,861.22107,1422.6318,900.32965,1383.7012,940.6132,1397.2361,710.26984,1383.712,1580.2604,1324.6525,1176.536,1572.3192,1008.59534,1541.4773,1207.341,1215.5605,1534.7023,1947.8904,1202.9581,1318.4648,828.3247,730.04474,1894.6982,1293.6608,896.7187,859.60754,1292.4613,1515.6263,1534.7196,823.5532,2013.8291,1421.8516,1554.4535,1363.2378,2054.21,1054.3365,960.5668,1382.9197,1531.3223,1382.923,1947.9546,1103.9597,1100.0431,1221.4103,1342.6228,1136.9847,2054.7217,1361.0363,1042.7668,794.6257,1914.9464,1009.389,1878.3148,1155.6165,890.0558,1096.9678,1093.773,768.1026,1534.2875,1151.9166,2013.7123,1394.6663,1381.6636,1205.0237,1947.6759,1355.7452,971.9615,1515.0824,1579.762,1960.7124,1387.6228,955.5115,1323.7393,983.76276,1112.1686,1106.5521,1335.5713,1908.8762,1345.1874,1094.7429,2049.2349,1064.085,1291.904,1292.6733,1079.2537,948.11206,961.7506,1181.1873,1109.5773,1053.743,1056.8357,1090.3088,962.3588,1292.767,713.21704,1209.0608,1130.3116,1324.7678,782.9619,1110.7042,1893.8942,1318.8053,1141.3759,1076.7882,998.9891,2080.9297,1247.0807,1292.8065,1176.4219,1055.7899,1045.2725,1292.8085,1107.0043,2054.6775,1275.8075,1413.0403,1666.4712,1143.502,958.24084,1076.3121,1948.2051,2134.4158,1394.5791,1355.6603,1952.885,1598.281,1949.243,1374.7932,1515.151,951.48834,1893.5145,1387.5316,1381.5468,1355.6848,1980.9706,1355.5872,1283.7372,1292.0013,1137.0415,1986.922,1664.2314,1291.9192,1088.3783,1245.0074,1309.5709,1236.8185,1980.204,1042.6421,1514.5826,1967.4971,786.5829,1947.9473,1355.5894,1075.6879,1514.6525,1974.393,1547.4713,1960.9762,1420.5084,1381.587,1422.3999,2197.4578,2011.5461,793.6861,842.86774,1106.4658,1488.2213,2176.5737,875.9734,1146.7699,1956.8059,2013.2166,1540.4369,1973.6113,1707.3755,957.59186,1393.6146,1579.5995,1986.843,1527.6968,1947.1783,1393.6178,1151.5715,1393.6178,961.7024,1929.4332,1138.5051,1393.0706,1291.9034,1247.363,1721.9276,1183.6985,1354.7178,949.8762,1055.7123,1314.8795,1212.1458,1960.2914,841.28064,1380.2789,1386.2324,1515.3528,1870.8263,1357.4095,1515.4358,1520.033,1357.41,1947.7334,2013.5828,1580.0106,1298.9435,1126.2399,1731.838,1145.6543,2013.2019,1293.9633,1355.3003,1381.2134,1986.873,1354.3782,1395.157,1515.6626,2061.4316,1186.7043,1395.1561,1356.161,709.07306,1960.2008,1371.8868,1522.8193,1527.9114,1350.3766,1295.1088
7920,1850.0973,1380.8579,1945.0375,1543.1675,1954.6151,2010.6837,1543.3291,1944.6504,1945.4122,1533.8647,1380.8477,1534.6703,1951.582,1533.8999,1945.0098,2010.2155,2078.0662,1302.8024,1533.8662,1971.0854,1951.0085,1387.1451,1533.9045,2011.0458,1381.0234,1385.5111,1322.3846,1191.08,1117.8164,1380.8588,1390.3387,1944.6923,1954.3187,1119.7252,1964.2274,1944.7103,1309.6073,1549.5409,1549.5563,1977.2014,1419.6161,1399.8346,1944.7107,1393.4357,1553.0144,1533.9178,1296.7589,1329.5326,1380.6561,1954.3326,1406.6228,1380.6954,1354.4801,1598.5974,1559.7955,982.4877,1042.713,1218.7118,832.3797,1136.1278,1944.7596,1559.8033,872.53314,1412.5156,909.1177,1406.5509,966.4814,1400.0253,712.74493,1393.3734,1598.6304,1334.7728,1178.3463,1594.7308,1016.6843,1546.6807,1225.3888,1219.6222,1543.3479,1944.7782,1220.817,1321.0775,835.25854,737.3887,1900.4775,1319.1311,901.6682,867.6822,1295.0742,1533.9695,1543.3625,831.862,2010.7678,1411.7167,1553.0701,1382.8798,2051.7937,1063.601,967.7798,1392.5635,1541.6913,1392.5663,1944.8176,1109.2036,1111.4584,1238.2557,1355.3884,1148.1871,2052.232,1372.3414,1052.7417,803.0832,1916.9148,1023.5425,1883.1044,1169.4298,905.78894,1108.8997,1098.5826,779.6595,1542.8981,1160.3549,1977.124,1397.8081,1391.4127,1216.219,1944.6335,1378.6625,984.997,1533.4513,1598.1487,1951.0496,1394.3458,972.17596,1349.6099,988.62854,1117.1804,1111.0145,1349.0323,1912.168,1352.6626,1103.2546,2043.9421,1071.9104,1293.3307,1295.245,1088.1434,963.21375,985.52484,1191.2443,1112.47,1064.3274,1067.025,1102.643,969.5641,1295.3389,718.53534,1220.2968,1145.4534,1348.7827,792.01575,1120.2438,1921.4486,1321.3586,1138.8158,1085.286,1006.41864,2078.4216,1257.109,1295.3602,1181.5712,1062.9902,1055.7946,1295.0549,1115.3605,2052.171,1287.5663,1424.2458,1678.7747,1155.3448,972.4858,1085.2706,1945.0732,2127.3662,1397.4503,1378.3038,1947.376,1603.6449,1945.404,1387.7166,1533.513,964.1653,1894.4056,1393.9844,1391.027,1378.3177,1961.3303,1378.27,1297.0695,1294.6407,1152.9226,1984.7458,1666.8916,1298.4132,1098.8547,1252.5299,1327.0383,1252.0469,1960.7076,1052.7261,1532.9362,1954.4553,794.5812,1944.8337,1378.2722,1084.7638,1532.969,1971.2656,1581.9938,1951.2477,1410.2094,1404.2527,1431.6355,2195.6436,2011.445,802.7306,850.8781,1110.9302,1493.6066,2168.17,884.42163,1153.6661,1948.8866,1976.6459,1545.63,1957.157,1718.8367,1012.32306,1396.6045,1597.9495,1963.6676,1539.5442,1944.1538,1396.6086,1162.4308,1396.6086,985.47284,1922.261,1152.6477,1396.3419,1318.7429,1254.3898,1733.1246,1206.4451,1377.476,968.09357,1064.4908,1320.7433,1230.0806,1950.5574,848.17676,1389.865,1392.794,1533.6571,1881.6707,1378.6155,1533.6991,1535.9606,1378.616,1944.5339,2010.4534,1598.3486,1298.2397,1133.9314,1734.1577,1161.5204,2010.0521,1295.7935,1377.9355,1390.6841,1963.5621,1377.1273,1397.9067,1533.8203,2055.6484,1211.4486,1397.9065,1378.7224,710.53784,1950.4452,1386.4609,1536.2606,1539.7129,1365.0334,1296.1981
7980,1856.3911,1398.6951,1939.8192,1553.7004,1944.532,2005.5194,1553.7987,1939.491,1940.01,1549.1256,1398.702,1549.5396,1943.0536,1549.1433,1939.8115,2005.2988,2074.3977,1338.9573,1549.1278,1965.9181,1942.6351,1401.7998,1549.1467,1972.3105,1398.7777,1400.997,1353.2042,1220.043,1127.8351,1398.6978,1403.3662,1939.5317,1944.2719,1126.7462,1949.1449,1939.5475,1324.0487,1556.8397,1556.8538,1955.5325,1417.6732,1407.9414,1939.5475,1404.7933,1558.5536,1549.1594,1297.9286,1333.5613,1398.5096,1944.2843,1424.4658,1398.5298,1369.7014,1613.8461,1575.0422,1012.645,1050.9249,1238.3713,841.0353,1153.592,1939.576,1575.0494,884.6681,1414.1421,917.98987,1424.3926,990.6858,1408.0002,715.74603,1404.729,1613.8755,1351.7343,1182.1062,1611.9642,1024.0762,1555.4575,1241.8948,1222.9647,1553.818,1939.5872,1236.9729,1323.0559,842.4778,744.37854,1905.2063,1343.4296,907.6038,877.2449,1297.056,1549.2097,1553.8312,840.54913,2005.5985,1413.3405,1558.6063,1399.1528,2048.1506,1072.9926,979.02386,1403.9178,1553.0088,1403.9203,1939.6146,1114.804,1124.1735,1253.568,1367.4565,1158.7767,2048.5269,1380.0493,1062.7186,811.4993,1917.212,1037.1641,1887.2063,1183.1033,921.3238,1121.193,1103.044,790.2741,1553.3501,1168.5197,1955.4679,1406.0084,1402.8633,1226.0548,1939.4832,1396.5913,998.4833,1548.7037,1613.4016,1942.6415,1404.3079,988.6384,1371.53,994.9255,1122.3837,1115.8247,1361.1421,1914.1941,1359.3071,1114.0104,2038.7317,1079.4677,1294.6968,1297.1909,1097.0261,977.84,1007.6442,1201.2855,1116.5071,1075.1935,1077.8649,1114.7727,976.9729,1297.2764,723.8665,1230.3773,1159.9537,1370.393,800.31964,1129.4761,1910.9894,1323.2836,1137.049,1092.9663,1015.147,2074.7026,1267.6232,1297.2887,1186.8392,1072.1833,1066.4607,1296.8608,1123.6956,2048.4548,1298.4089,1435.1875,1690.1437,1166.8834,986.19183,1094.2338,1939.8651,2120.13,1405.4849,1396.0657,1940.9984,1608.1626,1939.8623,1400.6962,1548.7626,978.0363,1897.6836,1403.781,1402.3131,1396.0745,1947.9846,1396.0513,1309.2789,1296.65,1168.4686,1982.3759,1668.464,1303.3607,1108.2206,1259.438,1347.3842,1266.6157,1947.4471,1062.7418,1548.1829,1944.3708,802.35974,1939.6343,1396.054,1094.0625,1548.197,1966.0582,1605.186,1942.7936,1411.7648,1422.023,1439.3236,2193.1013,2009.965,811.53906,858.66113,1115.7437,1497.9937,2160.383,892.4789,1162.0767,1941.3513,1955.0122,1554.4019,1945.4214,1729.4775,1028.5764,1404.7399,1613.1841,1948.625,1551.5886,1939.0259,1404.7438,1173.3868,1404.7439,1007.5901,1915.1527,1167.9496,1404.6146,1343.9132,1260.642,1742.6744,1228.6113,1395.3356,985.2346,1073.0066,1325.6968,1246.3115,1942.1138,854.7056,1401.2478,1402.6888,1548.8757,1890.448,1395.7151,1548.898,1550.0105,1395.7155,1939.2903,2005.2416,1613.5763,1298.5735,1142.6337,1735.2643,1176.4954,2004.8391,1297.3873,1395.6975,1401.9695,1948.435,1394.9869,1405.8441,1548.9679,2050.3074,1234.0928,1405.8441,1396.4065,712.64966,1941.9878,1400.2153,1548.2048,1551.7328,1378.1206,1297.4517
8040,1861.0968,1413.2782,1934.0952,1564.5798,1936.4143,1999.8334,1564.6473,1933.8105,1934.1956,1562.3309,1413.2942,1562.5526,1935.7024,1562.3402,1934.0975,1999.7347,2069.671,1373.4446,1562.3339,1960.2327,1935.3734,1414.8179,1562.3431,1950.0947,1413.3206,1414.4242,1383.1721,1246.8337,1138.3405,1413.2825,1415.5841,1933.8501,1936.1855,1133.8951,1938.5812,1933.8641,1336.8153,1566.1288,1566.142,1941.7274,1422.5281,1417.7405,1933.8636,1416.1917,1566.9768,1562.3556,1299.151,1337.4244,1413.1036,1936.1967,1439.0519,1413.1145,1383.5917,1627.0374,1588.2377,1040.5431,1059.0115,1256.6216,849.71405,1170.4858,1933.8821,1588.2446,897.87256,1420.7565,926.81757,1438.9812,1014.6353,1417.7377,719.1798,1416.1295,1627.0653,1370.2797,1186.3702,1626.1321,1031.5813,1565.4738,1257.1215,1226.0729,1564.6674,1933.8895,1251.6989,1324.6753,849.4819,751.10535,1908.3591,1364.9159,914.5621,887.5332,1298.6802,1562.4055,1564.6798,848.8993,1999.9084,1419.9609,1567.0284,1412.9806,2043.4453,1082.4459,987.68494,1415.3257,1564.2749,1415.328,1933.9113,1121.332,1136.7975,1267.692,1378.9817,1168.639,2043.7703,1385.8048,1072.6207,819.767,1916.7598,1054.5333,1890.8235,1196.4631,940.0281,1133.7441,1107.3479,800.10876,1564.1907,1176.6058,1941.6741,1415.9038,1414.3577,1234.8873,1933.8105,1411.2731,1013.04065,1561.9058,1626.5956,1935.3661,1415.0703,1008.53394,1390.3138,1002.0632,1127.755,1121.4497,1372.1143,1915.155,1365.7493,1125.6984,2033.3776,1087.035,1296.0516,1298.7819,1106.0127,992.7568,1037.5455,1211.2856,1121.7539,1086.218,1089.0464,1126.543,984.74286,1298.8583,729.2082,1239.6306,1173.6023,1388.0754,808.38574,1138.5922,1907.7721,1324.8561,1136.1891,1100.2191,1023.63965,2069.9397,1278.1432,1298.8661,1191.7726,1083.4355,1077.0726,1298.4031,1130.8369,2043.6958,1308.2313,1445.7737,1700.383,1177.8773,999.6806,1103.0963,1934.1509,2112.6765,1435.0466,1410.6403,1934.7085,1612.4781,1933.9976,1412.9177,1561.9641,989.0718,1901.2255,1414.4369,1413.701,1410.6464,1938.2527,1410.6353,1321.1393,1298.3014,1183.3352,1979.992,1669.5531,1307.2019,1117.7655,1266.1344,1366.9152,1280.3455,1937.7684,1073.2708,1561.3845,1936.2549,810.1329,1933.9221,1410.6395,1103.3341,1561.3892,1960.3407,1622.288,1935.4799,1418.3663,1436.6001,1447.2772,2190.5256,2009.4026,820.1666,866.58167,1121.3712,1501.9263,2152.592,900.72565,1171.0729,1934.5166,1941.2402,1564.4172,1936.5197,1737.8893,1030.9186,1414.6144,1593.5089,1938.0961,1563.2103,1933.3752,1414.618,1183.9436,1414.618,1037.4893,1908.6793,1183.9321,1414.5563,1366.4841,1266.8574,1751.0466,1250.5497,1409.9939,1005.1476,1081.2799,1330.4188,1261.3043,1934.815,861.8372,1412.7235,1413.4326,1562.0565,1897.5054,1410.0035,1562.0692,1562.6165,1410.0039,1933.5521,1999.5165,1626.7537,1299.3792,1151.9635,1736.2479,1191.1785,1999.1208,1298.8192,1410.2756,1413.3615,1937.8435,1409.6499,1415.5522,1562.1145,2044.7408,1255.3534,1415.5524,1410.9095,715.321,1934.6779,1412.7853,1558.9089,1563.338,1390.701,1298.7369
8100,1863.2382,1425.7448,1928.5669,1575.3733,1929.7081,1987.6287,1575.4252,1928.3181,1928.6223,1574.2687,1425.7661,1574.3953,1929.3735,1574.2737,1928.5737,1960.7639,2064.1553,1406.1238,1574.2721,1954.7349,1929.0999,1426.5153,1574.2767,1936.4498,1425.7677,1426.3231,1411.4862,1271.7194,1148.5664,1425.7505,1426.888,1928.3534,1929.5055,1140.9738,1930.6821,1928.3661,1348.2253,1576.1403,1576.1527,1932.2333,1430.211,1427.8557,1928.3655,1427.0938,1576.562,1574.2887,1300.6348,1341.188,1425.578,1929.5155,1451.5194,1425.5844,1396.376,1632.3894,1600.167,1052.1974,1066.8876,1273.9276,858.3509,1186.8494,1928.3787,1600.1738,912.2748,1429.3083,935.7155,1451.4532,1040.3469,1427.826,722.96606,1427.036,1632.4163,1388.2135,1194.1984,1631.9637,1039.0908,1575.8419,1271.2882,1230.5927,1575.4452,1928.3843,1265.2533,1326.3569,856.5927,757.54626,1910.3229,1383.8378,921.96014,899.14813,1300.3673,1574.3375,1575.457,857.4282,1994.4034,1428.5237,1576.6122,1425.0889,2037.9484,1092.0162,996.52765,1426.2437,1575.2576,1426.246,1928.4032,1127.9976,1149.4427,1281.0276,1390.1041,1177.9598,2038.2305,1390.467,1082.5751,827.96277,1915.8176,1069.7765,1893.3809,1209.7732,956.9228,1146.238,1111.26,809.155,1574.9668,1184.549,1932.1913,1426.1132,1425.3536,1242.9602,1928.3236,1423.8372,1027.7981,1573.8436,1605.6687,1929.0903,1425.7064,1026.4896,1406.639,1008.72345,1133.2317,1127.347,1382.166,1915.2986,1372.1644,1137.8506,2026.828,1094.529,1297.9,1300.4335,1115.2998,1007.96844,1060.0033,1221.4832,1127.4683,1097.4451,1100.4697,1138.2549,991.9958,1300.5062,734.548,1248.2527,1186.5327,1403.6481,815.9384,1147.127,1907.435,1326.4963,1135.1488,1106.6638,1032.262,2064.3928,1288.7133,1300.5118,1196.9645,1095.7,1087.7006,1300.0541,1138.6357,2038.1534,1317.1763,1456.0385,1709.632,1188.4158,1013.34344,1112.0846,1928.6285,2105.2197,1454.9038,1423.1284,1928.903,1616.7533,1928.4163,1424.248,1573.8987,997.5837,1904.2142,1424.9972,1424.6206,1423.1333,1930.7411,1423.1282,1332.1824,1300.0139,1197.5579,1976.4819,1670.1152,1310.4152,1125.3638,1272.7085,1384.8665,1293.3126,1957.1172,1083.1975,1573.32,1929.5479,817.6968,1928.3978,1423.1339,1112.658,1573.3198,1954.8125,1636.1339,1929.1676,1426.9321,1449.0876,1454.7163,2187.801,2004.6238,828.54926,874.12024,1127.2711,1505.4346,2144.844,908.3002,1181.3384,1928.467,1931.7769,1574.787,1929.4514,1745.4592,1030.5814,1424.822,1615.5511,1930.227,1574.3683,1961.438,1424.8254,1194.4806,1424.8256,1059.9468,1902.8121,1200.4192,1424.7969,1386.388,1273.173,1758.3599,1272.1371,1422.5552,1022.6034,1089.4941,1335.5347,1275.3275,1928.5206,868.9098,1423.7229,1424.0719,1573.9785,1903.516,1422.3868,1573.9866,1574.2559,1422.3872,1928.0114,1987.2749,1632.0942,1300.6555,1162.7015,1737.6106,1205.4102,1993.5955,1300.4098,1422.7689,1424.2872,1929.9241,1422.2181,1425.6168,1574.0181,2038.7908,1275.4349,1425.6171,1423.3331,718.4653,1928.373,1424.2578,1568.8314,1574.4785,1402.4938,1300.274
8160,1866.1932,1437.0145,1923.5765,1585.46,1924.1383,1952.5378,1585.5038,1923.3545,1923.6085,1584.9185,1437.0413,1584.9978,1923.9879,1584.9214,1923.5844,1966.1481,2058.1042,1437.3179,1584.9222,1949.7677,1923.7511,1437.4093,1584.9246,1954.2867,1437.0281,1437.3164,1439.0077,1294.958,1158.502,1437.0214,1437.5869,1923.388,1923.9575,1148.1255,1924.5345,1956.9282,1358.6007,1585.8427,1585.8545,1925.3019,1439.1295,1457.7349,1923.4001,1437.5958,1605.7607,1584.9362,1302.136,1345.0598,1436.8545,1923.968,1462.7888,1436.8585,1408.3794,1613.518,1610.809,1063.7933,1074.3196,1290.3329,867.2863,1202.7162,1923.412,1610.8158,926.4118,1438.6576,944.66425,1462.7281,1061.7205,1437.9312,727.0389,1437.5437,1613.5425,1404.7876,1200.5426,1639.6007,1046.7799,1585.7168,1285.156,1234.5951,1585.5217,1923.4167,1277.903,1327.9553,863.771,763.87665,1911.0487,1400.5823,928.9708,911.5739,1301.9714,1584.9824,1585.534,865.8284,1989.4327,1470.8264,1605.8087,1436.1962,2031.9124,1101.4951,1004.968,1436.7655,1585.4357,1436.7677,1923.4342,1135.2612,1161.7565,1293.4579,1400.8469,1186.7355,2032.1595,1394.6835,1092.449,836.1771,1914.4409,1083.5048,1895.0504,1221.7491,972.0808,1158.7122,1114.9138,817.73065,1585.0472,1192.2269,1958.7964,1456.0815,1435.9465,1250.4968,1923.369,1435.2017,1042.3772,1584.4956,1626.4286,1923.7477,1436.1223,1042.7433,1421.1606,1015.7282,1139.0685,1133.7985,1391.9954,1914.7943,1378.0139,1150.0023,2020.6349,1102.1056,1299.6588,1302.0067,1125.8441,1022.65137,1076.8359,1231.1262,1133.8326,1108.6605,1111.957,1149.4707,999.1634,1302.0767,739.89856,1256.4174,1198.7141,1417.6489,823.5419,1155.1134,1934.5413,1328.06,1134.7373,1112.4108,1040.7858,2058.319,1299.4285,1302.081,1202.1176,1107.9618,1098.1694,1301.6461,1145.4869,2032.0842,1325.2826,1465.5452,1717.9346,1198.4084,1026.4917,1120.9246,1923.6455,2097.9358,1469.8313,1434.4348,1923.7806,1620.1866,1923.4138,1434.9847,1584.5485,1004.5175,1906.1097,1435.3552,1435.1526,1434.4392,1924.7681,1434.4369,1342.9712,1301.6432,1211.2024,1972.8474,1670.2029,1313.12,1132.127,1279.1427,1401.127,1305.6453,1964.3639,1093.5411,1583.972,1923.9767,825.20685,1923.4087,1467.3857,1122.2484,1583.9696,1949.82,1647.718,1923.7906,1436.3103,1460.3942,1461.5481,2185.087,2000.5547,837.1342,881.5712,1133.7242,1508.5,2137.2998,915.74615,1191.6008,1923.2397,1924.8698,1584.6698,1937.1328,1752.2236,1030.3512,1435.0336,1631.1675,1944.2198,1584.6368,1972.9933,1435.0378,1204.5902,1454.8013,1076.7803,1897.7516,1218.1858,1435.0264,1403.9236,1279.1917,1764.5862,1293.6993,1433.9266,1037.9718,1097.6067,1339.8151,1288.6215,1923.1583,875.9891,1434.3292,1434.501,1584.6202,1908.6819,1433.6741,1584.6262,1584.7587,1433.6743,1923.0103,1978.9739,1613.2168,1302.0564,1176.3344,1737.4486,1219.0859,1988.6024,1301.9669,1434.0809,1434.8281,1923.7565,1433.5974,1435.7035,1584.6492,2032.5133,1294.4615,1435.7037,1434.5802,722.0029,1922.9996,1435.0372,1577.9117,1584.7325,1413.7627,1301.8207
8220,1868.9385,1447.4097,1918.7738,1594.5057,1919.0503,1932.9318,1594.5469,1918.5723,1918.7936,1594.2412,1447.4412,1594.2986,1918.9899,1594.2433,1918.7814,1966.4542,2052.297,1467.2455,1594.2455,1944.9824,1918.7792,1447.6217,1594.2467,1960.7128,1447.4188,1447.5778,1465.7888,1316.7445,1169.6881,1447.4172,1447.7026,1918.6049,1939.0029,1155.3187,1919.1707,1968.6411,1368.3384,1627.5369,1594.714,1919.553,1448.3698,1477.2827,1918.6187,1460.7885,1624.2067,1594.2607,1303.7201,1349.0348,1447.256,1918.9009,1473.1829,1447.2589,1419.675,1608.3212,1620.1278,1075.8273,1081.2218,1305.9045,875.7643,1218.1202,1918.6313,1620.1348,940.4576,1448.1133,953.47363,1473.1284,1080.1558,1447.7588,731.3582,1447.5693,1608.3441,1419.892,1207.2769,1621.1667,1054.6786,1594.6592,1297.5664,1238.8729,1594.5632,1918.6355,1290.0847,1329.5879,870.9889,770.3383,1911.8746,1415.5502,936.3389,924.5446,1303.6096,1594.3031,1614.2783,874.19415,1984.6464,1496.494,1624.2517,1446.5236,2026.1134,1110.8804,1012.92755,1446.8048,1594.5275,1446.8071,1918.6522,1142.9613,1173.8158,1305.2987,1411.0405,1195.1177,2026.3344,1398.7327,1102.2891,844.1919,1913.4337,1096.4574,1896.1948,1233.8256,986.3489,1171.135,1118.3735,826.2911,1594.0942,1199.6079,1969.549,1475.7125,1446.0503,1257.6372,1918.5969,1445.6849,1056.2836,1593.8239,1640.7234,1918.7845,1446.139,1057.1377,1434.2502,1023.0009,1145.3118,1140.7737,1401.2374,1914.186,1383.4208,1162.0151,2014.8429,1109.8082,1301.5696,1303.6166,1136.4568,1036.7549,1091.0751,1240.6483,1140.7676,1119.9358,1123.4445,1160.6301,1006.3251,1303.6858,745.32196,1264.2399,1210.396,1430.3744,831.512,1162.7404,1921.6494,1329.6631,1134.7495,1117.7351,1049.476,2052.4885,1309.8175,1303.6896,1207.0724,1120.0874,1108.5972,1303.2837,1152.1825,2026.2582,1332.7831,1474.7136,1725.4675,1208.0536,1039.7948,1129.7843,1918.8513,2090.7861,1482.0436,1444.87,1918.9178,1623.4158,1918.6177,1464.8994,1593.877,1010.4696,1907.6606,1445.3246,1445.2045,1444.875,1919.4773,1444.8741,1352.983,1303.3054,1224.128,1968.725,1670.2009,1315.5153,1138.8022,1285.4167,1415.8516,1317.4153,1965.5813,1104.076,1593.3043,1918.8898,832.8568,1918.6077,1494.0238,1132.4607,1593.3005,1945.0165,1657.501,1932.2089,1445.7975,1470.8291,1468.1548,2182.425,1995.5938,845.46674,888.9603,1140.7003,1511.2649,2129.9316,923.1249,1201.9305,1918.3372,1952.6653,1593.6223,1938.5815,1757.9661,1030.4685,1444.9545,1642.9321,1948.7733,1593.7772,1976.347,1464.7194,1214.5239,1474.4423,1091.0201,1893.0825,1235.8799,1444.9585,1419.495,1285.0306,1769.8301,1315.2045,1444.4207,1052.1708,1105.7217,1343.9526,1301.2644,1918.1838,883.22345,1444.4501,1444.5348,1593.9418,1913.1642,1444.1301,1593.9468,1594.0121,1444.1304,1918.2062,1972.5425,1608.017,1303.5931,1188.0444,1737.4532,1232.2235,1983.8025,1303.5825,1444.5221,1444.8898,1918.3818,1444.0995,1445.5139,1593.9648,2026.575,1312.5316,1445.5143,1444.9617,725.868,1918.0159,1445.1887,1586.1526,1593.8651,1424.0258,1303.4452
8280,1869.6584,1457.082,1914.7518,1602.9951,1914.8881,1921.6355,1603.0355,1914.5701,1914.7653,1602.867,1457.119,1602.9141,1914.8706,1602.8685,1914.7589,1964.9528,2046.3752,1496.0737,1602.8716,1940.9775,1914.6833,1470.377,1602.8722,1935.3964,1457.0895,1476.944,1491.8691,1337.2438,1179.729,1457.0914,1457.2397,1914.6011,1944.7538,1162.5139,1914.8813,1972.7516,1377.031,1652.0803,1603.1132,1915.0745,1457.4761,1491.4557,1914.6161,1476.7559,1637.3173,1602.8887,1305.6172,1353.1321,1456.9341,1914.758,1482.854,1456.9365,1430.8783,1609.8057,1628.7498,1088.3,1088.0942,1320.7134,884.20215,1233.0885,1914.6296,1628.7568,954.364,1457.329,962.2303,1482.8059,1096.7585,1457.1575,735.8964,1457.0656,1609.8275,1433.6204,1213.6445,1616.1383,1062.9076,1603.098,1309.411,1243.2703,1603.0509,1914.6337,1301.1708,1331.5117,878.22815,776.6147,1911.7107,1429.0565,943.76025,937.8402,1305.539,1602.9277,1632.4539,882.534,1980.6385,1513.6848,1637.3597,1469.3447,2020.199,1120.2676,1020.2573,1456.3147,1603.0398,1456.317,1914.6499,1151.0264,1185.9348,1316.5289,1420.9031,1203.1957,2020.3972,1402.7587,1112.0986,852.23816,1912.072,1109.0771,1896.8622,1245.1337,1000.22046,1183.4795,1121.6995,834.3632,1602.5875,1206.7062,1973.1886,1489.9631,1455.6182,1264.4894,1914.6014,1455.4397,1069.517,1602.4554,1625.5293,1914.6951,1455.6643,1070.5219,1446.1595,1030.5298,1151.9596,1148.2079,1409.9493,1913.316,1389.0239,1174.0664,2008.7053,1117.6582,1303.6736,1305.5145,1147.1147,1050.3899,1104.401,1250.3616,1148.1841,1131.2247,1134.98,1171.5864,1013.5325,1305.5865,750.8004,1271.8102,1221.4677,1442.0272,838.7754,1170.0574,1942.0669,1331.5583,1135.11,1122.7504,1057.5647,2046.5458,1320.1682,1305.5901,1211.8737,1132.1033,1118.9644,1305.2145,1158.7551,2020.3202,1339.7256,1483.8267,1732.4166,1217.4008,1053.0363,1138.6388,1914.8336,2083.753,1492.6274,1454.5837,1914.8665,1626.5579,1914.6099,1484.1921,1602.5082,1015.89386,1908.3423,1454.8097,1454.7263,1454.5895,1915.206,1454.5894,1362.3046,1305.2532,1236.4777,1964.5437,1670.3356,1317.1239,1145.2351,1291.5266,1429.2338,1328.6837,1964.5132,1114.6776,1601.9391,1934.8348,840.61224,1914.5807,1511.7028,1142.6646,1601.9347,1940.987,1666.3499,1934.6853,1455.0453,1480.5413,1474.7903,2179.6814,1990.673,853.58325,896.30566,1148.1349,1513.8627,2122.7124,930.458,1212.6118,1934.3915,1964.6947,1602.0698,1937.6482,1762.767,1031.4431,1454.4363,1652.7543,1949.367,1602.3143,1976.3494,1483.9191,1223.9724,1488.7024,1104.3469,1888.923,1253.4524,1454.4471,1433.4481,1290.7041,1774.3842,1336.5209,1454.186,1065.778,1113.8777,1348.1759,1313.3208,1914.0759,890.44934,1454.035,1454.0768,1602.565,1917.0499,1453.88,1602.5696,1602.6017,1453.8802,1914.1737,1967.7065,1609.4954,1305.4639,1199.5596,1738.0242,1244.9388,1979.7723,1305.496,1454.2399,1454.421,1914.0717,1453.8724,1454.8964,1628.8468,2020.5741,1329.734,1454.8966,1454.6249,730.0131,1913.898,1454.7389,1593.86,1602.395,1434.5784,1305.3757
8340,1870.6263,1466.0587,1910.9337,1610.9071,1911.0009,1914.2466,1610.9475,1910.7701,1910.9437,1610.8461,1466.1005,1610.8884,1911.004,1610.8475,1910.9403,1935.5658,2040.6655,1523.929,1610.8508,1937.1737,1910.8351,1485.7888,1610.8512,1921.0991,1466.0659,1495.6074,1517.2771,1356.5969,1190.0875,1466.0701,1466.1512,1910.7976,1945.7482,1170.2891,1910.9377,1972.9377,1385.095,1667.8832,1610.9816,1911.0378,1466.1757,1502.6437,1910.8136,1488.828,1647.4989,1610.8696,1307.5375,1357.3818,1465.9154,1910.8867,1491.8287,1465.9176,1440.4873,1614.2725,1636.7249,1100.8307,1094.9412,1334.829,892.6435,1247.6447,1910.828,1636.7319,968.0599,1466.0845,971.02374,1491.7859,1111.9683,1466.0032,740.6164,1465.9592,1614.2937,1446.1173,1220.2996,1617.4005,1071.1732,1610.9855,1320.6803,1247.7979,1610.9623,1910.8318,1311.6774,1333.4458,885.4776,782.7697,1911.4442,1441.3345,951.5193,951.0185,1307.4783,1610.9064,1645.1267,890.8709,1976.8303,1526.363,1647.5397,1484.797,2014.494,1129.751,1027.1553,1465.2214,1610.9635,1465.2239,1910.8478,1159.4025,1197.9736,1327.2024,1430.4575,1211.0311,2014.6738,1406.8447,1121.8624,860.3143,1910.0101,1121.419,1897.1158,1256.1344,1013.76086,1195.7266,1124.9366,841.8737,1610.5049,1213.5409,1973.1453,1501.2222,1464.5779,1271.1366,1910.8049,1464.4915,1082.4509,1610.4409,1621.7935,1910.8523,1464.6033,1083.8966,1457.0349,1038.4961,1158.9929,1156.039,1418.0093,1911.8319,1394.0552,1186.122,2002.9991,1125.6627,1305.9824,1307.4294,1157.6909,1063.6495,1117.1149,1259.553,1156.008,1142.5034,1146.5364,1182.4087,1020.8746,1307.5035,756.3058,1279.2955,1232.0374,1452.7214,845.9004,1177.0837,1925.362,1333.4701,1135.7738,1127.5199,1065.6183,2040.8158,1330.4438,1307.507,1217.0337,1144.0002,1129.261,1307.1605,1165.2242,2014.5948,1346.1418,1492.1423,1738.7299,1226.7958,1066.1165,1147.4243,1911.0172,2076.8347,1502.0658,1463.5983,1911.0334,1629.661,1910.8073,1497.9149,1610.4933,1021.0273,1908.7692,1463.7119,1463.6444,1463.6046,1911.2574,1463.6049,1371.2505,1307.2125,1248.3301,1959.9695,1670.4443,1319.5797,1151.4001,1297.4746,1441.4467,1339.5072,1935.3264,1125.0801,1609.9279,1940.8339,848.45105,1910.7544,1524.6295,1152.973,1609.9231,1937.1584,1674.4365,1934.0579,1463.8308,1489.5531,1480.9482,2177.113,1985.7382,861.7462,903.6221,1155.9657,1516.347,2115.625,937.77747,1223.4178,1940.4596,1968.7817,1609.966,1935.3585,1766.7672,1033.0983,1463.3562,1661.3175,1947.828,1610.2515,1974.5183,1497.616,1233.0786,1499.9692,1117.0614,1884.6405,1270.7632,1463.3713,1446.0513,1296.228,1778.3329,1357.55,1463.247,1078.926,1122.0867,1352.2177,1324.8248,1910.2133,897.755,1463.01,1463.0306,1610.5413,1920.4924,1476.1039,1610.5457,1610.5615,1462.9371,1910.3406,1963.4761,1613.9563,1307.376,1210.7356,1738.7546,1257.2646,1975.9424,1307.43,1463.2592,1463.3484,1910.107,1462.9415,1463.7278,1649.7347,2014.81,1346.1486,1463.7281,1463.5946,734.39777,1910.0277,1463.6531,1600.9797,1610.3246,1443.7308,1307.329
8400,1872.0018,1437.2446,1898.6427,1605.856,1898.6759,1900.1571,1605.902,1898.4465,1898.6521,1605.8295,1437.3124,1605.874,1898.6991,1605.8312,1898.6499,1910.6531,2034.306,1511.5553,1605.8363,1924.8472,1898.4886,1460.1608,1605.8365,1903.653,1437.2563,1451.8333,1469.1481,1347.194,1199.9742,1437.2644,1437.3213,1898.4739,1935.784,1180.7957,1898.5453,1962.5757,1382.149,1633.8972,1605.9135,1898.6007,1457.0514,1474.9921,1898.4921,1461.6132,1643.5641,1605.8566,1351.9279,1343.9509,1437.1906,1898.5321,1463.0911,1437.1927,1435.8282,1607.5306,1631.7074,1091.9281,1145.7023,1333.5588,900.833,1248.3499,1898.5084,1631.7157,979.5299,1437.3175,979.3654,1463.1262,1106.0112,1437.2838,745.4861,1450.4312,1607.5548,1445.9409,1230.6373,1609.0869,1077.6694,1605.9312,1317.5361,1268.4905,1605.9197,1898.5128,1307.4445,1378.2335,891.72034,788.8651,1908.7778,1441.775,958.78143,963.72327,1352.2703,1605.8983,1622.7355,898.96027,1964.5051,1466.7521,1623.9218,1446.2988,2008.141,1138.878,1033.6353,1449.8372,1605.9281,1449.843,1898.5295,1159.1161,1210.6696,1323.5502,1477.3494,1215.1073,2008.304,1386.5991,1129.9846,867.70905,1903.2242,1124.3755,1895.9216,1263.4218,1017.7195,1202.7675,1128.0172,848.99023,1605.54,1220.2595,1962.6793,1473.7856,1436.0172,1268.0975,1898.4962,1435.9781,1092.7931,1605.5103,1611.0972,1898.5212,1436.0367,1087.4575,1441.4985,1047.523,1159.0553,1156.5143,1406.4529,1907.5925,1405.3872,1198.407,1998.8549,1130.5726,1340.9324,1351.2421,1168.2114,1074.367,1104.3806,1268.553,1156.4836,1153.6906,1158.1743,1192.1796,1042.5874,1351.7781,761.8356,1277.4716,1237.186,1438.5414,852.87714,1183.7576,1942.9539,1377.7446,1136.422,1131.9781,1073.1978,2034.4712,1354.1327,1351.7799,1238.1415,1154.4446,1139.0271,1351.4646,1186.7235,2008.2548,1364.7324,1499.8906,1742.6404,1233.5267,1078.5841,1154.5521,1898.7522,2069.8728,1474.539,1435.8674,1898.7603,1687.8118,1898.4957,1452.7454,1605.5695,1025.9916,1907.9529,1435.9261,1435.8378,1435.8754,1898.9668,1435.8757,1375.7542,1351.4558,1256.2482,1953.543,1667.5259,1343.2981,1156.9553,1298.8207,1441.777,1338.4321,1910.6497,1135.344,1605.0302,1913.3597,854.46765,1898.5564,1498.8237,1163.3097,1605.0261,1911.5524,1636.7672,1923.4324,1468.9009,1448.6653,1501.7201,2153.841,1983.2024,869.4921,911.76434,1156.455,1518.0743,2108.6306,949.4899,1236.755,1912.9269,1960.3806,1618.1388,1923.8221,1767.7771,1035.3015,1435.4598,1630.4581,1936.6603,1605.3389,1963.2062,1472.0686,1241.7592,1473.2262,1104.3301,1882.424,1284.096,1435.4839,1445.848,1303.1471,1777.1393,1358.3079,1435.4333,1081.8394,1128.2397,1372.9646,1332.2056,1898.1096,904.95154,1435.2275,1435.2378,1605.6666,1914.4078,1441.6764,1605.6722,1605.68,1435.199,1898.2938,1951.228,1607.3556,1350.9331,1221.8087,1755.352,1271.0344,1963.9221,1351.4578,1435.5879,1448.796,1898.0319,1435.221,1455.7893,1624.9594,2008.4507,1320.2284,1436.043,1435.9773,738.9839,1898.0,1436.0138,1602.9452,1605.5764,1450.8088,1364.632
8460,1873.6277,1418.7728,1892.0272,1636.7843,1912.1499,1892.6459,1636.8062,1891.8043,1892.036,1636.7699,1418.8457,1636.7921,1892.0706,1636.7704,1892.0338,1897.8146,2030.3997,1493.4293,1636.7715,1918.2004,1891.8324,1443.2466,1636.7716,1894.499,1418.7852,1425.9933,1447.3947,1336.1034,1208.8844,1418.7935,1418.8358,1891.8276,1930.2974,1193.8356,1891.8651,1956.8917,1383.4808,1650.5757,1669.6172,1925.409,1448.2646,1457.0907,1891.848,1443.928,1675.0166,1636.7826,1387.6154,1343.8232,1418.7633,1911.978,1444.6565,1418.7655,1433.7557,1637.6062,1662.6238,1093.1144,1140.599,1329.5723,922.1326,1247.4016,1891.8656,1662.6302,989.82587,1451.7792,990.0547,1444.733,1101.2136,1418.8643,750.50507,1438.4977,1637.6221,1438.6484,1243.7574,1638.3752,1085.4597,1636.8228,1316.0381,1287.9954,1656.5009,1891.8696,1304.7114,1413.9885,900.7179,796.5003,1905.7618,1435.5287,967.0849,975.78735,1388.0293,1636.8057,1645.0884,907.11273,1957.855,1433.1438,1645.6724,1423.0776,2004.2211,1147.7042,1040.0637,1437.9836,1636.8203,1437.9908,1891.8857,1161.8353,1235.5146,1321.4493,1479.9834,1218.1268,2004.4149,1374.6514,1138.4222,875.23676,1898.9894,1128.1053,1896.3389,1268.3295,1024.1853,1206.5336,1131.0338,860.3837,1636.4186,1226.9495,1956.9432,1456.0197,1430.8633,1266.6144,1891.8563,1417.6862,1101.2443,1636.4032,1639.1511,1891.8699,1417.7177,1091.285,1428.3469,1056.6097,1161.122,1157.677,1399.2643,1902.7892,1418.2152,1220.2532,2000.4454,1135.3491,1364.6846,1386.6212,1178.767,1083.0009,1097.2203,1277.1473,1157.6493,1165.2444,1173.2942,1200.6385,1049.8667,1387.267,767.59265,1277.2836,1240.5426,1426.8702,871.30133,1190.234,1923.483,1413.2305,1137.4071,1136.2421,1081.5094,2030.6157,1368.0934,1387.2684,1257.495,1163.0205,1148.2552,1386.9531,1196.678,2004.4032,1379.7113,1506.6324,1744.5214,1238.5413,1089.713,1162.4508,1892.1388,2063.1074,1456.7085,1417.941,1912.2491,1673.9487,1905.2589,1426.2396,1636.4293,1030.9053,1906.2623,1450.8763,1417.8822,1417.9485,1925.8645,1417.9489,1392.8014,1386.9031,1261.6423,1947.8596,1665.9209,1368.8184,1162.4387,1301.8438,1468.4188,1336.2416,1897.9358,1145.8417,1635.8428,1899.2694,862.24774,1891.9827,1481.835,1173.5135,1635.8411,1911.7852,1651.4567,1917.6309,1467.1031,1424.2631,1507.2902,2147.6406,1976.6282,915.7444,919.9039,1157.6274,1519.6073,2101.676,957.807,1249.453,1898.7899,1955.6532,1655.419,1917.5547,1780.1792,1037.9553,1417.4694,1648.4849,1930.5736,1636.127,1957.0465,1455.2281,1252.021,1455.7976,1097.171,1882.9374,1293.0275,1417.4955,1438.5519,1309.375,1788.3274,1356.1165,1417.4791,1085.4589,1134.6158,1392.3442,1328.8204,1891.5922,914.6388,1430.4539,1417.2979,1636.4127,1909.5393,1420.4713,1636.4147,1636.4186,1417.2847,1891.8143,1944.6482,1637.2406,1399.523,1232.