keys,corridor_constructionYardNorth_squareNorth,home_c65,home_c113,home_c66,home_c114,home_c63,home_c115,home_c64,home_c116,home_c69,home_c117,home_c118,home_Sasha,home_c67,home_c119,home_c68,home_Rui,bioengineeringHeadquarters,home_c72,home_Boulos,home_c73,home_c110,home_c70,home_c111,home_c71,home_c112,farm,industryHeadquarters,electrolysisStationSouth,home_c76,home_c102,home_c77,home_c103,corridor_rescueStationWest_mainControlRoom,home_c74,home_c104,corridor_squareSouth_mainControlRoom,home_c75,home_c105,home_c106,home_c107,home_c78,home_c108,home_c79,home_c109,home_c80,home_Evan,excavationShaftB,home_c83,home_c84,home_c100,home_c81,corridor_squareSouth_securityCheckCenter,home_c101,home_c82,excavationShaftA,corridor_securityCheckEast_rescueStationNorth,corridor_constructionYardSouth_excavationShaftB,corridor_outerBarrierCenter_outerBarrierWest,corridor_constructionYardSouth_techSchool,home_c87,home_c88,corridor_reservoirWest_excavationShaftA,home_c85,outerBarrierCenter,home_c86,miningHeadquarters,home_c89,observatory,home_c90,home_c91,home_AmmServer,corridor_reservoirEast_mainControlRoom,home_c94,corridor_miningSchool_securityCheckEast,home_c95,corridor_squareSouth_rescueStationSouth,corridor_mainControlRoom_reservoirEast,home_c92,home_c93,corridor_squareSouth_miningSchool,home_Peiyu,cemetery,corridor_outerBarrierWest_observatory,fineFoodStore-1,home_JwlServer,corridor_recycleFacilityWest_outerBarrierWest,reservoirWest,home_Kasem,home_c98,home_c124,corridor_outerBarrierCenter_spacePort,home_c99,home_c125,home_c96,home_c97,home_Yuhoa,corridor_outerBarrierCenter_outerBarrierEast,corridor_recycleFacilityWest_electrolysisStationNorth,home_c120,home_c121,home_c122,home_c123,techSchool,welfareStationEast,corridor_squareSouth_electrolysisStationSouth,corridor_squareNorth_securityCheckWest,corridor_miningSchool_excavationShaftB,home_Vaeme,home_Dion,corridor_miningSchool_rescueStationSouth,corridor_spacePort_outerBarrierCenter,tavern,corridor_excavationShaftA_securityCheckWest,corridor_welfareStationWest_squareNorth,corridor_electrolysisStationSouth_squareSouth,corridor_excavationShaftA_reservoirWest,corridor_techSchool_constructionYardSouth,corridor_tankArray_recycleFacilityEast,infrastructureHeadquarters,home_c0,corridor_rescueStationNorth_recycleFacilityEast,home_c2,home_c1,home_c4,corridor_excavationShaftB_miningSchool,home_c3,home_c6,corridor_rescueStationWest_excavationShaftA,home_c5,home_c8,home_c7,home_c9,corridor_excavationShaftA_rescueStationWest,ammoniaShop,corridor_securityCheckEast_miningSchool,educationHeadquarters,home_Eugene,squareSouth,home_RstSupplier,corridor_securityCheckCenter_mainControlRoom,home_DrHess,constructionYardNorth,corridor_techSchool_miningSchool,mainControlRoom,home_Charles,corridor_reservoirEast_electrolysisStationSouth,corridor_theEngine_excavationShaftA,home_Maisarah,corridor_outerBarrierEast_outerBarrierCenter,home_teacher2,corridor_rescueStationSouth_welfareStationEast,corridor_welfareStationEast_rescueStationSouth,rescueStationSouth,securityCheckEast,home_ctrler,corridor_observatory_outerBarrierWest,corridor_excavationShaftB_rescueStationSouth,corridor_miningSchool_squareSouth,diamondShop,outerBarrierWest,corridor_recycleFacilityEast_rescueStationNorth,home_RstServer,home_Muos,tankArray,corridor_recycleFacilityEast_tankArray,recycleFacilityWest,home_Megaros,corridor_securityCheckWest_squareNorth,home_Kae,corridor_mainControlRoom_rescueStationWest,corridor_securityCheckWest_excavationShaftA,corridor_rescueStationSouth_miningSchool,home_Alina,corridor_rescueStationNorth_securityCheckEast,home_Krailin,corridor_mainControlRoom_squareSouth,outerBarrierEast,corridor_outerBarrierEast_asteroidMine,corridor_rescueStationSouth_excavationShaftB,theEngine,miningSchool,home_c18,welfareStationWest,home_c19,home_c16,home_c17,corridor_securityCheckCenter_market,home_Agros,home_c10,home_c11,corridor_electrolysisStationNorth_recycleFacilityWest,home_Chef,home_c14,home_JwlSupplier,home_c15,home_c12,home_c13,corridor_squareNorth_recycleFacilityWest,home_Bahriye,corridor_rescueStationSouth_squareSouth,corridor_market_constructionYardNorth,corridor_market_rescueStationNorth,interiorHeadquarters,recycleFacilityEast,safetyHeadquarters,home_Jeweler,corridor_excavationShaftB_constructionYardSouth,home_c29,rescueStationWest,home_c27,home_c28,spacePort,home_c21,home_c22,corridor_electrolysisStationSouth_reservoirEast,home_c20,home_c25,home_c26,home_c23,home_AmmSupplier,home_c24,securityCheckCenter,asteroidMine,corridor_constructionYardNorth_market,corridor_outerBarrierWest_outerBarrierCenter,corridor_cemetery_securityCheckEast,home_Jan,corridor_rescueStationNorth_market,home_DrPaik,corridor_securityCheckEast_cemetery,securityCheckWest,home_Lynn,home_c38,home_c39,home_c32,corridor_squareNorth_constructionYardNorth,electrolysisStationNorth,home_c33,home_c30,home_c31,home_c36,home_c37,home_c34,corridor_recycleFacilityWest_squareNorth,home_c35,home_Metros,market,corridor_reservoirEast_farm,home_c40,home_Chemist,rescueStationNorth,corridor_squareNorth_welfareStationWest,corridor_farm_reservoirEast,home_c49,corridor_excavationShaftA_theEngine,corridor_miningSchool_techSchool,corridor_mainControlRoom_securityCheckCenter,corridor_squareSouth_welfareStationEast,home_c43,corridor_outerBarrierWest_recycleFacilityWest,home_c44,home_c41,home_c42,corridor_asteroidMine_outerBarrierEast,home_c47,home_c48,home_c45,home_c46,home_Hans,home_c50,home_c51,home_Indu,reservoirEast,corridor_market_securityCheckCenter,corridor_welfareStationEast_squareSouth,home_Yuri,home_Hiroshi,home_c54,home_c55,home_c52,home_c53,home_c58,home_c59,home_Salvor,constructionYardSouth,home_c56,home_c57,home_observer,home_c61,home_c62,squareNorth,home_c60,corridor_securityCheckCenter_squareSouth,home_Astinomis
2940,0.0,0.0,0.0,0.0,0.0,0.0,0.0,0.0,0.0,0.0,0.0,0.0,0.0,0.0,0.0,0.0,0.0,1.91634719E11,0.0,0.0,0.0,0.0,0.0,0.0,0.0,0.0,1.14980828E12,1.91634719E11,3.83269437E11,0.0,0.0,0.0,0.0,0.0,0.0,0.0,0.0,0.0,0.0,0.0,0.0,0.0,0.0,0.0,0.0,0.0,0.0,5.30170446E11,0.0,0.0,0.0,0.0,0.0,0.0,0.0,4.95863398E11,0.0,0.0,0.0,0.0,0.0,0.0,0.0,0.0,1.91533482E11,0.0,1.91634719E11,0.0,1.73377487E11,0.0,0.0,0.0,0.0,0.0,0.0,0.0,0.0,0.0,0.0,0.0,0.0,0.0,0.0,0.0,1.91634719E11,0.0,0.0,0.0,0.0,0.0,0.0,0.0,0.0,0.0,0.0,0.0,0.0,0.0,0.0,0.0,0.0,0.0,0.0,1.91634719E11,3.8325869E11,0.0,0.0,0.0,0.0,0.0,0.0,0.0,1.91634719E11,0.0,0.0,0.0,0.0,0.0,0.0,1.91634719E11,0.0,0.0,0.0,0.0,0.0,0.0,0.0,0.0,0.0,0.0,0.0,0.0,0.0,0.0,1.91634719E11,0.0,1.91634719E11,0.0,0.0,0.0,0.0,0.0,1.91634719E11,0.0,3.83269437E11,0.0,0.0,0.0,0.0,0.0,0.0,0.0,0.0,3.83269437E11,3.83269437E11,0.0,0.0,0.0,0.0,1.91634719E11,1.6718445E11,0.0,0.0,0.0,0.0,0.0,1.91634719E11,0.0,0.0,0.0,0.0,0.0,0.0,0.0,0.0,0.0,0.0,1.91572132E11,0.0,0.0,3.27275276E12,1.91634719E11,0.0,3.83269437E11,0.0,0.0,0.0,0.0,0.0,0.0,0.0,0.0,0.0,0.0,0.0,0.0,0.0,0.0,0.0,0.0,0.0,0.0,0.0,1.91634719E11,1.91634719E11,1.91634719E11,0.0,0.0,0.0,3.83269437E11,0.0,0.0,1.91634719E11,0.0,0.0,0.0,0.0,0.0,0.0,0.0,0.0,0.0,3.83269437E11,5.6577386E11,0.0,0.0,0.0,0.0,0.0,0.0,0.0,3.83269437E11,0.0,0.0,0.0,0.0,0.0,3.83269437E11,0.0,0.0,0.0,0.0,0.0,0.0,0.0,0.0,0.0,1.91634719E11,0.0,0.0,0.0,3.83269437E11,0.0,0.0,0.0,0.0,0.0,0.0,0.0,0.0,0.0,0.0,0.0,0.0,0.0,0.0,0.0,0.0,0.0,0.0,0.0,0.0,0.0,0.0,0.0,0.0,0.0,0.0,0.0,0.0,0.0,0.0,0.0,0.0,0.0,1.91634719E11,0.0,0.0,0.0,0.0,0.0,0.0,0.0,0.0,0.0
3000,0.0,0.0,0.0,0.0,0.0,0.0,0.0,0.0,0.0,0.0,0.0,0.0,0.0,0.0,0.0,0.0,0.0,1.99914127E11,0.0,0.0,0.0,0.0,0.0,0.0,0.0,0.0,1.1994847E12,1.99914127E11,3.99828255E11,0.0,0.0,0.0,0.0,0.0,0.0,0.0,0.0,0.0,0.0,0.0,0.0,0.0,0.0,0.0,0.0,0.0,0.0,5.5560556E11,0.0,0.0,0.0,0.0,0.0,0.0,0.0,5.20726774E11,0.0,0.0,0.0,0.0,0.0,0.0,0.0,0.0,1.99849329E11,0.0,1.99914127E11,0.0,1.83940776E11,0.0,0.0,0.0,0.0,0.0,0.0,0.0,0.0,0.0,0.0,0.0,0.0,0.0,0.0,0.0,1.99914127E11,0.0,0.0,0.0,0.0,0.0,0.0,0.0,0.0,0.0,0.0,0.0,0.0,0.0,0.0,0.0,0.0,0.0,0.0,1.99914127E11,3.99821373E11,0.0,0.0,0.0,0.0,0.0,0.0,0.0,1.99914127E11,0.0,0.0,0.0,0.0,0.0,0.0,1.99914127E11,0.0,0.0,0.0,0.0,0.0,0.0,0.0,0.0,0.0,0.0,0.0,0.0,0.0,0.0,1.99914127E11,0.0,1.99914127E11,0.0,0.0,0.0,0.0,0.0,1.99914127E11,0.0,3.99828255E11,0.0,0.0,0.0,0.0,0.0,0.0,0.0,0.0,3.99828255E11,3.99828255E11,0.0,0.0,0.0,0.0,1.99914127E11,1.7630906E11,0.0,0.0,0.0,0.0,0.0,1.99914127E11,0.0,0.0,0.0,0.0,0.0,0.0,0.0,0.0,0.0,0.0,1.99874068E11,0.0,0.0,3.21198411E12,1.99914127E11,0.0,3.99828255E11,0.0,0.0,0.0,0.0,0.0,0.0,0.0,0.0,0.0,0.0,0.0,0.0,0.0,0.0,0.0,0.0,0.0,0.0,0.0,1.99914127E11,1.99914127E11,1.99914127E11,0.0,0.0,0.0,3.99828255E11,0.0,0.0,1.99914127E11,0.0,0.0,0.0,0.0,0.0,0.0,0.0,0.0,0.0,3.99828255E11,5.9082552E11,0.0,0.0,0.0,0.0,0.0,0.0,0.0,3.99828255E11,0.0,0.0,0.0,0.0,0.0,3.99828255E11,0.0,0.0,0.0,0.0,0.0,0.0,0.0,0.0,0.0,1.99914127E11,0.0,0.0,0.0,3.99828255E11,0.0,0.0,0.0,0.0,0.0,0.0,0.0,0.0,0.0,0.0,0.0,0.0,0.0,0.0,0.0,0.0,0.0,0.0,0.0,0.0,0.0,0.0,0.0,0.0,0.0,0.0,0.0,0.0,0.0,0.0,0.0,0.0,0.0,1.99914127E11,0.0,0.0,0.0,0.0,0.0,0.0,0.0,0.0,0.0
3060,0.0,0.0,0.0,0.0,0.0,0.0,0.0,0.0,0.0,0.0,0.0,0.0,0.0,0.0,0.0,0.0,0.0,2.07542485E11,0.0,0.0,0.0,0.0,0.0,0.0,0.0,0.0,1.24525491E12,2.07542485E11,4.1508497E11,0.0,0.0,0.0,0.0,0.0,0.0,0.0,0.0,0.0,0.0,0.0,0.0,0.0,0.0,0.0,0.0,0.0,0.0,5.7904182E11,0.0,0.0,0.0,0.0,0.0,0.0,0.0,5.43661687E11,0.0,0.0,0.0,0.0,0.0,0.0,0.0,0.0,2.07501017E11,0.0,2.07542485E11,0.0,1.93324302E11,0.0,0.0,0.0,0.0,0.0,0.0,0.0,0.0,0.0,0.0,0.0,0.0,0.0,0.0,0.0,2.07542485E11,0.0,0.0,0.0,0.0,0.0,0.0,0.0,0.0,0.0,0.0,0.0,0.0,0.0,0.0,0.0,0.0,0.0,0.0,2.07542485E11,4.15080546E11,0.0,0.0,0.0,0.0,0.0,0.0,0.0,2.07542485E11,0.0,0.0,0.0,0.0,0.0,0.0,2.07542485E11,0.0,0.0,0.0,0.0,0.0,0.0,0.0,0.0,0.0,0.0,0.0,0.0,0.0,0.0,2.07542485E11,0.0,2.07542485E11,0.0,0.0,0.0,0.0,0.0,2.07542485E11,0.0,4.1508497E11,0.0,0.0,0.0,0.0,0.0,0.0,0.0,0.0,4.1508497E11,4.1508497E11,0.0,0.0,0.0,0.0,2.07542485E11,1.84706712E11,0.0,0.0,0.0,0.0,0.0,2.07542485E11,0.0,0.0,0.0,0.0,0.0,0.0,0.0,0.0,0.0,0.0,2.07516844E11,0.0,0.0,3.21822628E12,2.07542485E11,0.0,4.1508497E11,0.0,0.0,0.0,0.0,0.0,0.0,0.0,0.0,0.0,0.0,0.0,0.0,0.0,0.0,0.0,0.0,0.0,0.0,0.0,2.07542485E11,2.07542485E11,2.07542485E11,0.0,0.0,0.0,4.1508497E11,0.0,0.0,2.07542485E11,0.0,0.0,0.0,0.0,0.0,0.0,0.0,0.0,0.0,4.1508497E11,6.1390042E11,0.0,0.0,0.0,0.0,0.0,0.0,0.0,4.1508497E11,0.0,0.0,0.0,0.0,0.0,4.1508497E11,0.0,0.0,0.0,0.0,0.0,0.0,0.0,0.0,0.0,2.07542485E11,0.0,0.0,0.0,4.1508497E11,0.0,0.0,0.0,0.0,0.0,0.0,0.0,0.0,0.0,0.0,0.0,0.0,0.0,0.0,0.0,0.0,0.0,0.0,0.0,0.0,0.0,0.0,0.0,0.0,0.0,0.0,0.0,0.0,0.0,0.0,0.0,0.0,0.0,2.07542485E11,0.0,0.0,0.0,0.0,0.0,0.0,0.0,0.0,0.0
3120,0.0,0.0,0.0,0.0,0.0,0.0,0.0,0.0,0.0,0.0,0.0,0.0,0.0,0.0,0.0,0.0,0.0,2.14898557E11,0.0,0.0,0.0,0.0,0.0,0.0,0.0,0.0,1.28939131E12,2.14898557E11,4.29797114E11,0.0,0.0,0.0,0.0,0.0,0.0,0.0,0.0,0.0,0.0,0.0,0.0,0.0,0.0,0.0,0.0,0.0,0.0,6.0162271E11,0.0,0.0,0.0,0.0,0.0,0.0,0.0,5.6582557E11,0.0,0.0,0.0,0.0,0.0,0.0,0.0,0.0,2.14872031E11,0.0,2.14898557E11,0.0,2.02047013E11,0.0,0.0,0.0,0.0,0.0,0.0,0.0,0.0,0.0,0.0,0.0,0.0,0.0,0.0,0.0,2.14898557E11,0.0,0.0,0.0,0.0,0.0,0.0,0.0,0.0,0.0,0.0,0.0,0.0,0.0,0.0,0.0,0.0,0.0,0.0,2.14898557E11,4.29794296E11,0.0,0.0,0.0,0.0,0.0,0.0,0.0,2.14898557E11,0.0,0.0,0.0,0.0,0.0,0.0,2.14898557E11,0.0,0.0,0.0,0.0,0.0,0.0,0.0,0.0,0.0,0.0,0.0,0.0,0.0,0.0,2.14898557E11,0.0,2.14898557E11,0.0,0.0,0.0,0.0,0.0,2.14898557E11,0.0,4.29797114E11,0.0,0.0,0.0,0.0,0.0,0.0,0.0,0.0,4.29797114E11,4.29797114E11,0.0,0.0,0.0,0.0,2.14898557E11,1.92764051E11,0.0,0.0,0.0,0.0,0.0,2.14898557E11,0.0,0.0,0.0,0.0,0.0,0.0,0.0,0.0,0.0,0.0,2.14882157E11,0.0,0.0,3.25767843E12,2.14898557E11,0.0,4.29797114E11,0.0,0.0,0.0,0.0,0.0,0.0,0.0,0.0,0.0,0.0,0.0,0.0,0.0,0.0,0.0,0.0,0.0,0.0,0.0,2.14898557E11,2.14898557E11,2.14898557E11,0.0,0.0,0.0,4.29797114E11,0.0,0.0,2.14898557E11,0.0,0.0,0.0,0.0,0.0,0.0,0.0,0.0,0.0,4.29797114E11,6.3613993E11,0.0,0.0,0.0,0.0,0.0,0.0,0.0,4.29797114E11,0.0,0.0,0.0,0.0,0.0,4.29797114E11,0.0,0.0,0.0,0.0,0.0,0.0,0.0,0.0,0.0,2.14898557E11,0.0,0.0,0.0,4.29797114E11,0.0,0.0,0.0,0.0,0.0,0.0,0.0,0.0,0.0,0.0,0.0,0.0,0.0,0.0,0.0,0.0,0.0,0.0,0.0,0.0,0.0,0.0,0.0,0.0,0.0,0.0,0.0,0.0,0.0,0.0,0.0,0.0,0.0,2.14898557E11,0.0,0.0,0.0,0.0,0.0,0.0,0.0,0.0,0.0
3180,0.0,0.0,0.0,0.0,0.0,0.0,0.0,0.0,0.0,0.0,0.0,0.0,0.0,0.0,0.0,0.0,0.0,2.22167171E11,0.0,0.0,0.0,0.0,0.0,0.0,0.0,0.0,1.33300303E12,2.22167171E11,4.44334342E11,0.0,0.0,0.0,0.0,0.0,0.0,0.0,0.0,0.0,0.0,0.0,0.0,0.0,0.0,0.0,0.0,0.0,0.0,6.2390796E11,0.0,0.0,0.0,0.0,0.0,0.0,0.0,5.8777063E11,0.0,0.0,0.0,0.0,0.0,0.0,0.0,0.0,2.22150181E11,0.0,2.22167171E11,0.0,2.10394792E11,0.0,0.0,0.0,0.0,0.0,0.0,0.0,0.0,0.0,0.0,0.0,0.0,0.0,0.0,0.0,2.22167171E11,0.0,0.0,0.0,0.0,0.0,0.0,0.0,0.0,0.0,0.0,0.0,0.0,0.0,0.0,0.0,0.0,0.0,0.0,2.22167171E11,4.4433254E11,0.0,0.0,0.0,0.0,0.0,0.0,0.0,2.22167171E11,0.0,0.0,0.0,0.0,0.0,0.0,2.22167171E11,0.0,0.0,0.0,0.0,0.0,0.0,0.0,0.0,0.0,0.0,0.0,0.0,0.0,0.0,2.22167171E11,0.0,2.22167171E11,0.0,0.0,0.0,0.0,0.0,2.22167171E11,0.0,4.44334342E11,0.0,0.0,0.0,0.0,0.0,0.0,0.0,0.0,4.44334342E11,4.44334342E11,0.0,0.0,0.0,0.0,2.22167171E11,2.00673427E11,0.0,0.0,0.0,0.0,0.0,2.22167171E11,0.0,0.0,0.0,0.0,0.0,0.0,0.0,0.0,0.0,0.0,2.22156669E11,0.0,0.0,3.31398486E12,2.22167171E11,0.0,4.44334342E11,0.0,0.0,0.0,0.0,0.0,0.0,0.0,0.0,0.0,0.0,0.0,0.0,0.0,0.0,0.0,0.0,0.0,0.0,0.0,2.22167171E11,2.22167171E11,2.22167171E11,0.0,0.0,0.0,4.44334342E11,0.0,0.0,2.22167171E11,0.0,0.0,0.0,0.0,0.0,0.0,0.0,0.0,0.0,4.44334342E11,6.5810229E11,0.0,0.0,0.0,0.0,0.0,0.0,0.0,4.44334342E11,0.0,0.0,0.0,0.0,0.0,4.44334342E11,0.0,0.0,0.0,0.0,0.0,0.0,0.0,0.0,0.0,2.22167171E11,0.0,0.0,0.0,4.44334342E11,0.0,0.0,0.0,0.0,0.0,0.0,0.0,0.0,0.0,0.0,0.0,0.0,0.0,0.0,0.0,0.0,0.0,0.0,0.0,0.0,0.0,0.0,0.0,0.0,0.0,0.0,0.0,0.0,0.0,0.0,0.0,0.0,0.0,2.22167171E11,0.0,0.0,0.0,0.0,0.0,0.0,0.0,0.0,0.0
3240,0.0,0.0,0.0,0.0,0.0,0.0,0.0,0.0,0.0,0.0,0.0,0.0,0.0,0.0,0.0,0.0,0.0,2.29439324E11,0.0,0.0,0.0,0.0,0.0,0.0,0.0,0.0,1.37663598E12,2.29439324E11,4.58878648E11,0.0,0.0,0.0,0.0,0.0,0.0,0.0,0.0,0.0,0.0,0.0,0.0,0.0,0.0,0.0,0.0,0.0,0.0,6.4617408E11,0.0,0.0,0.0,0.0,0.0,0.0,0.0,6.097594E11,0.0,0.0,0.0,0.0,0.0,0.0,0.0,0.0,2.29428445E11,0.0,2.29439324E11,0.0,2.18531578E11,0.0,0.0,0.0,0.0,0.0,0.0,0.0,0.0,0.0,0.0,0.0,0.0,0.0,0.0,0.0,2.29439324E11,0.0,0.0,0.0,0.0,0.0,0.0,0.0,0.0,0.0,0.0,0.0,0.0,0.0,0.0,0.0,0.0,0.0,0.0,2.29439324E11,4.58877501E11,0.0,0.0,0.0,0.0,0.0,0.0,0.0,2.29439324E11,0.0,0.0,0.0,0.0,0.0,0.0,2.29439324E11,0.0,0.0,0.0,0.0,0.0,0.0,0.0,0.0,0.0,0.0,0.0,0.0,0.0,0.0,2.29439324E11,0.0,2.29439324E11,0.0,0.0,0.0,0.0,0.0,2.29439324E11,0.0,4.58878648E11,0.0,0.0,0.0,0.0,0.0,0.0,0.0,0.0,4.58878648E11,4.58878648E11,0.0,0.0,0.0,0.0,2.29439324E11,2.08532881E11,0.0,0.0,0.0,0.0,0.0,2.29439324E11,0.0,0.0,0.0,0.0,0.0,0.0,0.0,0.0,0.0,0.0,2.29432607E11,0.0,0.0,3.37858501E12,2.29439324E11,0.0,4.58878648E11,0.0,0.0,0.0,0.0,0.0,0.0,0.0,0.0,0.0,0.0,0.0,0.0,0.0,0.0,0.0,0.0,0.0,0.0,0.0,2.29439324E11,2.29439324E11,2.29439324E11,0.0,0.0,0.0,4.58878648E11,0.0,0.0,2.29439324E11,0.0,0.0,0.0,0.0,0.0,0.0,0.0,0.0,0.0,4.58878648E11,6.8006347E11,0.0,0.0,0.0,0.0,0.0,0.0,0.0,4.58878648E11,0.0,0.0,0.0,0.0,0.0,4.58878648E11,0.0,0.0,0.0,0.0,0.0,0.0,0.0,0.0,0.0,2.29439324E11,0.0,0.0,0.0,4.58878648E11,0.0,0.0,0.0,0.0,0.0,0.0,0.0,0.0,0.0,0.0,0.0,0.0,0.0,0.0,0.0,0.0,0.0,0.0,0.0,0.0,0.0,0.0,0.0,0.0,0.0,0.0,0.0,0.0,0.0,0.0,0.0,0.0,0.0,2.29439324E11,0.0,0.0,0.0,0.0,0.0,0.0,0.0,0.0,0.0
3300,0.0,0.0,0.0,0.0,0.0,0.0,0.0,0.0,0.0,0.0,0.0,0.0,0.0,0.0,0.0,0.0,0.0,2.36757271E11,0.0,0.0,0.0,0.0,0.0,0.0,0.0,0.0,1.42054366E12,2.36757271E11,4.73514541E11,0.0,0.0,0.0,0.0,0.0,0.0,0.0,0.0,0.0,0.0,0.0,0.0,0.0,0.0,0.0,0.0,0.0,0.0,6.6855207E11,0.0,0.0,0.0,0.0,0.0,0.0,0.0,6.3190735E11,0.0,0.0,0.0,0.0,0.0,0.0,0.0,0.0,2.36750324E11,0.0,2.36757271E11,0.0,2.26552398E11,0.0,0.0,0.0,0.0,0.0,0.0,0.0,0.0,0.0,0.0,0.0,0.0,0.0,0.0,0.0,2.36757271E11,0.0,0.0,0.0,0.0,0.0,0.0,0.0,0.0,0.0,0.0,0.0,0.0,0.0,0.0,0.0,0.0,0.0,0.0,2.36757271E11,4.7351382E11,0.0,0.0,0.0,0.0,0.0,0.0,0.0,2.36757271E11,0.0,0.0,0.0,0.0,0.0,0.0,2.36757271E11,0.0,0.0,0.0,0.0,0.0,0.0,0.0,0.0,0.0,0.0,0.0,0.0,0.0,0.0,2.36757271E11,0.0,2.36757271E11,0.0,0.0,0.0,0.0,0.0,2.36757271E11,0.0,4.73514541E11,0.0,0.0,0.0,0.0,0.0,0.0,0.0,0.0,4.73514541E11,4.73514541E11,0.0,0.0,0.0,0.0,2.36757271E11,2.1639091E11,0.0,0.0,0.0,0.0,0.0,2.36757271E11,0.0,0.0,0.0,0.0,0.0,0.0,0.0,0.0,0.0,0.0,2.36752978E11,0.0,0.0,3.44688348E12,2.36757271E11,0.0,4.73514541E11,0.0,0.0,0.0,0.0,0.0,0.0,0.0,0.0,0.0,0.0,0.0,0.0,0.0,0.0,0.0,0.0,0.0,0.0,0.0,2.36757271E11,2.36757271E11,2.36757271E11,0.0,0.0,0.0,4.73514541E11,0.0,0.0,2.36757271E11,0.0,0.0,0.0,0.0,0.0,0.0,0.0,0.0,0.0,4.73514541E11,7.0215238E11,0.0,0.0,0.0,0.0,0.0,0.0,0.0,4.73514541E11,0.0,0.0,0.0,0.0,0.0,4.73514541E11,0.0,0.0,0.0,0.0,0.0,0.0,0.0,0.0,0.0,2.36757271E11,0.0,0.0,0.0,4.73514541E11,0.0,0.0,0.0,0.0,0.0,0.0,0.0,0.0,0.0,0.0,0.0,0.0,0.0,0.0,0.0,0.0,0.0,0.0,0.0,0.0,0.0,0.0,0.0,0.0,0.0,0.0,0.0,0.0,0.0,0.0,0.0,0.0,0.0,2.36757271E11,0.0,0.0,0.0,0.0,0.0,0.0,0.0,0.0,0.0
3360,0.0,0.0,0.0,0.0,0.0,0.0,0.0,0.0,0.0,0.0,0.0,0.0,0.0,0.0,0.0,0.0,0.0,2.44137476E11,0.0,0.0,0.0,0.0,0.0,0.0,0.0,0.0,1.46482489E12,2.44137476E11,4.88274952E11,0.0,0.0,0.0,0.0,0.0,0.0,0.0,0.0,0.0,0.0,0.0,0.0,0.0,0.0,0.0,0.0,0.0,0.0,6.9109481E11,0.0,0.0,0.0,0.0,0.0,0.0,0.0,6.5425441E11,0.0,0.0,0.0,0.0,0.0,0.0,0.0,0.0,2.44133036E11,0.0,2.44137476E11,0.0,2.34512073E11,0.0,0.0,0.0,0.0,0.0,0.0,0.0,0.0,0.0,0.0,0.0,0.0,0.0,0.0,0.0,2.44137476E11,0.0,0.0,0.0,0.0,0.0,0.0,0.0,0.0,0.0,0.0,0.0,0.0,0.0,0.0,0.0,0.0,0.0,0.0,2.44137476E11,4.88274493E11,0.0,0.0,0.0,0.0,0.0,0.0,0.0,2.44137476E11,0.0,0.0,0.0,0.0,0.0,0.0,2.44137476E11,0.0,0.0,0.0,0.0,0.0,0.0,0.0,0.0,0.0,0.0,0.0,0.0,0.0,0.0,2.44137476E11,0.0,2.44137476E11,0.0,0.0,0.0,0.0,0.0,2.44137476E11,0.0,4.88274952E11,0.0,0.0,0.0,0.0,0.0,0.0,0.0,0.0,4.88274952E11,4.88274952E11,0.0,0.0,0.0,0.0,2.44137476E11,2.24269435E11,0.0,0.0,0.0,0.0,0.0,2.44137476E11,0.0,0.0,0.0,0.0,0.0,0.0,0.0,0.0,0.0,0.0,2.44134724E11,0.0,0.0,3.51644208E12,2.44137476E11,0.0,4.88274952E11,0.0,0.0,0.0,0.0,0.0,0.0,0.0,0.0,0.0,0.0,0.0,0.0,0.0,0.0,0.0,0.0,0.0,0.0,0.0,2.44137476E11,2.44137476E11,2.44137476E11,0.0,0.0,0.0,4.88274952E11,0.0,0.0,2.44137476E11,0.0,0.0,0.0,0.0,0.0,0.0,0.0,0.0,0.0,4.88274952E11,7.244238E11,0.0,0.0,0.0,0.0,0.0,0.0,0.0,4.88274952E11,0.0,0.0,0.0,0.0,0.0,4.88274952E11,0.0,0.0,0.0,0.0,0.0,0.0,0.0,0.0,0.0,2.44137476E11,0.0,0.0,0.0,4.88274952E11,0.0,0.0,0.0,0.0,0.0,0.0,0.0,0.0,0.0,0.0,0.0,0.0,0.0,0.0,0.0,0.0,0.0,0.0,0.0,0.0,0.0,0.0,0.0,0.0,0.0,0.0,0.0,0.0,0.0,0.0,0.0,0.0,0.0,2.44137476E11,0.0,0.0,0.0,0.0,0.0,0.0,0.0,0.0,0.0
3420,0.0,0.0,0.0,0.0,0.0,0.0,0.0,0.0,0.0,0.0,0.0,0.0,0.0,0.0,0.0,0.0,0.0,2.51583005E11,0.0,0.0,0.0,0.0,0.0,0.0,0.0,0.0,1.50949803E12,2.51583005E11,5.03166009E11,0.0,0.0,0.0,0.0,0.0,0.0,0.0,0.0,0.0,0.0,0.0,0.0,0.0,0.0,0.0,0.0,0.0,0.0,7.1381379E11,0.0,0.0,0.0,0.0,0.0,0.0,0.0,6.768024E11,0.0,0.0,0.0,0.0,0.0,0.0,0.0,0.0,2.51580154E11,0.0,2.51583005E11,0.0,2.42441748E11,0.0,0.0,0.0,0.0,0.0,0.0,0.0,0.0,0.0,0.0,0.0,0.0,0.0,0.0,0.0,2.51583005E11,0.0,0.0,0.0,0.0,0.0,0.0,0.0,0.0,0.0,0.0,0.0,0.0,0.0,0.0,0.0,0.0,0.0,0.0,2.51583005E11,5.03165714E11,0.0,0.0,0.0,0.0,0.0,0.0,0.0,2.51583005E11,0.0,0.0,0.0,0.0,0.0,0.0,2.51583005E11,0.0,0.0,0.0,0.0,0.0,0.0,0.0,0.0,0.0,0.0,0.0,0.0,0.0,0.0,2.51583005E11,0.0,2.51583005E11,0.0,0.0,0.0,0.0,0.0,2.51583005E11,0.0,5.03166009E11,0.0,0.0,0.0,0.0,0.0,0.0,0.0,0.0,5.03166009E11,5.03166009E11,0.0,0.0,0.0,0.0,2.51583005E11,2.32171143E11,0.0,0.0,0.0,0.0,0.0,2.51583005E11,0.0,0.0,0.0,0.0,0.0,0.0,0.0,0.0,0.0,0.0,2.51581235E11,0.0,0.0,3.58602873E12,2.51583005E11,0.0,5.03166009E11,0.0,0.0,0.0,0.0,0.0,0.0,0.0,0.0,0.0,0.0,0.0,0.0,0.0,0.0,0.0,0.0,0.0,0.0,0.0,2.51583005E11,2.51583005E11,2.51583005E11,0.0,0.0,0.0,5.03166009E11,0.0,0.0,2.51583005E11,0.0,0.0,0.0,0.0,0.0,0.0,0.0,0.0,0.0,5.03166009E11,7.4688659E11,0.0,0.0,0.0,0.0,0.0,0.0,0.0,5.03166009E11,0.0,0.0,0.0,0.0,0.0,5.03166009E11,0.0,0.0,0.0,0.0,0.0,0.0,0.0,0.0,0.0,2.51583005E11,0.0,0.0,0.0,5.03166009E11,0.0,0.0,0.0,0.0,0.0,0.0,0.0,0.0,0.0,0.0,0.0,0.0,0.0,0.0,0.0,0.0,0.0,0.0,0.0,0.0,0.0,0.0,0.0,0.0,0.0,0.0,0.0,0.0,0.0,0.0,0.0,0.0,0.0,2.51583005E11,0.0,0.0,0.0,0.0,0.0,0.0,0.0,0.0,0.0
3480,0.0,0.0,0.0,0.0,0.0,0.0,0.0,0.0,0.0,0.0,0.0,0.0,0.0,0.0,0.0,0.0,0.0,2.59090399E11,0.0,0.0,0.0,0.0,0.0,0.0,0.0,0.0,1.55454236E12,2.59090399E11,5.18180798E11,0.0,0.0,0.0,0.0,0.0,0.0,0.0,0.0,0.0,0.0,0.0,0.0,0.0,0.0,0.0,0.0,0.0,0.0,7.3670073E11,0.0,0.0,0.0,0.0,0.0,0.0,0.0,6.9953579E11,0.0,0.0,0.0,0.0,0.0,0.0,0.0,0.0,2.59088564E11,0.0,2.59090399E11,0.0,2.50358678E11,0.0,0.0,0.0,0.0,0.0,0.0,0.0,0.0,0.0,0.0,0.0,0.0,0.0,0.0,0.0,2.59090399E11,0.0,0.0,0.0,0.0,0.0,0.0,0.0,0.0,0.0,0.0,0.0,0.0,0.0,0.0,0.0,0.0,0.0,0.0,2.59090399E11,5.18180602E11,0.0,0.0,0.0,0.0,0.0,0.0,0.0,2.59090399E11,0.0,0.0,0.0,0.0,0.0,0.0,2.59090399E11,0.0,0.0,0.0,0.0,0.0,0.0,0.0,0.0,0.0,0.0,0.0,0.0,0.0,0.0,2.59090399E11,0.0,2.59090399E11,0.0,0.0,0.0,0.0,0.0,2.59090399E11,0.0,5.18180798E11,0.0,0.0,0.0,0.0,0.0,0.0,0.0,0.0,5.18180798E11,5.18180798E11,0.0,0.0,0.0,0.0,2.59090399E11,2.40105341E11,0.0,0.0,0.0,0.0,0.0,2.59090399E11,0.0,0.0,0.0,0.0,0.0,0.0,0.0,0.0,0.0,0.0,2.59089269E11,0.0,0.0,3.65507982E12,2.59090399E11,0.0,5.18180798E11,0.0,0.0,0.0,0.0,0.0,0.0,0.0,0.0,0.0,0.0,0.0,0.0,0.0,0.0,0.0,0.0,0.0,0.0,0.0,2.59090399E11,2.59090399E11,2.59090399E11,0.0,0.0,0.0,5.18180798E11,0.0,0.0,2.59090399E11,0.0,0.0,0.0,0.0,0.0,0.0,0.0,0.0,0.0,5.18180798E11,7.6953013E11,0.0,0.0,0.0,0.0,0.0,0.0,0.0,5.18180798E11,0.0,0.0,0.0,0.0,0.0,5.18180798E11,0.0,0.0,0.0,0.0,0.0,0.0,0.0,0.0,0.0,2.59090399E11,0.0,0.0,0.0,5.18180798E11,0.0,0.0,0.0,0.0,0.0,0.0,0.0,0.0,0.0,0.0,0.0,0.0,0.0,0.0,0.0,0.0,0.0,0.0,0.0,0.0,0.0,0.0,0.0,0.0,0.0,0.0,0.0,0.0,0.0,0.0,0.0,0.0,0.0,2.59090399E11,0.0,0.0,0.0,0.0,0.0,0.0,0.0,0.0,0.0
3540,0.0,0.0,0.0,0.0,0.0,0.0,0.0,0.0,0.0,0.0,0.0,0.0,0.0,0.0,0.0,0.0,0.0,2.66653516E11,0.0,0.0,0.0,0.0,0.0,0.0,0.0,0.0,1.59992106E12,2.66653516E11,5.33307032E11,0.0,0.0,0.0,0.0,0.0,0.0,0.0,0.0,0.0,0.0,0.0,0.0,0.0,0.0,0.0,0.0,0.0,0.0,7.5973814E11,0.0,0.0,0.0,0.0,0.0,0.0,0.0,7.2243229E11,0.0,0.0,0.0,0.0,0.0,0.0,0.0,0.0,2.66652353E11,0.0,2.66653516E11,0.0,2.58272215E11,0.0,0.0,0.0,0.0,0.0,0.0,0.0,0.0,0.0,0.0,0.0,0.0,0.0,0.0,0.0,2.66653516E11,0.0,0.0,0.0,0.0,0.0,0.0,0.0,0.0,0.0,0.0,0.0,0.0,0.0,0.0,0.0,0.0,0.0,0.0,2.66653516E11,5.333069E11,0.0,0.0,0.0,0.0,0.0,0.0,0.0,2.66653516E11,0.0,0.0,0.0,0.0,0.0,0.0,2.66653516E11,0.0,0.0,0.0,0.0,0.0,0.0,0.0,0.0,0.0,0.0,0.0,0.0,0.0,0.0,2.66653516E11,0.0,2.66653516E11,0.0,0.0,0.0,0.0,0.0,2.66653516E11,0.0,5.33307032E11,0.0,0.0,0.0,0.0,0.0,0.0,0.0,0.0,5.33307032E11,5.33307032E11,0.0,0.0,0.0,0.0,2.66653516E11,2.48066474E11,0.0,0.0,0.0,0.0,0.0,2.66653516E11,0.0,0.0,0.0,0.0,0.0,0.0,0.0,0.0,0.0,0.0,2.66652795E11,0.0,0.0,3.72339481E12,2.66653516E11,0.0,5.3327102E11,0.0,0.0,0.0,0.0,0.0,0.0,0.0,0.0,0.0,0.0,0.0,0.0,0.0,0.0,0.0,0.0,0.0,0.0,0.0,2.66653516E11,2.66653516E11,2.66653516E11,0.0,0.0,0.0,5.33307032E11,0.0,0.0,2.66653516E11,0.0,0.0,0.0,0.0,0.0,0.0,0.0,0.0,0.0,5.33307032E11,7.923362E11,0.0,0.0,0.0,0.0,0.0,0.0,0.0,5.33307032E11,0.0,0.0,0.0,0.0,0.0,5.33307032E11,0.0,0.0,0.0,0.0,0.0,0.0,0.0,0.0,0.0,2.66653516E11,0.0,0.0,0.0,5.33307032E11,0.0,0.0,0.0,0.0,0.0,0.0,0.0,0.0,0.0,0.0,0.0,0.0,0.0,0.0,0.0,0.0,0.0,0.0,0.0,0.0,0.0,0.0,0.0,0.0,0.0,0.0,0.0,0.0,0.0,0.0,0.0,0.0,0.0,2.66653516E11,0.0,0.0,0.0,0.0,0.0,0.0,0.0,0.0,0.0
3600,0.0,0.0,0.0,0.0,0.0,0.0,0.0,0.0,0.0,0.0,0.0,0.0,0.0,0.0,0.0,0.0,0.0,2.74265326E11,0.0,0.0,0.0,0.0,0.0,0.0,0.0,0.0,1.64559192E12,2.74265326E11,5.48530651E11,0.0,0.0,0.0,0.0,0.0,0.0,0.0,0.0,0.0,0.0,0.0,0.0,0.0,0.0,0.0,0.0,0.0,0.0,7.829057E11,0.0,0.0,0.0,0.0,0.0,0.0,0.0,7.4546859E11,0.0,0.0,0.0,0.0,0.0,0.0,0.0,0.0,2.74264572E11,0.0,2.74265326E11,0.0,2.66187014E11,0.0,0.0,0.0,0.0,0.0,0.0,0.0,0.0,0.0,0.0,0.0,0.0,0.0,0.0,0.0,2.74265326E11,0.0,0.0,0.0,0.0,0.0,0.0,0.0,0.0,0.0,0.0,0.0,0.0,0.0,0.0,0.0,0.0,0.0,0.0,2.74265326E11,5.48530553E11,0.0,0.0,0.0,0.0,0.0,0.0,0.0,2.74265326E11,0.0,0.0,0.0,0.0,0.0,0.0,2.74265326E11,0.0,0.0,0.0,0.0,0.0,0.0,0.0,0.0,0.0,0.0,0.0,0.0,0.0,0.0,2.74265326E11,0.0,2.74265326E11,0.0,0.0,0.0,0.0,0.0,2.74265326E11,0.0,5.48530651E11,0.0,0.0,0.0,0.0,0.0,0.0,0.0,0.0,5.48530651E11,5.48530651E11,0.0,0.0,0.0,0.0,2.74265326E11,2.56050463E11,0.0,0.0,0.0,0.0,0.0,2.74265326E11,0.0,0.0,0.0,0.0,0.0,0.0,0.0,0.0,0.0,0.0,2.74264867E11,0.0,0.0,3.7909564E12,2.74265326E11,0.0,5.48507615E11,0.0,0.0,0.0,0.0,0.0,0.0,0.0,0.0,0.0,0.0,0.0,0.0,0.0,0.0,0.0,0.0,0.0,0.0,0.0,2.74265326E11,2.74265326E11,2.74265326E11,0.0,0.0,0.0,5.48530651E11,0.0,0.0,2.74265326E11,0.0,0.0,0.0,0.0,0.0,0.0,0.0,0.0,0.0,5.48530651E11,8.1528324E11,0.0,0.0,0.0,0.0,0.0,0.0,0.0,5.48530651E11,0.0,0.0,0.0,0.0,0.0,5.48530651E11,0.0,0.0,0.0,0.0,0.0,0.0,0.0,0.0,0.0,2.74265326E11,0.0,0.0,0.0,5.48530651E11,0.0,0.0,0.0,0.0,0.0,0.0,0.0,0.0,0.0,0.0,0.0,0.0,0.0,0.0,0.0,0.0,0.0,0.0,0.0,0.0,0.0,0.0,0.0,0.0,0.0,0.0,0.0,0.0,0.0,0.0,0.0,0.0,0.0,2.74265326E11,0.0,0.0,0.0,0.0,0.0,0.0,0.0,0.0,0.0
3660,0.0,0.0,0.0,0.0,0.0,0.0,0.0,0.0,0.0,0.0,0.0,0.0,0.0,0.0,0.0,0.0,0.0,2.81919488E11,0.0,0.0,0.0,0.0,0.0,0.0,0.0,0.0,1.69151693E12,2.81919488E11,5.6383898E11,0.0,0.0,0.0,0.0,0.0,0.0,0.0,0.0,0.0,0.0,0.0,0.0,0.0,0.0,0.0,0.0,0.0,0.0,8.0618678E11,0.0,0.0,0.0,0.0,0.0,0.0,0.0,7.6862456E11,0.0,0.0,0.0,0.0,0.0,0.0,0.0,0.0,2.81918996E11,0.0,2.81919488E11,0.0,2.74105565E11,0.0,0.0,0.0,0.0,0.0,0.0,0.0,0.0,0.0,0.0,0.0,0.0,0.0,0.0,0.0,2.81919488E11,0.0,0.0,0.0,0.0,0.0,0.0,0.0,0.0,0.0,0.0,0.0,0.0,0.0,0.0,0.0,0.0,0.0,0.0,2.81919488E11,5.6383891E11,0.0,0.0,0.0,0.0,0.0,0.0,0.0,2.81919488E11,0.0,0.0,0.0,0.0,0.0,0.0,2.81919488E11,0.0,0.0,0.0,0.0,0.0,0.0,0.0,0.0,0.0,0.0,0.0,0.0,0.0,0.0,2.81919488E11,0.0,2.81919488E11,0.0,0.0,0.0,0.0,0.0,2.81919488E11,0.0,5.6383898E11,0.0,0.0,0.0,0.0,0.0,0.0,0.0,0.0,5.6383898E11,5.6383898E11,0.0,0.0,0.0,0.0,2.81919488E11,2.6405385E11,0.0,0.0,0.0,0.0,0.0,2.81919488E11,0.0,0.0,0.0,0.0,0.0,0.0,0.0,0.0,0.0,0.0,2.81919193E11,0.0,0.0,3.85783903E12,2.81919488E11,0.0,5.6382423E11,0.0,0.0,0.0,0.0,0.0,0.0,0.0,0.0,0.0,0.0,0.0,0.0,0.0,0.0,0.0,0.0,0.0,0.0,0.0,2.81919488E11,2.81919488E11,2.81919488E11,0.0,0.0,0.0,5.6383898E11,0.0,0.0,2.81919488E11,0.0,0.0,0.0,0.0,0.0,0.0,0.0,0.0,0.0,5.6383898E11,8.3835368E11,0.0,0.0,0.0,0.0,0.0,0.0,0.0,5.6383898E11,0.0,0.0,0.0,0.0,0.0,5.6383898E11,0.0,0.0,0.0,0.0,0.0,0.0,0.0,0.0,0.0,2.81919488E11,0.0,0.0,0.0,5.6383898E11,0.0,0.0,0.0,0.0,0.0,0.0,0.0,0.0,0.0,0.0,0.0,0.0,0.0,0.0,0.0,0.0,0.0,0.0,0.0,0.0,0.0,0.0,0.0,0.0,0.0,0.0,0.0,0.0,0.0,0.0,0.0,0.0,0.0,2.81919488E11,0.0,0.0,0.0,0.0,0.0,0.0,0.0,0.0,0.0
3720,0.0,0.0,0.0,0.0,0.0,0.0,0.0,0.0,0.0,0.0,0.0,0.0,0.0,0.0,0.0,0.0,0.0,2.89610138E11,0.0,0.0,0.0,0.0,0.0,0.0,0.0,0.0,1.73766083E12,2.89610138E11,5.7922028E11,0.0,0.0,0.0,0.0,0.0,0.0,0.0,0.0,0.0,0.0,0.0,0.0,0.0,0.0,0.0,0.0,0.0,0.0,8.2956452E11,0.0,0.0,0.0,0.0,0.0,0.0,0.0,7.9188204E11,0.0,0.0,0.0,0.0,0.0,0.0,0.0,0.0,2.8960981E11,0.0,2.89610138E11,0.0,2.820289E11,0.0,0.0,0.0,0.0,0.0,0.0,0.0,0.0,0.0,0.0,0.0,0.0,0.0,0.0,0.0,2.89610138E11,0.0,0.0,0.0,0.0,0.0,0.0,0.0,0.0,0.0,0.0,0.0,0.0,0.0,0.0,0.0,0.0,0.0,0.0,2.89610138E11,5.7922021E11,0.0,0.0,0.0,0.0,0.0,0.0,0.0,2.89610138E11,0.0,0.0,0.0,0.0,0.0,0.0,2.89610138E11,0.0,0.0,0.0,0.0,0.0,0.0,0.0,0.0,0.0,0.0,0.0,0.0,0.0,0.0,2.89610138E11,0.0,2.89610138E11,0.0,0.0,0.0,0.0,0.0,2.89610138E11,0.0,5.7922028E11,0.0,0.0,0.0,0.0,0.0,0.0,0.0,0.0,5.7922028E11,5.7922028E11,0.0,0.0,0.0,0.0,2.89610138E11,2.72073212E11,0.0,0.0,0.0,0.0,0.0,2.89610138E11,0.0,0.0,0.0,0.0,0.0,0.0,0.0,0.0,0.0,0.0,2.89609941E11,0.0,0.0,3.92414809E12,2.89610138E11,0.0,5.7921084E11,0.0,0.0,0.0,0.0,0.0,0.0,0.0,0.0,0.0,0.0,0.0,0.0,0.0,0.0,0.0,0.0,0.0,0.0,0.0,2.89610138E11,2.89610138E11,2.89610138E11,0.0,0.0,0.0,5.7922028E11,0.0,0.0,2.89610138E11,0.0,0.0,0.0,0.0,0.0,0.0,0.0,0.0,0.0,5.7922028E11,8.6153016E11,0.0,0.0,0.0,0.0,0.0,0.0,0.0,5.7922028E11,0.0,0.0,0.0,0.0,0.0,5.7922028E11,0.0,0.0,0.0,0.0,0.0,0.0,0.0,0.0,0.0,2.89610138E11,0.0,0.0,0.0,5.7922028E11,0.0,0.0,0.0,0.0,0.0,0.0,0.0,0.0,0.0,0.0,0.0,0.0,0.0,0.0,0.0,0.0,0.0,0.0,0.0,0.0,0.0,0.0,0.0,0.0,0.0,0.0,0.0,0.0,0.0,0.0,0.0,0.0,0.0,2.89610138E11,0.0,0.0,0.0,0.0,0.0,0.0,0.0,0.0,0.0
3780,0.0,0.0,0.0,0.0,0.0,0.0,0.0,0.0,0.0,0.0,0.0,0.0,0.0,0.0,0.0,0.0,0.0,2.97332244E11,0.0,0.0,0.0,0.0,0.0,0.0,0.0,0.0,1.7839936E12,2.97332244E11,5.9466449E11,0.0,0.0,0.0,0.0,0.0,0.0,0.0,0.0,0.0,0.0,0.0,0.0,0.0,0.0,0.0,0.0,0.0,0.0,8.5302483E11,0.0,0.0,0.0,0.0,0.0,0.0,0.0,8.152259E11,0.0,0.0,0.0,0.0,0.0,0.0,0.0,0.0,2.88566903E11,0.0,2.97332244E11,0.0,2.53957341E11,0.0,0.0,0.0,0.0,0.0,0.0,0.0,0.0,0.0,0.0,0.0,0.0,0.0,0.0,0.0,2.97332244E11,0.0,0.0,0.0,0.0,0.0,0.0,0.0,0.0,0.0,0.0,0.0,0.0,0.0,0.0,0.0,0.0,0.0,0.0,2.97332244E11,5.9466449E11,0.0,0.0,0.0,0.0,0.0,0.0,0.0,2.97332244E11,0.0,0.0,0.0,0.0,0.0,0.0,2.97332244E11,0.0,0.0,0.0,0.0,0.0,0.0,0.0,0.0,0.0,0.0,0.0,0.0,0.0,0.0,2.97332244E11,0.0,2.97332244E11,0.0,0.0,0.0,0.0,0.0,2.97332244E11,0.0,5.9466449E11,0.0,0.0,0.0,0.0,0.0,0.0,0.0,0.0,5.9466449E11,5.9466449E11,0.0,0.0,0.0,0.0,2.97332244E11,2.8010555E11,0.0,0.0,0.0,0.0,0.0,2.97332244E11,0.0,0.0,0.0,0.0,0.0,0.0,0.0,0.0,0.0,0.0,2.91538797E11,0.0,0.0,3.9899929E12,2.97332244E11,0.0,5.9465846E11,0.0,0.0,0.0,0.0,0.0,0.0,0.0,0.0,0.0,0.0,0.0,0.0,0.0,0.0,0.0,0.0,0.0,0.0,0.0,2.97332244E11,2.97332244E11,2.97332244E11,0.0,0.0,0.0,5.9466449E11,0.0,0.0,2.97332244E11,0.0,0.0,0.0,0.0,0.0,0.0,0.0,0.0,0.0,5.9466449E11,8.8479787E11,0.0,0.0,0.0,0.0,0.0,0.0,0.0,5.9466449E11,0.0,0.0,0.0,0.0,0.0,5.9466449E11,0.0,0.0,0.0,0.0,0.0,0.0,0.0,0.0,0.0,2.97332244E11,0.0,0.0,0.0,5.9466449E11,0.0,0.0,0.0,0.0,0.0,0.0,0.0,0.0,0.0,0.0,0.0,0.0,0.0,0.0,0.0,0.0,0.0,0.0,0.0,0.0,0.0,0.0,0.0,0.0,0.0,0.0,0.0,0.0,0.0,0.0,0.0,0.0,0.0,2.97332244E11,0.0,0.0,0.0,0.0,0.0,0.0,0.0,0.0,0.0
3840,0.0,0.0,0.0,0.0,0.0,0.0,0.0,0.0,0.0,0.0,0.0,0.0,0.0,0.0,0.0,0.0,0.0,3.04814064E11,0.0,0.0,0.0,0.0,0.0,0.0,0.0,0.0,1.82888432E12,3.04814064E11,6.0962813E11,0.0,0.0,0.0,0.0,0.0,0.0,0.0,0.0,0.0,0.0,0.0,0.0,0.0,0.0,0.0,0.0,0.0,0.0,8.7575409E11,0.0,0.0,0.0,0.0,0.0,0.0,0.0,8.3784093E11,0.0,0.0,0.0,0.0,0.0,0.0,0.0,0.0,2.92540121E11,0.0,3.04814064E11,0.0,2.37939278E11,0.0,0.0,0.0,0.0,0.0,0.0,0.0,0.0,0.0,0.0,0.0,0.0,0.0,0.0,0.0,3.04814064E11,0.0,0.0,0.0,0.0,0.0,0.0,0.0,0.0,0.0,0.0,0.0,0.0,0.0,0.0,0.0,0.0,0.0,0.0,3.04814064E11,6.0962806E11,0.0,0.0,0.0,0.0,0.0,0.0,0.0,3.04814064E11,0.0,0.0,0.0,0.0,0.0,0.0,3.04814064E11,0.0,0.0,0.0,0.0,0.0,0.0,0.0,0.0,0.0,0.0,0.0,0.0,0.0,0.0,3.04814064E11,0.0,3.04814064E11,0.0,0.0,0.0,0.0,0.0,3.04814064E11,0.0,6.0962813E11,0.0,0.0,0.0,0.0,0.0,0.0,0.0,0.0,6.0962813E11,6.0962813E11,0.0,0.0,0.0,0.0,3.04814064E11,2.8788523E11,0.0,0.0,0.0,0.0,0.0,3.04814064E11,0.0,0.0,0.0,0.0,0.0,0.0,0.0,0.0,0.0,0.0,2.96182546E11,0.0,0.0,4.05333947E12,3.04814064E11,0.0,6.0962426E11,0.0,0.0,0.0,0.0,0.0,0.0,0.0,0.0,0.0,0.0,0.0,0.0,0.0,0.0,0.0,0.0,0.0,0.0,0.0,3.04814064E11,3.04814064E11,3.04814064E11,0.0,0.0,0.0,6.0962813E11,0.0,0.0,3.04814064E11,0.0,0.0,0.0,0.0,0.0,0.0,0.0,0.0,0.0,6.0962813E11,9.0736073E11,0.0,0.0,0.0,0.0,0.0,0.0,0.0,6.0962813E11,0.0,0.0,0.0,0.0,0.0,6.0962813E11,0.0,0.0,0.0,0.0,0.0,0.0,0.0,0.0,0.0,3.04814064E11,0.0,0.0,0.0,6.0962813E11,0.0,0.0,0.0,0.0,0.0,0.0,0.0,0.0,0.0,0.0,0.0,0.0,0.0,0.0,0.0,0.0,0.0,0.0,0.0,0.0,0.0,0.0,0.0,0.0,0.0,0.0,0.0,0.0,0.0,0.0,0.0,0.0,0.0,3.04814064E11,0.0,0.0,0.0,0.0,0.0,0.0,0.0,0.0,0.0
3900,0.0,0.0,0.0,0.0,0.0,0.0,0.0,0.0,0.0,0.0,0.0,0.0,0.0,0.0,0.0,0.0,0.0,3.12160911E11,0.0,0.0,0.0,0.0,0.0,0.0,0.0,0.0,1.87296553E12,3.12160911E11,6.2432182E11,0.0,0.0,0.0,0.0,0.0,0.0,0.0,0.0,0.0,0.0,0.0,0.0,0.0,0.0,0.0,0.0,0.0,0.0,8.9806871E11,0.0,0.0,0.0,0.0,0.0,0.0,0.0,8.60044E11,0.0,0.0,0.0,0.0,0.0,0.0,0.0,0.0,2.98510778E11,0.0,3.12160911E11,0.0,2.29709758E11,0.0,0.0,0.0,0.0,0.0,0.0,0.0,0.0,0.0,0.0,0.0,0.0,0.0,0.0,0.0,3.12160911E11,0.0,0.0,0.0,0.0,0.0,0.0,0.0,0.0,0.0,0.0,0.0,0.0,0.0,0.0,0.0,0.0,0.0,0.0,3.12160911E11,6.2432182E11,0.0,0.0,0.0,0.0,0.0,0.0,0.0,3.12160911E11,0.0,0.0,0.0,0.0,0.0,0.0,3.12160911E11,0.0,0.0,0.0,0.0,0.0,0.0,0.0,0.0,0.0,0.0,0.0,0.0,0.0,0.0,3.12160911E11,0.0,3.12160911E11,0.0,0.0,0.0,0.0,0.0,3.12160911E11,0.0,6.2432182E11,0.0,0.0,0.0,0.0,0.0,0.0,0.0,0.0,6.2432182E11,6.2432182E11,0.0,0.0,0.0,0.0,3.12160911E11,2.9551385E11,0.0,0.0,0.0,0.0,0.0,3.12160911E11,0.0,0.0,0.0,0.0,0.0,0.0,0.0,0.0,0.0,0.0,3.02298464E11,0.0,0.0,4.11514438E12,3.12160911E11,0.0,6.243194E11,0.0,0.0,0.0,0.0,0.0,0.0,0.0,0.0,0.0,0.0,0.0,0.0,0.0,0.0,0.0,0.0,0.0,0.0,0.0,3.12160911E11,3.12160911E11,3.12160911E11,0.0,0.0,0.0,6.2432182E11,0.0,0.0,3.12160911E11,0.0,0.0,0.0,0.0,0.0,0.0,0.0,0.0,0.0,6.2432182E11,9.2954617E11,0.0,0.0,0.0,0.0,0.0,0.0,0.0,6.2432182E11,0.0,0.0,0.0,0.0,0.0,6.2432182E11,0.0,0.0,0.0,0.0,0.0,0.0,0.0,0.0,0.0,3.12160911E11,0.0,0.0,0.0,6.2432182E11,0.0,0.0,0.0,0.0,0.0,0.0,0.0,0.0,0.0,0.0,0.0,0.0,0.0,0.0,0.0,0.0,0.0,0.0,0.0,0.0,0.0,0.0,0.0,0.0,0.0,0.0,0.0,0.0,0.0,0.0,0.0,0.0,0.0,3.12160911E11,0.0,0.0,0.0,0.0,0.0,0.0,0.0,0.0,0.0
3960,0.0,0.0,0.0,0.0,0.0,0.0,0.0,0.0,0.0,0.0,0.0,0.0,0.0,0.0,0.0,0.0,0.0,3.19432163E11,0.0,0.0,0.0,0.0,0.0,0.0,0.0,0.0,1.91659298E12,3.19432163E11,6.3886433E11,0.0,0.0,0.0,0.0,0.0,0.0,0.0,0.0,0.0,0.0,0.0,0.0,0.0,0.0,0.0,0.0,0.0,0.0,9.2014923E11,0.0,0.0,0.0,0.0,0.0,0.0,0.0,8.8201318E11,0.0,0.0,0.0,0.0,0.0,0.0,0.0,0.0,3.05482236E11,0.0,3.19432163E11,0.0,2.26476704E11,0.0,0.0,0.0,0.0,0.0,0.0,0.0,0.0,0.0,0.0,0.0,0.0,0.0,0.0,0.0,3.19432163E11,0.0,0.0,0.0,0.0,0.0,0.0,0.0,0.0,0.0,0.0,0.0,0.0,0.0,0.0,0.0,0.0,0.0,0.0,3.19432163E11,6.3886433E11,0.0,0.0,0.0,0.0,0.0,0.0,0.0,3.19432163E11,0.0,0.0,0.0,0.0,0.0,0.0,3.19432163E11,0.0,0.0,0.0,0.0,0.0,0.0,0.0,0.0,0.0,0.0,0.0,0.0,0.0,0.0,3.19432163E11,0.0,3.19432163E11,0.0,0.0,0.0,0.0,0.0,3.19432163E11,0.0,6.3886433E11,0.0,0.0,0.0,0.0,0.0,0.0,0.0,0.0,6.3886433E11,6.3886433E11,0.0,0.0,0.0,0.0,3.19432163E11,3.08778041E11,0.0,0.0,0.0,0.0,0.0,3.19432163E11,0.0,0.0,0.0,0.0,0.0,0.0,0.0,0.0,0.0,0.0,3.09237449E11,0.0,0.0,4.17597044E12,3.19432163E11,0.0,6.3886275E11,0.0,0.0,0.0,0.0,0.0,0.0,0.0,0.0,0.0,0.0,0.0,0.0,0.0,0.0,0.0,0.0,0.0,0.0,0.0,3.19432163E11,3.19432163E11,3.19432163E11,0.0,0.0,0.0,6.3886433E11,0.0,0.0,3.19432163E11,0.0,0.0,0.0,0.0,0.0,0.0,0.0,0.0,0.0,6.3886433E11,9.5153036E11,0.0,0.0,0.0,0.0,0.0,0.0,0.0,6.3886433E11,0.0,0.0,0.0,0.0,0.0,6.3886433E11,0.0,0.0,0.0,0.0,0.0,0.0,0.0,0.0,0.0,3.19432163E11,0.0,0.0,0.0,6.3886433E11,0.0,0.0,0.0,0.0,0.0,0.0,0.0,0.0,0.0,0.0,0.0,0.0,0.0,0.0,0.0,0.0,0.0,0.0,0.0,0.0,0.0,0.0,0.0,0.0,0.0,0.0,0.0,0.0,0.0,0.0,0.0,0.0,0.0,3.19432163E11,0.0,0.0,0.0,0.0,0.0,0.0,0.0,0.0,0.0
4020,0.0,0.0,0.0,0.0,0.0,0.0,0.0,0.0,0.0,0.0,0.0,0.0,0.0,0.0,0.0,0.0,0.0,3.26693356E11,0.0,0.0,0.0,0.0,0.0,0.0,0.0,0.0,1.96016013E12,3.26693356E11,6.5338671E11,0.0,0.0,0.0,0.0,0.0,0.0,0.0,0.0,0.0,0.0,0.0,0.0,0.0,0.0,0.0,0.0,0.0,0.0,9.4219246E11,0.0,0.0,0.0,0.0,0.0,0.0,0.0,9.0394565E11,0.0,0.0,0.0,0.0,0.0,0.0,0.0,0.0,3.12951439E11,0.0,3.26693356E11,0.0,2.26463859E11,0.0,0.0,0.0,0.0,0.0,0.0,0.0,0.0,0.0,0.0,0.0,0.0,0.0,0.0,0.0,3.26693356E11,0.0,0.0,0.0,0.0,0.0,0.0,0.0,0.0,0.0,0.0,0.0,0.0,0.0,0.0,0.0,0.0,0.0,0.0,3.26693356E11,6.5338671E11,0.0,0.0,0.0,0.0,0.0,0.0,0.0,3.26693356E11,0.0,0.0,0.0,0.0,0.0,0.0,3.26693356E11,0.0,0.0,0.0,0.0,0.0,0.0,0.0,0.0,0.0,0.0,0.0,0.0,0.0,0.0,3.26693356E11,0.0,3.26693356E11,0.0,0.0,0.0,0.0,0.0,3.26693356E11,0.0,6.5338671E11,0.0,0.0,0.0,0.0,0.0,0.0,0.0,0.0,6.5338671E11,6.5338671E11,0.0,0.0,0.0,0.0,3.26693356E11,3.19874728E11,0.0,0.0,0.0,0.0,0.0,3.26693356E11,0.0,0.0,0.0,0.0,0.0,0.0,0.0,0.0,0.0,0.0,3.16645704E11,0.0,0.0,4.23641534E12,3.26693356E11,0.0,6.5338573E11,0.0,0.0,0.0,0.0,0.0,0.0,0.0,0.0,0.0,0.0,0.0,0.0,0.0,0.0,0.0,0.0,0.0,0.0,0.0,3.26693356E11,3.26693356E11,3.26693356E11,0.0,0.0,0.0,6.5338671E11,0.0,0.0,3.26693356E11,0.0,0.0,0.0,0.0,0.0,0.0,0.0,0.0,0.0,6.5338671E11,9.7350366E11,0.0,0.0,0.0,0.0,0.0,0.0,0.0,6.5338671E11,0.0,0.0,0.0,0.0,0.0,6.5338671E11,0.0,0.0,0.0,0.0,0.0,0.0,0.0,0.0,0.0,3.26693356E11,0.0,0.0,0.0,6.5338671E11,0.0,0.0,0.0,0.0,0.0,0.0,0.0,0.0,0.0,0.0,0.0,0.0,0.0,0.0,0.0,0.0,0.0,0.0,0.0,0.0,0.0,0.0,0.0,0.0,0.0,0.0,0.0,0.0,0.0,0.0,0.0,0.0,0.0,3.26693356E11,0.0,0.0,0.0,0.0,0.0,0.0,0.0,0.0,0.0
4080,0.0,0.0,0.0,0.0,0.0,0.0,0.0,0.0,0.0,0.0,0.0,0.0,0.0,0.0,0.0,0.0,0.0,3.33953892E11,0.0,0.0,0.0,0.0,0.0,0.0,0.0,0.0,2.00372322E12,3.33953892E11,6.6790778E11,0.0,0.0,0.0,0.0,0.0,0.0,0.0,0.0,0.0,0.0,0.0,0.0,0.0,0.0,0.0,0.0,0.0,0.0,9.6422579E11,0.0,0.0,0.0,0.0,0.0,0.0,0.0,9.258698E11,0.0,0.0,0.0,0.0,0.0,0.0,0.0,0.0,3.20620855E11,0.0,3.33953892E11,0.0,2.28506665E11,0.0,0.0,0.0,0.0,0.0,0.0,0.0,0.0,0.0,0.0,0.0,0.0,0.0,0.0,0.0,3.33953892E11,0.0,0.0,0.0,0.0,0.0,0.0,0.0,0.0,0.0,0.0,0.0,0.0,0.0,0.0,0.0,0.0,0.0,0.0,3.33953892E11,6.6790778E11,0.0,0.0,0.0,0.0,0.0,0.0,0.0,3.33953892E11,0.0,0.0,0.0,0.0,0.0,0.0,3.33953892E11,0.0,0.0,0.0,0.0,0.0,0.0,0.0,0.0,0.0,0.0,0.0,0.0,0.0,0.0,3.33953892E11,0.0,3.33953892E11,0.0,0.0,0.0,0.0,0.0,3.33953892E11,0.0,6.6790778E11,0.0,0.0,0.0,0.0,0.0,0.0,0.0,0.0,6.6790778E11,6.6790778E11,0.0,0.0,0.0,0.0,3.33953892E11,3.29589948E11,0.0,0.0,0.0,0.0,0.0,3.33953892E11,0.0,0.0,0.0,0.0,0.0,0.0,0.0,0.0,0.0,0.0,3.24293263E11,0.0,0.0,4.29661199E12,3.33953892E11,0.0,6.6790713E11,0.0,0.0,0.0,0.0,0.0,0.0,0.0,0.0,0.0,0.0,0.0,0.0,0.0,0.0,0.0,0.0,0.0,0.0,0.0,3.33953892E11,3.33953892E11,3.33953892E11,0.0,0.0,0.0,6.6790778E11,0.0,0.0,3.33953892E11,0.0,0.0,0.0,0.0,0.0,0.0,0.0,0.0,0.0,6.6790778E11,9.9548502E11,0.0,0.0,0.0,0.0,0.0,0.0,0.0,6.6790778E11,0.0,0.0,0.0,0.0,0.0,6.6790778E11,0.0,0.0,0.0,0.0,0.0,0.0,0.0,0.0,0.0,3.33953892E11,0.0,0.0,0.0,6.6790778E11,0.0,0.0,0.0,0.0,0.0,0.0,0.0,0.0,0.0,0.0,0.0,0.0,0.0,0.0,0.0,0.0,0.0,0.0,0.0,0.0,0.0,0.0,0.0,0.0,0.0,0.0,0.0,0.0,0.0,0.0,0.0,0.0,0.0,3.33953892E11,0.0,0.0,0.0,0.0,0.0,0.0,0.0,0.0,0.0
4140,0.0,0.0,0.0,0.0,0.0,0.0,0.0,0.0,0.0,0.0,0.0,0.0,0.0,0.0,0.0,0.0,0.0,3.41218329E11,0.0,0.0,0.0,0.0,0.0,0.0,0.0,0.0,2.04730991E12,3.41218329E11,6.8243666E11,0.0,0.0,0.0,0.0,0.0,0.0,0.0,0.0,0.0,0.0,0.0,0.0,0.0,0.0,0.0,0.0,0.0,0.0,9.8626332E11,0.0,0.0,0.0,0.0,0.0,0.0,0.0,9.4779998E11,0.0,0.0,0.0,0.0,0.0,0.0,0.0,0.0,3.2834909E11,0.0,3.41218329E11,0.0,2.31880524E11,0.0,0.0,0.0,0.0,0.0,0.0,0.0,0.0,0.0,0.0,0.0,0.0,0.0,0.0,0.0,3.41218329E11,0.0,0.0,0.0,0.0,0.0,0.0,0.0,0.0,0.0,0.0,0.0,0.0,0.0,0.0,0.0,0.0,0.0,0.0,3.41218329E11,6.8243659E11,0.0,0.0,0.0,0.0,0.0,0.0,0.0,3.41218329E11,0.0,0.0,0.0,0.0,0.0,0.0,3.41218329E11,0.0,0.0,0.0,0.0,0.0,0.0,0.0,0.0,0.0,0.0,0.0,0.0,0.0,0.0,3.41218329E11,0.0,3.41218329E11,0.0,0.0,0.0,0.0,0.0,3.41218329E11,0.0,6.8243666E11,0.0,0.0,0.0,0.0,0.0,0.0,0.0,0.0,6.8243666E11,6.8243666E11,0.0,0.0,0.0,0.0,3.41218329E11,3.38425381E11,0.0,0.0,0.0,0.0,0.0,3.41218329E11,0.0,0.0,0.0,0.0,0.0,0.0,0.0,0.0,0.0,0.0,3.32046107E11,0.0,0.0,4.3566427E12,3.41218329E11,0.0,6.824362E11,0.0,0.0,0.0,0.0,0.0,0.0,0.0,0.0,0.0,0.0,0.0,0.0,0.0,0.0,0.0,0.0,0.0,0.0,0.0,3.41218329E11,3.41218329E11,3.41218329E11,0.0,0.0,0.0,6.8243666E11,0.0,0.0,3.41218329E11,0.0,0.0,0.0,0.0,0.0,0.0,0.0,0.0,0.0,6.8243666E11,1.01748644E12,0.0,0.0,0.0,0.0,0.0,0.0,0.0,6.8243666E11,0.0,0.0,0.0,0.0,0.0,6.8243666E11,0.0,0.0,0.0,0.0,0.0,0.0,0.0,0.0,0.0,3.41218329E11,0.0,0.0,0.0,6.8243666E11,0.0,0.0,0.0,0.0,0.0,0.0,0.0,0.0,0.0,0.0,0.0,0.0,0.0,0.0,0.0,0.0,0.0,0.0,0.0,0.0,0.0,0.0,0.0,0.0,0.0,0.0,0.0,0.0,0.0,0.0,0.0,0.0,0.0,3.41218329E11,0.0,0.0,0.0,0.0,0.0,0.0,0.0,0.0,0.0
4200,0.0,0.0,0.0,0.0,0.0,0.0,0.0,0.0,0.0,0.0,0.0,0.0,0.0,0.0,0.0,0.0,0.0,3.48488761E11,0.0,0.0,0.0,0.0,0.0,0.0,0.0,0.0,2.09093263E12,3.48488761E11,6.9697752E11,0.0,0.0,0.0,0.0,0.0,0.0,0.0,0.0,0.0,0.0,0.0,0.0,0.0,0.0,0.0,0.0,0.0,0.0,1.00831121E12,0.0,0.0,0.0,0.0,0.0,0.0,0.0,9.6974275E11,0.0,0.0,0.0,0.0,0.0,0.0,0.0,0.0,3.36080372E11,0.0,3.48488761E11,0.0,2.3613612E11,0.0,0.0,0.0,0.0,0.0,0.0,0.0,0.0,0.0,0.0,0.0,0.0,0.0,0.0,0.0,3.48488761E11,0.0,0.0,0.0,0.0,0.0,0.0,0.0,0.0,0.0,0.0,0.0,0.0,0.0,0.0,0.0,0.0,0.0,0.0,3.48488761E11,6.9697752E11,0.0,0.0,0.0,0.0,0.0,0.0,0.0,3.48488761E11,0.0,0.0,0.0,0.0,0.0,0.0,3.48488761E11,0.0,0.0,0.0,0.0,0.0,0.0,0.0,0.0,0.0,0.0,0.0,0.0,0.0,0.0,3.48488761E11,0.0,3.48488761E11,0.0,0.0,0.0,0.0,0.0,3.48488761E11,0.0,6.9697752E11,0.0,0.0,0.0,0.0,0.0,0.0,0.0,0.0,6.9697752E11,6.9697752E11,0.0,0.0,0.0,0.0,3.48488761E11,3.467013E11,0.0,0.0,0.0,0.0,0.0,3.48488761E11,0.0,0.0,0.0,0.0,0.0,0.0,0.0,0.0,0.0,0.0,3.39829162E11,0.0,0.0,4.4521321E12,3.48488761E11,0.0,6.9697726E11,0.0,0.0,0.0,0.0,0.0,0.0,0.0,0.0,0.0,0.0,0.0,0.0,0.0,0.0,0.0,0.0,0.0,0.0,0.0,3.48488761E11,3.48488761E11,3.48488761E11,0.0,0.0,0.0,6.9697752E11,0.0,0.0,3.48488761E11,0.0,0.0,0.0,0.0,0.0,0.0,0.0,0.0,0.0,6.9697752E11,1.03950765E12,0.0,0.0,0.0,0.0,0.0,0.0,0.0,6.9697752E11,0.0,0.0,0.0,0.0,0.0,6.9697752E11,0.0,0.0,0.0,0.0,0.0,0.0,0.0,0.0,0.0,3.48488761E11,0.0,0.0,0.0,6.9697752E11,0.0,0.0,0.0,0.0,0.0,0.0,0.0,0.0,0.0,0.0,0.0,0.0,0.0,0.0,0.0,0.0,0.0,0.0,0.0,0.0,0.0,0.0,0.0,0.0,0.0,0.0,0.0,0.0,0.0,0.0,0.0,0.0,0.0,3.48488761E11,0.0,0.0,0.0,0.0,0.0,0.0,0.0,0.0,0.0
4260,0.0,0.0,0.0,0.0,0.0,0.0,0.0,0.0,0.0,0.0,0.0,0.0,0.0,0.0,0.0,0.0,0.0,3.55954393E11,0.0,0.0,0.0,0.0,0.0,0.0,0.0,0.0,2.13572649E12,3.55954393E11,7.1190879E11,0.0,0.0,0.0,0.0,0.0,0.0,0.0,0.0,0.0,0.0,0.0,0.0,0.0,0.0,0.0,0.0,0.0,0.0,1.03093836E12,0.0,0.0,0.0,0.0,0.0,0.0,0.0,9.922347E11,0.0,0.0,0.0,0.0,0.0,0.0,0.0,0.0,3.43970644E11,0.0,3.55954393E11,0.0,2.41184227E11,0.0,0.0,0.0,0.0,0.0,0.0,0.0,0.0,0.0,0.0,0.0,0.0,0.0,0.0,0.0,3.55954393E11,0.0,0.0,0.0,0.0,0.0,0.0,0.0,0.0,0.0,0.0,0.0,0.0,0.0,0.0,0.0,0.0,0.0,0.0,3.55954393E11,7.1190879E11,0.0,0.0,0.0,0.0,0.0,0.0,0.0,3.55954393E11,0.0,0.0,0.0,0.0,0.0,0.0,3.55954393E11,0.0,0.0,0.0,0.0,0.0,0.0,0.0,0.0,0.0,0.0,0.0,0.0,0.0,0.0,3.55954393E11,0.0,3.55954393E11,0.0,0.0,0.0,0.0,0.0,3.55954393E11,0.0,7.1190879E11,0.0,0.0,0.0,0.0,0.0,0.0,0.0,0.0,7.1190879E11,7.1190879E11,0.0,0.0,0.0,0.0,3.55954393E11,3.54810429E11,0.0,0.0,0.0,0.0,0.0,3.55954393E11,0.0,0.0,0.0,0.0,0.0,0.0,0.0,0.0,0.0,0.0,3.47790213E11,0.0,0.0,4.4984571E12,3.55954393E11,0.0,7.1190866E11,0.0,0.0,0.0,0.0,0.0,0.0,0.0,0.0,0.0,0.0,0.0,0.0,0.0,0.0,0.0,0.0,0.0,0.0,0.0,3.55954393E11,3.55954393E11,3.55954393E11,0.0,0.0,0.0,7.1190879E11,0.0,0.0,3.55954393E11,0.0,0.0,0.0,0.0,0.0,0.0,0.0,0.0,0.0,7.1190879E11,1.06211226E12,0.0,0.0,0.0,0.0,0.0,0.0,0.0,7.1190879E11,0.0,0.0,0.0,0.0,0.0,7.1190879E11,0.0,0.0,0.0,0.0,0.0,0.0,0.0,0.0,0.0,3.55954393E11,0.0,0.0,0.0,7.1190879E11,0.0,0.0,0.0,0.0,0.0,0.0,0.0,0.0,0.0,0.0,0.0,0.0,0.0,0.0,0.0,0.0,0.0,0.0,0.0,0.0,0.0,0.0,0.0,0.0,0.0,0.0,0.0,0.0,0.0,0.0,0.0,0.0,0.0,3.55954393E11,0.0,0.0,0.0,0.0,0.0,0.0,0.0,0.0,0.0
4320,0.0,0.0,0.0,0.0,0.0,0.0,0.0,0.0,0.0,0.0,0.0,0.0,0.0,0.0,0.0,0.0,0.0,3.63347411E11,0.0,0.0,0.0,0.0,0.0,0.0,0.0,0.0,2.1800844E12,3.63347411E11,7.2669482E11,0.0,0.0,0.0,0.0,0.0,0.0,0.0,0.0,0.0,0.0,0.0,0.0,0.0,0.0,0.0,0.0,0.0,0.0,1.05334211E12,0.0,0.0,0.0,0.0,0.0,0.0,0.0,1.01444511E12,0.0,0.0,0.0,0.0,0.0,0.0,0.0,0.0,3.51749767E11,0.0,3.63347411E11,0.0,2.46585901E11,0.0,0.0,0.0,0.0,0.0,0.0,0.0,0.0,0.0,0.0,0.0,0.0,0.0,0.0,0.0,3.63347411E11,0.0,0.0,0.0,0.0,0.0,0.0,0.0,0.0,0.0,0.0,0.0,0.0,0.0,0.0,0.0,0.0,0.0,0.0,3.63347411E11,7.2669482E11,0.0,0.0,0.0,0.0,0.0,0.0,0.0,3.63347411E11,0.0,0.0,0.0,0.0,0.0,0.0,3.63347411E11,0.0,0.0,0.0,0.0,0.0,0.0,0.0,0.0,0.0,0.0,0.0,0.0,0.0,0.0,3.63347411E11,0.0,3.63347411E11,0.0,0.0,0.0,0.0,0.0,3.63347411E11,0.0,7.2669482E11,0.0,0.0,0.0,0.0,0.0,0.0,0.0,0.0,7.2669482E11,7.2669482E11,0.0,0.0,0.0,0.0,3.63347411E11,3.62615276E11,0.0,0.0,0.0,0.0,0.0,3.63347411E11,0.0,0.0,0.0,0.0,0.0,0.0,0.0,0.0,0.0,0.0,3.55642999E11,0.0,0.0,4.5294383E12,3.63347411E11,0.0,7.2669469E11,0.0,0.0,0.0,0.0,0.0,0.0,0.0,0.0,0.0,0.0,0.0,0.0,0.0,0.0,0.0,0.0,0.0,0.0,0.0,3.63347411E11,3.63347411E11,3.63347411E11,0.0,0.0,0.0,7.2669482E11,0.0,0.0,3.63347411E11,0.0,0.0,0.0,0.0,0.0,0.0,0.0,0.0,0.0,7.2669482E11,1.08449124E12,0.0,0.0,0.0,0.0,0.0,0.0,0.0,7.2669482E11,0.0,0.0,0.0,0.0,0.0,7.2669482E11,0.0,0.0,0.0,0.0,0.0,0.0,0.0,0.0,0.0,3.63347411E11,0.0,0.0,0.0,7.2669482E11,0.0,0.0,0.0,0.0,0.0,0.0,0.0,0.0,0.0,0.0,0.0,0.0,0.0,0.0,0.0,0.0,0.0,0.0,0.0,0.0,0.0,0.0,0.0,0.0,0.0,0.0,0.0,0.0,0.0,0.0,0.0,0.0,0.0,3.63347411E11,0.0,0.0,0.0,0.0,0.0,0.0,0.0,0.0,0.0
4380,0.0,0.0,0.0,0.0,0.0,0.0,0.0,0.0,0.0,0.0,0.0,0.0,0.0,0.0,0.0,0.0,0.0,3.70589827E11,0.0,0.0,0.0,0.0,0.0,0.0,0.0,0.0,2.22353896E12,3.70589827E11,7.4117965E11,0.0,0.0,0.0,0.0,0.0,0.0,0.0,0.0,0.0,0.0,0.0,0.0,0.0,0.0,0.0,0.0,0.0,0.0,1.07528906E12,0.0,0.0,0.0,0.0,0.0,0.0,0.0,1.03614218E12,0.0,0.0,0.0,0.0,0.0,0.0,0.0,0.0,3.59338213E11,0.0,3.70589827E11,0.0,2.52157116E11,0.0,0.0,0.0,0.0,0.0,0.0,0.0,0.0,0.0,0.0,0.0,0.0,0.0,0.0,0.0,3.70589827E11,0.0,0.0,0.0,0.0,0.0,0.0,0.0,0.0,0.0,0.0,0.0,0.0,0.0,0.0,0.0,0.0,0.0,0.0,3.70589827E11,7.4117965E11,0.0,0.0,0.0,0.0,0.0,0.0,0.0,3.70589827E11,0.0,0.0,0.0,0.0,0.0,0.0,3.70589827E11,0.0,0.0,0.0,0.0,0.0,0.0,0.0,0.0,0.0,0.0,0.0,0.0,0.0,0.0,3.70589827E11,0.0,3.70589827E11,0.0,0.0,0.0,0.0,0.0,3.70589827E11,0.0,7.4117965E11,0.0,0.0,0.0,0.0,0.0,0.0,0.0,0.0,7.4117965E11,7.4117965E11,0.0,0.0,0.0,0.0,3.70589827E11,3.70121277E11,0.0,0.0,0.0,0.0,0.0,3.70589827E11,0.0,0.0,0.0,0.0,0.0,0.0,0.0,0.0,0.0,0.0,3.63302322E11,0.0,0.0,4.5567474E12,3.70589827E11,0.0,7.4117959E11,0.0,0.0,0.0,0.0,0.0,0.0,0.0,0.0,0.0,0.0,0.0,0.0,0.0,0.0,0.0,0.0,0.0,0.0,0.0,3.70589827E11,3.70589827E11,3.70589827E11,0.0,0.0,0.0,7.4117965E11,0.0,0.0,3.70589827E11,0.0,0.0,0.0,0.0,0.0,0.0,0.0,0.0,0.0,7.4117965E11,1.10641008E12,0.0,0.0,0.0,0.0,0.0,0.0,0.0,7.4117965E11,0.0,0.0,0.0,0.0,0.0,7.4117965E11,0.0,0.0,0.0,0.0,0.0,0.0,0.0,0.0,0.0,3.70589827E11,0.0,0.0,0.0,7.4117965E11,0.0,0.0,0.0,0.0,0.0,0.0,0.0,0.0,0.0,0.0,0.0,0.0,0.0,0.0,0.0,0.0,0.0,0.0,0.0,0.0,0.0,0.0,0.0,0.0,0.0,0.0,0.0,0.0,0.0,0.0,0.0,0.0,0.0,3.70589827E11,0.0,0.0,0.0,0.0,0.0,0.0,0.0,0.0,0.0
4440,0.0,0.0,0.0,0.0,0.0,0.0,0.0,0.0,0.0,0.0,0.0,0.0,0.0,0.0,0.0,0.0,0.0,3.77668698E11,0.0,0.0,0.0,0.0,0.0,0.0,0.0,0.0,2.26601232E12,3.77668698E11,7.553374E11,0.0,0.0,0.0,0.0,0.0,0.0,0.0,0.0,0.0,0.0,0.0,0.0,0.0,0.0,0.0,0.0,0.0,0.0,1.09674044E12,0.0,0.0,0.0,0.0,0.0,0.0,0.0,1.05729943E12,0.0,0.0,0.0,0.0,0.0,0.0,0.0,0.0,3.66725857E11,0.0,3.77668698E11,0.0,2.5781751E11,0.0,0.0,0.0,0.0,0.0,0.0,0.0,0.0,0.0,0.0,0.0,0.0,0.0,0.0,0.0,3.77668698E11,0.0,0.0,0.0,0.0,0.0,0.0,0.0,0.0,0.0,0.0,0.0,0.0,0.0,0.0,0.0,0.0,0.0,0.0,3.77668698E11,7.553374E11,0.0,0.0,0.0,0.0,0.0,0.0,0.0,3.77668698E11,0.0,0.0,0.0,0.0,0.0,0.0,3.77668698E11,0.0,0.0,0.0,0.0,0.0,0.0,0.0,0.0,0.0,0.0,0.0,0.0,0.0,0.0,3.77668698E11,0.0,3.77668698E11,0.0,0.0,0.0,0.0,0.0,3.77668698E11,0.0,7.553374E11,0.0,0.0,0.0,0.0,0.0,0.0,0.0,0.0,7.553374E11,7.553374E11,0.0,0.0,0.0,0.0,3.77668698E11,3.77368838E11,0.0,0.0,0.0,0.0,0.0,3.77668698E11,0.0,0.0,0.0,0.0,0.0,0.0,0.0,0.0,0.0,0.0,3.70754257E11,0.0,0.0,4.5848954E12,3.77668698E11,0.0,7.553374E11,0.0,0.0,0.0,0.0,0.0,0.0,0.0,0.0,0.0,0.0,0.0,0.0,0.0,0.0,0.0,0.0,0.0,0.0,0.0,3.77668698E11,3.77668698E11,3.77668698E11,0.0,0.0,0.0,7.553374E11,0.0,0.0,3.77668698E11,0.0,0.0,0.0,0.0,0.0,0.0,0.0,0.0,0.0,7.553374E11,1.12782934E12,0.0,0.0,0.0,0.0,0.0,0.0,0.0,7.553374E11,0.0,0.0,0.0,0.0,0.0,7.553374E11,0.0,0.0,0.0,0.0,0.0,0.0,0.0,0.0,0.0,3.77668698E11,0.0,0.0,0.0,7.553374E11,0.0,0.0,0.0,0.0,0.0,0.0,0.0,0.0,0.0,0.0,0.0,0.0,0.0,0.0,0.0,0.0,0.0,0.0,0.0,0.0,0.0,0.0,0.0,0.0,0.0,0.0,0.0,0.0,0.0,0.0,0.0,0.0,0.0,3.77668698E11,0.0,0.0,0.0,0.0,0.0,0.0,0.0,0.0,0.0
4500,0.0,0.0,0.0,0.0,0.0,0.0,0.0,0.0,0.0,0.0,0.0,0.0,0.0,0.0,0.0,0.0,0.0,3.8459546E11,0.0,0.0,0.0,0.0,0.0,0.0,0.0,0.0,2.30757289E12,3.8459546E11,7.6919092E11,0.0,0.0,0.0,0.0,0.0,0.0,0.0,0.0,0.0,0.0,0.0,0.0,0.0,0.0,0.0,0.0,0.0,0.0,1.1177309E12,0.0,0.0,0.0,0.0,0.0,0.0,0.0,1.07796523E12,0.0,0.0,0.0,0.0,0.0,0.0,0.0,0.0,3.73928722E11,0.0,3.8459546E11,0.0,2.63533691E11,0.0,0.0,0.0,0.0,0.0,0.0,0.0,0.0,0.0,0.0,0.0,0.0,0.0,0.0,0.0,3.8459546E11,0.0,0.0,0.0,0.0,0.0,0.0,0.0,0.0,0.0,0.0,0.0,0.0,0.0,0.0,0.0,0.0,0.0,0.0,3.8459546E11,7.6919092E11,0.0,0.0,0.0,0.0,0.0,0.0,0.0,3.8459546E11,0.0,0.0,0.0,0.0,0.0,0.0,3.8459546E11,0.0,0.0,0.0,0.0,0.0,0.0,0.0,0.0,0.0,0.0,0.0,0.0,0.0,0.0,3.8459546E11,0.0,3.8459546E11,0.0,0.0,0.0,0.0,0.0,3.8459546E11,0.0,7.6919092E11,0.0,0.0,0.0,0.0,0.0,0.0,0.0,0.0,7.6919092E11,7.6919092E11,0.0,0.0,0.0,0.0,3.8459546E11,3.84403538E11,0.0,0.0,0.0,0.0,0.0,3.8459546E11,0.0,0.0,0.0,0.0,0.0,0.0,0.0,0.0,0.0,0.0,3.78012697E11,0.0,0.0,4.6155421E12,3.8459546E11,0.0,7.6919092E11,0.0,0.0,0.0,0.0,0.0,0.0,0.0,0.0,0.0,0.0,0.0,0.0,0.0,0.0,0.0,0.0,0.0,0.0,0.0,3.8459546E11,3.8459546E11,3.8459546E11,0.0,0.0,0.0,7.6919092E11,0.0,0.0,3.8459546E11,0.0,0.0,0.0,0.0,0.0,0.0,0.0,0.0,0.0,7.6919092E11,1.1487829E12,0.0,0.0,0.0,0.0,0.0,0.0,0.0,7.6919092E11,0.0,0.0,0.0,0.0,0.0,7.6919092E11,0.0,0.0,0.0,0.0,0.0,0.0,0.0,0.0,0.0,3.8459546E11,0.0,0.0,0.0,7.6919092E11,0.0,0.0,0.0,0.0,0.0,0.0,0.0,0.0,0.0,0.0,0.0,0.0,0.0,0.0,0.0,0.0,0.0,0.0,0.0,0.0,0.0,0.0,0.0,0.0,0.0,0.0,0.0,0.0,0.0,0.0,0.0,0.0,0.0,3.8459546E11,0.0,0.0,0.0,0.0,0.0,0.0,0.0,0.0,0.0
4560,0.0,0.0,0.0,0.0,0.0,0.0,0.0,0.0,0.0,0.0,0.0,0.0,0.0,0.0,0.0,0.0,0.0,3.91389905E11,0.0,0.0,0.0,0.0,0.0,0.0,0.0,0.0,2.34833943E12,3.91389905E11,7.8277981E11,0.0,0.0,0.0,0.0,0.0,0.0,0.0,0.0,0.0,0.0,0.0,0.0,0.0,0.0,0.0,0.0,0.0,0.0,1.13831969E12,0.0,0.0,0.0,0.0,0.0,0.0,0.0,1.098211E12,0.0,0.0,0.0,0.0,0.0,0.0,0.0,0.0,3.80971319E11,0.0,3.91389905E11,0.0,2.69293535E11,0.0,0.0,0.0,0.0,0.0,0.0,0.0,0.0,0.0,0.0,0.0,0.0,0.0,0.0,0.0,3.91389905E11,0.0,0.0,0.0,0.0,0.0,0.0,0.0,0.0,0.0,0.0,0.0,0.0,0.0,0.0,0.0,0.0,0.0,0.0,3.91389905E11,7.8277981E11,0.0,0.0,0.0,0.0,0.0,0.0,0.0,3.91389905E11,0.0,0.0,0.0,0.0,0.0,0.0,3.91389905E11,0.0,0.0,0.0,0.0,0.0,0.0,0.0,0.0,0.0,0.0,0.0,0.0,0.0,0.0,3.91389905E11,0.0,3.91389905E11,0.0,0.0,0.0,0.0,0.0,3.91389905E11,0.0,7.8277981E11,0.0,0.0,0.0,0.0,0.0,0.0,0.0,0.0,7.8277981E11,7.8277981E11,0.0,0.0,0.0,0.0,3.91389905E11,3.9126709E11,0.0,0.0,0.0,0.0,0.0,3.91389905E11,0.0,0.0,0.0,0.0,0.0,0.0,0.0,0.0,0.0,0.0,3.85101234E11,0.0,0.0,4.649105E12,3.91389905E11,0.0,7.8277981E11,0.0,0.0,0.0,0.0,0.0,0.0,0.0,0.0,0.0,0.0,0.0,0.0,0.0,0.0,0.0,0.0,0.0,0.0,0.0,3.91389905E11,3.91389905E11,3.91389905E11,0.0,0.0,0.0,7.8277981E11,0.0,0.0,3.91389905E11,0.0,0.0,0.0,0.0,0.0,0.0,0.0,0.0,0.0,7.8277981E11,1.16933014E12,0.0,0.0,0.0,0.0,0.0,0.0,0.0,7.8277981E11,0.0,0.0,0.0,0.0,0.0,7.8277981E11,0.0,0.0,0.0,0.0,0.0,0.0,0.0,0.0,0.0,3.91389905E11,0.0,0.0,0.0,7.8277981E11,0.0,0.0,0.0,0.0,0.0,0.0,0.0,0.0,0.0,0.0,0.0,0.0,0.0,0.0,0.0,0.0,0.0,0.0,0.0,0.0,0.0,0.0,0.0,0.0,0.0,0.0,0.0,0.0,0.0,0.0,0.0,0.0,0.0,3.91389905E11,0.0,0.0,0.0,0.0,0.0,0.0,0.0,0.0,0.0
4620,0.0,0.0,0.0,0.0,0.0,0.0,0.0,0.0,0.0,0.0,0.0,0.0,0.0,0.0,0.0,0.0,0.0,3.98073266E11,0.0,0.0,0.0,0.0,0.0,0.0,0.0,0.0,2.3884396E12,3.98073266E11,7.9614653E11,0.0,0.0,0.0,0.0,0.0,0.0,0.0,0.0,0.0,0.0,0.0,0.0,0.0,0.0,0.0,0.0,0.0,0.0,1.15857084E12,0.0,0.0,0.0,0.0,0.0,0.0,0.0,1.11810996E12,0.0,0.0,0.0,0.0,0.0,0.0,0.0,0.0,3.87879272E11,0.0,3.98073266E11,0.0,2.7509375E11,0.0,0.0,0.0,0.0,0.0,0.0,0.0,0.0,0.0,0.0,0.0,0.0,0.0,0.0,0.0,3.98073266E11,0.0,0.0,0.0,0.0,0.0,0.0,0.0,0.0,0.0,0.0,0.0,0.0,0.0,0.0,0.0,0.0,0.0,0.0,3.98073266E11,7.9614653E11,0.0,0.0,0.0,0.0,0.0,0.0,0.0,3.98073266E11,0.0,0.0,0.0,0.0,0.0,0.0,3.98073266E11,0.0,0.0,0.0,0.0,0.0,0.0,0.0,0.0,0.0,0.0,0.0,0.0,0.0,0.0,3.98073266E11,0.0,3.98073266E11,0.0,0.0,0.0,0.0,0.0,3.98073266E11,0.0,7.9614653E11,0.0,0.0,0.0,0.0,0.0,0.0,0.0,0.0,7.9614653E11,7.9614653E11,0.0,0.0,0.0,0.0,3.98073266E11,3.97994656E11,0.0,0.0,0.0,0.0,0.0,3.98073266E11,0.0,0.0,0.0,0.0,0.0,0.0,0.0,0.0,0.0,0.0,3.92045494E11,0.0,0.0,4.6854607E12,3.98073266E11,0.0,7.9614653E11,0.0,0.0,0.0,0.0,0.0,0.0,0.0,0.0,0.0,0.0,0.0,0.0,0.0,0.0,0.0,0.0,0.0,0.0,0.0,3.98073266E11,3.98073266E11,3.98073266E11,0.0,0.0,0.0,7.9614653E11,0.0,0.0,3.98073266E11,0.0,0.0,0.0,0.0,0.0,0.0,0.0,0.0,0.0,7.9614653E11,1.18953489E12,0.0,0.0,0.0,0.0,0.0,0.0,0.0,7.9614653E11,0.0,0.0,0.0,0.0,0.0,7.9614653E11,0.0,0.0,0.0,0.0,0.0,0.0,0.0,0.0,0.0,3.98073266E11,0.0,0.0,0.0,7.9614653E11,0.0,0.0,0.0,0.0,0.0,0.0,0.0,0.0,0.0,0.0,0.0,0.0,0.0,0.0,0.0,0.0,0.0,0.0,0.0,0.0,0.0,0.0,0.0,0.0,0.0,0.0,0.0,0.0,0.0,0.0,0.0,0.0,0.0,3.98073266E11,0.0,0.0,0.0,0.0,0.0,0.0,0.0,0.0,0.0
4680,0.0,0.0,0.0,0.0,0.0,0.0,0.0,0.0,0.0,0.0,0.0,0.0,0.0,0.0,0.0,0.0,0.0,4.04665238E11,0.0,0.0,0.0,0.0,0.0,0.0,0.0,0.0,2.42799136E12,4.04665238E11,8.0933048E11,0.0,0.0,0.0,0.0,0.0,0.0,0.0,0.0,0.0,0.0,0.0,0.0,0.0,0.0,0.0,0.0,0.0,0.0,1.17854359E12,0.0,0.0,0.0,0.0,0.0,0.0,0.0,1.13772855E12,0.0,0.0,0.0,0.0,0.0,0.0,0.0,0.0,3.94676142E11,0.0,4.04665238E11,0.0,2.80933892E11,0.0,0.0,0.0,0.0,0.0,0.0,0.0,0.0,0.0,0.0,0.0,0.0,0.0,0.0,0.0,4.04665238E11,0.0,0.0,0.0,0.0,0.0,0.0,0.0,0.0,0.0,0.0,0.0,0.0,0.0,0.0,0.0,0.0,0.0,0.0,4.04665238E11,8.0933048E11,0.0,0.0,0.0,0.0,0.0,0.0,0.0,4.04665238E11,0.0,0.0,0.0,0.0,0.0,0.0,4.04665238E11,0.0,0.0,0.0,0.0,0.0,0.0,0.0,0.0,0.0,0.0,0.0,0.0,0.0,0.0,4.04665238E11,0.0,4.04665238E11,0.0,0.0,0.0,0.0,0.0,4.04665238E11,0.0,8.0933048E11,0.0,0.0,0.0,0.0,0.0,0.0,0.0,0.0,8.0933048E11,8.0933048E11,0.0,0.0,0.0,0.0,4.04665238E11,4.04614939E11,0.0,0.0,0.0,0.0,0.0,4.04665238E11,0.0,0.0,0.0,0.0,0.0,0.0,0.0,0.0,0.0,0.0,3.98869398E11,0.0,0.0,4.7242732E12,4.04665238E11,0.0,8.0933048E11,0.0,0.0,0.0,0.0,0.0,0.0,0.0,0.0,0.0,0.0,0.0,0.0,0.0,0.0,0.0,0.0,0.0,0.0,0.0,4.04665238E11,4.04665238E11,4.04665238E11,0.0,0.0,0.0,8.0933048E11,0.0,0.0,4.04665238E11,0.0,0.0,0.0,0.0,0.0,0.0,0.0,0.0,0.0,8.0933048E11,1.20945639E12,0.0,0.0,0.0,0.0,0.0,0.0,0.0,8.0933048E11,0.0,0.0,0.0,0.0,0.0,8.0933048E11,0.0,0.0,0.0,0.0,0.0,0.0,0.0,0.0,0.0,4.04665238E11,0.0,0.0,0.0,8.0933048E11,0.0,0.0,0.0,0.0,0.0,0.0,0.0,0.0,0.0,0.0,0.0,0.0,0.0,0.0,0.0,0.0,0.0,0.0,0.0,0.0,0.0,0.0,0.0,0.0,0.0,0.0,0.0,0.0,0.0,0.0,0.0,0.0,0.0,4.04665238E11,0.0,0.0,0.0,0.0,0.0,0.0,0.0,0.0,0.0
4740,0.0,0.0,0.0,0.0,0.0,0.0,0.0,0.0,0.0,0.0,0.0,0.0,0.0,0.0,0.0,0.0,0.0,4.11182957E11,0.0,0.0,0.0,0.0,0.0,0.0,0.0,0.0,2.46709774E12,4.11182957E11,8.2236591E11,0.0,0.0,0.0,0.0,0.0,0.0,0.0,0.0,0.0,0.0,0.0,0.0,0.0,0.0,0.0,0.0,0.0,0.0,1.19828945E12,0.0,0.0,0.0,0.0,0.0,0.0,0.0,1.15712328E12,0.0,0.0,0.0,0.0,0.0,0.0,0.0,0.0,4.01382179E11,0.0,4.11182957E11,0.0,2.86813782E11,0.0,0.0,0.0,0.0,0.0,0.0,0.0,0.0,0.0,0.0,0.0,0.0,0.0,0.0,0.0,4.11182957E11,0.0,0.0,0.0,0.0,0.0,0.0,0.0,0.0,0.0,0.0,0.0,0.0,0.0,0.0,0.0,0.0,0.0,0.0,4.11182957E11,8.2236591E11,0.0,0.0,0.0,0.0,0.0,0.0,0.0,4.11182957E11,0.0,0.0,0.0,0.0,0.0,0.0,4.11182957E11,0.0,0.0,0.0,0.0,0.0,0.0,0.0,0.0,0.0,0.0,0.0,0.0,0.0,0.0,4.11182957E11,0.0,4.11182957E11,0.0,0.0,0.0,0.0,0.0,4.11182957E11,0.0,8.2236591E11,0.0,0.0,0.0,0.0,0.0,0.0,0.0,0.0,8.2236591E11,8.2236591E11,0.0,0.0,0.0,0.0,4.11182957E11,4.11150778E11,0.0,0.0,0.0,0.0,0.0,4.11182957E11,0.0,0.0,0.0,0.0,0.0,0.0,0.0,0.0,0.0,0.0,4.05593981E11,0.0,0.0,4.7651483E12,4.11182957E11,0.0,8.2236591E11,0.0,0.0,0.0,0.0,0.0,0.0,0.0,0.0,0.0,0.0,0.0,0.0,0.0,0.0,0.0,0.0,0.0,0.0,0.0,4.11182957E11,4.11182957E11,4.11182957E11,0.0,0.0,0.0,8.2236591E11,0.0,0.0,4.11182957E11,0.0,0.0,0.0,0.0,0.0,0.0,0.0,0.0,0.0,8.2236591E11,1.22914616E12,0.0,0.0,0.0,0.0,0.0,0.0,0.0,8.2236591E11,0.0,0.0,0.0,0.0,0.0,8.2236591E11,0.0,0.0,0.0,0.0,0.0,0.0,0.0,0.0,0.0,4.11182957E11,0.0,0.0,0.0,8.2236591E11,0.0,0.0,0.0,0.0,0.0,0.0,0.0,0.0,0.0,0.0,0.0,0.0,0.0,0.0,0.0,0.0,0.0,0.0,0.0,0.0,0.0,0.0,0.0,0.0,0.0,0.0,0.0,0.0,0.0,0.0,0.0,0.0,0.0,4.11182957E11,0.0,0.0,0.0,0.0,0.0,0.0,0.0,0.0,0.0
4800,0.0,0.0,0.0,0.0,0.0,0.0,0.0,0.0,0.0,0.0,0.0,0.0,0.0,0.0,0.0,0.0,0.0,4.17640776E11,0.0,0.0,0.0,0.0,0.0,0.0,0.0,0.0,2.50584472E12,4.17640776E11,8.3528155E11,0.0,0.0,0.0,0.0,0.0,0.0,0.0,0.0,0.0,0.0,0.0,0.0,0.0,0.0,0.0,0.0,0.0,0.0,1.21785142E12,0.0,0.0,0.0,0.0,0.0,0.0,0.0,1.17634053E12,0.0,0.0,0.0,0.0,0.0,0.0,0.0,0.0,4.08011014E11,0.0,4.17640776E11,0.0,2.92732404E11,0.0,0.0,0.0,0.0,0.0,0.0,0.0,0.0,0.0,0.0,0.0,0.0,0.0,0.0,0.0,4.17640776E11,0.0,0.0,0.0,0.0,0.0,0.0,0.0,0.0,0.0,0.0,0.0,0.0,0.0,0.0,0.0,0.0,0.0,0.0,4.17640776E11,8.3528155E11,0.0,0.0,0.0,0.0,0.0,0.0,0.0,4.17640776E11,0.0,0.0,0.0,0.0,0.0,0.0,4.17640776E11,0.0,0.0,0.0,0.0,0.0,0.0,0.0,0.0,0.0,0.0,0.0,0.0,0.0,0.0,4.17640776E11,0.0,4.17640776E11,0.0,0.0,0.0,0.0,0.0,4.17640776E11,0.0,8.3528155E11,0.0,0.0,0.0,0.0,0.0,0.0,0.0,0.0,8.3528155E11,8.3528155E11,0.0,0.0,0.0,0.0,4.17640776E11,4.17620165E11,0.0,0.0,0.0,0.0,0.0,4.17640776E11,0.0,0.0,0.0,0.0,0.0,0.0,0.0,0.0,0.0,0.0,4.12236546E11,0.0,0.0,4.8077084E12,4.17640776E11,0.0,8.3528155E11,0.0,0.0,0.0,0.0,0.0,0.0,0.0,0.0,0.0,0.0,0.0,0.0,0.0,0.0,0.0,0.0,0.0,0.0,0.0,4.17640776E11,4.17640776E11,4.17640776E11,0.0,0.0,0.0,8.3528155E11,0.0,0.0,4.17640776E11,0.0,0.0,0.0,0.0,0.0,0.0,0.0,0.0,0.0,8.3528155E11,1.24864981E12,0.0,0.0,0.0,0.0,0.0,0.0,0.0,8.3528155E11,0.0,0.0,0.0,0.0,0.0,8.3528155E11,0.0,0.0,0.0,0.0,0.0,0.0,0.0,0.0,0.0,4.17640776E11,0.0,0.0,0.0,8.3528155E11,0.0,0.0,0.0,0.0,0.0,0.0,0.0,0.0,0.0,0.0,0.0,0.0,0.0,0.0,0.0,0.0,0.0,0.0,0.0,0.0,0.0,0.0,0.0,0.0,0.0,0.0,0.0,0.0,0.0,0.0,0.0,0.0,0.0,4.17640776E11,0.0,0.0,0.0,0.0,0.0,0.0,0.0,0.0,0.0
4860,0.0,0.0,0.0,0.0,0.0,0.0,0.0,0.0,0.0,0.0,0.0,0.0,0.0,0.0,0.0,0.0,0.0,4.24050328E11,0.0,0.0,0.0,0.0,0.0,0.0,0.0,0.0,2.54430203E12,4.24050328E11,8.4810066E11,0.0,0.0,0.0,0.0,0.0,0.0,0.0,0.0,0.0,0.0,0.0,0.0,0.0,0.0,0.0,0.0,0.0,0.0,1.23726476E12,0.0,0.0,0.0,0.0,0.0,0.0,0.0,1.19541767E12,0.0,0.0,0.0,0.0,0.0,0.0,0.0,0.0,4.1458067E11,0.0,4.24050328E11,0.0,2.98687758E11,0.0,0.0,0.0,0.0,0.0,0.0,0.0,0.0,0.0,0.0,0.0,0.0,0.0,0.0,0.0,4.24050328E11,0.0,0.0,0.0,0.0,0.0,0.0,0.0,0.0,0.0,0.0,0.0,0.0,0.0,0.0,0.0,0.0,0.0,0.0,4.24050328E11,8.4810066E11,0.0,0.0,0.0,0.0,0.0,0.0,0.0,4.24050328E11,0.0,0.0,0.0,0.0,0.0,0.0,4.24050328E11,0.0,0.0,0.0,0.0,0.0,0.0,0.0,0.0,0.0,0.0,0.0,0.0,0.0,0.0,4.24050328E11,0.0,4.24050328E11,0.0,0.0,0.0,0.0,0.0,4.24050328E11,0.0,8.4810066E11,0.0,0.0,0.0,0.0,0.0,0.0,0.0,0.0,8.4810066E11,8.4810066E11,0.0,0.0,0.0,0.0,4.24050328E11,4.24037122E11,0.0,0.0,0.0,0.0,0.0,4.24050328E11,0.0,0.0,0.0,0.0,0.0,0.0,0.0,0.0,0.0,0.0,4.18812396E11,0.0,0.0,4.8516201E12,4.24050328E11,0.0,8.4810066E11,0.0,0.0,0.0,0.0,0.0,0.0,0.0,0.0,0.0,0.0,0.0,0.0,0.0,0.0,0.0,0.0,0.0,0.0,0.0,4.24050328E11,4.24050328E11,4.24050328E11,0.0,0.0,0.0,8.4810066E11,0.0,0.0,4.24050328E11,0.0,0.0,0.0,0.0,0.0,0.0,0.0,0.0,0.0,8.4810066E11,1.2680018E12,0.0,0.0,0.0,0.0,0.0,0.0,0.0,8.4810066E11,0.0,0.0,0.0,0.0,0.0,8.4810066E11,0.0,0.0,0.0,0.0,0.0,0.0,0.0,0.0,0.0,4.24050328E11,0.0,0.0,0.0,8.4810066E11,0.0,0.0,0.0,0.0,0.0,0.0,0.0,0.0,0.0,0.0,0.0,0.0,0.0,0.0,0.0,0.0,0.0,0.0,0.0,0.0,0.0,0.0,0.0,0.0,0.0,0.0,0.0,0.0,0.0,0.0,0.0,0.0,0.0,4.24050328E11,0.0,0.0,0.0,0.0,0.0,0.0,0.0,0.0,0.0
4920,0.0,0.0,0.0,0.0,0.0,0.0,0.0,0.0,0.0,0.0,0.0,0.0,0.0,0.0,0.0,0.0,0.0,4.30421082E11,0.0,0.0,0.0,0.0,0.0,0.0,0.0,0.0,2.58252656E12,4.30421082E11,8.6084216E11,0.0,0.0,0.0,0.0,0.0,0.0,0.0,0.0,0.0,0.0,0.0,0.0,0.0,0.0,0.0,0.0,0.0,0.0,1.2565579E12,0.0,0.0,0.0,0.0,0.0,0.0,0.0,1.21438444E12,0.0,0.0,0.0,0.0,0.0,0.0,0.0,0.0,4.21102453E11,0.0,4.30421082E11,0.0,3.04677093E11,0.0,0.0,0.0,0.0,0.0,0.0,0.0,0.0,0.0,0.0,0.0,0.0,0.0,0.0,0.0,4.30421082E11,0.0,0.0,0.0,0.0,0.0,0.0,0.0,0.0,0.0,0.0,0.0,0.0,0.0,0.0,0.0,0.0,0.0,0.0,4.30421082E11,8.6084216E11,0.0,0.0,0.0,0.0,0.0,0.0,0.0,4.30421082E11,0.0,0.0,0.0,0.0,0.0,0.0,4.30421082E11,0.0,0.0,0.0,0.0,0.0,0.0,0.0,0.0,0.0,0.0,0.0,0.0,0.0,0.0,4.30421082E11,0.0,4.30421082E11,0.0,0.0,0.0,0.0,0.0,4.30421082E11,0.0,8.6084216E11,0.0,0.0,0.0,0.0,0.0,0.0,0.0,0.0,8.6084216E11,8.6084216E11,0.0,0.0,0.0,0.0,4.30421082E11,4.30412628E11,0.0,0.0,0.0,0.0,0.0,4.30421082E11,0.0,0.0,0.0,0.0,0.0,0.0,0.0,0.0,0.0,0.0,4.25333752E11,0.0,0.0,4.8966035E12,4.30421082E11,0.0,8.6084216E11,0.0,0.0,0.0,0.0,0.0,0.0,0.0,0.0,0.0,0.0,0.0,0.0,0.0,0.0,0.0,0.0,0.0,0.0,0.0,4.30421082E11,4.30421082E11,4.30421082E11,0.0,0.0,0.0,8.6084216E11,0.0,0.0,4.30421082E11,0.0,0.0,0.0,0.0,0.0,0.0,0.0,0.0,0.0,8.6084216E11,1.28723019E12,0.0,0.0,0.0,0.0,0.0,0.0,0.0,8.6084216E11,0.0,0.0,0.0,0.0,0.0,8.6084216E11,0.0,0.0,0.0,0.0,0.0,0.0,0.0,0.0,0.0,4.30421082E11,0.0,0.0,0.0,8.6084216E11,0.0,0.0,0.0,0.0,0.0,0.0,0.0,0.0,0.0,0.0,0.0,0.0,0.0,0.0,0.0,0.0,0.0,0.0,0.0,0.0,0.0,0.0,0.0,0.0,0.0,0.0,0.0,0.0,0.0,0.0,0.0,0.0,0.0,4.30421082E11,0.0,0.0,0.0,0.0,0.0,0.0,0.0,0.0,0.0
4980,0.0,0.0,0.0,0.0,0.0,0.0,0.0,0.0,0.0,0.0,0.0,0.0,0.0,0.0,0.0,0.0,0.0,4.36760576E11,0.0,0.0,0.0,0.0,0.0,0.0,0.0,0.0,2.62056339E12,4.36760576E11,8.7352115E11,0.0,0.0,0.0,0.0,0.0,0.0,0.0,0.0,0.0,0.0,0.0,0.0,0.0,0.0,0.0,0.0,0.0,0.0,1.27575314E12,0.0,0.0,0.0,0.0,0.0,0.0,0.0,1.23326366E12,0.0,0.0,0.0,0.0,0.0,0.0,0.0,0.0,4.27584979E11,0.0,4.36760576E11,0.0,3.10697329E11,0.0,0.0,0.0,0.0,0.0,0.0,0.0,0.0,0.0,0.0,0.0,0.0,0.0,0.0,0.0,4.36760576E11,0.0,0.0,0.0,0.0,0.0,0.0,0.0,0.0,0.0,0.0,0.0,0.0,0.0,0.0,0.0,0.0,0.0,0.0,4.36760576E11,8.7352115E11,0.0,0.0,0.0,0.0,0.0,0.0,0.0,4.36760576E11,0.0,0.0,0.0,0.0,0.0,0.0,4.36760576E11,0.0,0.0,0.0,0.0,0.0,0.0,0.0,0.0,0.0,0.0,0.0,0.0,0.0,0.0,4.36760576E11,0.0,4.36760576E11,0.0,0.0,0.0,0.0,0.0,4.36760576E11,0.0,8.7352115E11,0.0,0.0,0.0,0.0,0.0,0.0,0.0,0.0,8.7352115E11,8.7352115E11,0.0,0.0,0.0,0.0,4.36760576E11,4.36755169E11,0.0,0.0,0.0,0.0,0.0,4.36760576E11,0.0,0.0,0.0,0.0,0.0,0.0,0.0,0.0,0.0,0.0,4.31810183E11,0.0,0.0,4.9424294E12,4.36760576E11,0.0,8.7352115E11,0.0,0.0,0.0,0.0,0.0,0.0,0.0,0.0,0.0,0.0,0.0,0.0,0.0,0.0,0.0,0.0,0.0,0.0,0.0,4.36760576E11,4.36760576E11,4.36760576E11,0.0,0.0,0.0,8.7352115E11,0.0,0.0,4.36760576E11,0.0,0.0,0.0,0.0,0.0,0.0,0.0,0.0,0.0,8.7352115E11,1.3063574E12,0.0,0.0,0.0,0.0,0.0,0.0,0.0,8.7352115E11,0.0,0.0,0.0,0.0,0.0,8.7352115E11,0.0,0.0,0.0,0.0,0.0,0.0,0.0,0.0,0.0,4.36760576E11,0.0,0.0,0.0,8.7352115E11,0.0,0.0,0.0,0.0,0.0,0.0,0.0,0.0,0.0,0.0,0.0,0.0,0.0,0.0,0.0,0.0,0.0,0.0,0.0,0.0,0.0,0.0,0.0,0.0,0.0,0.0,0.0,0.0,0.0,0.0,0.0,0.0,0.0,4.36760576E11,0.0,0.0,0.0,0.0,0.0,0.0,0.0,0.0,0.0
5040,0.0,0.0,0.0,0.0,0.0,0.0,0.0,0.0,0.0,0.0,0.0,0.0,0.0,0.0,0.0,0.0,0.0,4.4307474E11,0.0,0.0,0.0,0.0,0.0,0.0,0.0,0.0,2.65844844E12,4.4307474E11,8.8614948E11,0.0,0.0,0.0,0.0,0.0,0.0,0.0,0.0,0.0,0.0,0.0,0.0,0.0,0.0,0.0,0.0,0.0,0.0,1.29486933E12,0.0,0.0,0.0,0.0,0.0,0.0,0.0,1.2520738E12,0.0,0.0,0.0,0.0,0.0,0.0,0.0,0.0,4.34034672E11,0.0,4.4307474E11,0.0,3.16745187E11,0.0,0.0,0.0,0.0,0.0,0.0,0.0,0.0,0.0,0.0,0.0,0.0,0.0,0.0,0.0,4.4307474E11,0.0,0.0,0.0,0.0,0.0,0.0,0.0,0.0,0.0,0.0,0.0,0.0,0.0,0.0,0.0,0.0,0.0,0.0,4.4307474E11,8.8614948E11,0.0,0.0,0.0,0.0,0.0,0.0,0.0,4.4307474E11,0.0,0.0,0.0,0.0,0.0,0.0,4.4307474E11,0.0,0.0,0.0,0.0,0.0,0.0,0.0,0.0,0.0,0.0,0.0,0.0,0.0,0.0,4.4307474E11,0.0,4.4307474E11,0.0,0.0,0.0,0.0,0.0,4.4307474E11,0.0,8.8614948E11,0.0,0.0,0.0,0.0,0.0,0.0,0.0,0.0,8.8614948E11,8.8614948E11,0.0,0.0,0.0,0.0,4.4307474E11,4.430713E11,0.0,0.0,0.0,0.0,0.0,4.4307474E11,0.0,0.0,0.0,0.0,0.0,0.0,0.0,0.0,0.0,0.0,4.38249423E11,0.0,0.0,4.9889159E12,4.4307474E11,0.0,8.8614948E11,0.0,0.0,0.0,0.0,0.0,0.0,0.0,0.0,0.0,0.0,0.0,0.0,0.0,0.0,0.0,0.0,0.0,0.0,0.0,4.4307474E11,4.4307474E11,4.4307474E11,0.0,0.0,0.0,8.8614948E11,0.0,0.0,4.4307474E11,0.0,0.0,0.0,0.0,0.0,0.0,0.0,0.0,0.0,8.8614948E11,1.32540216E12,0.0,0.0,0.0,0.0,0.0,0.0,0.0,8.8614948E11,0.0,0.0,0.0,0.0,0.0,8.8614948E11,0.0,0.0,0.0,0.0,0.0,0.0,0.0,0.0,0.0,4.4307474E11,0.0,0.0,0.0,8.8614948E11,0.0,0.0,0.0,0.0,0.0,0.0,0.0,0.0,0.0,0.0,0.0,0.0,0.0,0.0,0.0,0.0,0.0,0.0,0.0,0.0,0.0,0.0,0.0,0.0,0.0,0.0,0.0,0.0,0.0,0.0,0.0,0.0,0.0,4.4307474E11,0.0,0.0,0.0,0.0,0.0,0.0,0.0,0.0,0.0
5100,0.0,0.0,0.0,0.0,0.0,0.0,0.0,0.0,0.0,0.0,0.0,0.0,0.0,0.0,0.0,0.0,0.0,4.49368359E11,0.0,0.0,0.0,0.0,0.0,0.0,0.0,0.0,2.69621028E12,4.49368359E11,8.9873672E11,0.0,0.0,0.0,0.0,0.0,0.0,0.0,0.0,0.0,0.0,0.0,0.0,0.0,0.0,0.0,0.0,0.0,0.0,1.31391986E12,0.0,0.0,0.0,0.0,0.0,0.0,0.0,1.27082915E12,0.0,0.0,0.0,0.0,0.0,0.0,0.0,0.0,4.4045697E11,0.0,4.49368359E11,0.0,3.22817065E11,0.0,0.0,0.0,0.0,0.0,0.0,0.0,0.0,0.0,0.0,0.0,0.0,0.0,0.0,0.0,4.49368359E11,0.0,0.0,0.0,0.0,0.0,0.0,0.0,0.0,0.0,0.0,0.0,0.0,0.0,0.0,0.0,0.0,0.0,0.0,4.49368359E11,8.9873672E11,0.0,0.0,0.0,0.0,0.0,0.0,0.0,4.49368359E11,0.0,0.0,0.0,0.0,0.0,0.0,4.49368359E11,0.0,0.0,0.0,0.0,0.0,0.0,0.0,0.0,0.0,0.0,0.0,0.0,0.0,0.0,4.49368359E11,0.0,4.49368359E11,0.0,0.0,0.0,0.0,0.0,4.49368359E11,0.0,8.9873672E11,0.0,0.0,0.0,0.0,0.0,0.0,0.0,0.0,8.9873672E11,8.9873672E11,0.0,0.0,0.0,0.0,4.49368359E11,4.49366131E11,0.0,0.0,0.0,0.0,0.0,4.49368359E11,0.0,0.0,0.0,0.0,0.0,0.0,0.0,0.0,0.0,0.0,4.44657664E11,0.0,0.0,5.0359168E12,4.49368359E11,0.0,8.9873672E11,0.0,0.0,0.0,0.0,0.0,0.0,0.0,0.0,0.0,0.0,0.0,0.0,0.0,0.0,0.0,0.0,0.0,0.0,0.0,4.49368359E11,4.49368359E11,4.49368359E11,0.0,0.0,0.0,8.9873672E11,0.0,0.0,4.49368359E11,0.0,0.0,0.0,0.0,0.0,0.0,0.0,0.0,0.0,8.9873672E11,1.3443789E12,0.0,0.0,0.0,0.0,0.0,0.0,0.0,8.9873672E11,0.0,0.0,0.0,0.0,0.0,8.9873672E11,0.0,0.0,0.0,0.0,0.0,0.0,0.0,0.0,0.0,4.49368359E11,0.0,0.0,0.0,8.9873672E11,0.0,0.0,0.0,0.0,0.0,0.0,0.0,0.0,0.0,0.0,0.0,0.0,0.0,0.0,0.0,0.0,0.0,0.0,0.0,0.0,0.0,0.0,0.0,0.0,0.0,0.0,0.0,0.0,0.0,0.0,0.0,0.0,0.0,4.49368359E11,0.0,0.0,0.0,0.0,0.0,0.0,0.0,0.0,0.0
5160,0.0,0.0,0.0,0.0,0.0,0.0,0.0,0.0,0.0,0.0,0.0,0.0,0.0,0.0,0.0,0.0,0.0,4.55645102E11,0.0,0.0,0.0,0.0,0.0,0.0,0.0,0.0,2.73387068E12,4.55645102E11,9.112902E11,0.0,0.0,0.0,0.0,0.0,0.0,0.0,0.0,0.0,0.0,0.0,0.0,0.0,0.0,0.0,0.0,0.0,0.0,1.33291573E12,0.0,0.0,0.0,0.0,0.0,0.0,0.0,1.2895406E12,0.0,0.0,0.0,0.0,0.0,0.0,0.0,0.0,4.46856135E11,0.0,4.55645102E11,0.0,3.28909849E11,0.0,0.0,0.0,0.0,0.0,0.0,0.0,0.0,0.0,0.0,0.0,0.0,0.0,0.0,0.0,4.55645102E11,0.0,0.0,0.0,0.0,0.0,0.0,0.0,0.0,0.0,0.0,0.0,0.0,0.0,0.0,0.0,0.0,0.0,0.0,4.55645102E11,9.112902E11,0.0,0.0,0.0,0.0,0.0,0.0,0.0,4.55645102E11,0.0,0.0,0.0,0.0,0.0,0.0,4.55645102E11,0.0,0.0,0.0,0.0,0.0,0.0,0.0,0.0,0.0,0.0,0.0,0.0,0.0,0.0,4.55645102E11,0.0,4.55645102E11,0.0,0.0,0.0,0.0,0.0,4.55645102E11,0.0,9.112902E11,0.0,0.0,0.0,0.0,0.0,0.0,0.0,0.0,9.112902E11,9.112902E11,0.0,0.0,0.0,0.0,4.55645102E11,4.55643693E11,0.0,0.0,0.0,0.0,0.0,4.55645102E11,0.0,0.0,0.0,0.0,0.0,0.0,0.0,0.0,0.0,0.0,4.51040018E11,0.0,0.0,5.0833203E12,4.55645102E11,0.0,9.112902E11,0.0,0.0,0.0,0.0,0.0,0.0,0.0,0.0,0.0,0.0,0.0,0.0,0.0,0.0,0.0,0.0,0.0,0.0,0.0,4.55645102E11,4.55645102E11,4.55645102E11,0.0,0.0,0.0,9.112902E11,0.0,0.0,4.55645102E11,0.0,0.0,0.0,0.0,0.0,0.0,0.0,0.0,0.0,9.112902E11,1.36329901E12,0.0,0.0,0.0,0.0,0.0,0.0,0.0,9.112902E11,0.0,0.0,0.0,0.0,0.0,9.112902E11,0.0,0.0,0.0,0.0,0.0,0.0,0.0,0.0,0.0,4.55645102E11,0.0,0.0,0.0,9.112902E11,0.0,0.0,0.0,0.0,0.0,0.0,0.0,0.0,0.0,0.0,0.0,0.0,0.0,0.0,0.0,0.0,0.0,0.0,0.0,0.0,0.0,0.0,0.0,0.0,0.0,0.0,0.0,0.0,0.0,0.0,0.0,0.0,0.0,4.55645102E11,0.0,0.0,0.0,0.0,0.0,0.0,0.0,0.0,0.0
5220,0.0,0.0,0.0,0.0,0.0,0.0,0.0,0.0,0.0,0.0,0.0,0.0,0.0,0.0,0.0,0.0,0.0,4.61907919E11,0.0,0.0,0.0,0.0,0.0,0.0,0.0,0.0,2.77144745E12,4.61907919E11,9.2381584E11,0.0,0.0,0.0,0.0,0.0,0.0,0.0,0.0,0.0,0.0,0.0,0.0,0.0,0.0,0.0,0.0,0.0,0.0,1.35186599E12,0.0,0.0,0.0,0.0,0.0,0.0,0.0,1.30821692E12,0.0,0.0,0.0,0.0,0.0,0.0,0.0,0.0,4.53235704E11,0.0,4.61907919E11,0.0,3.35020655E11,0.0,0.0,0.0,0.0,0.0,0.0,0.0,0.0,0.0,0.0,0.0,0.0,0.0,0.0,0.0,4.61907919E11,0.0,0.0,0.0,0.0,0.0,0.0,0.0,0.0,0.0,0.0,0.0,0.0,0.0,0.0,0.0,0.0,0.0,0.0,4.61907919E11,9.2381584E11,0.0,0.0,0.0,0.0,0.0,0.0,0.0,4.61907919E11,0.0,0.0,0.0,0.0,0.0,0.0,4.61907919E11,0.0,0.0,0.0,0.0,0.0,0.0,0.0,0.0,0.0,0.0,0.0,0.0,0.0,0.0,4.61907919E11,0.0,4.61907919E11,0.0,0.0,0.0,0.0,0.0,4.61907919E11,0.0,9.2381584E11,0.0,0.0,0.0,0.0,0.0,0.0,0.0,0.0,9.2381584E11,9.2381584E11,0.0,0.0,0.0,0.0,4.61907919E11,4.61907034E11,0.0,0.0,0.0,0.0,0.0,4.61907919E11,0.0,0.0,0.0,0.0,0.0,0.0,0.0,0.0,0.0,0.0,4.57400484E11,0.0,0.0,5.1310394E12,4.61907919E11,0.0,9.2381584E11,0.0,0.0,0.0,0.0,0.0,0.0,0.0,0.0,0.0,0.0,0.0,0.0,0.0,0.0,0.0,0.0,0.0,0.0,0.0,4.61907919E11,4.61907919E11,4.61907919E11,0.0,0.0,0.0,9.2381584E11,0.0,0.0,4.61907919E11,0.0,0.0,0.0,0.0,0.0,0.0,0.0,0.0,0.0,9.2381584E11,1.3821718E12,0.0,0.0,0.0,0.0,0.0,0.0,0.0,9.2381584E11,0.0,0.0,0.0,0.0,0.0,9.2381584E11,0.0,0.0,0.0,0.0,0.0,0.0,0.0,0.0,0.0,4.61907919E11,0.0,0.0,0.0,9.2381584E11,0.0,0.0,0.0,0.0,0.0,0.0,0.0,0.0,0.0,0.0,0.0,0.0,0.0,0.0,0.0,0.0,0.0,0.0,0.0,0.0,0.0,0.0,0.0,0.0,0.0,0.0,0.0,0.0,0.0,0.0,0.0,0.0,0.0,4.61907919E11,0.0,0.0,0.0,0.0,0.0,0.0,0.0,0.0,0.0
5280,0.0,0.0,0.0,0.0,0.0,0.0,0.0,0.0,0.0,0.0,0.0,0.0,0.0,0.0,0.0,0.0,0.0,4.68159169E11,0.0,0.0,0.0,0.0,0.0,0.0,0.0,0.0,2.80895501E12,4.68159169E11,9.3631834E11,0.0,0.0,0.0,0.0,0.0,0.0,0.0,0.0,0.0,0.0,0.0,0.0,0.0,0.0,0.0,0.0,0.0,0.0,1.37077798E12,0.0,0.0,0.0,0.0,0.0,0.0,0.0,1.32686453E12,0.0,0.0,0.0,0.0,0.0,0.0,0.0,0.0,4.59598365E11,0.0,4.68159169E11,0.0,3.41146862E11,0.0,0.0,0.0,0.0,0.0,0.0,0.0,0.0,0.0,0.0,0.0,0.0,0.0,0.0,0.0,4.68159169E11,0.0,0.0,0.0,0.0,0.0,0.0,0.0,0.0,0.0,0.0,0.0,0.0,0.0,0.0,0.0,0.0,0.0,0.0,4.68159169E11,9.3631834E11,0.0,0.0,0.0,0.0,0.0,0.0,0.0,4.68159169E11,0.0,0.0,0.0,0.0,0.0,0.0,4.68159169E11,0.0,0.0,0.0,0.0,0.0,0.0,0.0,0.0,0.0,0.0,0.0,0.0,0.0,0.0,4.68159169E11,0.0,4.68159169E11,0.0,0.0,0.0,0.0,0.0,4.68159169E11,0.0,9.3631834E11,0.0,0.0,0.0,0.0,0.0,0.0,0.0,0.0,9.3631834E11,9.3631834E11,0.0,0.0,0.0,0.0,4.68159169E11,4.68158611E11,0.0,0.0,0.0,0.0,0.0,4.68159169E11,0.0,0.0,0.0,0.0,0.0,0.0,0.0,0.0,0.0,0.0,4.63742337E11,0.0,0.0,5.1790055E12,4.68159169E11,0.0,9.3631834E11,0.0,0.0,0.0,0.0,0.0,0.0,0.0,0.0,0.0,0.0,0.0,0.0,0.0,0.0,0.0,0.0,0.0,0.0,0.0,4.68159169E11,4.68159169E11,4.68159169E11,0.0,0.0,0.0,9.3631834E11,0.0,0.0,4.68159169E11,0.0,0.0,0.0,0.0,0.0,0.0,0.0,0.0,0.0,9.3631834E11,1.40100462E12,0.0,0.0,0.0,0.0,0.0,0.0,0.0,9.3631834E11,0.0,0.0,0.0,0.0,0.0,9.3631834E11,0.0,0.0,0.0,0.0,0.0,0.0,0.0,0.0,0.0,4.68159169E11,0.0,0.0,0.0,9.3631834E11,0.0,0.0,0.0,0.0,0.0,0.0,0.0,0.0,0.0,0.0,0.0,0.0,0.0,0.0,0.0,0.0,0.0,0.0,0.0,0.0,0.0,0.0,0.0,0.0,0.0,0.0,0.0,0.0,0.0,0.0,0.0,0.0,0.0,4.68159169E11,0.0,0.0,0.0,0.0,0.0,0.0,0.0,0.0,0.0
5340,0.0,0.0,0.0,0.0,0.0,0.0,0.0,0.0,0.0,0.0,0.0,0.0,0.0,0.0,0.0,0.0,0.0,4.74400719E11,0.0,0.0,0.0,0.0,0.0,0.0,0.0,0.0,2.84640438E12,4.74400719E11,9.4880144E11,0.0,0.0,0.0,0.0,0.0,0.0,0.0,0.0,0.0,0.0,0.0,0.0,0.0,0.0,0.0,0.0,0.0,0.0,1.38965733E12,0.0,0.0,0.0,0.0,0.0,0.0,0.0,1.34548868E12,0.0,0.0,0.0,0.0,0.0,0.0,0.0,0.0,4.65946444E11,0.0,4.74400719E11,0.0,3.47286077E11,0.0,0.0,0.0,0.0,0.0,0.0,0.0,0.0,0.0,0.0,0.0,0.0,0.0,0.0,0.0,4.74400719E11,0.0,0.0,0.0,0.0,0.0,0.0,0.0,0.0,0.0,0.0,0.0,0.0,0.0,0.0,0.0,0.0,0.0,0.0,4.74400719E11,9.4880144E11,0.0,0.0,0.0,0.0,0.0,0.0,0.0,4.74400719E11,0.0,0.0,0.0,0.0,0.0,0.0,4.74400719E11,0.0,0.0,0.0,0.0,0.0,0.0,0.0,0.0,0.0,0.0,0.0,0.0,0.0,0.0,4.74400719E11,0.0,4.74400719E11,0.0,0.0,0.0,0.0,0.0,4.74400719E11,0.0,9.4880144E11,0.0,0.0,0.0,0.0,0.0,0.0,0.0,0.0,9.4880144E11,9.4880144E11,0.0,0.0,0.0,0.0,4.74400719E11,4.74400326E11,0.0,0.0,0.0,0.0,0.0,4.74400719E11,0.0,0.0,0.0,0.0,0.0,0.0,0.0,0.0,0.0,0.0,4.70068199E11,0.0,0.0,5.2271666E12,4.74400719E11,0.0,9.4880144E11,0.0,0.0,0.0,0.0,0.0,0.0,0.0,0.0,0.0,0.0,0.0,0.0,0.0,0.0,0.0,0.0,0.0,0.0,0.0,4.74400719E11,4.74400719E11,4.74400719E11,0.0,0.0,0.0,9.4880144E11,0.0,0.0,4.74400719E11,0.0,0.0,0.0,0.0,0.0,0.0,0.0,0.0,0.0,9.4880144E11,1.41980336E12,0.0,0.0,0.0,0.0,0.0,0.0,0.0,9.4880144E11,0.0,0.0,0.0,0.0,0.0,9.4880144E11,0.0,0.0,0.0,0.0,0.0,0.0,0.0,0.0,0.0,4.74400719E11,0.0,0.0,0.0,9.4880144E11,0.0,0.0,0.0,0.0,0.0,0.0,0.0,0.0,0.0,0.0,0.0,0.0,0.0,0.0,0.0,0.0,0.0,0.0,0.0,0.0,0.0,0.0,0.0,0.0,0.0,0.0,0.0,0.0,0.0,0.0,0.0,0.0,0.0,4.74400719E11,0.0,0.0,0.0,0.0,0.0,0.0,0.0,0.0,0.0
5400,0.0,0.0,0.0,0.0,0.0,0.0,0.0,0.0,0.0,0.0,0.0,0.0,0.0,0.0,0.0,0.0,0.0,4.80634012E11,0.0,0.0,0.0,0.0,0.0,0.0,0.0,0.0,2.8838042E12,4.80634012E11,9.6126802E11,0.0,0.0,0.0,0.0,0.0,0.0,0.0,0.0,0.0,0.0,0.0,0.0,0.0,0.0,0.0,0.0,0.0,0.0,1.40850902E12,0.0,0.0,0.0,0.0,0.0,0.0,0.0,1.36409357E12,0.0,0.0,0.0,0.0,0.0,0.0,0.0,0.0,4.72281743E11,0.0,4.80634012E11,0.0,3.53436271E11,0.0,0.0,0.0,0.0,0.0,0.0,0.0,0.0,0.0,0.0,0.0,0.0,0.0,0.0,0.0,4.80634012E11,0.0,0.0,0.0,0.0,0.0,0.0,0.0,0.0,0.0,0.0,0.0,0.0,0.0,0.0,0.0,0.0,0.0,0.0,4.80634012E11,9.6126802E11,0.0,0.0,0.0,0.0,0.0,0.0,0.0,4.80634012E11,0.0,0.0,0.0,0.0,0.0,0.0,4.80634012E11,0.0,0.0,0.0,0.0,0.0,0.0,0.0,0.0,0.0,0.0,0.0,0.0,0.0,0.0,4.80634012E11,0.0,4.80634012E11,0.0,0.0,0.0,0.0,0.0,4.80634012E11,0.0,9.6126802E11,0.0,0.0,0.0,0.0,0.0,0.0,0.0,0.0,9.6126802E11,9.6126802E11,0.0,0.0,0.0,0.0,4.80634012E11,4.80633782E11,0.0,0.0,0.0,0.0,0.0,4.80634012E11,0.0,0.0,0.0,0.0,0.0,0.0,0.0,0.0,0.0,0.0,4.76380266E11,0.0,0.0,5.2754823E12,4.80634012E11,0.0,9.6126802E11,0.0,0.0,0.0,0.0,0.0,0.0,0.0,0.0,0.0,0.0,0.0,0.0,0.0,0.0,0.0,0.0,0.0,0.0,0.0,4.80634012E11,4.80634012E11,4.80634012E11,0.0,0.0,0.0,9.6126802E11,0.0,0.0,4.80634012E11,0.0,0.0,0.0,0.0,0.0,0.0,0.0,0.0,0.0,9.6126802E11,1.43857287E12,0.0,0.0,0.0,0.0,0.0,0.0,0.0,9.6126802E11,0.0,0.0,0.0,0.0,0.0,9.6126802E11,0.0,0.0,0.0,0.0,0.0,0.0,0.0,0.0,0.0,4.80634012E11,0.0,0.0,0.0,9.6126802E11,0.0,0.0,0.0,0.0,0.0,0.0,0.0,0.0,0.0,0.0,0.0,0.0,0.0,0.0,0.0,0.0,0.0,0.0,0.0,0.0,0.0,0.0,0.0,0.0,0.0,0.0,0.0,0.0,0.0,0.0,0.0,0.0,0.0,4.80634012E11,0.0,0.0,0.0,0.0,0.0,0.0,0.0,0.0,0.0
5460,0.0,0.0,0.0,0.0,0.0,0.0,0.0,0.0,0.0,0.0,0.0,0.0,0.0,0.0,0.0,0.0,0.0,4.86860292E11,0.0,0.0,0.0,0.0,0.0,0.0,0.0,0.0,2.92116182E12,4.86860292E11,9.7372058E11,0.0,0.0,0.0,0.0,0.0,0.0,0.0,0.0,0.0,0.0,0.0,0.0,0.0,0.0,0.0,0.0,0.0,0.0,1.42733659E12,0.0,0.0,0.0,0.0,0.0,0.0,0.0,1.3826822E12,0.0,0.0,0.0,0.0,0.0,0.0,0.0,0.0,4.78605771E11,0.0,4.86860292E11,0.0,3.59595573E11,0.0,0.0,0.0,0.0,0.0,0.0,0.0,0.0,0.0,0.0,0.0,0.0,0.0,0.0,0.0,4.86860292E11,0.0,0.0,0.0,0.0,0.0,0.0,0.0,0.0,0.0,0.0,0.0,0.0,0.0,0.0,0.0,0.0,0.0,0.0,4.86860292E11,9.7372058E11,0.0,0.0,0.0,0.0,0.0,0.0,0.0,4.86860292E11,0.0,0.0,0.0,0.0,0.0,0.0,4.86860292E11,0.0,0.0,0.0,0.0,0.0,0.0,0.0,0.0,0.0,0.0,0.0,0.0,0.0,0.0,4.86860292E11,0.0,4.86860292E11,0.0,0.0,0.0,0.0,0.0,4.86860292E11,0.0,9.7372058E11,0.0,0.0,0.0,0.0,0.0,0.0,0.0,0.0,9.7372058E11,9.7372058E11,0.0,0.0,0.0,0.0,4.86860292E11,4.75663991E11,0.0,0.0,0.0,0.0,0.0,4.86860292E11,0.0,0.0,0.0,0.0,0.0,0.0,0.0,0.0,0.0,0.0,4.82680275E11,0.0,0.0,5.2840639E12,4.86860292E11,0.0,9.7372058E11,0.0,0.0,0.0,0.0,0.0,0.0,0.0,0.0,0.0,0.0,0.0,0.0,0.0,0.0,0.0,0.0,0.0,0.0,0.0,4.86860292E11,4.86860292E11,4.86860292E11,0.0,0.0,0.0,9.7372058E11,0.0,0.0,4.86860292E11,0.0,0.0,0.0,0.0,0.0,0.0,0.0,0.0,0.0,9.7372058E11,1.45731722E12,0.0,0.0,0.0,0.0,0.0,0.0,0.0,9.7372058E11,0.0,0.0,0.0,0.0,0.0,9.7372058E11,0.0,0.0,0.0,0.0,0.0,0.0,0.0,0.0,0.0,4.86860292E11,0.0,0.0,0.0,9.7372058E11,0.0,0.0,0.0,0.0,0.0,0.0,0.0,0.0,0.0,0.0,0.0,0.0,0.0,0.0,0.0,0.0,0.0,0.0,0.0,0.0,0.0,0.0,0.0,0.0,0.0,0.0,0.0,0.0,0.0,0.0,0.0,0.0,0.0,4.86860292E11,0.0,0.0,0.0,0.0,0.0,0.0,0.0,0.0,0.0
5520,0.0,0.0,0.0,0.0,0.0,0.0,0.0,0.0,0.0,0.0,0.0,0.0,0.0,0.0,0.0,0.0,0.0,4.9281024E11,0.0,0.0,0.0,0.0,0.0,0.0,0.0,0.0,2.95686137E12,4.9281024E11,9.8562048E11,0.0,0.0,0.0,0.0,0.0,0.0,0.0,0.0,0.0,0.0,0.0,0.0,0.0,0.0,0.0,0.0,0.0,0.0,1.44533304E12,0.0,0.0,0.0,0.0,0.0,0.0,0.0,1.40048164E12,0.0,0.0,0.0,0.0,0.0,0.0,0.0,0.0,4.84689019E11,0.0,4.9281024E11,0.0,3.65605126E11,0.0,0.0,0.0,0.0,0.0,0.0,0.0,0.0,0.0,0.0,0.0,0.0,0.0,0.0,0.0,4.9281024E11,0.0,0.0,0.0,0.0,0.0,0.0,0.0,0.0,0.0,0.0,0.0,0.0,0.0,0.0,0.0,0.0,0.0,0.0,4.9281024E11,9.8562048E11,0.0,0.0,0.0,0.0,0.0,0.0,0.0,4.9281024E11,0.0,0.0,0.0,0.0,0.0,0.0,4.9281024E11,0.0,0.0,0.0,0.0,0.0,0.0,0.0,0.0,0.0,0.0,0.0,0.0,0.0,0.0,4.9281024E11,0.0,4.9281024E11,0.0,0.0,0.0,0.0,0.0,4.9281024E11,0.0,9.8562048E11,0.0,0.0,0.0,0.0,0.0,0.0,0.0,0.0,9.8562048E11,9.8562048E11,0.0,0.0,0.0,0.0,4.9281024E11,4.76732752E11,0.0,0.0,0.0,0.0,0.0,4.9281024E11,0.0,0.0,0.0,0.0,0.0,0.0,0.0,0.0,0.0,0.0,4.8869956E11,0.0,0.0,5.3403409E12,4.9281024E11,0.0,9.8562048E11,0.0,0.0,0.0,0.0,0.0,0.0,0.0,0.0,0.0,0.0,0.0,0.0,0.0,0.0,0.0,0.0,0.0,0.0,0.0,4.9281024E11,4.9281024E11,4.9281024E11,0.0,0.0,0.0,9.8562048E11,0.0,0.0,4.9281024E11,0.0,0.0,0.0,0.0,0.0,0.0,0.0,0.0,0.0,9.8562048E11,1.47522886E12,0.0,0.0,0.0,0.0,0.0,0.0,0.0,9.8562048E11,0.0,0.0,0.0,0.0,0.0,9.8562048E11,0.0,0.0,0.0,0.0,0.0,0.0,0.0,0.0,0.0,4.9281024E11,0.0,0.0,0.0,9.8562048E11,0.0,0.0,0.0,0.0,0.0,0.0,0.0,0.0,0.0,0.0,0.0,0.0,0.0,0.0,0.0,0.0,0.0,0.0,0.0,0.0,0.0,0.0,0.0,0.0,0.0,0.0,0.0,0.0,0.0,0.0,0.0,0.0,0.0,4.9281024E11,0.0,0.0,0.0,0.0,0.0,0.0,0.0,0.0,0.0
5580,0.0,0.0,0.0,0.0,0.0,0.0,0.0,0.0,0.0,0.0,0.0,0.0,0.0,0.0,0.0,0.0,0.0,4.98782536E11,0.0,0.0,0.0,0.0,0.0,0.0,0.0,0.0,2.99269515E12,4.98782536E11,9.9756507E11,0.0,0.0,0.0,0.0,0.0,0.0,0.0,0.0,0.0,0.0,0.0,0.0,0.0,0.0,0.0,0.0,0.0,0.0,1.46339371E12,0.0,0.0,0.0,0.0,0.0,0.0,0.0,1.41841819E12,0.0,0.0,0.0,0.0,0.0,0.0,0.0,0.0,4.90849141E11,0.0,4.98782536E11,0.0,3.71799163E11,0.0,0.0,0.0,0.0,0.0,0.0,0.0,0.0,0.0,0.0,0.0,0.0,0.0,0.0,0.0,4.98782536E11,0.0,0.0,0.0,0.0,0.0,0.0,0.0,0.0,0.0,0.0,0.0,0.0,0.0,0.0,0.0,0.0,0.0,0.0,4.98782536E11,9.9756507E11,0.0,0.0,0.0,0.0,0.0,0.0,0.0,4.98782536E11,0.0,0.0,0.0,0.0,0.0,0.0,4.98782536E11,0.0,0.0,0.0,0.0,0.0,0.0,0.0,0.0,0.0,0.0,0.0,0.0,0.0,0.0,4.98782536E11,0.0,4.98782536E11,0.0,0.0,0.0,0.0,0.0,4.98782536E11,0.0,9.9756507E11,0.0,0.0,0.0,0.0,0.0,0.0,0.0,0.0,9.9756507E11,9.9756507E11,0.0,0.0,0.0,0.0,4.98782536E11,4.80588628E11,0.0,0.0,0.0,0.0,0.0,4.98782536E11,0.0,0.0,0.0,0.0,0.0,0.0,0.0,0.0,0.0,0.0,4.94737818E11,0.0,0.0,5.4148984E12,4.98782536E11,0.0,9.9756507E11,0.0,0.0,0.0,0.0,0.0,0.0,0.0,0.0,0.0,0.0,0.0,0.0,0.0,0.0,0.0,0.0,0.0,0.0,0.0,4.98782536E11,4.98782536E11,4.98782536E11,0.0,0.0,0.0,9.9756507E11,0.0,0.0,4.98782536E11,0.0,0.0,0.0,0.0,0.0,0.0,0.0,0.0,0.0,9.9756507E11,1.49320381E12,0.0,0.0,0.0,0.0,0.0,0.0,0.0,9.9756507E11,0.0,0.0,0.0,0.0,0.0,9.9756507E11,0.0,0.0,0.0,0.0,0.0,0.0,0.0,0.0,0.0,4.98782536E11,0.0,0.0,0.0,9.9756507E11,0.0,0.0,0.0,0.0,0.0,0.0,0.0,0.0,0.0,0.0,0.0,0.0,0.0,0.0,0.0,0.0,0.0,0.0,0.0,0.0,0.0,0.0,0.0,0.0,0.0,0.0,0.0,0.0,0.0,0.0,0.0,0.0,0.0,4.98782536E11,0.0,0.0,0.0,0.0,0.0,0.0,0.0,0.0,0.0
5640,0.0,0.0,0.0,0.0,0.0,0.0,0.0,0.0,0.0,0.0,0.0,0.0,0.0,0.0,0.0,0.0,0.0,5.04889049E11,0.0,0.0,0.0,0.0,0.0,0.0,0.0,0.0,3.02933423E12,5.04889049E11,1.0097781E12,0.0,0.0,0.0,0.0,0.0,0.0,0.0,0.0,0.0,0.0,0.0,0.0,0.0,0.0,0.0,0.0,0.0,0.0,1.48185507E12,0.0,0.0,0.0,0.0,0.0,0.0,0.0,1.4368245E12,0.0,0.0,0.0,0.0,0.0,0.0,0.0,0.0,4.97176117E11,0.0,5.04889049E11,0.0,3.78233422E11,0.0,0.0,0.0,0.0,0.0,0.0,0.0,0.0,0.0,0.0,0.0,0.0,0.0,0.0,0.0,5.04889049E11,0.0,0.0,0.0,0.0,0.0,0.0,0.0,0.0,0.0,0.0,0.0,0.0,0.0,0.0,0.0,0.0,0.0,0.0,5.04889049E11,1.0097781E12,0.0,0.0,0.0,0.0,0.0,0.0,0.0,5.04889049E11,0.0,0.0,0.0,0.0,0.0,0.0,5.04889049E11,0.0,0.0,0.0,0.0,0.0,0.0,0.0,0.0,0.0,0.0,0.0,0.0,0.0,0.0,5.04889049E11,0.0,5.04889049E11,0.0,0.0,0.0,0.0,0.0,5.04889049E11,0.0,1.0097781E12,0.0,0.0,0.0,0.0,0.0,0.0,0.0,0.0,1.0097781E12,1.0097781E12,0.0,0.0,0.0,0.0,5.04889049E11,4.86004556E11,0.0,0.0,0.0,0.0,0.0,5.04889049E11,0.0,0.0,0.0,0.0,0.0,0.0,0.0,0.0,0.0,0.0,5.00908458E11,0.0,0.0,5.4953493E12,5.04889049E11,0.0,1.0097781E12,0.0,0.0,0.0,0.0,0.0,0.0,0.0,0.0,0.0,0.0,0.0,0.0,0.0,0.0,0.0,0.0,0.0,0.0,0.0,5.04889049E11,5.04889049E11,5.04889049E11,0.0,0.0,0.0,1.0097781E12,0.0,0.0,5.04889049E11,0.0,0.0,0.0,0.0,0.0,0.0,0.0,0.0,0.0,1.0097781E12,1.51157814E12,0.0,0.0,0.0,0.0,0.0,0.0,0.0,1.0097781E12,0.0,0.0,0.0,0.0,0.0,1.0097781E12,0.0,0.0,0.0,0.0,0.0,0.0,0.0,0.0,0.0,5.04889049E11,0.0,0.0,0.0,1.0097781E12,0.0,0.0,0.0,0.0,0.0,0.0,0.0,0.0,0.0,0.0,0.0,0.0,0.0,0.0,0.0,0.0,0.0,0.0,0.0,0.0,0.0,0.0,0.0,0.0,0.0,0.0,0.0,0.0,0.0,0.0,0.0,0.0,0.0,5.04889049E11,0.0,0.0,0.0,0.0,0.0,0.0,0.0,0.0,0.0
5700,0.0,0.0,0.0,0.0,0.0,0.0,0.0,0.0,0.0,0.0,0.0,0.0,0.0,0.0,0.0,0.0,0.0,5.11163957E11,0.0,0.0,0.0,0.0,0.0,0.0,0.0,0.0,3.06698361E12,5.11163957E11,1.02232791E12,0.0,0.0,0.0,0.0,0.0,0.0,0.0,0.0,0.0,0.0,0.0,0.0,0.0,0.0,0.0,0.0,0.0,0.0,1.50081975E12,0.0,0.0,0.0,0.0,0.0,0.0,0.0,1.45578774E12,0.0,0.0,0.0,0.0,0.0,0.0,0.0,0.0,5.03687217E11,0.0,5.11163957E11,0.0,3.84890274E11,0.0,0.0,0.0,0.0,0.0,0.0,0.0,0.0,0.0,0.0,0.0,0.0,0.0,0.0,0.0,5.11163957E11,0.0,0.0,0.0,0.0,0.0,0.0,0.0,0.0,0.0,0.0,0.0,0.0,0.0,0.0,0.0,0.0,0.0,0.0,5.11163957E11,1.02232791E12,0.0,0.0,0.0,0.0,0.0,0.0,0.0,5.11163957E11,0.0,0.0,0.0,0.0,0.0,0.0,5.11163957E11,0.0,0.0,0.0,0.0,0.0,0.0,0.0,0.0,0.0,0.0,0.0,0.0,0.0,0.0,5.11163957E11,0.0,5.11163957E11,0.0,0.0,0.0,0.0,0.0,5.11163957E11,0.0,1.02232791E12,0.0,0.0,0.0,0.0,0.0,0.0,0.0,0.0,1.02232791E12,1.02232791E12,0.0,0.0,0.0,0.0,5.11163957E11,4.92311871E11,0.0,0.0,0.0,0.0,0.0,5.11163957E11,0.0,0.0,0.0,0.0,0.0,0.0,0.0,0.0,0.0,0.0,5.07245396E11,0.0,0.0,5.5761851E12,5.11163957E11,0.0,1.02232791E12,0.0,0.0,0.0,0.0,0.0,0.0,0.0,0.0,0.0,0.0,0.0,0.0,0.0,0.0,0.0,0.0,0.0,0.0,0.0,5.11163957E11,5.11163957E11,5.11163957E11,0.0,0.0,0.0,1.02232791E12,0.0,0.0,5.11163957E11,0.0,0.0,0.0,0.0,0.0,0.0,0.0,0.0,0.0,1.02232791E12,1.53045408E12,0.0,0.0,0.0,0.0,0.0,0.0,0.0,1.02232791E12,0.0,0.0,0.0,0.0,0.0,1.02232791E12,0.0,0.0,0.0,0.0,0.0,0.0,0.0,0.0,0.0,5.11163957E11,0.0,0.0,0.0,1.02232791E12,0.0,0.0,0.0,0.0,0.0,0.0,0.0,0.0,0.0,0.0,0.0,0.0,0.0,0.0,0.0,0.0,0.0,0.0,0.0,0.0,0.0,0.0,0.0,0.0,0.0,0.0,0.0,0.0,0.0,0.0,0.0,0.0,0.0,5.11163957E11,0.0,0.0,0.0,0.0,0.0,0.0,0.0,0.0,0.0
5760,0.0,0.0,0.0,0.0,0.0,0.0,0.0,0.0,0.0,0.0,0.0,0.0,0.0,0.0,0.0,0.0,0.0,5.17606572E11,0.0,0.0,0.0,0.0,0.0,0.0,0.0,0.0,3.10563937E12,5.17606572E11,1.03521314E12,0.0,0.0,0.0,0.0,0.0,0.0,0.0,0.0,0.0,0.0,0.0,0.0,0.0,0.0,0.0,0.0,0.0,0.0,1.52028591E12,0.0,0.0,0.0,0.0,0.0,0.0,0.0,1.47528955E12,0.0,0.0,0.0,0.0,0.0,0.0,0.0,0.0,5.10366122E11,0.0,5.17606572E11,0.0,3.91731839E11,0.0,0.0,0.0,0.0,0.0,0.0,0.0,0.0,0.0,0.0,0.0,0.0,0.0,0.0,0.0,5.17606572E11,0.0,0.0,0.0,0.0,0.0,0.0,0.0,0.0,0.0,0.0,0.0,0.0,0.0,0.0,0.0,0.0,0.0,0.0,5.17606572E11,1.03521314E12,0.0,0.0,0.0,0.0,0.0,0.0,0.0,5.17606572E11,0.0,0.0,0.0,0.0,0.0,0.0,5.17606572E11,0.0,0.0,0.0,0.0,0.0,0.0,0.0,0.0,0.0,0.0,0.0,0.0,0.0,0.0,5.17606572E11,0.0,5.17606572E11,0.0,0.0,0.0,0.0,0.0,5.17606572E11,0.0,1.03521314E12,0.0,0.0,0.0,0.0,0.0,0.0,0.0,0.0,1.03521314E12,1.03521314E12,0.0,0.0,0.0,0.0,5.17606572E11,4.99129647E11,0.0,0.0,0.0,0.0,0.0,5.17606572E11,0.0,0.0,0.0,0.0,0.0,0.0,0.0,0.0,0.0,0.0,5.1375027E11,0.0,0.0,5.6550322E12,5.17606572E11,0.0,1.03521314E12,0.0,0.0,0.0,0.0,0.0,0.0,0.0,0.0,0.0,0.0,0.0,0.0,0.0,0.0,0.0,0.0,0.0,0.0,0.0,5.17606572E11,5.17606572E11,5.17606572E11,0.0,0.0,0.0,1.03521314E12,0.0,0.0,5.17606572E11,0.0,0.0,0.0,0.0,0.0,0.0,0.0,0.0,0.0,1.03521314E12,1.54982901E12,0.0,0.0,0.0,0.0,0.0,0.0,0.0,1.03521314E12,0.0,0.0,0.0,0.0,0.0,1.03521314E12,0.0,0.0,0.0,0.0,0.0,0.0,0.0,0.0,0.0,5.17606572E11,0.0,0.0,0.0,1.03521314E12,0.0,0.0,0.0,0.0,0.0,0.0,0.0,0.0,0.0,0.0,0.0,0.0,0.0,0.0,0.0,0.0,0.0,0.0,0.0,0.0,0.0,0.0,0.0,0.0,0.0,0.0,0.0,0.0,0.0,0.0,0.0,0.0,0.0,5.17606572E11,0.0,0.0,0.0,0.0,0.0,0.0,0.0,0.0,0.0
5820,0.0,0.0,0.0,0.0,0.0,0.0,0.0,0.0,0.0,0.0,0.0,0.0,0.0,0.0,0.0,0.0,0.0,5.24201329E11,0.0,0.0,0.0,0.0,0.0,0.0,0.0,0.0,3.14520791E12,5.24201329E11,1.04840266E12,0.0,0.0,0.0,0.0,0.0,0.0,0.0,0.0,0.0,0.0,0.0,0.0,0.0,0.0,0.0,0.0,0.0,0.0,1.54020676E12,0.0,0.0,0.0,0.0,0.0,0.0,0.0,1.49526938E12,0.0,0.0,0.0,0.0,0.0,0.0,0.0,0.0,5.17187928E11,0.0,5.24201329E11,0.0,3.98718632E11,0.0,0.0,0.0,0.0,0.0,0.0,0.0,0.0,0.0,0.0,0.0,0.0,0.0,0.0,0.0,5.24201329E11,0.0,0.0,0.0,0.0,0.0,0.0,0.0,0.0,0.0,0.0,0.0,0.0,0.0,0.0,0.0,0.0,0.0,0.0,5.24201329E11,1.04840266E12,0.0,0.0,0.0,0.0,0.0,0.0,0.0,5.24201329E11,0.0,0.0,0.0,0.0,0.0,0.0,5.24201329E11,0.0,0.0,0.0,0.0,0.0,0.0,0.0,0.0,0.0,0.0,0.0,0.0,0.0,0.0,5.24201329E11,0.0,5.24201329E11,0.0,0.0,0.0,0.0,0.0,5.24201329E11,0.0,1.04840266E12,0.0,0.0,0.0,0.0,0.0,0.0,0.0,0.0,1.04840266E12,1.04840266E12,0.0,0.0,0.0,0.0,5.24201329E11,5.06238075E11,0.0,0.0,0.0,0.0,0.0,5.24201329E11,0.0,0.0,0.0,0.0,0.0,0.0,0.0,0.0,0.0,0.0,5.20407187E11,0.0,0.0,5.731044E12,5.24201329E11,0.0,1.04840266E12,0.0,0.0,0.0,0.0,0.0,0.0,0.0,0.0,0.0,0.0,0.0,0.0,0.0,0.0,0.0,0.0,0.0,0.0,0.0,5.24201329E11,5.24201329E11,5.24201329E11,0.0,0.0,0.0,1.04840266E12,0.0,0.0,5.24201329E11,0.0,0.0,0.0,0.0,0.0,0.0,0.0,0.0,0.0,1.04840266E12,1.56965732E12,0.0,0.0,0.0,0.0,0.0,0.0,0.0,1.04840266E12,0.0,0.0,0.0,0.0,0.0,1.04840266E12,0.0,0.0,0.0,0.0,0.0,0.0,0.0,0.0,0.0,5.24201329E11,0.0,0.0,0.0,1.04840266E12,0.0,0.0,0.0,0.0,0.0,0.0,0.0,0.0,0.0,0.0,0.0,0.0,0.0,0.0,0.0,0.0,0.0,0.0,0.0,0.0,0.0,0.0,0.0,0.0,0.0,0.0,0.0,0.0,0.0,0.0,0.0,0.0,0.0,5.24201329E11,0.0,0.0,0.0,0.0,0.0,0.0,0.0,0.0,0.0
5880,0.0,0.0,0.0,0.0,0.0,0.0,0.0,0.0,0.0,0.0,0.0,0.0,0.0,0.0,0.0,0.0,0.0,5.30927518E11,0.0,0.0,0.0,0.0,0.0,0.0,0.0,0.0,3.18556498E12,5.30927518E11,1.06185504E12,0.0,0.0,0.0,0.0,0.0,0.0,0.0,0.0,0.0,0.0,0.0,0.0,0.0,0.0,0.0,0.0,0.0,0.0,1.56052016E12,0.0,0.0,0.0,0.0,0.0,0.0,0.0,1.51565435E12,0.0,0.0,0.0,0.0,0.0,0.0,0.0,0.0,5.24126781E11,0.0,5.30927518E11,0.0,4.05815689E11,0.0,0.0,0.0,0.0,0.0,0.0,0.0,0.0,0.0,0.0,0.0,0.0,0.0,0.0,0.0,5.30927518E11,0.0,0.0,0.0,0.0,0.0,0.0,0.0,0.0,0.0,0.0,0.0,0.0,0.0,0.0,0.0,0.0,0.0,0.0,5.30927518E11,1.06185504E12,0.0,0.0,0.0,0.0,0.0,0.0,0.0,5.30927518E11,0.0,0.0,0.0,0.0,0.0,0.0,5.30927518E11,0.0,0.0,0.0,0.0,0.0,0.0,0.0,0.0,0.0,0.0,0.0,0.0,0.0,0.0,5.30927518E11,0.0,5.30927518E11,0.0,0.0,0.0,0.0,0.0,5.30927518E11,0.0,1.06185504E12,0.0,0.0,0.0,0.0,0.0,0.0,0.0,0.0,1.06185504E12,1.06185504E12,0.0,0.0,0.0,0.0,5.30927518E11,5.13509196E11,0.0,0.0,0.0,0.0,0.0,5.30927518E11,0.0,0.0,0.0,0.0,0.0,0.0,0.0,0.0,0.0,0.0,5.27195111E11,0.0,0.0,5.8041256E12,5.30927518E11,0.0,1.06185504E12,0.0,0.0,0.0,0.0,0.0,0.0,0.0,0.0,0.0,0.0,0.0,0.0,0.0,0.0,0.0,0.0,0.0,0.0,0.0,5.30927518E11,5.30927518E11,5.30927518E11,0.0,0.0,0.0,1.06185504E12,0.0,0.0,5.30927518E11,0.0,0.0,0.0,0.0,0.0,0.0,0.0,0.0,0.0,1.06185504E12,1.58987741E12,0.0,0.0,0.0,0.0,0.0,0.0,0.0,1.06185504E12,0.0,0.0,0.0,0.0,0.0,1.06185504E12,0.0,0.0,0.0,0.0,0.0,0.0,0.0,0.0,0.0,5.30927518E11,0.0,0.0,0.0,1.06185504E12,0.0,0.0,0.0,0.0,0.0,0.0,0.0,0.0,0.0,0.0,0.0,0.0,0.0,0.0,0.0,0.0,0.0,0.0,0.0,0.0,0.0,0.0,0.0,0.0,0.0,0.0,0.0,0.0,0.0,0.0,0.0,0.0,0.0,5.30927518E11,0.0,0.0,0.0,0.0,0.0,0.0,0.0,0.0,0.0
5940,0.0,0.0,0.0,0.0,0.0,0.0,0.0,0.0,0.0,0.0,0.0,0.0,0.0,0.0,0.0,0.0,0.0,5.37764069E11,0.0,0.0,0.0,0.0,0.0,0.0,0.0,0.0,3.22658422E12,5.37764069E11,1.07552814E12,0.0,0.0,0.0,0.0,0.0,0.0,0.0,0.0,0.0,0.0,0.0,0.0,0.0,0.0,0.0,0.0,0.0,0.0,1.58116282E12,0.0,0.0,0.0,0.0,0.0,0.0,0.0,1.53637356E12,0.0,0.0,0.0,0.0,0.0,0.0,0.0,0.0,5.31159712E11,0.0,5.37764069E11,0.0,4.12994306E11,0.0,0.0,0.0,0.0,0.0,0.0,0.0,0.0,0.0,0.0,0.0,0.0,0.0,0.0,0.0,5.37764069E11,0.0,0.0,0.0,0.0,0.0,0.0,0.0,0.0,0.0,0.0,0.0,0.0,0.0,0.0,0.0,0.0,0.0,0.0,5.37764069E11,1.07552814E12,0.0,0.0,0.0,0.0,0.0,0.0,0.0,5.37764069E11,0.0,0.0,0.0,0.0,0.0,0.0,5.37764069E11,0.0,0.0,0.0,0.0,0.0,0.0,0.0,0.0,0.0,0.0,0.0,0.0,0.0,0.0,5.37764069E11,0.0,5.37764069E11,0.0,0.0,0.0,0.0,0.0,5.37764069E11,0.0,1.07552814E12,0.0,0.0,0.0,0.0,0.0,0.0,0.0,0.0,1.07552814E12,1.07552814E12,0.0,0.0,0.0,0.0,5.37764069E11,5.2086902E11,0.0,0.0,0.0,0.0,0.0,5.37764069E11,0.0,0.0,0.0,0.0,0.0,0.0,0.0,0.0,0.0,0.0,5.34092612E11,0.0,0.0,5.8745202E12,5.37764069E11,0.0,1.07552814E12,0.0,0.0,0.0,0.0,0.0,0.0,0.0,0.0,0.0,0.0,0.0,0.0,0.0,0.0,0.0,0.0,0.0,0.0,0.0,5.37764069E11,5.37764069E11,5.37764069E11,0.0,0.0,0.0,1.07552814E12,0.0,0.0,5.37764069E11,0.0,0.0,0.0,0.0,0.0,0.0,0.0,0.0,0.0,1.07552814E12,1.61042674E12,0.0,0.0,0.0,0.0,0.0,0.0,0.0,1.07552814E12,0.0,0.0,0.0,0.0,0.0,1.07552814E12,0.0,0.0,0.0,0.0,0.0,0.0,0.0,0.0,0.0,5.37764069E11,0.0,0.0,0.0,1.07552814E12,0.0,0.0,0.0,0.0,0.0,0.0,0.0,0.0,0.0,0.0,0.0,0.0,0.0,0.0,0.0,0.0,0.0,0.0,0.0,0.0,0.0,0.0,0.0,0.0,0.0,0.0,0.0,0.0,0.0,0.0,0.0,0.0,0.0,5.37764069E11,0.0,0.0,0.0,0.0,0.0,0.0,0.0,0.0,0.0
6000,0.0,0.0,0.0,0.0,0.0,0.0,0.0,0.0,0.0,0.0,0.0,0.0,0.0,0.0,0.0,0.0,0.0,5.44691683E11,0.0,0.0,0.0,0.0,0.0,0.0,0.0,0.0,3.26815003E12,5.44691683E11,1.08938337E12,0.0,0.0,0.0,0.0,0.0,0.0,0.0,0.0,0.0,0.0,0.0,0.0,0.0,0.0,0.0,0.0,0.0,0.0,1.6020768E12,0.0,0.0,0.0,0.0,0.0,0.0,0.0,1.55736395E12,0.0,0.0,0.0,0.0,0.0,0.0,0.0,0.0,5.38267451E11,0.0,5.44691683E11,0.0,4.20232102E11,0.0,0.0,0.0,0.0,0.0,0.0,0.0,0.0,0.0,0.0,0.0,0.0,0.0,0.0,0.0,5.44691683E11,0.0,0.0,0.0,0.0,0.0,0.0,0.0,0.0,0.0,0.0,0.0,0.0,0.0,0.0,0.0,0.0,0.0,0.0,5.44691683E11,1.08938337E12,0.0,0.0,0.0,0.0,0.0,0.0,0.0,5.44691683E11,0.0,0.0,0.0,0.0,0.0,0.0,5.44691683E11,0.0,0.0,0.0,0.0,0.0,0.0,0.0,0.0,0.0,0.0,0.0,0.0,0.0,0.0,5.44691683E11,0.0,5.44691683E11,0.0,0.0,0.0,0.0,0.0,5.44691683E11,0.0,1.08938337E12,0.0,0.0,0.0,0.0,0.0,0.0,0.0,0.0,1.08938337E12,1.08938337E12,0.0,0.0,0.0,0.0,5.44691683E11,5.28276095E11,0.0,0.0,0.0,0.0,0.0,5.44691683E11,0.0,0.0,0.0,0.0,0.0,0.0,0.0,0.0,0.0,0.0,5.41080093E11,0.0,0.0,5.9426236E12,5.44691683E11,0.0,1.08938337E12,0.0,0.0,0.0,0.0,0.0,0.0,0.0,0.0,0.0,0.0,0.0,0.0,0.0,0.0,0.0,0.0,0.0,0.0,0.0,5.44691683E11,5.44691683E11,5.44691683E11,0.0,0.0,0.0,1.08938337E12,0.0,0.0,5.44691683E11,0.0,0.0,0.0,0.0,0.0,0.0,0.0,0.0,0.0,1.08938337E12,1.63124779E12,0.0,0.0,0.0,0.0,0.0,0.0,0.0,1.08938337E12,0.0,0.0,0.0,0.0,0.0,1.08938337E12,0.0,0.0,0.0,0.0,0.0,0.0,0.0,0.0,0.0,5.44691683E11,0.0,0.0,0.0,1.08938337E12,0.0,0.0,0.0,0.0,0.0,0.0,0.0,0.0,0.0,0.0,0.0,0.0,0.0,0.0,0.0,0.0,0.0,0.0,0.0,0.0,0.0,0.0,0.0,0.0,0.0,0.0,0.0,0.0,0.0,0.0,0.0,0.0,0.0,5.44691683E11,0.0,0.0,0.0,0.0,0.0,0.0,0.0,0.0,0.0
6060,0.0,0.0,0.0,0.0,0.0,0.0,0.0,0.0,0.0,0.0,0.0,0.0,0.0,0.0,0.0,0.0,0.0,5.5169391E11,0.0,0.0,0.0,0.0,0.0,0.0,0.0,0.0,3.31016359E12,5.5169391E11,1.10338782E12,0.0,0.0,0.0,0.0,0.0,0.0,0.0,0.0,0.0,0.0,0.0,0.0,0.0,0.0,0.0,0.0,0.0,0.0,1.62321282E12,0.0,0.0,0.0,0.0,0.0,0.0,0.0,1.57857258E12,0.0,0.0,0.0,0.0,0.0,0.0,0.0,0.0,5.45434206E11,0.0,5.5169391E11,0.0,4.27512234E11,0.0,0.0,0.0,0.0,0.0,0.0,0.0,0.0,0.0,0.0,0.0,0.0,0.0,0.0,0.0,5.5169391E11,0.0,0.0,0.0,0.0,0.0,0.0,0.0,0.0,0.0,0.0,0.0,0.0,0.0,0.0,0.0,0.0,0.0,0.0,5.5169391E11,1.10338782E12,0.0,0.0,0.0,0.0,0.0,0.0,0.0,5.5169391E11,0.0,0.0,0.0,0.0,0.0,0.0,5.5169391E11,0.0,0.0,0.0,0.0,0.0,0.0,0.0,0.0,0.0,0.0,0.0,0.0,0.0,0.0,5.5169391E11,0.0,5.5169391E11,0.0,0.0,0.0,0.0,0.0,5.5169391E11,0.0,1.10338782E12,0.0,0.0,0.0,0.0,0.0,0.0,0.0,0.0,1.10338782E12,1.10338782E12,0.0,0.0,0.0,0.0,5.5169391E11,5.35706337E11,0.0,0.0,0.0,0.0,0.0,5.5169391E11,0.0,0.0,0.0,0.0,0.0,0.0,0.0,0.0,0.0,0.0,5.48140745E11,0.0,0.0,6.0088485E12,5.5169391E11,0.0,1.10338782E12,0.0,0.0,0.0,0.0,0.0,0.0,0.0,0.0,0.0,0.0,0.0,0.0,0.0,0.0,0.0,0.0,0.0,0.0,0.0,5.5169391E11,5.5169391E11,5.5169391E11,0.0,0.0,0.0,1.10338782E12,0.0,0.0,5.5169391E11,0.0,0.0,0.0,0.0,0.0,0.0,0.0,0.0,0.0,1.10338782E12,1.6522914E12,0.0,0.0,0.0,0.0,0.0,0.0,0.0,1.10338782E12,0.0,0.0,0.0,0.0,0.0,1.10338782E12,0.0,0.0,0.0,0.0,0.0,0.0,0.0,0.0,0.0,5.5169391E11,0.0,0.0,0.0,1.10338782E12,0.0,0.0,0.0,0.0,0.0,0.0,0.0,0.0,0.0,0.0,0.0,0.0,0.0,0.0,0.0,0.0,0.0,0.0,0.0,0.0,0.0,0.0,0.0,0.0,0.0,0.0,0.0,0.0,0.0,0.0,0.0,0.0,0.0,5.5169391E11,0.0,0.0,0.0,0.0,0.0,0.0,0.0,0.0,0.0
6120,0.0,0.0,0.0,0.0,0.0,0.0,0.0,0.0,0.0,0.0,0.0,0.0,0.0,0.0,0.0,0.0,0.0,5.5875705E11,0.0,0.0,0.0,0.0,0.0,0.0,0.0,0.0,3.35254231E12,5.5875705E11,1.1175141E12,0.0,0.0,0.0,0.0,0.0,0.0,0.0,0.0,0.0,0.0,0.0,0.0,0.0,0.0,0.0,0.0,0.0,0.0,1.64452945E12,0.0,0.0,0.0,0.0,0.0,0.0,0.0,1.59995632E12,0.0,0.0,0.0,0.0,0.0,0.0,0.0,0.0,5.5264759E11,0.0,5.5875705E11,0.0,4.34822382E11,0.0,0.0,0.0,0.0,0.0,0.0,0.0,0.0,0.0,0.0,0.0,0.0,0.0,0.0,0.0,5.5875705E11,0.0,0.0,0.0,0.0,0.0,0.0,0.0,0.0,0.0,0.0,0.0,0.0,0.0,0.0,0.0,0.0,0.0,0.0,5.5875705E11,1.1175141E12,0.0,0.0,0.0,0.0,0.0,0.0,0.0,5.5875705E11,0.0,0.0,0.0,0.0,0.0,0.0,5.5875705E11,0.0,0.0,0.0,0.0,0.0,0.0,0.0,0.0,0.0,0.0,0.0,0.0,0.0,0.0,5.5875705E11,0.0,5.5875705E11,0.0,0.0,0.0,0.0,0.0,5.5875705E11,0.0,1.1175141E12,0.0,0.0,0.0,0.0,0.0,0.0,0.0,0.0,1.1175141E12,1.1175141E12,0.0,0.0,0.0,0.0,5.5875705E11,5.43146246E11,0.0,0.0,0.0,0.0,0.0,5.5875705E11,0.0,0.0,0.0,0.0,0.0,0.0,0.0,0.0,0.0,0.0,5.5526071E11,0.0,0.0,6.0735755E12,5.5875705E11,0.0,1.1175141E12,0.0,0.0,0.0,0.0,0.0,0.0,0.0,0.0,0.0,0.0,0.0,0.0,0.0,0.0,0.0,0.0,0.0,0.0,0.0,5.5875705E11,5.5875705E11,5.5875705E11,0.0,0.0,0.0,1.1175141E12,0.0,0.0,5.5875705E11,0.0,0.0,0.0,0.0,0.0,0.0,0.0,0.0,0.0,1.1175141E12,1.67351655E12,0.0,0.0,0.0,0.0,0.0,0.0,0.0,1.1175141E12,0.0,0.0,0.0,0.0,0.0,1.1175141E12,0.0,0.0,0.0,0.0,0.0,0.0,0.0,0.0,0.0,5.5875705E11,0.0,0.0,0.0,1.1175141E12,0.0,0.0,0.0,0.0,0.0,0.0,0.0,0.0,0.0,0.0,0.0,0.0,0.0,0.0,0.0,0.0,0.0,0.0,0.0,0.0,0.0,0.0,0.0,0.0,0.0,0.0,0.0,0.0,0.0,0.0,0.0,0.0,0.0,5.5875705E11,0.0,0.0,0.0,0.0,0.0,0.0,0.0,0.0,0.0
6180,0.0,0.0,0.0,0.0,0.0,0.0,0.0,0.0,0.0,0.0,0.0,0.0,0.0,0.0,0.0,0.0,0.0,5.6587E11,0.0,0.0,0.0,0.0,0.0,0.0,0.0,0.0,3.39521988E12,5.6587E11,1.13174E12,0.0,0.0,0.0,0.0,0.0,0.0,0.0,0.0,0.0,0.0,0.0,0.0,0.0,0.0,0.0,0.0,0.0,0.0,1.6659938E12,0.0,0.0,0.0,0.0,0.0,0.0,0.0,1.62148083E12,0.0,0.0,0.0,0.0,0.0,0.0,0.0,0.0,5.5989712E11,0.0,5.6587E11,0.0,4.4215373E11,0.0,0.0,0.0,0.0,0.0,0.0,0.0,0.0,0.0,0.0,0.0,0.0,0.0,0.0,0.0,5.6587E11,0.0,0.0,0.0,0.0,0.0,0.0,0.0,0.0,0.0,0.0,0.0,0.0,0.0,0.0,0.0,0.0,0.0,0.0,5.6587E11,1.13174E12,0.0,0.0,0.0,0.0,0.0,0.0,0.0,5.6587E11,0.0,0.0,0.0,0.0,0.0,0.0,5.6587E11,0.0,0.0,0.0,0.0,0.0,0.0,0.0,0.0,0.0,0.0,0.0,0.0,0.0,0.0,5.6587E11,0.0,5.6587E11,0.0,0.0,0.0,0.0,0.0,5.6587E11,0.0,1.13174E12,0.0,0.0,0.0,0.0,0.0,0.0,0.0,0.0,1.13174E12,1.13174E12,0.0,0.0,0.0,0.0,5.6587E11,5.5058891E11,0.0,0.0,0.0,0.0,0.0,5.6587E11,0.0,0.0,0.0,0.0,0.0,0.0,0.0,0.0,0.0,0.0,5.6242772E11,0.0,0.0,6.1371313E12,5.6587E11,0.0,1.13174E12,0.0,0.0,0.0,0.0,0.0,0.0,0.0,0.0,0.0,0.0,0.0,0.0,0.0,0.0,0.0,0.0,0.0,0.0,0.0,5.6587E11,5.6587E11,5.6587E11,0.0,0.0,0.0,1.13174E12,0.0,0.0,5.6587E11,0.0,0.0,0.0,0.0,0.0,0.0,0.0,0.0,0.0,1.13174E12,1.69489151E12,0.0,0.0,0.0,0.0,0.0,0.0,0.0,1.13174E12,0.0,0.0,0.0,0.0,0.0,1.13174E12,0.0,0.0,0.0,0.0,0.0,0.0,0.0,0.0,0.0,5.6587E11,0.0,0.0,0.0,1.13174E12,0.0,0.0,0.0,0.0,0.0,0.0,0.0,0.0,0.0,0.0,0.0,0.0,0.0,0.0,0.0,0.0,0.0,0.0,0.0,0.0,0.0,0.0,0.0,0.0,0.0,0.0,0.0,0.0,0.0,0.0,0.0,0.0,0.0,5.6587E11,0.0,0.0,0.0,0.0,0.0,0.0,0.0,0.0,0.0
6240,0.0,0.0,0.0,0.0,0.0,0.0,0.0,0.0,0.0,0.0,0.0,0.0,0.0,0.0,0.0,0.0,0.0,5.7302391E11,0.0,0.0,0.0,0.0,0.0,0.0,0.0,0.0,3.43814334E12,5.7302391E11,1.14604782E12,0.0,0.0,0.0,0.0,0.0,0.0,0.0,0.0,0.0,0.0,0.0,0.0,0.0,0.0,0.0,0.0,0.0,0.0,1.687579E12,0.0,0.0,0.0,0.0,0.0,0.0,0.0,1.64311925E12,0.0,0.0,0.0,0.0,0.0,0.0,0.0,0.0,5.6717548E11,0.0,5.7302391E11,0.0,4.49500021E11,0.0,0.0,0.0,0.0,0.0,0.0,0.0,0.0,0.0,0.0,0.0,0.0,0.0,0.0,0.0,5.7302391E11,0.0,0.0,0.0,0.0,0.0,0.0,0.0,0.0,0.0,0.0,0.0,0.0,0.0,0.0,0.0,0.0,0.0,0.0,5.7302391E11,1.14604782E12,0.0,0.0,0.0,0.0,0.0,0.0,0.0,5.7302391E11,0.0,0.0,0.0,0.0,0.0,0.0,5.7302391E11,0.0,0.0,0.0,0.0,0.0,0.0,0.0,0.0,0.0,0.0,0.0,0.0,0.0,0.0,5.7302391E11,0.0,5.7302391E11,0.0,0.0,0.0,0.0,0.0,5.7302391E11,0.0,1.14604782E12,0.0,0.0,0.0,0.0,0.0,0.0,0.0,0.0,1.14604782E12,1.14604782E12,0.0,0.0,0.0,0.0,5.7302391E11,5.5802711E11,0.0,0.0,0.0,0.0,0.0,5.7302391E11,0.0,0.0,0.0,0.0,0.0,0.0,0.0,0.0,0.0,0.0,5.6963439E11,0.0,0.0,6.1997858E12,5.7302391E11,0.0,1.14604782E12,0.0,0.0,0.0,0.0,0.0,0.0,0.0,0.0,0.0,0.0,0.0,0.0,0.0,0.0,0.0,0.0,0.0,0.0,0.0,5.7302391E11,5.7302391E11,5.7302391E11,0.0,0.0,0.0,1.14604782E12,0.0,0.0,5.7302391E11,0.0,0.0,0.0,0.0,0.0,0.0,0.0,0.0,0.0,1.14604782E12,1.71638915E12,0.0,0.0,0.0,0.0,0.0,0.0,0.0,1.14604782E12,0.0,0.0,0.0,0.0,0.0,1.14604782E12,0.0,0.0,0.0,0.0,0.0,0.0,0.0,0.0,0.0,5.7302391E11,0.0,0.0,0.0,1.14604782E12,0.0,0.0,0.0,0.0,0.0,0.0,0.0,0.0,0.0,0.0,0.0,0.0,0.0,0.0,0.0,0.0,0.0,0.0,0.0,0.0,0.0,0.0,0.0,0.0,0.0,0.0,0.0,0.0,0.0,0.0,0.0,0.0,0.0,5.7302391E11,0.0,0.0,0.0,0.0,0.0,0.0,0.0,0.0,0.0
6300,0.0,0.0,0.0,0.0,0.0,0.0,0.0,0.0,0.0,0.0,0.0,0.0,0.0,0.0,0.0,0.0,0.0,5.8021177E11,0.0,0.0,0.0,0.0,0.0,0.0,0.0,0.0,3.48127075E12,5.8021177E11,1.16042354E12,0.0,0.0,0.0,0.0,0.0,0.0,0.0,0.0,0.0,0.0,0.0,0.0,0.0,0.0,0.0,0.0,0.0,0.0,1.70926421E12,0.0,0.0,0.0,0.0,0.0,0.0,0.0,1.66485046E12,0.0,0.0,0.0,0.0,0.0,0.0,0.0,0.0,5.7447802E11,0.0,5.8021177E11,0.0,4.56856994E11,0.0,0.0,0.0,0.0,0.0,0.0,0.0,0.0,0.0,0.0,0.0,0.0,0.0,0.0,0.0,5.8021177E11,0.0,0.0,0.0,0.0,0.0,0.0,0.0,0.0,0.0,0.0,0.0,0.0,0.0,0.0,0.0,0.0,0.0,0.0,5.8021177E11,1.16042354E12,0.0,0.0,0.0,0.0,0.0,0.0,0.0,5.8021177E11,0.0,0.0,0.0,0.0,0.0,0.0,5.8021177E11,0.0,0.0,0.0,0.0,0.0,0.0,0.0,0.0,0.0,0.0,0.0,0.0,0.0,0.0,5.8021177E11,0.0,5.8021177E11,0.0,0.0,0.0,0.0,0.0,5.8021177E11,0.0,1.16042354E12,0.0,0.0,0.0,0.0,0.0,0.0,0.0,0.0,1.16042354E12,1.16042354E12,0.0,0.0,0.0,0.0,5.8021177E11,5.6546689E11,0.0,0.0,0.0,0.0,0.0,5.8021177E11,0.0,0.0,0.0,0.0,0.0,0.0,0.0,0.0,0.0,0.0,5.768735E11,0.0,0.0,6.261754E12,5.8021177E11,0.0,1.16042354E12,0.0,0.0,0.0,0.0,0.0,0.0,0.0,0.0,0.0,0.0,0.0,0.0,0.0,0.0,0.0,0.0,0.0,0.0,0.0,5.8021177E11,5.8021177E11,5.8021177E11,0.0,0.0,0.0,1.16042354E12,0.0,0.0,5.8021177E11,0.0,0.0,0.0,0.0,0.0,0.0,0.0,0.0,0.0,1.16042354E12,1.73798811E12,0.0,0.0,0.0,0.0,0.0,0.0,0.0,1.16042354E12,0.0,0.0,0.0,0.0,0.0,1.16042354E12,0.0,0.0,0.0,0.0,0.0,0.0,0.0,0.0,0.0,5.8021177E11,0.0,0.0,0.0,1.16042354E12,0.0,0.0,0.0,0.0,0.0,0.0,0.0,0.0,0.0,0.0,0.0,0.0,0.0,0.0,0.0,0.0,0.0,0.0,0.0,0.0,0.0,0.0,0.0,0.0,0.0,0.0,0.0,0.0,0.0,0.0,0.0,0.0,0.0,5.8021177E11,0.0,0.0,0.0,0.0,0.0,0.0,0.0,0.0,0.0
6360,0.0,0.0,0.0,0.0,0.0,0.0,0.0,0.0,0.0,0.0,0.0,0.0,0.0,0.0,0.0,0.0,0.0,5.8742813E11,0.0,0.0,0.0,0.0,0.0,0.0,0.0,0.0,3.52456855E12,5.8742813E11,1.17485627E12,0.0,0.0,0.0,0.0,0.0,0.0,0.0,0.0,0.0,0.0,0.0,0.0,0.0,0.0,0.0,0.0,0.0,0.0,1.73103291E12,0.0,0.0,0.0,0.0,0.0,0.0,0.0,1.68665822E12,0.0,0.0,0.0,0.0,0.0,0.0,0.0,0.0,5.8180062E11,0.0,5.8742813E11,0.0,4.64221995E11,0.0,0.0,0.0,0.0,0.0,0.0,0.0,0.0,0.0,0.0,0.0,0.0,0.0,0.0,0.0,5.8742813E11,0.0,0.0,0.0,0.0,0.0,0.0,0.0,0.0,0.0,0.0,0.0,0.0,0.0,0.0,0.0,0.0,0.0,0.0,5.8742813E11,1.17485627E12,0.0,0.0,0.0,0.0,0.0,0.0,0.0,5.8742813E11,0.0,0.0,0.0,0.0,0.0,0.0,5.8742813E11,0.0,0.0,0.0,0.0,0.0,0.0,0.0,0.0,0.0,0.0,0.0,0.0,0.0,0.0,5.8742813E11,0.0,5.8742813E11,0.0,0.0,0.0,0.0,0.0,5.8742813E11,0.0,1.17485627E12,0.0,0.0,0.0,0.0,0.0,0.0,0.0,0.0,1.17485627E12,1.17485627E12,0.0,0.0,0.0,0.0,5.8742813E11,5.7290529E11,0.0,0.0,0.0,0.0,0.0,5.8742813E11,0.0,0.0,0.0,0.0,0.0,0.0,0.0,0.0,0.0,0.0,5.8413941E11,0.0,0.0,6.3232064E12,5.8742813E11,0.0,1.17485627E12,0.0,0.0,0.0,0.0,0.0,0.0,0.0,0.0,0.0,0.0,0.0,0.0,0.0,0.0,0.0,0.0,0.0,0.0,0.0,5.8742813E11,5.8742813E11,5.8742813E11,0.0,0.0,0.0,1.17485627E12,0.0,0.0,5.8742813E11,0.0,0.0,0.0,0.0,0.0,0.0,0.0,0.0,0.0,1.17485627E12,1.75967175E12,0.0,0.0,0.0,0.0,0.0,0.0,0.0,1.17485627E12,0.0,0.0,0.0,0.0,0.0,1.17485627E12,0.0,0.0,0.0,0.0,0.0,0.0,0.0,0.0,0.0,5.8742813E11,0.0,0.0,0.0,1.17485627E12,0.0,0.0,0.0,0.0,0.0,0.0,0.0,0.0,0.0,0.0,0.0,0.0,0.0,0.0,0.0,0.0,0.0,0.0,0.0,0.0,0.0,0.0,0.0,0.0,0.0,0.0,0.0,0.0,0.0,0.0,0.0,0.0,0.0,5.8742813E11,0.0,0.0,0.0,0.0,0.0,0.0,0.0,0.0,0.0
6420,0.0,0.0,0.0,0.0,0.0,0.0,0.0,0.0,0.0,0.0,0.0,0.0,0.0,0.0,0.0,0.0,0.0,5.9466862E11,0.0,0.0,0.0,0.0,0.0,0.0,0.0,0.0,3.56801158E12,5.9466862E11,1.18933724E12,0.0,0.0,0.0,0.0,0.0,0.0,0.0,0.0,0.0,0.0,0.0,0.0,0.0,0.0,0.0,0.0,0.0,0.0,1.7528716E12,0.0,0.0,0.0,0.0,0.0,0.0,0.0,1.70852981E12,0.0,0.0,0.0,0.0,0.0,0.0,0.0,0.0,5.8913987E11,0.0,5.9466862E11,0.0,4.7159332E11,0.0,0.0,0.0,0.0,0.0,0.0,0.0,0.0,0.0,0.0,0.0,0.0,0.0,0.0,0.0,5.9466862E11,0.0,0.0,0.0,0.0,0.0,0.0,0.0,0.0,0.0,0.0,0.0,0.0,0.0,0.0,0.0,0.0,0.0,0.0,5.9466862E11,1.18933724E12,0.0,0.0,0.0,0.0,0.0,0.0,0.0,5.9466862E11,0.0,0.0,0.0,0.0,0.0,0.0,5.9466862E11,0.0,0.0,0.0,0.0,0.0,0.0,0.0,0.0,0.0,0.0,0.0,0.0,0.0,0.0,5.9466862E11,0.0,5.9466862E11,0.0,0.0,0.0,0.0,0.0,5.9466862E11,0.0,1.18933724E12,0.0,0.0,0.0,0.0,0.0,0.0,0.0,0.0,1.18933724E12,1.18933724E12,0.0,0.0,0.0,0.0,5.9466862E11,5.8034232E11,0.0,0.0,0.0,0.0,0.0,5.9466862E11,0.0,0.0,0.0,0.0,0.0,0.0,0.0,0.0,0.0,0.0,5.914276E11,0.0,0.0,6.3842718E12,5.9466862E11,0.0,1.18933724E12,0.0,0.0,0.0,0.0,0.0,0.0,0.0,0.0,0.0,0.0,0.0,0.0,0.0,0.0,0.0,0.0,0.0,0.0,0.0,5.9466862E11,5.9466862E11,5.9466862E11,0.0,0.0,0.0,1.18933724E12,0.0,0.0,5.9466862E11,0.0,0.0,0.0,0.0,0.0,0.0,0.0,0.0,0.0,1.18933724E12,1.78142668E12,0.0,0.0,0.0,0.0,0.0,0.0,0.0,1.18933724E12,0.0,0.0,0.0,0.0,0.0,1.18933724E12,0.0,0.0,0.0,0.0,0.0,0.0,0.0,0.0,0.0,5.9466862E11,0.0,0.0,0.0,1.18933724E12,0.0,0.0,0.0,0.0,0.0,0.0,0.0,0.0,0.0,0.0,0.0,0.0,0.0,0.0,0.0,0.0,0.0,0.0,0.0,0.0,0.0,0.0,0.0,0.0,0.0,0.0,0.0,0.0,0.0,0.0,0.0,0.0,0.0,5.9466862E11,0.0,0.0,0.0,0.0,0.0,0.0,0.0,0.0,0.0
6480,0.0,0.0,0.0,0.0,0.0,0.0,0.0,0.0,0.0,0.0,0.0,0.0,0.0,0.0,0.0,0.0,0.0,6.0192981E11,0.0,0.0,0.0,0.0,0.0,0.0,0.0,0.0,3.61157886E12,6.0192981E11,1.20385962E12,0.0,0.0,0.0,0.0,0.0,0.0,0.0,0.0,0.0,0.0,0.0,0.0,0.0,0.0,0.0,0.0,0.0,0.0,1.77477124E12,0.0,0.0,0.0,0.0,0.0,0.0,0.0,1.73045593E12,0.0,0.0,0.0,0.0,0.0,0.0,0.0,0.0,5.9649288E11,0.0,6.0192981E11,0.0,4.78969922E11,0.0,0.0,0.0,0.0,0.0,0.0,0.0,0.0,0.0,0.0,0.0,0.0,0.0,0.0,0.0,6.0192981E11,0.0,0.0,0.0,0.0,0.0,0.0,0.0,0.0,0.0,0.0,0.0,0.0,0.0,0.0,0.0,0.0,0.0,0.0,6.0192981E11,1.20385962E12,0.0,0.0,0.0,0.0,0.0,0.0,0.0,6.0192981E11,0.0,0.0,0.0,0.0,0.0,0.0,6.0192981E11,0.0,0.0,0.0,0.0,0.0,0.0,0.0,0.0,0.0,0.0,0.0,0.0,0.0,0.0,6.0192981E11,0.0,6.0192981E11,0.0,0.0,0.0,0.0,0.0,6.0192981E11,0.0,1.20385962E12,0.0,0.0,0.0,0.0,0.0,0.0,0.0,0.0,1.20385962E12,1.20385962E12,0.0,0.0,0.0,0.0,6.0192981E11,5.8777862E11,0.0,0.0,0.0,0.0,0.0,6.0192981E11,0.0,0.0,0.0,0.0,0.0,0.0,0.0,0.0,0.0,0.0,5.987348E11,0.0,0.0,6.4450509E12,6.0192981E11,0.0,1.20385962E12,0.0,0.0,0.0,0.0,0.0,0.0,0.0,0.0,0.0,0.0,0.0,0.0,0.0,0.0,0.0,0.0,0.0,0.0,0.0,6.0192981E11,6.0192981E11,6.0192981E11,0.0,0.0,0.0,1.20385962E12,0.0,0.0,6.0192981E11,0.0,0.0,0.0,0.0,0.0,0.0,0.0,0.0,0.0,1.20385962E12,1.80324309E12,0.0,0.0,0.0,0.0,0.0,0.0,0.0,1.20385962E12,0.0,0.0,0.0,0.0,0.0,1.20385962E12,0.0,0.0,0.0,0.0,0.0,0.0,0.0,0.0,0.0,6.0192981E11,0.0,0.0,0.0,1.20385962E12,0.0,0.0,0.0,0.0,0.0,0.0,0.0,0.0,0.0,0.0,0.0,0.0,0.0,0.0,0.0,0.0,0.0,0.0,0.0,0.0,0.0,0.0,0.0,0.0,0.0,0.0,0.0,0.0,0.0,0.0,0.0,0.0,0.0,6.0192981E11,0.0,0.0,0.0,0.0,0.0,0.0,0.0,0.0,0.0
6540,0.0,0.0,0.0,0.0,0.0,0.0,0.0,0.0,0.0,0.0,0.0,0.0,0.0,0.0,0.0,0.0,0.0,6.0920909E11,0.0,0.0,0.0,0.0,0.0,0.0,0.0,0.0,3.65525441E12,6.0920909E11,1.21841818E12,0.0,0.0,0.0,0.0,0.0,0.0,0.0,0.0,0.0,0.0,0.0,0.0,0.0,0.0,0.0,0.0,0.0,0.0,1.79672279E12,0.0,0.0,0.0,0.0,0.0,0.0,0.0,1.75242897E12,0.0,0.0,0.0,0.0,0.0,0.0,0.0,0.0,6.0385788E11,0.0,6.0920909E11,0.0,4.86350979E11,0.0,0.0,0.0,0.0,0.0,0.0,0.0,0.0,0.0,0.0,0.0,0.0,0.0,0.0,0.0,6.0920909E11,0.0,0.0,0.0,0.0,0.0,0.0,0.0,0.0,0.0,0.0,0.0,0.0,0.0,0.0,0.0,0.0,0.0,0.0,6.0920909E11,1.21841818E12,0.0,0.0,0.0,0.0,0.0,0.0,0.0,6.0920909E11,0.0,0.0,0.0,0.0,0.0,0.0,6.0920909E11,0.0,0.0,0.0,0.0,0.0,0.0,0.0,0.0,0.0,0.0,0.0,0.0,0.0,0.0,6.0920909E11,0.0,6.0920909E11,0.0,0.0,0.0,0.0,0.0,6.0920909E11,0.0,1.21841818E12,0.0,0.0,0.0,0.0,0.0,0.0,0.0,0.0,1.21841818E12,1.21841818E12,0.0,0.0,0.0,0.0,6.0920909E11,5.9521493E11,0.0,0.0,0.0,0.0,0.0,6.0920909E11,0.0,0.0,0.0,0.0,0.0,0.0,0.0,0.0,0.0,0.0,6.0605818E11,0.0,0.0,6.5056198E12,6.0920909E11,0.0,1.21841818E12,0.0,0.0,0.0,0.0,0.0,0.0,0.0,0.0,0.0,0.0,0.0,0.0,0.0,0.0,0.0,0.0,0.0,0.0,0.0,6.0920909E11,6.0920909E11,6.0920909E11,0.0,0.0,0.0,1.21841818E12,0.0,0.0,6.0920909E11,0.0,0.0,0.0,0.0,0.0,0.0,0.0,0.0,0.0,1.21841818E12,1.82511272E12,0.0,0.0,0.0,0.0,0.0,0.0,0.0,1.21841818E12,0.0,0.0,0.0,0.0,0.0,1.21841818E12,0.0,0.0,0.0,0.0,0.0,0.0,0.0,0.0,0.0,6.0920909E11,0.0,0.0,0.0,1.21841818E12,0.0,0.0,0.0,0.0,0.0,0.0,0.0,0.0,0.0,0.0,0.0,0.0,0.0,0.0,0.0,0.0,0.0,0.0,0.0,0.0,0.0,0.0,0.0,0.0,0.0,0.0,0.0,0.0,0.0,0.0,0.0,0.0,0.0,6.0920909E11,0.0,0.0,0.0,0.0,0.0,0.0,0.0,0.0,0.0
6600,0.0,0.0,0.0,0.0,0.0,0.0,0.0,0.0,0.0,0.0,0.0,0.0,0.0,0.0,0.0,0.0,0.0,6.1650423E11,0.0,0.0,0.0,0.0,0.0,0.0,0.0,0.0,3.69902538E12,6.1650423E11,1.23300846E12,0.0,0.0,0.0,0.0,0.0,0.0,0.0,0.0,0.0,0.0,0.0,0.0,0.0,0.0,0.0,0.0,0.0,0.0,1.81871981E12,0.0,0.0,0.0,0.0,0.0,0.0,0.0,1.7744433E12,0.0,0.0,0.0,0.0,0.0,0.0,0.0,0.0,6.1123337E11,0.0,6.1650423E11,0.0,4.93736329E11,0.0,0.0,0.0,0.0,0.0,0.0,0.0,0.0,0.0,0.0,0.0,0.0,0.0,0.0,0.0,6.1650423E11,0.0,0.0,0.0,0.0,0.0,0.0,0.0,0.0,0.0,0.0,0.0,0.0,0.0,0.0,0.0,0.0,0.0,0.0,6.1650423E11,1.23300846E12,0.0,0.0,0.0,0.0,0.0,0.0,0.0,6.1650423E11,0.0,0.0,0.0,0.0,0.0,0.0,6.1650423E11,0.0,0.0,0.0,0.0,0.0,0.0,0.0,0.0,0.0,0.0,0.0,0.0,0.0,0.0,6.1650423E11,0.0,6.1650423E11,0.0,0.0,0.0,0.0,0.0,6.1650423E11,0.0,1.23300846E12,0.0,0.0,0.0,0.0,0.0,0.0,0.0,0.0,1.23300846E12,1.23300846E12,0.0,0.0,0.0,0.0,6.1650423E11,6.0265202E11,0.0,0.0,0.0,0.0,0.0,6.1650423E11,0.0,0.0,0.0,0.0,0.0,0.0,0.0,0.0,0.0,0.0,6.1339579E11,0.0,0.0,6.5660366E12,6.1650423E11,0.0,1.23300846E12,0.0,0.0,0.0,0.0,0.0,0.0,0.0,0.0,0.0,0.0,0.0,0.0,0.0,0.0,0.0,0.0,0.0,0.0,0.0,6.1650423E11,6.1650423E11,6.1650423E11,0.0,0.0,0.0,1.23300846E12,0.0,0.0,6.1650423E11,0.0,0.0,0.0,0.0,0.0,0.0,0.0,0.0,0.0,1.23300846E12,1.84702927E12,0.0,0.0,0.0,0.0,0.0,0.0,0.0,1.23300846E12,0.0,0.0,0.0,0.0,0.0,1.23300846E12,0.0,0.0,0.0,0.0,0.0,0.0,0.0,0.0,0.0,6.1650423E11,0.0,0.0,0.0,1.23300846E12,0.0,0.0,0.0,0.0,0.0,0.0,0.0,0.0,0.0,0.0,0.0,0.0,0.0,0.0,0.0,0.0,0.0,0.0,0.0,0.0,0.0,0.0,0.0,0.0,0.0,0.0,0.0,0.0,0.0,0.0,0.0,0.0,0.0,6.1650423E11,0.0,0.0,0.0,0.0,0.0,0.0,0.0,0.0,0.0
6660,0.0,0.0,0.0,0.0,0.0,0.0,0.0,0.0,0.0,0.0,0.0,0.0,0.0,0.0,0.0,0.0,0.0,6.2381359E11,0.0,0.0,0.0,0.0,0.0,0.0,0.0,0.0,3.74288155E12,6.2381359E11,1.24762718E12,0.0,0.0,0.0,0.0,0.0,0.0,0.0,0.0,0.0,0.0,0.0,0.0,0.0,0.0,0.0,0.0,0.0,0.0,1.84075721E12,0.0,0.0,0.0,0.0,0.0,0.0,0.0,1.7964942E12,0.0,0.0,0.0,0.0,0.0,0.0,0.0,0.0,6.1861816E11,0.0,6.2381359E11,0.0,5.01125874E11,0.0,0.0,0.0,0.0,0.0,0.0,0.0,0.0,0.0,0.0,0.0,0.0,0.0,0.0,0.0,6.2381359E11,0.0,0.0,0.0,0.0,0.0,0.0,0.0,0.0,0.0,0.0,0.0,0.0,0.0,0.0,0.0,0.0,0.0,0.0,6.2381359E11,1.24762718E12,0.0,0.0,0.0,0.0,0.0,0.0,0.0,6.2381359E11,0.0,0.0,0.0,0.0,0.0,0.0,6.2381359E11,0.0,0.0,0.0,0.0,0.0,0.0,0.0,0.0,0.0,0.0,0.0,0.0,0.0,0.0,6.2381359E11,0.0,6.2381359E11,0.0,0.0,0.0,0.0,0.0,6.2381359E11,0.0,1.24762718E12,0.0,0.0,0.0,0.0,0.0,0.0,0.0,0.0,1.24762718E12,1.24762718E12,0.0,0.0,0.0,0.0,6.2381359E11,6.1009035E11,0.0,0.0,0.0,0.0,0.0,6.2381359E11,0.0,0.0,0.0,0.0,0.0,0.0,0.0,0.0,0.0,0.0,6.2074592E11,0.0,0.0,6.626346E12,6.2381359E11,0.0,1.24762718E12,0.0,0.0,0.0,0.0,0.0,0.0,0.0,0.0,0.0,0.0,0.0,0.0,0.0,0.0,0.0,0.0,0.0,0.0,0.0,6.2381359E11,6.2381359E11,6.2381359E11,0.0,0.0,0.0,1.24762718E12,0.0,0.0,6.2381359E11,0.0,0.0,0.0,0.0,0.0,0.0,0.0,0.0,0.0,1.24762718E12,1.8689875E12,0.0,0.0,0.0,0.0,0.0,0.0,0.0,1.24762718E12,0.0,0.0,0.0,0.0,0.0,1.24762718E12,0.0,0.0,0.0,0.0,0.0,0.0,0.0,0.0,0.0,6.2381359E11,0.0,0.0,0.0,1.24762718E12,0.0,0.0,0.0,0.0,0.0,0.0,0.0,0.0,0.0,0.0,0.0,0.0,0.0,0.0,0.0,0.0,0.0,0.0,0.0,0.0,0.0,0.0,0.0,0.0,0.0,0.0,0.0,0.0,0.0,0.0,0.0,0.0,0.0,6.2381359E11,0.0,0.0,0.0,0.0,0.0,0.0,0.0,0.0,0.0
6720,0.0,0.0,0.0,0.0,0.0,0.0,0.0,0.0,0.0,0.0,0.0,0.0,0.0,0.0,0.0,0.0,0.0,6.311358E11,0.0,0.0,0.0,0.0,0.0,0.0,0.0,0.0,3.78681478E12,6.311358E11,1.26227159E12,0.0,0.0,0.0,0.0,0.0,0.0,0.0,0.0,0.0,0.0,0.0,0.0,0.0,0.0,0.0,0.0,0.0,0.0,1.86283105E12,0.0,0.0,0.0,0.0,0.0,0.0,0.0,1.81907397E12,0.0,0.0,0.0,0.0,0.0,0.0,0.0,0.0,6.2601128E11,0.0,6.311358E11,0.0,5.08519678E11,0.0,0.0,0.0,0.0,0.0,0.0,0.0,0.0,0.0,0.0,0.0,0.0,0.0,0.0,0.0,6.311358E11,0.0,0.0,0.0,0.0,0.0,0.0,0.0,0.0,0.0,0.0,0.0,0.0,0.0,0.0,0.0,0.0,0.0,0.0,6.311358E11,1.26227159E12,0.0,0.0,0.0,0.0,0.0,0.0,0.0,6.311358E11,0.0,0.0,0.0,0.0,0.0,0.0,6.311358E11,0.0,0.0,0.0,0.0,0.0,0.0,0.0,0.0,0.0,0.0,0.0,0.0,0.0,0.0,6.311358E11,0.0,6.311358E11,0.0,0.0,0.0,0.0,0.0,6.311358E11,0.0,1.26227159E12,0.0,0.0,0.0,0.0,0.0,0.0,0.0,0.0,1.26227159E12,1.26227159E12,0.0,0.0,0.0,0.0,6.311358E11,6.1753052E11,0.0,0.0,0.0,0.0,0.0,6.311358E11,0.0,0.0,0.0,0.0,0.0,0.0,0.0,0.0,0.0,0.0,6.2810731E11,0.0,0.0,6.6865804E12,6.311358E11,0.0,1.26227159E12,0.0,0.0,0.0,0.0,0.0,0.0,0.0,0.0,0.0,0.0,0.0,0.0,0.0,0.0,0.0,0.0,0.0,0.0,0.0,6.311358E11,6.311358E11,6.311358E11,0.0,0.0,0.0,1.26227159E12,0.0,0.0,6.311358E11,0.0,0.0,0.0,0.0,0.0,0.0,0.0,0.0,0.0,1.26227159E12,1.89098322E12,0.0,0.0,0.0,0.0,0.0,0.0,0.0,1.26227159E12,0.0,0.0,0.0,0.0,0.0,1.26227159E12,0.0,0.0,0.0,0.0,0.0,0.0,0.0,0.0,0.0,6.311358E11,0.0,0.0,0.0,1.26227159E12,0.0,0.0,0.0,0.0,0.0,0.0,0.0,0.0,0.0,0.0,0.0,0.0,0.0,0.0,0.0,0.0,0.0,0.0,0.0,0.0,0.0,0.0,0.0,0.0,0.0,0.0,0.0,0.0,0.0,0.0,0.0,0.0,0.0,6.311358E11,0.0,0.0,0.0,0.0,0.0,0.0,0.0,0.0,0.0
6780,0.0,0.0,0.0,0.0,0.0,0.0,0.0,0.0,0.0,0.0,0.0,0.0,0.0,0.0,0.0,0.0,0.0,6.3847229E11,0.0,0.0,0.0,0.0,0.0,0.0,0.0,0.0,3.83083374E12,6.3847229E11,1.27694458E12,0.0,0.0,0.0,0.0,0.0,0.0,0.0,0.0,0.0,0.0,0.0,0.0,0.0,0.0,0.0,0.0,0.0,0.0,1.88494604E12,0.0,0.0,0.0,0.0,0.0,0.0,0.0,1.8424694E12,0.0,0.0,0.0,0.0,0.0,0.0,0.0,0.0,6.3341475E11,0.0,6.3847229E11,0.0,5.15920396E11,0.0,0.0,0.0,0.0,0.0,0.0,0.0,0.0,0.0,0.0,0.0,0.0,0.0,0.0,0.0,6.3847229E11,0.0,0.0,0.0,0.0,0.0,0.0,0.0,0.0,0.0,0.0,0.0,0.0,0.0,0.0,0.0,0.0,0.0,0.0,6.3847229E11,1.27694458E12,0.0,0.0,0.0,0.0,0.0,0.0,0.0,6.3847229E11,0.0,0.0,0.0,0.0,0.0,0.0,6.3847229E11,0.0,0.0,0.0,0.0,0.0,0.0,0.0,0.0,0.0,0.0,0.0,0.0,0.0,0.0,6.3847229E11,0.0,6.3847229E11,0.0,0.0,0.0,0.0,0.0,6.3847229E11,0.0,1.27694458E12,0.0,0.0,0.0,0.0,0.0,0.0,0.0,0.0,1.27694458E12,1.27694458E12,0.0,0.0,0.0,0.0,6.3847229E11,6.2497594E11,0.0,0.0,0.0,0.0,0.0,6.3847229E11,0.0,0.0,0.0,0.0,0.0,0.0,0.0,0.0,0.0,0.0,6.3548149E11,0.0,0.0,6.7467776E12,6.3847229E11,0.0,1.27694458E12,0.0,0.0,0.0,0.0,0.0,0.0,0.0,0.0,0.0,0.0,0.0,0.0,0.0,0.0,0.0,0.0,0.0,0.0,0.0,6.3847229E11,6.3847229E11,6.3847229E11,0.0,0.0,0.0,1.27694458E12,0.0,0.0,6.3847229E11,0.0,0.0,0.0,0.0,0.0,0.0,0.0,0.0,0.0,1.27694458E12,1.91302101E12,0.0,0.0,0.0,0.0,0.0,0.0,0.0,1.27694458E12,0.0,0.0,0.0,0.0,0.0,1.27694458E12,0.0,0.0,0.0,0.0,0.0,0.0,0.0,0.0,0.0,6.3847229E11,0.0,0.0,0.0,1.27694458E12,0.0,0.0,0.0,0.0,0.0,0.0,0.0,0.0,0.0,0.0,0.0,0.0,0.0,0.0,0.0,0.0,0.0,0.0,0.0,0.0,0.0,0.0,0.0,0.0,0.0,0.0,0.0,0.0,0.0,0.0,0.0,0.0,0.0,6.3847229E11,0.0,0.0,0.0,0.0,0.0,0.0,0.0,0.0,0.0
6840,0.0,0.0,0.0,0.0,0.0,0.0,0.0,0.0,0.0,0.0,0.0,0.0,0.0,0.0,0.0,0.0,0.0,6.4582628E11,0.0,0.0,0.0,0.0,0.0,0.0,0.0,0.0,3.87495782E12,6.4582628E11,1.29165256E12,0.0,0.0,0.0,0.0,0.0,0.0,0.0,0.0,0.0,0.0,0.0,0.0,0.0,0.0,0.0,0.0,0.0,0.0,1.90711176E12,0.0,0.0,0.0,0.0,0.0,0.0,0.0,1.86612829E12,0.0,0.0,0.0,0.0,0.0,0.0,0.0,0.0,6.4083205E11,0.0,6.4582628E11,0.0,5.23332223E11,0.0,0.0,0.0,0.0,0.0,0.0,0.0,0.0,0.0,0.0,0.0,0.0,0.0,0.0,0.0,6.4582628E11,0.0,0.0,0.0,0.0,0.0,0.0,0.0,0.0,0.0,0.0,0.0,0.0,0.0,0.0,0.0,0.0,0.0,0.0,6.4582628E11,1.29165256E12,0.0,0.0,0.0,0.0,0.0,0.0,0.0,6.4582628E11,0.0,0.0,0.0,0.0,0.0,0.0,6.4582628E11,0.0,0.0,0.0,0.0,0.0,0.0,0.0,0.0,0.0,0.0,0.0,0.0,0.0,0.0,6.4582628E11,0.0,6.4582628E11,0.0,0.0,0.0,0.0,0.0,6.4582628E11,0.0,1.29165256E12,0.0,0.0,0.0,0.0,0.0,0.0,0.0,0.0,1.29165256E12,1.29165256E12,0.0,0.0,0.0,0.0,6.4582628E11,6.3243105E11,0.0,0.0,0.0,0.0,0.0,6.4582628E11,0.0,0.0,0.0,0.0,0.0,0.0,0.0,0.0,0.0,0.0,6.4287172E11,0.0,0.0,6.8069606E12,6.4582628E11,0.0,1.29165256E12,0.0,0.0,0.0,0.0,0.0,0.0,0.0,0.0,0.0,0.0,0.0,0.0,0.0,0.0,0.0,0.0,0.0,0.0,0.0,6.4582628E11,6.4582628E11,6.4582628E11,0.0,0.0,0.0,1.29165256E12,0.0,0.0,6.4582628E11,0.0,0.0,0.0,0.0,0.0,0.0,0.0,0.0,0.0,1.29165256E12,1.93511044E12,0.0,0.0,0.0,0.0,0.0,0.0,0.0,1.29165256E12,0.0,0.0,0.0,0.0,0.0,1.29165256E12,0.0,0.0,0.0,0.0,0.0,0.0,0.0,0.0,0.0,6.4582628E11,0.0,0.0,0.0,1.29165256E12,0.0,0.0,0.0,0.0,0.0,0.0,0.0,0.0,0.0,0.0,0.0,0.0,0.0,0.0,0.0,0.0,0.0,0.0,0.0,0.0,0.0,0.0,0.0,0.0,0.0,0.0,0.0,0.0,0.0,0.0,0.0,0.0,0.0,6.4582628E11,0.0,0.0,0.0,0.0,0.0,0.0,0.0,0.0,0.0
6900,0.0,0.0,0.0,0.0,0.0,0.0,0.0,0.0,0.0,0.0,0.0,0.0,0.0,0.0,0.0,0.0,0.0,6.5319797E11,0.0,0.0,0.0,0.0,0.0,0.0,0.0,0.0,3.9191878E12,6.5319797E11,1.30639593E12,0.0,0.0,0.0,0.0,0.0,0.0,0.0,0.0,0.0,0.0,0.0,0.0,0.0,0.0,0.0,0.0,0.0,0.0,1.92932898E12,0.0,0.0,0.0,0.0,0.0,0.0,0.0,1.8898054E12,0.0,0.0,0.0,0.0,0.0,0.0,0.0,0.0,6.4826376E11,0.0,6.5319797E11,0.0,5.30756305E11,0.0,0.0,0.0,0.0,0.0,0.0,0.0,0.0,0.0,0.0,0.0,0.0,0.0,0.0,0.0,6.5319797E11,0.0,0.0,0.0,0.0,0.0,0.0,0.0,0.0,0.0,0.0,0.0,0.0,0.0,0.0,0.0,0.0,0.0,0.0,6.5319797E11,1.30639593E12,0.0,0.0,0.0,0.0,0.0,0.0,0.0,6.5319797E11,0.0,0.0,0.0,0.0,0.0,0.0,6.5319797E11,0.0,0.0,0.0,0.0,0.0,0.0,0.0,0.0,0.0,0.0,0.0,0.0,0.0,0.0,6.5319797E11,0.0,6.5319797E11,0.0,0.0,0.0,0.0,0.0,6.5319797E11,0.0,1.30639593E12,0.0,0.0,0.0,0.0,0.0,0.0,0.0,0.0,1.30639593E12,1.30639593E12,0.0,0.0,0.0,0.0,6.5319797E11,6.3989731E11,0.0,0.0,0.0,0.0,0.0,6.5319797E11,0.0,0.0,0.0,0.0,0.0,0.0,0.0,0.0,0.0,0.0,6.5027827E11,0.0,0.0,6.8671227E12,6.5319797E11,0.0,1.30639593E12,0.0,0.0,0.0,0.0,0.0,0.0,0.0,0.0,0.0,0.0,0.0,0.0,0.0,0.0,0.0,0.0,0.0,0.0,0.0,6.5319797E11,6.5319797E11,6.5319797E11,0.0,0.0,0.0,1.30639593E12,0.0,0.0,6.5319797E11,0.0,0.0,0.0,0.0,0.0,0.0,0.0,0.0,0.0,1.30639593E12,1.95725191E12,0.0,0.0,0.0,0.0,0.0,0.0,0.0,1.30639593E12,0.0,0.0,0.0,0.0,0.0,1.30639593E12,0.0,0.0,0.0,0.0,0.0,0.0,0.0,0.0,0.0,6.5319797E11,0.0,0.0,0.0,1.30639593E12,0.0,0.0,0.0,0.0,0.0,0.0,0.0,0.0,0.0,0.0,0.0,0.0,0.0,0.0,0.0,0.0,0.0,0.0,0.0,0.0,0.0,0.0,0.0,0.0,0.0,0.0,0.0,0.0,0.0,0.0,0.0,0.0,0.0,6.5319797E11,0.0,0.0,0.0,0.0,0.0,0.0,0.0,0.0,0.0
6960,0.0,0.0,0.0,0.0,0.0,0.0,0.0,0.0,0.0,0.0,0.0,0.0,0.0,0.0,0.0,0.0,0.0,6.6058617E11,0.0,0.0,0.0,0.0,0.0,0.0,0.0,0.0,3.96351688E12,6.6058617E11,1.32117234E12,0.0,0.0,0.0,0.0,0.0,0.0,0.0,0.0,0.0,0.0,0.0,0.0,0.0,0.0,0.0,0.0,0.0,0.0,1.95159418E12,0.0,0.0,0.0,0.0,0.0,0.0,0.0,1.91339679E12,0.0,0.0,0.0,0.0,0.0,0.0,0.0,0.0,6.5570904E11,0.0,6.6058617E11,0.0,5.38192249E11,0.0,0.0,0.0,0.0,0.0,0.0,0.0,0.0,0.0,0.0,0.0,0.0,0.0,0.0,0.0,6.6058617E11,0.0,0.0,0.0,0.0,0.0,0.0,0.0,0.0,0.0,0.0,0.0,0.0,0.0,0.0,0.0,0.0,0.0,0.0,6.6058617E11,1.32117234E12,0.0,0.0,0.0,0.0,0.0,0.0,0.0,6.6058617E11,0.0,0.0,0.0,0.0,0.0,0.0,6.6058617E11,0.0,0.0,0.0,0.0,0.0,0.0,0.0,0.0,0.0,0.0,0.0,0.0,0.0,0.0,6.6058617E11,0.0,6.6058617E11,0.0,0.0,0.0,0.0,0.0,6.6058617E11,0.0,1.32117234E12,0.0,0.0,0.0,0.0,0.0,0.0,0.0,0.0,1.32117234E12,1.32117234E12,0.0,0.0,0.0,0.0,6.6058617E11,6.4737437E11,0.0,0.0,0.0,0.0,0.0,6.6058617E11,0.0,0.0,0.0,0.0,0.0,0.0,0.0,0.0,0.0,0.0,6.5769996E11,0.0,0.0,6.9272548E12,6.6058617E11,0.0,1.32117234E12,0.0,0.0,0.0,0.0,0.0,0.0,0.0,0.0,0.0,0.0,0.0,0.0,0.0,0.0,0.0,0.0,0.0,0.0,0.0,6.6058617E11,6.6058617E11,6.6058617E11,0.0,0.0,0.0,1.32117234E12,0.0,0.0,6.6058617E11,0.0,0.0,0.0,0.0,0.0,0.0,0.0,0.0,0.0,1.32117234E12,1.97944227E12,0.0,0.0,0.0,0.0,0.0,0.0,0.0,1.32117234E12,0.0,0.0,0.0,0.0,0.0,1.32117234E12,0.0,0.0,0.0,0.0,0.0,0.0,0.0,0.0,0.0,6.6058617E11,0.0,0.0,0.0,1.32117234E12,0.0,0.0,0.0,0.0,0.0,0.0,0.0,0.0,0.0,0.0,0.0,0.0,0.0,0.0,0.0,0.0,0.0,0.0,0.0,0.0,0.0,0.0,0.0,0.0,0.0,0.0,0.0,0.0,0.0,0.0,0.0,0.0,0.0,6.6058617E11,0.0,0.0,0.0,0.0,0.0,0.0,0.0,0.0,0.0
7020,0.0,0.0,0.0,0.0,0.0,0.0,0.0,0.0,0.0,0.0,0.0,0.0,0.0,0.0,0.0,0.0,0.0,6.6798918E11,0.0,0.0,0.0,0.0,0.0,0.0,0.0,0.0,4.00793534E12,6.6798918E11,1.33597836E12,0.0,0.0,0.0,0.0,0.0,0.0,0.0,0.0,0.0,0.0,0.0,0.0,0.0,0.0,0.0,0.0,0.0,0.0,1.97390316E12,0.0,0.0,0.0,0.0,0.0,0.0,0.0,1.93688096E12,0.0,0.0,0.0,0.0,0.0,0.0,0.0,0.0,6.6316639E11,0.0,6.6798918E11,0.0,5.45639105E11,0.0,0.0,0.0,0.0,0.0,0.0,0.0,0.0,0.0,0.0,0.0,0.0,0.0,0.0,0.0,6.6798918E11,0.0,0.0,0.0,0.0,0.0,0.0,0.0,0.0,0.0,0.0,0.0,0.0,0.0,0.0,0.0,0.0,0.0,0.0,6.6798918E11,1.33597836E12,0.0,0.0,0.0,0.0,0.0,0.0,0.0,6.6798918E11,0.0,0.0,0.0,0.0,0.0,0.0,6.6798918E11,0.0,0.0,0.0,0.0,0.0,0.0,0.0,0.0,0.0,0.0,0.0,0.0,0.0,0.0,6.6798918E11,0.0,6.6798918E11,0.0,0.0,0.0,0.0,0.0,6.6798918E11,0.0,1.33597836E12,0.0,0.0,0.0,0.0,0.0,0.0,0.0,0.0,1.33597836E12,1.33597836E12,0.0,0.0,0.0,0.0,6.6798918E11,6.5486219E11,0.0,0.0,0.0,0.0,0.0,6.6798918E11,0.0,0.0,0.0,0.0,0.0,0.0,0.0,0.0,0.0,0.0,6.6513528E11,0.0,0.0,6.9873534E12,6.6798918E11,0.0,1.33597836E12,0.0,0.0,0.0,0.0,0.0,0.0,0.0,0.0,0.0,0.0,0.0,0.0,0.0,0.0,0.0,0.0,0.0,0.0,0.0,6.6798918E11,6.6798918E11,6.6798918E11,0.0,0.0,0.0,1.33597836E12,0.0,0.0,6.6798918E11,0.0,0.0,0.0,0.0,0.0,0.0,0.0,0.0,0.0,1.33597836E12,2.0016764E12,0.0,0.0,0.0,0.0,0.0,0.0,0.0,1.33597836E12,0.0,0.0,0.0,0.0,0.0,1.33597836E12,0.0,0.0,0.0,0.0,0.0,0.0,0.0,0.0,0.0,6.6798918E11,0.0,0.0,0.0,1.33597836E12,0.0,0.0,0.0,0.0,0.0,0.0,0.0,0.0,0.0,0.0,0.0,0.0,0.0,0.0,0.0,0.0,0.0,0.0,0.0,0.0,0.0,0.0,0.0,0.0,0.0,0.0,0.0,0.0,0.0,0.0,0.0,0.0,0.0,6.6798918E11,0.0,0.0,0.0,0.0,0.0,0.0,0.0,0.0,0.0
7080,0.0,0.0,0.0,0.0,0.0,0.0,0.0,0.0,0.0,0.0,0.0,0.0,0.0,0.0,0.0,0.0,0.0,6.7540543E11,0.0,0.0,0.0,0.0,0.0,0.0,0.0,0.0,4.05243272E12,6.7540543E11,1.35081086E12,0.0,0.0,0.0,0.0,0.0,0.0,0.0,0.0,0.0,0.0,0.0,0.0,0.0,0.0,0.0,0.0,0.0,0.0,1.99625002E12,0.0,0.0,0.0,0.0,0.0,0.0,0.0,1.96024546E12,0.0,0.0,0.0,0.0,0.0,0.0,0.0,0.0,6.7063382E11,0.0,6.7540543E11,0.0,5.5309559E11,0.0,0.0,0.0,0.0,0.0,0.0,0.0,0.0,0.0,0.0,0.0,0.0,0.0,0.0,0.0,6.7540543E11,0.0,0.0,0.0,0.0,0.0,0.0,0.0,0.0,0.0,0.0,0.0,0.0,0.0,0.0,0.0,0.0,0.0,0.0,6.7540543E11,1.35081086E12,0.0,0.0,0.0,0.0,0.0,0.0,0.0,6.7540543E11,0.0,0.0,0.0,0.0,0.0,0.0,6.7540543E11,0.0,0.0,0.0,0.0,0.0,0.0,0.0,0.0,0.0,0.0,0.0,0.0,0.0,0.0,6.7540543E11,0.0,6.7540543E11,0.0,0.0,0.0,0.0,0.0,6.7540543E11,0.0,1.35081086E12,0.0,0.0,0.0,0.0,0.0,0.0,0.0,0.0,1.35081086E12,1.35081086E12,0.0,0.0,0.0,0.0,6.7540543E11,6.6235564E11,0.0,0.0,0.0,0.0,0.0,6.7540543E11,0.0,0.0,0.0,0.0,0.0,0.0,0.0,0.0,0.0,0.0,6.7258273E11,0.0,0.0,7.0474211E12,6.7540543E11,0.0,1.35081086E12,0.0,0.0,0.0,0.0,0.0,0.0,0.0,0.0,0.0,0.0,0.0,0.0,0.0,0.0,0.0,0.0,0.0,0.0,0.0,6.7540543E11,6.7540543E11,6.7540543E11,0.0,0.0,0.0,1.35081086E12,0.0,0.0,6.7540543E11,0.0,0.0,0.0,0.0,0.0,0.0,0.0,0.0,0.0,1.35081086E12,2.02394934E12,0.0,0.0,0.0,0.0,0.0,0.0,0.0,1.35081086E12,0.0,0.0,0.0,0.0,0.0,1.35081086E12,0.0,0.0,0.0,0.0,0.0,0.0,0.0,0.0,0.0,6.7540543E11,0.0,0.0,0.0,1.35081086E12,0.0,0.0,0.0,0.0,0.0,0.0,0.0,0.0,0.0,0.0,0.0,0.0,0.0,0.0,0.0,0.0,0.0,0.0,0.0,0.0,0.0,0.0,0.0,0.0,0.0,0.0,0.0,0.0,0.0,0.0,0.0,0.0,0.0,6.7540543E11,0.0,0.0,0.0,0.0,0.0,0.0,0.0,0.0,0.0
7140,0.0,0.0,0.0,0.0,0.0,0.0,0.0,0.0,0.0,0.0,0.0,0.0,0.0,0.0,0.0,0.0,0.0,6.8283322E11,0.0,0.0,0.0,0.0,0.0,0.0,0.0,0.0,4.09699903E12,6.8283322E11,1.36566643E12,0.0,0.0,0.0,0.0,0.0,0.0,0.0,0.0,0.0,0.0,0.0,0.0,0.0,0.0,0.0,0.0,0.0,0.0,2.01863043E12,0.0,0.0,0.0,0.0,0.0,0.0,0.0,1.98347719E12,0.0,0.0,0.0,0.0,0.0,0.0,0.0,0.0,6.7810997E11,0.0,6.8283322E11,0.0,5.6056054E11,0.0,0.0,0.0,0.0,0.0,0.0,0.0,0.0,0.0,0.0,0.0,0.0,0.0,0.0,0.0,6.8283322E11,0.0,0.0,0.0,0.0,0.0,0.0,0.0,0.0,0.0,0.0,0.0,0.0,0.0,0.0,0.0,0.0,0.0,0.0,6.8283322E11,1.36566643E12,0.0,0.0,0.0,0.0,0.0,0.0,0.0,6.8283322E11,0.0,0.0,0.0,0.0,0.0,0.0,6.8283322E11,0.0,0.0,0.0,0.0,0.0,0.0,0.0,0.0,0.0,0.0,0.0,0.0,0.0,0.0,6.8283322E11,0.0,6.8283322E11,0.0,0.0,0.0,0.0,0.0,6.8283322E11,0.0,1.36566643E12,0.0,0.0,0.0,0.0,0.0,0.0,0.0,0.0,1.36566643E12,1.36566643E12,0.0,0.0,0.0,0.0,6.8283322E11,6.6985905E11,0.0,0.0,0.0,0.0,0.0,6.8283322E11,0.0,0.0,0.0,0.0,0.0,0.0,0.0,0.0,0.0,0.0,6.8003961E11,0.0,0.0,7.1074599E12,6.8283322E11,0.0,1.36566643E12,0.0,0.0,0.0,0.0,0.0,0.0,0.0,0.0,0.0,0.0,0.0,0.0,0.0,0.0,0.0,0.0,0.0,0.0,0.0,6.8283322E11,6.8283322E11,6.8283322E11,0.0,0.0,0.0,1.36566643E12,0.0,0.0,6.8283322E11,0.0,0.0,0.0,0.0,0.0,0.0,0.0,0.0,0.0,1.36566643E12,2.04625582E12,0.0,0.0,0.0,0.0,0.0,0.0,0.0,1.36566643E12,0.0,0.0,0.0,0.0,0.0,1.36566643E12,0.0,0.0,0.0,0.0,0.0,0.0,0.0,0.0,0.0,6.8283322E11,0.0,0.0,0.0,1.36566643E12,0.0,0.0,0.0,0.0,0.0,0.0,0.0,0.0,0.0,0.0,0.0,0.0,0.0,0.0,0.0,0.0,0.0,0.0,0.0,0.0,0.0,0.0,0.0,0.0,0.0,0.0,0.0,0.0,0.0,0.0,0.0,0.0,0.0,6.8283322E11,0.0,0.0,0.0,0.0,0.0,0.0,0.0,0.0,0.0
7200,0.0,0.0,0.0,0.0,0.0,0.0,0.0,0.0,0.0,0.0,0.0,0.0,0.0,0.0,0.0,0.0,0.0,6.902709E11,0.0,0.0,0.0,0.0,0.0,0.0,0.0,0.0,4.14162511E12,6.902709E11,1.38054179E12,0.0,0.0,0.0,0.0,0.0,0.0,0.0,0.0,0.0,0.0,0.0,0.0,0.0,0.0,0.0,0.0,0.0,0.0,2.04104008E12,0.0,0.0,0.0,0.0,0.0,0.0,0.0,2.00662345E12,0.0,0.0,0.0,0.0,0.0,0.0,0.0,0.0,6.8559438E11,0.0,6.902709E11,0.0,5.6803308E11,0.0,0.0,0.0,0.0,0.0,0.0,0.0,0.0,0.0,0.0,0.0,0.0,0.0,0.0,0.0,6.902709E11,0.0,0.0,0.0,0.0,0.0,0.0,0.0,0.0,0.0,0.0,0.0,0.0,0.0,0.0,0.0,0.0,0.0,0.0,6.902709E11,1.38054179E12,0.0,0.0,0.0,0.0,0.0,0.0,0.0,6.902709E11,0.0,0.0,0.0,0.0,0.0,0.0,6.902709E11,0.0,0.0,0.0,0.0,0.0,0.0,0.0,0.0,0.0,0.0,0.0,0.0,0.0,0.0,6.902709E11,0.0,6.902709E11,0.0,0.0,0.0,0.0,0.0,6.902709E11,0.0,1.38054179E12,0.0,0.0,0.0,0.0,0.0,0.0,0.0,0.0,1.38054179E12,1.38054179E12,0.0,0.0,0.0,0.0,6.902709E11,6.7737013E11,0.0,0.0,0.0,0.0,0.0,6.902709E11,0.0,0.0,0.0,0.0,0.0,0.0,0.0,0.0,0.0,0.0,6.875058E11,0.0,0.0,7.1674846E12,6.902709E11,0.0,1.38054179E12,0.0,0.0,0.0,0.0,0.0,0.0,0.0,0.0,0.0,0.0,0.0,0.0,0.0,0.0,0.0,0.0,0.0,0.0,0.0,6.902709E11,6.902709E11,6.902709E11,0.0,0.0,0.0,1.38054179E12,0.0,0.0,6.902709E11,0.0,0.0,0.0,0.0,0.0,0.0,0.0,0.0,0.0,1.38054179E12,2.06859023E12,0.0,0.0,0.0,0.0,0.0,0.0,0.0,1.38054179E12,0.0,0.0,0.0,0.0,0.0,1.38054179E12,0.0,0.0,0.0,0.0,0.0,0.0,0.0,0.0,0.0,6.902709E11,0.0,0.0,0.0,1.38054179E12,0.0,0.0,0.0,0.0,0.0,0.0,0.0,0.0,0.0,0.0,0.0,0.0,0.0,0.0,0.0,0.0,0.0,0.0,0.0,0.0,0.0,0.0,0.0,0.0,0.0,0.0,0.0,0.0,0.0,0.0,0.0,0.0,0.0,6.902709E11,0.0,0.0,0.0,0.0,0.0,0.0,0.0,0.0,0.0
7260,0.0,0.0,0.0,0.0,0.0,0.0,0.0,0.0,0.0,0.0,0.0,0.0,0.0,0.0,0.0,0.0,0.0,6.9771736E11,0.0,0.0,0.0,0.0,0.0,0.0,0.0,0.0,4.18630389E12,6.9771736E11,1.39543472E12,0.0,0.0,0.0,0.0,0.0,0.0,0.0,0.0,0.0,0.0,0.0,0.0,0.0,0.0,0.0,0.0,0.0,0.0,2.06347541E12,0.0,0.0,0.0,0.0,0.0,0.0,0.0,2.02969724E12,0.0,0.0,0.0,0.0,0.0,0.0,0.0,0.0,6.9308613E11,0.0,6.9771736E11,0.0,5.7551231E11,0.0,0.0,0.0,0.0,0.0,0.0,0.0,0.0,0.0,0.0,0.0,0.0,0.0,0.0,0.0,6.9771736E11,0.0,0.0,0.0,0.0,0.0,0.0,0.0,0.0,0.0,0.0,0.0,0.0,0.0,0.0,0.0,0.0,0.0,0.0,6.9771736E11,1.39543472E12,0.0,0.0,0.0,0.0,0.0,0.0,0.0,6.9771736E11,0.0,0.0,0.0,0.0,0.0,0.0,6.9771736E11,0.0,0.0,0.0,0.0,0.0,0.0,0.0,0.0,0.0,0.0,0.0,0.0,0.0,0.0,6.9771736E11,0.0,6.9771736E11,0.0,0.0,0.0,0.0,0.0,6.9771736E11,0.0,1.39543472E12,0.0,0.0,0.0,0.0,0.0,0.0,0.0,0.0,1.39543472E12,1.39543472E12,0.0,0.0,0.0,0.0,6.9771736E11,6.8946087E11,0.0,0.0,0.0,0.0,0.0,6.9771736E11,0.0,0.0,0.0,0.0,0.0,0.0,0.0,0.0,0.0,0.0,6.9497985E11,0.0,0.0,7.2274967E12,6.9771736E11,0.0,1.39543472E12,0.0,0.0,0.0,0.0,0.0,0.0,0.0,0.0,0.0,0.0,0.0,0.0,0.0,0.0,0.0,0.0,0.0,0.0,0.0,6.9771736E11,6.9771736E11,6.9771736E11,0.0,0.0,0.0,1.39543472E12,0.0,0.0,6.9771736E11,0.0,0.0,0.0,0.0,0.0,0.0,0.0,0.0,0.0,1.39543472E12,2.09094941E12,0.0,0.0,0.0,0.0,0.0,0.0,0.0,1.39543472E12,0.0,0.0,0.0,0.0,0.0,1.39543472E12,0.0,0.0,0.0,0.0,0.0,0.0,0.0,0.0,0.0,6.9771736E11,0.0,0.0,0.0,1.39543472E12,0.0,0.0,0.0,0.0,0.0,0.0,0.0,0.0,0.0,0.0,0.0,0.0,0.0,0.0,0.0,0.0,0.0,0.0,0.0,0.0,0.0,0.0,0.0,0.0,0.0,0.0,0.0,0.0,0.0,0.0,0.0,0.0,0.0,6.9771736E11,0.0,0.0,0.0,0.0,0.0,0.0,0.0,0.0,0.0
7320,0.0,0.0,0.0,0.0,0.0,0.0,0.0,0.0,0.0,0.0,0.0,0.0,0.0,0.0,0.0,0.0,0.0,7.0519574E11,0.0,0.0,0.0,0.0,0.0,0.0,0.0,0.0,4.23117455E12,7.0519574E11,1.41039147E12,0.0,0.0,0.0,0.0,0.0,0.0,0.0,0.0,0.0,0.0,0.0,0.0,0.0,0.0,0.0,0.0,0.0,0.0,2.08600629E12,0.0,0.0,0.0,0.0,0.0,0.0,0.0,2.05277954E12,0.0,0.0,0.0,0.0,0.0,0.0,0.0,0.0,7.0059878E11,0.0,7.0519574E11,0.0,5.8298283E11,0.0,0.0,0.0,0.0,0.0,0.0,0.0,0.0,0.0,0.0,0.0,0.0,0.0,0.0,0.0,7.0519574E11,0.0,0.0,0.0,0.0,0.0,0.0,0.0,0.0,0.0,0.0,0.0,0.0,0.0,0.0,0.0,0.0,0.0,0.0,7.0519574E11,1.41039147E12,0.0,0.0,0.0,0.0,0.0,0.0,0.0,7.0519574E11,0.0,0.0,0.0,0.0,0.0,0.0,7.0519574E11,0.0,0.0,0.0,0.0,0.0,0.0,0.0,0.0,0.0,0.0,0.0,0.0,0.0,0.0,7.0519574E11,0.0,7.0519574E11,0.0,0.0,0.0,0.0,0.0,7.0519574E11,0.0,1.41039147E12,0.0,0.0,0.0,0.0,0.0,0.0,0.0,0.0,1.41039147E12,1.41039147E12,0.0,0.0,0.0,0.0,7.0519574E11,6.9991163E11,0.0,0.0,0.0,0.0,0.0,7.0519574E11,0.0,0.0,0.0,0.0,0.0,0.0,0.0,0.0,0.0,0.0,7.0248491E11,0.0,0.0,7.2876944E12,7.0519574E11,0.0,1.41039147E12,0.0,0.0,0.0,0.0,0.0,0.0,0.0,0.0,0.0,0.0,0.0,0.0,0.0,0.0,0.0,0.0,0.0,0.0,0.0,7.0519574E11,7.0519574E11,7.0519574E11,0.0,0.0,0.0,1.41039147E12,0.0,0.0,7.0519574E11,0.0,0.0,0.0,0.0,0.0,0.0,0.0,0.0,0.0,1.41039147E12,2.11340362E12,0.0,0.0,0.0,0.0,0.0,0.0,0.0,1.41039147E12,0.0,0.0,0.0,0.0,0.0,1.41039147E12,0.0,0.0,0.0,0.0,0.0,0.0,0.0,0.0,0.0,7.0519574E11,0.0,0.0,0.0,1.41039147E12,0.0,0.0,0.0,0.0,0.0,0.0,0.0,0.0,0.0,0.0,0.0,0.0,0.0,0.0,0.0,0.0,0.0,0.0,0.0,0.0,0.0,0.0,0.0,0.0,0.0,0.0,0.0,0.0,0.0,0.0,0.0,0.0,0.0,7.0519574E11,0.0,0.0,0.0,0.0,0.0,0.0,0.0,0.0,0.0
7380,0.0,0.0,0.0,0.0,0.0,0.0,0.0,0.0,0.0,0.0,0.0,0.0,0.0,0.0,0.0,0.0,0.0,7.126962E11,0.0,0.0,0.0,0.0,0.0,0.0,0.0,0.0,4.27617734E12,7.126962E11,1.4253924E12,0.0,0.0,0.0,0.0,0.0,0.0,0.0,0.0,0.0,0.0,0.0,0.0,0.0,0.0,0.0,0.0,0.0,0.0,2.10860245E12,0.0,0.0,0.0,0.0,0.0,0.0,0.0,2.07585372E12,0.0,0.0,0.0,0.0,0.0,0.0,0.0,0.0,7.0811517E11,0.0,7.126962E11,0.0,5.9041337E11,0.0,0.0,0.0,0.0,0.0,0.0,0.0,0.0,0.0,0.0,0.0,0.0,0.0,0.0,0.0,7.126962E11,0.0,0.0,0.0,0.0,0.0,0.0,0.0,0.0,0.0,0.0,0.0,0.0,0.0,0.0,0.0,0.0,0.0,0.0,7.126962E11,1.4253924E12,0.0,0.0,0.0,0.0,0.0,0.0,0.0,7.126962E11,0.0,0.0,0.0,0.0,0.0,0.0,7.126962E11,0.0,0.0,0.0,0.0,0.0,0.0,0.0,0.0,0.0,0.0,0.0,0.0,0.0,0.0,7.126962E11,0.0,7.126962E11,0.0,0.0,0.0,0.0,0.0,7.126962E11,0.0,1.4253924E12,0.0,0.0,0.0,0.0,0.0,0.0,0.0,0.0,1.4253924E12,1.4253924E12,0.0,0.0,0.0,0.0,7.126962E11,7.0931435E11,0.0,0.0,0.0,0.0,0.0,7.126962E11,0.0,0.0,0.0,0.0,0.0,0.0,0.0,0.0,0.0,0.0,7.1001073E11,0.0,0.0,7.3480106E12,7.126962E11,0.0,1.4253924E12,0.0,0.0,0.0,0.0,0.0,0.0,0.0,0.0,0.0,0.0,0.0,0.0,0.0,0.0,0.0,0.0,0.0,0.0,0.0,7.126962E11,7.126962E11,7.126962E11,0.0,0.0,0.0,1.4253924E12,0.0,0.0,7.126962E11,0.0,0.0,0.0,0.0,0.0,0.0,0.0,0.0,0.0,1.4253924E12,2.13592297E12,0.0,0.0,0.0,0.0,0.0,0.0,0.0,1.4253924E12,0.0,0.0,0.0,0.0,0.0,1.4253924E12,0.0,0.0,0.0,0.0,0.0,0.0,0.0,0.0,0.0,7.126962E11,0.0,0.0,0.0,1.4253924E12,0.0,0.0,0.0,0.0,0.0,0.0,0.0,0.0,0.0,0.0,0.0,0.0,0.0,0.0,0.0,0.0,0.0,0.0,0.0,0.0,0.0,0.0,0.0,0.0,0.0,0.0,0.0,0.0,0.0,0.0,0.0,0.0,0.0,7.126962E11,0.0,0.0,0.0,0.0,0.0,0.0,0.0,0.0,0.0
7440,0.0,0.0,0.0,0.0,0.0,0.0,0.0,0.0,0.0,0.0,0.0,0.0,0.0,0.0,0.0,0.0,0.0,7.2021187E11,0.0,0.0,0.0,0.0,0.0,0.0,0.0,0.0,4.32127109E12,7.2021187E11,1.44042374E12,0.0,0.0,0.0,0.0,0.0,0.0,0.0,0.0,0.0,0.0,0.0,0.0,0.0,0.0,0.0,0.0,0.0,0.0,2.13124343E12,0.0,0.0,0.0,0.0,0.0,0.0,0.0,2.0989102E12,0.0,0.0,0.0,0.0,0.0,0.0,0.0,0.0,7.1562985E11,0.0,7.2021187E11,0.0,5.9780445E11,0.0,0.0,0.0,0.0,0.0,0.0,0.0,0.0,0.0,0.0,0.0,0.0,0.0,0.0,0.0,7.2021187E11,0.0,0.0,0.0,0.0,0.0,0.0,0.0,0.0,0.0,0.0,0.0,0.0,0.0,0.0,0.0,0.0,0.0,0.0,7.2021187E11,1.44042374E12,0.0,0.0,0.0,0.0,0.0,0.0,0.0,7.2021187E11,0.0,0.0,0.0,0.0,0.0,0.0,7.2021187E11,0.0,0.0,0.0,0.0,0.0,0.0,0.0,0.0,0.0,0.0,0.0,0.0,0.0,0.0,7.2021187E11,0.0,7.2021187E11,0.0,0.0,0.0,0.0,0.0,7.2021187E11,0.0,1.44042374E12,0.0,0.0,0.0,0.0,0.0,0.0,0.0,0.0,1.44042374E12,1.44042374E12,0.0,0.0,0.0,0.0,7.2021187E11,7.1804748E11,0.0,0.0,0.0,0.0,0.0,7.2021187E11,0.0,0.0,0.0,0.0,0.0,0.0,0.0,0.0,0.0,0.0,7.1755026E11,0.0,0.0,7.4083997E12,7.2021187E11,0.0,1.44042374E12,0.0,0.0,0.0,0.0,0.0,0.0,0.0,0.0,0.0,0.0,0.0,0.0,0.0,0.0,0.0,0.0,0.0,0.0,0.0,7.2021187E11,7.2021187E11,7.2021187E11,0.0,0.0,0.0,1.44042374E12,0.0,0.0,7.2021187E11,0.0,0.0,0.0,0.0,0.0,0.0,0.0,0.0,0.0,1.44042374E12,2.15848727E12,0.0,0.0,0.0,0.0,0.0,0.0,0.0,1.44042374E12,0.0,0.0,0.0,0.0,0.0,1.44042374E12,0.0,0.0,0.0,0.0,0.0,0.0,0.0,0.0,0.0,7.2021187E11,0.0,0.0,0.0,1.44042374E12,0.0,0.0,0.0,0.0,0.0,0.0,0.0,0.0,0.0,0.0,0.0,0.0,0.0,0.0,0.0,0.0,0.0,0.0,0.0,0.0,0.0,0.0,0.0,0.0,0.0,0.0,0.0,0.0,0.0,0.0,0.0,0.0,0.0,7.2021187E11,0.0,0.0,0.0,0.0,0.0,0.0,0.0,0.0,0.0
7500,0.0,0.0,0.0,0.0,0.0,0.0,0.0,0.0,0.0,0.0,0.0,0.0,0.0,0.0,0.0,0.0,0.0,7.2773809E11,0.0,0.0,0.0,0.0,0.0,0.0,0.0,0.0,4.36642854E12,7.2773809E11,1.45547618E12,0.0,0.0,0.0,0.0,0.0,0.0,0.0,0.0,0.0,0.0,0.0,0.0,0.0,0.0,0.0,0.0,0.0,0.0,2.15391522E12,0.0,0.0,0.0,0.0,0.0,0.0,0.0,2.12194532E12,0.0,0.0,0.0,0.0,0.0,0.0,0.0,0.0,7.2314218E11,0.0,7.2773809E11,0.0,6.0516532E11,0.0,0.0,0.0,0.0,0.0,0.0,0.0,0.0,0.0,0.0,0.0,0.0,0.0,0.0,0.0,7.2773809E11,0.0,0.0,0.0,0.0,0.0,0.0,0.0,0.0,0.0,0.0,0.0,0.0,0.0,0.0,0.0,0.0,0.0,0.0,7.2773809E11,1.45547618E12,0.0,0.0,0.0,0.0,0.0,0.0,0.0,7.2773809E11,0.0,0.0,0.0,0.0,0.0,0.0,7.2773809E11,0.0,0.0,0.0,0.0,0.0,0.0,0.0,0.0,0.0,0.0,0.0,0.0,0.0,0.0,7.2773809E11,0.0,7.2773809E11,0.0,0.0,0.0,0.0,0.0,7.2773809E11,0.0,1.45547618E12,0.0,0.0,0.0,0.0,0.0,0.0,0.0,0.0,1.45547618E12,1.45547618E12,0.0,0.0,0.0,0.0,7.2773809E11,7.2635292E11,0.0,0.0,0.0,0.0,0.0,7.2773809E11,0.0,0.0,0.0,0.0,0.0,0.0,0.0,0.0,0.0,0.0,7.250985E11,0.0,0.0,7.4688338E12,7.2773809E11,0.0,1.45547618E12,0.0,0.0,0.0,0.0,0.0,0.0,0.0,0.0,0.0,0.0,0.0,0.0,0.0,0.0,0.0,0.0,0.0,0.0,0.0,7.2773809E11,7.2773809E11,7.2773809E11,0.0,0.0,0.0,1.45547618E12,0.0,0.0,7.2773809E11,0.0,0.0,0.0,0.0,0.0,0.0,0.0,0.0,0.0,1.45547618E12,2.18108291E12,0.0,0.0,0.0,0.0,0.0,0.0,0.0,1.45547618E12,0.0,0.0,0.0,0.0,0.0,1.45547618E12,0.0,0.0,0.0,0.0,0.0,0.0,0.0,0.0,0.0,7.2773809E11,0.0,0.0,0.0,1.45547618E12,0.0,0.0,0.0,0.0,0.0,0.0,0.0,0.0,0.0,0.0,0.0,0.0,0.0,0.0,0.0,0.0,0.0,0.0,0.0,0.0,0.0,0.0,0.0,0.0,0.0,0.0,0.0,0.0,0.0,0.0,0.0,0.0,0.0,7.2773809E11,0.0,0.0,0.0,0.0,0.0,0.0,0.0,0.0,0.0
7560,0.0,0.0,0.0,0.0,0.0,0.0,0.0,0.0,0.0,0.0,0.0,0.0,0.0,0.0,0.0,0.0,0.0,7.3527185E11,0.0,0.0,0.0,0.0,0.0,0.0,0.0,0.0,4.4116308E12,7.3527185E11,1.47054369E12,0.0,0.0,0.0,0.0,0.0,0.0,0.0,0.0,0.0,0.0,0.0,0.0,0.0,0.0,0.0,0.0,0.0,0.0,2.1766085E12,0.0,0.0,0.0,0.0,0.0,0.0,0.0,2.14495579E12,0.0,0.0,0.0,0.0,0.0,0.0,0.0,0.0,7.3065274E11,0.0,7.3527185E11,0.0,6.1250634E11,0.0,0.0,0.0,0.0,0.0,0.0,0.0,0.0,0.0,0.0,0.0,0.0,0.0,0.0,0.0,7.3527185E11,0.0,0.0,0.0,0.0,0.0,0.0,0.0,0.0,0.0,0.0,0.0,0.0,0.0,0.0,0.0,0.0,0.0,0.0,7.3527185E11,1.47054369E12,0.0,0.0,0.0,0.0,0.0,0.0,0.0,7.3527185E11,0.0,0.0,0.0,0.0,0.0,0.0,7.3527185E11,0.0,0.0,0.0,0.0,0.0,0.0,0.0,0.0,0.0,0.0,0.0,0.0,0.0,0.0,7.3527185E11,0.0,7.3527185E11,0.0,0.0,0.0,0.0,0.0,7.3527185E11,0.0,1.47054369E12,0.0,0.0,0.0,0.0,0.0,0.0,0.0,0.0,1.47054369E12,1.47054369E12,0.0,0.0,0.0,0.0,7.3527185E11,7.3438527E11,0.0,0.0,0.0,0.0,0.0,7.3527185E11,0.0,0.0,0.0,0.0,0.0,0.0,0.0,0.0,0.0,0.0,7.3265211E11,0.0,0.0,7.5646936E12,7.3527185E11,0.0,1.47054369E12,0.0,0.0,0.0,0.0,0.0,0.0,0.0,0.0,0.0,0.0,0.0,0.0,0.0,0.0,0.0,0.0,0.0,0.0,0.0,7.3527185E11,7.3527185E11,7.3527185E11,0.0,0.0,0.0,1.47054369E12,0.0,0.0,7.3527185E11,0.0,0.0,0.0,0.0,0.0,0.0,0.0,0.0,0.0,1.47054369E12,2.20370043E12,0.0,0.0,0.0,0.0,0.0,0.0,0.0,1.47054369E12,0.0,0.0,0.0,0.0,0.0,1.47054369E12,0.0,0.0,0.0,0.0,0.0,0.0,0.0,0.0,0.0,7.3527185E11,0.0,0.0,0.0,1.47054369E12,0.0,0.0,0.0,0.0,0.0,0.0,0.0,0.0,0.0,0.0,0.0,0.0,0.0,0.0,0.0,0.0,0.0,0.0,0.0,0.0,0.0,0.0,0.0,0.0,0.0,0.0,0.0,0.0,0.0,0.0,0.0,0.0,0.0,7.3527185E11,0.0,0.0,0.0,0.0,0.0,0.0,0.0,0.0,0.0
7620,0.0,0.0,0.0,0.0,0.0,0.0,0.0,0.0,0.0,0.0,0.0,0.0,0.0,0.0,0.0,0.0,0.0,7.4299828E11,0.0,0.0,0.0,0.0,0.0,0.0,0.0,0.0,4.4579899E12,7.4299828E11,1.48599656E12,0.0,0.0,0.0,0.0,0.0,0.0,0.0,0.0,0.0,0.0,0.0,0.0,0.0,0.0,0.0,0.0,0.0,0.0,2.19987916E12,0.0,0.0,0.0,0.0,0.0,0.0,0.0,2.1677074E12,0.0,0.0,0.0,0.0,0.0,0.0,0.0,0.0,7.3835007E11,0.0,7.4299828E11,0.0,6.200241E11,0.0,0.0,0.0,0.0,0.0,0.0,0.0,0.0,0.0,0.0,0.0,0.0,0.0,0.0,0.0,7.4299828E11,0.0,0.0,0.0,0.0,0.0,0.0,0.0,0.0,0.0,0.0,0.0,0.0,0.0,0.0,0.0,0.0,0.0,0.0,7.4299828E11,1.48599656E12,0.0,0.0,0.0,0.0,0.0,0.0,0.0,7.4299828E11,0.0,0.0,0.0,0.0,0.0,0.0,7.4299828E11,0.0,0.0,0.0,0.0,0.0,0.0,0.0,0.0,0.0,0.0,0.0,0.0,0.0,0.0,7.4299828E11,0.0,7.4299828E11,0.0,0.0,0.0,0.0,0.0,7.4299828E11,0.0,1.48599656E12,0.0,0.0,0.0,0.0,0.0,0.0,0.0,0.0,1.48599656E12,1.48599656E12,0.0,0.0,0.0,0.0,7.4299828E11,7.4243093E11,0.0,0.0,0.0,0.0,0.0,7.4299828E11,0.0,0.0,0.0,0.0,0.0,0.0,0.0,0.0,0.0,0.0,7.403965E11,0.0,0.0,7.6112111E12,7.4299828E11,0.0,1.48599656E12,0.0,0.0,0.0,0.0,0.0,0.0,0.0,0.0,0.0,0.0,0.0,0.0,0.0,0.0,0.0,0.0,0.0,0.0,0.0,7.4299828E11,7.4299828E11,7.4299828E11,0.0,0.0,0.0,1.48599656E12,0.0,0.0,7.4299828E11,0.0,0.0,0.0,0.0,0.0,0.0,0.0,0.0,0.0,1.48599656E12,2.22689545E12,0.0,0.0,0.0,0.0,0.0,0.0,0.0,1.48599656E12,0.0,0.0,0.0,0.0,0.0,1.48599656E12,0.0,0.0,0.0,0.0,0.0,0.0,0.0,0.0,0.0,7.4299828E11,0.0,0.0,0.0,1.48599656E12,0.0,0.0,0.0,0.0,0.0,0.0,0.0,0.0,0.0,0.0,0.0,0.0,0.0,0.0,0.0,0.0,0.0,0.0,0.0,0.0,0.0,0.0,0.0,0.0,0.0,0.0,0.0,0.0,0.0,0.0,0.0,0.0,0.0,7.4299828E11,0.0,0.0,0.0,0.0,0.0,0.0,0.0,0.0,0.0
7680,0.0,0.0,0.0,0.0,0.0,0.0,0.0,0.0,0.0,0.0,0.0,0.0,0.0,0.0,0.0,0.0,0.0,7.5064266E11,0.0,0.0,0.0,0.0,0.0,0.0,0.0,0.0,4.5038557E12,7.5064266E11,1.50128532E12,0.0,0.0,0.0,0.0,0.0,0.0,0.0,0.0,0.0,0.0,0.0,0.0,0.0,0.0,0.0,0.0,0.0,0.0,2.22290221E12,0.0,0.0,0.0,0.0,0.0,0.0,0.0,2.18876451E12,0.0,0.0,0.0,0.0,0.0,0.0,0.0,0.0,7.4595939E11,0.0,7.5064266E11,0.0,6.2745274E11,0.0,0.0,0.0,0.0,0.0,0.0,0.0,0.0,0.0,0.0,0.0,0.0,0.0,0.0,0.0,7.5064266E11,0.0,0.0,0.0,0.0,0.0,0.0,0.0,0.0,0.0,0.0,0.0,0.0,0.0,0.0,0.0,0.0,0.0,0.0,7.5064266E11,1.50128532E12,0.0,0.0,0.0,0.0,0.0,0.0,0.0,7.5064266E11,0.0,0.0,0.0,0.0,0.0,0.0,7.5064266E11,0.0,0.0,0.0,0.0,0.0,0.0,0.0,0.0,0.0,0.0,0.0,0.0,0.0,0.0,7.5064266E11,0.0,7.5064266E11,0.0,0.0,0.0,0.0,0.0,7.5064266E11,0.0,1.50128532E12,0.0,0.0,0.0,0.0,0.0,0.0,0.0,0.0,1.50128532E12,1.50128532E12,0.0,0.0,0.0,0.0,7.5064266E11,7.5027952E11,0.0,0.0,0.0,0.0,0.0,7.5064266E11,0.0,0.0,0.0,0.0,0.0,0.0,0.0,0.0,0.0,0.0,7.4805661E11,0.0,0.0,7.6425189E12,7.5064266E11,0.0,1.50128532E12,0.0,0.0,0.0,0.0,0.0,0.0,0.0,0.0,0.0,0.0,0.0,0.0,0.0,0.0,0.0,0.0,0.0,0.0,0.0,7.5064266E11,7.5064266E11,7.5064266E11,0.0,0.0,0.0,1.50128532E12,0.0,0.0,7.5064266E11,0.0,0.0,0.0,0.0,0.0,0.0,0.0,0.0,0.0,1.50128532E12,2.24984485E12,0.0,0.0,0.0,0.0,0.0,0.0,0.0,1.50128532E12,0.0,0.0,0.0,0.0,0.0,1.50128532E12,0.0,0.0,0.0,0.0,0.0,0.0,0.0,0.0,0.0,7.5064266E11,0.0,0.0,0.0,1.50128532E12,0.0,0.0,0.0,0.0,0.0,0.0,0.0,0.0,0.0,0.0,0.0,0.0,0.0,0.0,0.0,0.0,0.0,0.0,0.0,0.0,0.0,0.0,0.0,0.0,0.0,0.0,0.0,0.0,0.0,0.0,0.0,0.0,0.0,7.5064266E11,0.0,0.0,0.0,0.0,0.0,0.0,0.0,0.0,0.0
7740,0.0,0.0,0.0,0.0,0.0,0.0,0.0,0.0,0.0,0.0,0.0,0.0,0.0,0.0,0.0,0.0,0.0,7.5811946E11,0.0,0.0,0.0,0.0,0.0,0.0,0.0,0.0,4.5487164E12,7.5811946E11,1.51623893E12,0.0,0.0,0.0,0.0,0.0,0.0,0.0,0.0,0.0,0.0,0.0,0.0,0.0,0.0,0.0,0.0,0.0,0.0,2.24542169E12,0.0,0.0,0.0,0.0,0.0,0.0,0.0,2.20807483E12,0.0,0.0,0.0,0.0,0.0,0.0,0.0,0.0,7.5340153E11,0.0,7.5811946E11,0.0,6.347138E11,0.0,0.0,0.0,0.0,0.0,0.0,0.0,0.0,0.0,0.0,0.0,0.0,0.0,0.0,0.0,7.5811946E11,0.0,0.0,0.0,0.0,0.0,0.0,0.0,0.0,0.0,0.0,0.0,0.0,0.0,0.0,0.0,0.0,0.0,0.0,7.5811946E11,1.51623893E12,0.0,0.0,0.0,0.0,0.0,0.0,0.0,7.5811946E11,0.0,0.0,0.0,0.0,0.0,0.0,7.5811946E11,0.0,0.0,0.0,0.0,0.0,0.0,0.0,0.0,0.0,0.0,0.0,0.0,0.0,0.0,7.5811946E11,0.0,7.5811946E11,0.0,0.0,0.0,0.0,0.0,7.5811946E11,0.0,1.51623893E12,0.0,0.0,0.0,0.0,0.0,0.0,0.0,0.0,1.51623893E12,1.51623893E12,0.0,0.0,0.0,0.0,7.5811946E11,7.5788701E11,0.0,0.0,0.0,0.0,0.0,7.5811946E11,0.0,0.0,0.0,0.0,0.0,0.0,0.0,0.0,0.0,0.0,7.5554737E11,0.0,0.0,7.6702873E12,7.5811946E11,0.0,1.51623893E12,0.0,0.0,0.0,0.0,0.0,0.0,0.0,0.0,0.0,0.0,0.0,0.0,0.0,0.0,0.0,0.0,0.0,0.0,0.0,7.5811946E11,7.5811946E11,7.5811946E11,0.0,0.0,0.0,1.51623893E12,0.0,0.0,7.5811946E11,0.0,0.0,0.0,0.0,0.0,0.0,0.0,0.0,0.0,1.51623893E12,2.27229145E12,0.0,0.0,0.0,0.0,0.0,0.0,0.0,1.51623893E12,0.0,0.0,0.0,0.0,0.0,1.51623893E12,0.0,0.0,0.0,0.0,0.0,0.0,0.0,0.0,0.0,7.5811946E11,0.0,0.0,0.0,1.51623893E12,0.0,0.0,0.0,0.0,0.0,0.0,0.0,0.0,0.0,0.0,0.0,0.0,0.0,0.0,0.0,0.0,0.0,0.0,0.0,0.0,0.0,0.0,0.0,0.0,0.0,0.0,0.0,0.0,0.0,0.0,0.0,0.0,0.0,7.5811946E11,0.0,0.0,0.0,0.0,0.0,0.0,0.0,0.0,0.0
7800,0.0,0.0,0.0,0.0,0.0,0.0,0.0,0.0,0.0,0.0,0.0,0.0,0.0,0.0,0.0,0.0,0.0,7.6541008E11,0.0,0.0,0.0,0.0,0.0,0.0,0.0,0.0,4.5924604E12,7.6541008E11,1.53082017E12,0.0,0.0,0.0,0.0,0.0,0.0,0.0,0.0,0.0,0.0,0.0,0.0,0.0,0.0,0.0,0.0,0.0,0.0,2.2673815E12,0.0,0.0,0.0,0.0,0.0,0.0,0.0,2.2269007E12,0.0,0.0,0.0,0.0,0.0,0.0,0.0,0.0,7.6065787E11,0.0,7.6541008E11,0.0,6.4179365E11,0.0,0.0,0.0,0.0,0.0,0.0,0.0,0.0,0.0,0.0,0.0,0.0,0.0,0.0,0.0,7.6541008E11,0.0,0.0,0.0,0.0,0.0,0.0,0.0,0.0,0.0,0.0,0.0,0.0,0.0,0.0,0.0,0.0,0.0,0.0,7.6541008E11,1.53082017E12,0.0,0.0,0.0,0.0,0.0,0.0,0.0,7.6541008E11,0.0,0.0,0.0,0.0,0.0,0.0,7.6541008E11,0.0,0.0,0.0,0.0,0.0,0.0,0.0,0.0,0.0,0.0,0.0,0.0,0.0,0.0,7.6541008E11,0.0,7.6541008E11,0.0,0.0,0.0,0.0,0.0,7.6541008E11,0.0,1.53082017E12,0.0,0.0,0.0,0.0,0.0,0.0,0.0,0.0,1.53082017E12,1.53082017E12,0.0,0.0,0.0,0.0,7.6541008E11,7.6526132E11,0.0,0.0,0.0,0.0,0.0,7.6541008E11,0.0,0.0,0.0,0.0,0.0,0.0,0.0,0.0,0.0,0.0,7.6285025E11,0.0,0.0,7.6989957E12,7.6541008E11,0.0,1.53082017E12,0.0,0.0,0.0,0.0,0.0,0.0,0.0,0.0,0.0,0.0,0.0,0.0,0.0,0.0,0.0,0.0,0.0,0.0,0.0,7.6541008E11,7.6541008E11,7.6541008E11,0.0,0.0,0.0,1.53082017E12,0.0,0.0,7.6541008E11,0.0,0.0,0.0,0.0,0.0,0.0,0.0,0.0,0.0,1.53082017E12,2.29417943E12,0.0,0.0,0.0,0.0,0.0,0.0,0.0,1.53082017E12,0.0,0.0,0.0,0.0,0.0,1.53082017E12,0.0,0.0,0.0,0.0,0.0,0.0,0.0,0.0,0.0,7.6541008E11,0.0,0.0,0.0,1.53082017E12,0.0,0.0,0.0,0.0,0.0,0.0,0.0,0.0,0.0,0.0,0.0,0.0,0.0,0.0,0.0,0.0,0.0,0.0,0.0,0.0,0.0,0.0,0.0,0.0,0.0,0.0,0.0,0.0,0.0,0.0,0.0,0.0,0.0,7.6541008E11,0.0,0.0,0.0,0.0,0.0,0.0,0.0,0.0,0.0
7860,0.0,0.0,0.0,0.0,0.0,0.0,0.0,0.0,0.0,0.0,0.0,0.0,0.0,0.0,0.0,0.0,0.0,7.7252749E11,0.0,0.0,0.0,0.0,0.0,0.0,0.0,0.0,4.6351652E12,7.7252749E11,1.54505498E12,0.0,0.0,0.0,0.0,0.0,0.0,0.0,0.0,0.0,0.0,0.0,0.0,0.0,0.0,0.0,0.0,0.0,0.0,2.28882042E12,0.0,0.0,0.0,0.0,0.0,0.0,0.0,2.24624352E12,0.0,0.0,0.0,0.0,0.0,0.0,0.0,0.0,7.6774185E11,0.0,7.7252749E11,0.0,6.4870888E11,0.0,0.0,0.0,0.0,0.0,0.0,0.0,0.0,0.0,0.0,0.0,0.0,0.0,0.0,0.0,7.7252749E11,0.0,0.0,0.0,0.0,0.0,0.0,0.0,0.0,0.0,0.0,0.0,0.0,0.0,0.0,0.0,0.0,0.0,0.0,7.7252749E11,1.54505498E12,0.0,0.0,0.0,0.0,0.0,0.0,0.0,7.7252749E11,0.0,0.0,0.0,0.0,0.0,0.0,7.7252749E11,0.0,0.0,0.0,0.0,0.0,0.0,0.0,0.0,0.0,0.0,0.0,0.0,0.0,0.0,7.7252749E11,0.0,7.7252749E11,0.0,0.0,0.0,0.0,0.0,7.7252749E11,0.0,1.54505498E12,0.0,0.0,0.0,0.0,0.0,0.0,0.0,0.0,1.54505498E12,1.54505498E12,0.0,0.0,0.0,0.0,7.7252749E11,7.7243233E11,0.0,0.0,0.0,0.0,0.0,7.7252749E11,0.0,0.0,0.0,0.0,0.0,0.0,0.0,0.0,0.0,0.0,7.6997853E11,0.0,0.0,7.7303062E12,7.7252749E11,0.0,1.54505498E12,0.0,0.0,0.0,0.0,0.0,0.0,0.0,0.0,0.0,0.0,0.0,0.0,0.0,0.0,0.0,0.0,0.0,0.0,0.0,7.7252749E11,7.7252749E11,7.7252749E11,0.0,0.0,0.0,1.54505498E12,0.0,0.0,7.7252749E11,0.0,0.0,0.0,0.0,0.0,0.0,0.0,0.0,0.0,1.54505498E12,2.31554705E12,0.0,0.0,0.0,0.0,0.0,0.0,0.0,1.54505498E12,0.0,0.0,0.0,0.0,0.0,1.54505498E12,0.0,0.0,0.0,0.0,0.0,0.0,0.0,0.0,0.0,7.7252749E11,0.0,0.0,0.0,1.54505498E12,0.0,0.0,0.0,0.0,0.0,0.0,0.0,0.0,0.0,0.0,0.0,0.0,0.0,0.0,0.0,0.0,0.0,0.0,0.0,0.0,0.0,0.0,0.0,0.0,0.0,0.0,0.0,0.0,0.0,0.0,0.0,0.0,0.0,7.7252749E11,0.0,0.0,0.0,0.0,0.0,0.0,0.0,0.0,0.0
7920,0.0,0.0,0.0,0.0,0.0,0.0,0.0,0.0,0.0,0.0,0.0,0.0,0.0,0.0,0.0,0.0,0.0,7.7949829E11,0.0,0.0,0.0,0.0,0.0,0.0,0.0,0.0,4.6769897E12,7.7949829E11,1.55899658E12,0.0,0.0,0.0,0.0,0.0,0.0,0.0,0.0,0.0,0.0,0.0,0.0,0.0,0.0,0.0,0.0,0.0,0.0,2.30981868E12,0.0,0.0,0.0,0.0,0.0,0.0,0.0,2.26580706E12,0.0,0.0,0.0,0.0,0.0,0.0,0.0,0.0,7.7468035E11,0.0,7.7949829E11,0.0,6.5548819E11,0.0,0.0,0.0,0.0,0.0,0.0,0.0,0.0,0.0,0.0,0.0,0.0,0.0,0.0,0.0,7.7949829E11,0.0,0.0,0.0,0.0,0.0,0.0,0.0,0.0,0.0,0.0,0.0,0.0,0.0,0.0,0.0,0.0,0.0,0.0,7.7949829E11,1.55899658E12,0.0,0.0,0.0,0.0,0.0,0.0,0.0,7.7949829E11,0.0,0.0,0.0,0.0,0.0,0.0,7.7949829E11,0.0,0.0,0.0,0.0,0.0,0.0,0.0,0.0,0.0,0.0,0.0,0.0,0.0,0.0,7.7949829E11,0.0,7.7949829E11,0.0,0.0,0.0,0.0,0.0,7.7949829E11,0.0,1.55899658E12,0.0,0.0,0.0,0.0,0.0,0.0,0.0,0.0,1.55899658E12,1.55899658E12,0.0,0.0,0.0,0.0,7.7949829E11,7.7943734E11,0.0,0.0,0.0,0.0,0.0,7.7949829E11,0.0,0.0,0.0,0.0,0.0,0.0,0.0,0.0,0.0,0.0,7.7695884E11,0.0,0.0,7.7646513E12,7.7949829E11,0.0,1.55899658E12,0.0,0.0,0.0,0.0,0.0,0.0,0.0,0.0,0.0,0.0,0.0,0.0,0.0,0.0,0.0,0.0,0.0,0.0,0.0,7.7949829E11,7.7949829E11,7.7949829E11,0.0,0.0,0.0,1.55899658E12,0.0,0.0,7.7949829E11,0.0,0.0,0.0,0.0,0.0,0.0,0.0,0.0,0.0,1.55899658E12,2.33647427E12,0.0,0.0,0.0,0.0,0.0,0.0,0.0,1.55899658E12,0.0,0.0,0.0,0.0,0.0,1.55899658E12,0.0,0.0,0.0,0.0,0.0,0.0,0.0,0.0,0.0,7.7949829E11,0.0,0.0,0.0,1.55899658E12,0.0,0.0,0.0,0.0,0.0,0.0,0.0,0.0,0.0,0.0,0.0,0.0,0.0,0.0,0.0,0.0,0.0,0.0,0.0,0.0,0.0,0.0,0.0,0.0,0.0,0.0,0.0,0.0,0.0,0.0,0.0,0.0,0.0,7.7949829E11,0.0,0.0,0.0,0.0,0.0,0.0,0.0,0.0,0.0
7980,0.0,0.0,0.0,0.0,0.0,0.0,0.0,0.0,0.0,0.0,0.0,0.0,0.0,0.0,0.0,0.0,0.0,7.8634811E11,0.0,0.0,0.0,0.0,0.0,0.0,0.0,0.0,4.7180887E12,7.8634811E11,1.57269623E12,0.0,0.0,0.0,0.0,0.0,0.0,0.0,0.0,0.0,0.0,0.0,0.0,0.0,0.0,0.0,0.0,0.0,0.0,2.33045256E12,0.0,0.0,0.0,0.0,0.0,0.0,0.0,2.28543037E12,0.0,0.0,0.0,0.0,0.0,0.0,0.0,0.0,7.8149943E11,0.0,7.8634811E11,0.0,6.6215884E11,0.0,0.0,0.0,0.0,0.0,0.0,0.0,0.0,0.0,0.0,0.0,0.0,0.0,0.0,0.0,7.8634811E11,0.0,0.0,0.0,0.0,0.0,0.0,0.0,0.0,0.0,0.0,0.0,0.0,0.0,0.0,0.0,0.0,0.0,0.0,7.8634811E11,1.57269623E12,0.0,0.0,0.0,0.0,0.0,0.0,0.0,7.8634811E11,0.0,0.0,0.0,0.0,0.0,0.0,7.8634811E11,0.0,0.0,0.0,0.0,0.0,0.0,0.0,0.0,0.0,0.0,0.0,0.0,0.0,0.0,7.8634811E11,0.0,7.8634811E11,0.0,0.0,0.0,0.0,0.0,7.8634811E11,0.0,1.57269623E12,0.0,0.0,0.0,0.0,0.0,0.0,0.0,0.0,1.57269623E12,1.57269623E12,0.0,0.0,0.0,0.0,7.8634811E11,7.8630912E11,0.0,0.0,0.0,0.0,0.0,7.8634811E11,0.0,0.0,0.0,0.0,0.0,0.0,0.0,0.0,0.0,0.0,7.8381698E11,0.0,0.0,7.801892E12,7.8634811E11,0.0,1.57269623E12,0.0,0.0,0.0,0.0,0.0,0.0,0.0,0.0,0.0,0.0,0.0,0.0,0.0,0.0,0.0,0.0,0.0,0.0,0.0,7.8634811E11,7.8634811E11,7.8634811E11,0.0,0.0,0.0,1.57269623E12,0.0,0.0,7.8634811E11,0.0,0.0,0.0,0.0,0.0,0.0,0.0,0.0,0.0,1.57269623E12,2.35703763E12,0.0,0.0,0.0,0.0,0.0,0.0,0.0,1.57269623E12,0.0,0.0,0.0,0.0,0.0,1.57269623E12,0.0,0.0,0.0,0.0,0.0,0.0,0.0,0.0,0.0,7.8634811E11,0.0,0.0,0.0,1.57269623E12,0.0,0.0,0.0,0.0,0.0,0.0,0.0,0.0,0.0,0.0,0.0,0.0,0.0,0.0,0.0,0.0,0.0,0.0,0.0,0.0,0.0,0.0,0.0,0.0,0.0,0.0,0.0,0.0,0.0,0.0,0.0,0.0,0.0,7.8634811E11,0.0,0.0,0.0,0.0,0.0,0.0,0.0,0.0,0.0
8040,0.0,0.0,0.0,0.0,0.0,0.0,0.0,0.0,0.0,0.0,0.0,0.0,0.0,0.0,0.0,0.0,0.0,7.9309963E11,0.0,0.0,0.0,0.0,0.0,0.0,0.0,0.0,4.7585978E12,7.9309963E11,1.58619927E12,0.0,0.0,0.0,0.0,0.0,0.0,0.0,0.0,0.0,0.0,0.0,0.0,0.0,0.0,0.0,0.0,0.0,0.0,2.35079021E12,0.0,0.0,0.0,0.0,0.0,0.0,0.0,2.30503062E12,0.0,0.0,0.0,0.0,0.0,0.0,0.0,0.0,7.8822179E11,0.0,7.9309963E11,0.0,6.6874409E11,0.0,0.0,0.0,0.0,0.0,0.0,0.0,0.0,0.0,0.0,0.0,0.0,0.0,0.0,0.0,7.9309963E11,0.0,0.0,0.0,0.0,0.0,0.0,0.0,0.0,0.0,0.0,0.0,0.0,0.0,0.0,0.0,0.0,0.0,0.0,7.9309963E11,1.58619927E12,0.0,0.0,0.0,0.0,0.0,0.0,0.0,7.9309963E11,0.0,0.0,0.0,0.0,0.0,0.0,7.9309963E11,0.0,0.0,0.0,0.0,0.0,0.0,0.0,0.0,0.0,0.0,0.0,0.0,0.0,0.0,7.9309963E11,0.0,7.9309963E11,0.0,0.0,0.0,0.0,0.0,7.9309963E11,0.0,1.58619927E12,0.0,0.0,0.0,0.0,0.0,0.0,0.0,0.0,1.58619927E12,1.58619927E12,0.0,0.0,0.0,0.0,7.9309963E11,7.9307466E11,0.0,0.0,0.0,0.0,0.0,7.9309963E11,0.0,0.0,0.0,0.0,0.0,0.0,0.0,0.0,0.0,0.0,7.9057591E11,0.0,0.0,7.841666E12,7.9309963E11,0.0,1.58619927E12,0.0,0.0,0.0,0.0,0.0,0.0,0.0,0.0,0.0,0.0,0.0,0.0,0.0,0.0,0.0,0.0,0.0,0.0,0.0,7.9309963E11,7.9309963E11,7.9309963E11,0.0,0.0,0.0,1.58619927E12,0.0,0.0,7.9309963E11,0.0,0.0,0.0,0.0,0.0,0.0,0.0,0.0,0.0,1.58619927E12,2.3