keys,corridor_constructionYardNorth_squareNorth,home_c65,home_c113,home_c66,home_c114,home_c63,home_c115,home_c64,home_c116,home_c69,home_c117,home_c118,home_Sasha,home_c67,home_c119,home_c68,home_Rui,bioengineeringHeadquarters,home_c72,home_Boulos,home_c73,home_c110,home_c70,home_c111,home_c71,home_c112,farm,industryHeadquarters,electrolysisStationSouth,home_c76,home_c102,home_c77,home_c103,corridor_rescueStationWest_mainControlRoom,home_c74,home_c104,corridor_squareSouth_mainControlRoom,home_c75,home_c105,home_c106,home_c107,home_c78,home_c108,home_c79,home_c109,home_c80,home_Evan,excavationShaftB,home_c83,home_c84,home_c100,home_c81,corridor_squareSouth_securityCheckCenter,home_c101,home_c82,excavationShaftA,corridor_securityCheckEast_rescueStationNorth,corridor_constructionYardSouth_excavationShaftB,corridor_outerBarrierCenter_outerBarrierWest,corridor_constructionYardSouth_techSchool,home_c87,home_c88,corridor_reservoirWest_excavationShaftA,home_c85,outerBarrierCenter,home_c86,miningHeadquarters,home_c89,observatory,home_c90,home_c91,home_AmmServer,corridor_reservoirEast_mainControlRoom,home_c94,corridor_miningSchool_securityCheckEast,home_c95,corridor_squareSouth_rescueStationSouth,corridor_mainControlRoom_reservoirEast,home_c92,home_c93,corridor_squareSouth_miningSchool,home_Peiyu,cemetery,corridor_outerBarrierWest_observatory,fineFoodStore-1,home_JwlServer,corridor_recycleFacilityWest_outerBarrierWest,reservoirWest,home_Kasem,home_c98,home_c124,corridor_outerBarrierCenter_spacePort,home_c99,home_c125,home_c96,home_c97,home_Yuhoa,corridor_outerBarrierCenter_outerBarrierEast,corridor_recycleFacilityWest_electrolysisStationNorth,home_c120,home_c121,home_c122,home_c123,techSchool,welfareStationEast,corridor_squareSouth_electrolysisStationSouth,corridor_squareNorth_securityCheckWest,corridor_miningSchool_excavationShaftB,home_Vaeme,home_Dion,corridor_miningSchool_rescueStationSouth,corridor_spacePort_outerBarrierCenter,tavern,corridor_excavationShaftA_securityCheckWest,corridor_welfareStationWest_squareNorth,corridor_electrolysisStationSouth_squareSouth,corridor_excavationShaftA_reservoirWest,corridor_techSchool_constructionYardSouth,corridor_tankArray_recycleFacilityEast,infrastructureHeadquarters,home_c0,corridor_rescueStationNorth_recycleFacilityEast,home_c2,home_c1,home_c4,corridor_excavationShaftB_miningSchool,home_c3,home_c6,corridor_rescueStationWest_excavationShaftA,home_c5,home_c8,home_c7,home_c9,corridor_excavationShaftA_rescueStationWest,ammoniaShop,corridor_securityCheckEast_miningSchool,educationHeadquarters,home_Eugene,squareSouth,home_RstSupplier,corridor_securityCheckCenter_mainControlRoom,home_DrHess,constructionYardNorth,corridor_techSchool_miningSchool,mainControlRoom,home_Charles,corridor_reservoirEast_electrolysisStationSouth,corridor_theEngine_excavationShaftA,home_Maisarah,corridor_outerBarrierEast_outerBarrierCenter,home_teacher2,corridor_rescueStationSouth_welfareStationEast,corridor_welfareStationEast_rescueStationSouth,rescueStationSouth,securityCheckEast,home_ctrler,corridor_observatory_outerBarrierWest,corridor_excavationShaftB_rescueStationSouth,corridor_miningSchool_squareSouth,diamondShop,outerBarrierWest,corridor_recycleFacilityEast_rescueStationNorth,home_RstServer,home_Muos,tankArray,corridor_recycleFacilityEast_tankArray,recycleFacilityWest,home_Megaros,corridor_securityCheckWest_squareNorth,home_Kae,corridor_mainControlRoom_rescueStationWest,corridor_securityCheckWest_excavationShaftA,corridor_rescueStationSouth_miningSchool,home_Alina,corridor_rescueStationNorth_securityCheckEast,home_Krailin,corridor_mainControlRoom_squareSouth,outerBarrierEast,corridor_outerBarrierEast_asteroidMine,corridor_rescueStationSouth_excavationShaftB,theEngine,miningSchool,home_c18,welfareStationWest,home_c19,home_c16,home_c17,corridor_securityCheckCenter_market,home_Agros,home_c10,home_c11,corridor_electrolysisStationNorth_recycleFacilityWest,home_Chef,home_c14,home_JwlSupplier,home_c15,home_c12,home_c13,corridor_squareNorth_recycleFacilityWest,home_Bahriye,corridor_rescueStationSouth_squareSouth,corridor_market_constructionYardNorth,corridor_market_rescueStationNorth,interiorHeadquarters,recycleFacilityEast,safetyHeadquarters,home_Jeweler,corridor_excavationShaftB_constructionYardSouth,home_c29,rescueStationWest,home_c27,home_c28,spacePort,home_c21,home_c22,corridor_electrolysisStationSouth_reservoirEast,home_c20,home_c25,home_c26,home_c23,home_AmmSupplier,home_c24,securityCheckCenter,asteroidMine,corridor_constructionYardNorth_market,corridor_outerBarrierWest_outerBarrierCenter,corridor_cemetery_securityCheckEast,home_Jan,corridor_rescueStationNorth_market,home_DrPaik,corridor_securityCheckEast_cemetery,securityCheckWest,home_Lynn,home_c38,home_c39,home_c32,corridor_squareNorth_constructionYardNorth,electrolysisStationNorth,home_c33,home_c30,home_c31,home_c36,home_c37,home_c34,corridor_recycleFacilityWest_squareNorth,home_c35,home_Metros,market,corridor_reservoirEast_farm,home_c40,home_Chemist,rescueStationNorth,corridor_squareNorth_welfareStationWest,corridor_farm_reservoirEast,home_c49,corridor_excavationShaftA_theEngine,corridor_miningSchool_techSchool,corridor_mainControlRoom_securityCheckCenter,corridor_squareSouth_welfareStationEast,home_c43,corridor_outerBarrierWest_recycleFacilityWest,home_c44,home_c41,home_c42,corridor_asteroidMine_outerBarrierEast,home_c47,home_c48,home_c45,home_c46,home_Hans,home_c50,home_c51,home_Indu,reservoirEast,corridor_market_securityCheckCenter,corridor_welfareStationEast_squareSouth,home_Yuri,home_Hiroshi,home_c54,home_c55,home_c52,home_c53,home_c58,home_c59,home_Salvor,constructionYardSouth,home_c56,home_c57,home_observer,home_c61,home_c62,squareNorth,home_c60,corridor_securityCheckCenter_squareSouth,home_Astinomis
2940,322612.16,266176.84,326369.62,257861.12,326369.56,326326.72,257861.38,326326.66,326370.25,257861.36,266182.47,257861.42,326378.16,257861.3,326370.06,326327.47,366106.6,165107.56,257861.33,326327.12,326328.0,266182.22,257861.36,326370.75,266178.1,266183.03,166103.11,190802.55,201852.08,266178.88,266180.84,326328.66,326329.2,189717.25,326328.8,326329.72,254363.62,257861.39,257861.39,326329.25,266158.4,266158.4,326329.72,266158.44,257861.47,257861.44,232654.0,238921.69,266160.0,326330.06,266158.72,266160.03,261166.67,257861.44,257861.53,128931.21,162173.53,210266.61,126737.53,186241.28,326330.44,257861.56,119076.67,266150.2,141569.17,266150.25,125740.86,266151.16,125517.94,266151.66,257861.64,266885.84,198878.36,257861.56,169426.52,257861.67,236323.56,211420.94,257861.64,326330.9,235062.2,232596.22,124875.3,122818.71,328883.56,266910.4,139699.02,117801.48,232596.3,257861.67,257861.7,124774.555,326331.12,266013.6,257861.7,266013.34,366134.34,177582.4,162536.92,266013.84,257861.64,266014.4,326331.62,182339.55,199076.94,238844.33,215382.0,209247.0,366198.88,240144.23,187018.83,118373.25,327680.06,137167.56,375648.1,222405.58,121807.21,183298.8,236653.31,119710.86,257766.83,199115.14,326331.88,265680.16,265680.72,221644.11,326332.2,265681.22,148065.06,257766.81,257766.8,326332.62,265681.84,138576.08,266271.56,158831.78,182260.72,181833.45,265141.5,328712.56,247998.4,195069.64,363448.72,182791.66,231874.81,232658.9,183388.28,115244.24,127167.6,208947.64,181831.11,188474.48,187858.36,200907.45,150558.23,232643.94,123644.12,222805.55,216386.61,266298.34,123940.66,201685.28,329084.72,232643.56,248869.5,226966.9,161803.31,366194.66,191435.34,232644.12,206271.69,145958.73,188934.8,232537.2,175540.27,366195.34,246037.03,267234.4,333346.12,212302.92,111255.01,192244.81,326385.2,445874.7,265963.47,265963.6,326385.2,284797.9,326332.44,265962.97,257766.94,164857.62,329084.8,265963.94,265957.78,265964.4,326425.84,265964.44,212661.27,232565.14,219552.75,345887.34,278684.03,233339.95,213179.9,198481.77,266906.4,222016.48,326375.4,167444.2,257659.8,326375.47,114889.44,326375.25,265966.0,187767.3,257659.88,326375.7,257659.95,326375.7,265964.56,265966.84,262446.16,450149.16,355830.38,122597.89,128320.53,181834.47,247600.27,449586.94,134573.78,165315.23,326285.0,326285.2,257659.86,326284.97,295835.06,168346.73,265683.2,257733.2,326284.94,257733.22,326285.34,265683.94,187992.86,265683.94,127163.59,324013.4,172896.95,265684.7,266881.3,203712.58,328127.25,168634.14,265686.3,119746.61,185065.08,240805.34,234729.53,326315.47,130483.44,265618.94,265618.88,257871.14,380355.6,265620.1,257871.34,257871.42,265620.06,326355.97,326353.44,257871.44,232648.77,184124.1,301032.34,217440.9,326303.4,232633.84,265893.88,265893.94,326311.4,265622.75,266168.44,257871.45,366270.7,195137.38,266168.53,266168.44,125849.98,326311.97,266169.62,261066.69,257879.64,260088.73,232583.64
3000,322356.3,265158.4,324472.6,259705.12,324472.6,324432.78,259705.94,324432.75,324473.28,259705.45,265164.12,259706.0,324480.84,259705.42,324473.1,324433.56,363758.4,165326.2,259705.55,324433.22,324434.06,265163.88,259705.58,324473.75,265159.7,265164.72,166511.83,191864.86,203128.0,265160.44,265162.5,324434.72,324435.22,190023.83,324434.88,324435.72,253608.52,259705.66,259705.83,324435.28,265140.75,265140.78,324435.75,265140.8,259705.89,259705.86,231907.52,237267.83,265142.38,324436.1,265141.1,265142.4,261308.77,259705.8,259706.05,129525.92,163926.89,210314.77,128453.53,186885.3,324436.47,259706.16,119475.98,265135.34,143418.25,265135.44,126481.46,265136.34,124840.195,265136.84,259706.28,266101.62,199558.94,259706.28,170831.61,259706.42,236748.75,211621.53,259706.36,324436.9,235079.48,231852.77,126056.125,123025.81,328058.62,266125.5,141176.75,118123.625,231852.83,259706.55,259706.62,126214.06,324437.12,265004.16,259706.61,265003.9,363785.94,179879.14,162843.72,265004.44,259706.55,265005.0,324437.62,182442.52,201262.62,238938.02,217417.28,209242.34,363845.56,238387.22,188626.3,119582.11,326451.97,138122.4,374919.1,223093.31,122306.17,183759.73,235857.9,120841.89,259611.97,200821.52,324439.12,264688.78,264689.38,220966.97,324439.44,264689.88,148937.89,259611.97,259612.0,324439.88,264690.53,139437.03,265387.0,160410.64,182007.5,181844.02,264091.38,327611.28,248538.77,197461.86,361126.2,183155.53,231184.31,231909.19,184911.45,113430.164,127895.125,211237.6,181842.98,190861.88,190405.53,202463.23,152161.12,231895.19,123390.414,222529.52,216893.88,265413.5,124993.56,203265.3,328518.94,231894.83,247088.84,226894.42,163164.61,363841.47,193424.45,231895.38,206211.73,147136.12,190730.39,231795.38,177251.52,363842.2,245354.52,268922.56,333823.22,212885.11,108903.62,193121.05,324489.0,442817.75,264957.2,264957.28,324488.94,284872.88,324439.7,264956.7,259612.84,164525.31,328519.06,264957.66,264951.38,264958.12,324526.56,264958.16,214848.73,231823.55,220656.5,343893.88,278134.66,232561.25,214032.36,200080.64,266120.9,221433.86,324478.62,168116.75,259506.78,324478.7,115927.06,324478.5,264959.72,189333.52,259506.81,324478.9,259506.97,324478.9,264958.3,264960.62,263088.6,447316.16,353718.03,124106.72,129600.4,181845.66,247888.53,446491.47,135978.97,166889.53,324394.44,324394.62,259506.03,324394.44,296605.25,167384.72,264692.4,259577.86,324394.4,259577.94,324394.78,264693.16,190099.12,264693.16,127891.3,322205.78,173856.14,264693.94,266096.44,205102.7,328610.4,169386.61,264695.62,119354.74,185654.81,240961.66,235340.7,324422.47,131868.6,264631.62,264631.53,259713.83,379645.03,264632.78,259714.16,259714.19,264632.78,324460.1,324457.66,259714.38,231902.62,185226.77,300438.2,218886.23,324410.4,231888.66,264890.9,264891.0,324418.06,264635.5,265149.75,259714.45,363913.03,195784.06,265149.84,265149.72,125045.85,324418.56,265150.97,262612.1,259721.81,260685.98,231843.95
3060,321982.25,264119.47,322635.6,261344.34,322635.6,322598.5,261345.67,322598.47,322636.28,261344.77,264125.3,261345.77,322643.53,261344.75,322636.1,322599.28,361437.34,165608.22,261344.95,322598.97,322599.75,264125.03,261345.0,322636.75,264120.75,264125.88,166958.97,192793.05,204325.02,264121.53,264123.62,322600.44,322600.9,190287.64,322600.6,322601.38,252815.45,261345.12,261345.44,322600.94,264102.53,264102.53,322601.44,264102.6,261345.48,261345.47,231194.1,235694.94,264104.2,322601.75,264102.88,264104.22,261336.38,261345.44,261345.75,129900.13,165627.1,210292.31,130126.664,187472.67,322602.12,261345.92,119863.516,264099.7,145218.61,264099.78,127063.31,264100.7,124293.055,264101.22,261346.1,265253.47,200171.94,261346.17,172174.77,261346.33,237075.5,211781.88,261346.27,322602.53,235027.6,231142.16,127267.89,123285.83,327108.84,265276.78,142598.75,118464.64,231142.22,261346.56,261346.7,127665.06,322602.75,263973.6,261346.67,263973.3,361464.56,182062.03,163178.2,263973.88,261346.61,263974.44,322603.25,182591.02,203311.4,238974.28,219318.3,209211.52,361519.88,236714.52,190131.17,120831.33,325169.53,138990.19,374073.44,223708.39,122723.31,184204.7,235086.97,121951.71,261252.42,202408.34,322605.78,263675.16,263675.75,220300.47,322606.1,263676.25,149724.5,261252.44,261252.53,322606.56,263676.94,140161.6,264458.72,161934.03,181845.1,181914.03,263030.62,326430.88,248969.22,199712.3,358837.2,183538.11,230523.5,231193.0,186348.28,112332.94,128422.87,213381.8,181914.17,193109.72,192809.8,203899.94,153727.69,231179.94,123227.29,222235.39,217320.98,264485.0,126035.99,204718.98,327785.34,231179.58,245426.55,226787.42,164464.19,361515.9,195325.28,231180.11,206132.95,148288.66,192407.1,231086.25,178899.42,361516.62,244646.61,270449.06,334168.56,213396.33,108211.766,193939.36,322652.6,439793.7,263929.6,263929.7,322652.5,284847.3,322606.38,263929.06,261254.0,164273.84,327785.47,263930.03,263923.66,263930.53,322687.47,263930.56,216856.16,231114.52,221634.5,341906.9,277584.03,231813.19,214793.33,201602.67,265271.7,220828.8,322641.75,168727.17,261149.05,322641.8,117024.375,322641.66,263932.12,190812.84,261149.05,322642.0,261149.25,322642.03,263930.72,263933.06,263593.4,444541.56,351604.97,125581.734,130898.27,181916.27,248141.5,443425.12,137383.9,168436.1,322563.06,322563.25,261147.56,322563.06,297200.53,166556.61,263679.25,261217.86,322563.03,261217.98,322563.38,263680.03,192058.36,263680.0,128419.734,320452.56,174775.81,263680.78,265247.78,206417.73,328919.88,170130.11,263682.5,118586.445,186233.88,241053.8,235862.2,322588.9,133211.36,263621.78,263621.7,261351.84,378861.12,263622.94,261352.28,261352.28,263622.94,322624.0,322621.7,261352.64,231189.52,186260.55,299795.7,220211.34,322576.97,231176.47,263866.5,263866.6,322584.3,263625.7,264110.62,261352.75,361583.34,196336.73,264110.72,264110.6,124379.76,322584.8,264111.88,263977.34,261359.36,261135.64,231136.61
3120,321505.06,263066.6,320854.9,262795.62,320854.94,320820.22,262797.4,320820.22,320855.6,262796.12,263072.53,262797.53,320862.6,262796.12,320855.4,320821.03,359146.94,165945.11,262796.4,320820.72,320821.5,263072.25,262796.44,320856.06,263067.9,263073.1,167438.86,193600.56,205444.52,263068.7,263070.8,320822.16,320822.6,190507.1,320822.3,320823.06,251994.55,262796.62,262797.1,320822.66,263050.3,263050.34,320823.12,263050.38,262797.12,262797.1,230511.86,234199.23,263052.0,320823.44,263050.66,263052.03,261261.94,262797.12,262797.47,130216.19,167274.64,210209.84,131759.28,188008.4,320823.8,262797.7,120215.34,263049.8,146971.55,263049.9,127493.234,263050.84,123862.195,263051.38,262797.9,264354.7,200726.23,262798.06,173458.98,262798.22,237314.16,211908.5,262798.16,320824.22,234915.72,230462.55,128506.18,123594.164,326056.78,264377.53,143968.03,118802.29,230462.61,262798.6,262798.78,129124.03,320824.4,262928.5,262798.72,262928.25,359173.8,184136.44,163537.6,262928.8,262798.66,262929.4,320824.9,182777.84,205227.94,238958.55,221088.53,209159.4,359225.28,235122.8,191538.02,122115.22,323845.3,139779.02,373125.72,224254.83,123069.664,184633.7,234341.48,123043.305,262705.0,203883.84,320828.3,262645.94,262646.53,219647.61,320828.62,262647.06,150404.61,262705.03,262705.2,320829.1,262647.75,140765.2,263496.88,163404.05,181761.92,182034.73,261964.22,325187.5,249299.31,201824.89,356583.78,183935.38,229890.2,230508.39,187702.88,111885.88,128788.42,215388.86,182035.9,195221.9,195074.27,205224.58,155258.03,230496.23,123146.1,221927.33,217676.58,263522.94,127068.71,206056.89,326912.4,230495.88,243872.33,226652.8,165705.08,359221.4,197130.97,230496.4,206036.19,149385.62,193970.4,230408.0,180485.02,359222.16,243921.42,271826.3,334395.06,213843.45,108068.62,194703.34,320872.34,436803.84,262887.28,262887.34,320872.28,284730.88,320828.9,262886.75,262707.22,164096.69,326912.56,262887.72,262881.25,262888.22,320904.84,262888.25,218695.42,230436.23,222497.45,339934.38,277033.06,231095.23,215472.95,203048.94,264372.06,220208.03,320861.12,169263.22,262603.38,320861.2,118174.195,320861.06,262889.8,192207.72,262603.38,320861.4,262603.62,320861.4,262888.4,262890.78,263972.38,441821.88,349500.72,127025.31,132210.8,182037.47,248361.7,440390.16,138786.53,169931.84,320787.34,320787.53,262601.22,320787.38,297639.34,165851.47,262650.44,262670.03,320787.34,262670.2,320787.66,262651.22,193879.2,262651.22,128786.125,318750.47,175659.61,262652.0,264348.62,207660.5,329073.78,170864.9,262653.75,118104.09,186801.28,241087.75,236301.56,320811.3,134514.23,262596.12,262596.03,262802.03,378012.72,262597.28,262802.56,262802.5,262597.28,320844.16,320841.9,262803.03,230507.58,187231.53,299110.5,221423.34,320799.47,230495.42,262827.22,262827.3,320806.56,262600.1,263057.66,262803.2,359285.1,196805.75,263057.75,263057.62,123837.42,320807.03,263058.9,265176.9,262809.1,261451.69,230459.81
3180,320937.94,262005.44,319125.44,264074.03,319125.47,319092.84,264076.25,319092.84,319126.12,264074.6,262011.44,264076.38,319132.84,264074.62,319125.94,319093.66,356889.75,166329.27,264074.97,319093.38,319094.12,262011.14,264075.03,319126.6,262006.77,262012.0,167946.48,194299.72,206488.4,262007.55,262009.7,319094.8,319095.25,190679.52,319094.94,319095.7,251154.14,264075.25,264075.8,319095.28,261989.75,261989.75,319095.78,261989.78,264075.84,264075.8,229858.56,232777.8,261991.44,319096.06,261990.1,261991.48,261096.73,264075.88,264076.28,130548.78,168870.27,210076.66,133353.34,188497.08,319096.44,264076.56,120531.445,261991.34,148678.34,261991.47,127835.21,261992.39,123535.65,261992.92,264076.8,263416.53,201229.23,264077.06,174691.31,264077.22,237474.11,212006.69,264077.12,319096.84,234755.61,229811.67,129766.9,123946.695,324921.03,263438.94,145287.47,119121.516,229811.73,264077.7,264077.9,130587.74,319097.06,261874.61,264077.8,261874.33,356916.28,186107.69,163919.23,261874.9,264077.78,261875.5,319097.53,182997.3,207017.03,238895.7,222729.62,209095.36,356964.28,233608.84,192856.25,123428.52,322488.88,140521.89,372088.72,224736.56,123378.63,185046.92,233621.95,124118.945,263984.75,205255.73,319101.62,261606.9,261607.52,219014.23,319101.94,261608.05,150986.53,263984.8,263985.0,319102.38,261608.73,141287.72,262509.97,164825.36,181747.62,182198.48,260896.64,323893.84,249537.83,203803.92,354367.16,184346.64,229281.78,229853.06,188979.17,111877.17,129086.8,217267.0,182200.58,197202.84,197202.58,206444.53,156753.1,229841.77,123139.33,221608.81,217973.77,262535.88,128092.26,207288.62,325924.28,229841.4,242416.98,226496.23,166890.3,356960.53,198834.8,229841.94,205920.06,150425.72,195429.0,229758.39,182009.56,356961.28,243185.33,273065.78,334514.3,214232.7,108210.766,195418.56,319143.3,433849.16,261835.94,261836.02,319143.22,284531.66,319102.2,261835.39,263987.6,163987.61,325924.47,261836.39,261829.84,261836.86,319173.7,261836.92,220377.75,229786.48,223255.27,337981.2,276481.5,230406.23,216080.1,204421.05,263433.2,219577.44,319131.78,169721.31,263884.88,319131.88,119369.945,319131.72,261838.47,193520.84,263884.8,319132.06,263885.12,319132.1,261837.06,261839.48,264236.34,439153.97,347412.0,128439.41,133534.88,182201.7,248550.64,437388.3,140184.97,171363.56,319062.28,319062.44,263882.06,319062.3,297937.88,165259.2,261611.72,263949.38,319062.28,263949.56,319062.6,261612.52,195570.08,261612.5,129085.15,317095.1,176510.66,261613.3,263410.12,208833.8,329088.2,171591.11,261615.08,117990.76,187360.61,241068.72,236665.66,319084.72,135779.53,261560.39,261560.3,264079.4,377107.62,261561.56,264080.0,264079.94,261561.58,319115.66,319113.47,264080.62,229854.53,188145.05,298386.72,222528.9,319073.16,229843.2,261778.8,261778.9,319079.94,261564.4,261996.42,264080.8,357020.75,197200.48,261996.53,261996.4,123406.66,319080.4,261997.7,266223.44,264086.06,261647.03,229811.36
3240,320292.44,260940.56,317445.78,265192.94,317445.84,317415.12,265195.6,317415.12,317446.47,265193.6,260946.6,265195.72,317452.97,265193.62,317446.3,317415.94,354667.66,166754.03,265194.06,317415.66,317416.38,260946.3,265194.1,317446.94,260941.89,260947.16,168477.45,194902.05,207458.98,260942.67,260944.84,317417.06,317417.5,190804.6,317417.22,317417.94,250300.9,265194.4,265195.06,317417.53,260925.39,260925.39,317418.03,260925.42,265195.06,265195.03,229231.58,231425.77,260927.1,317418.3,260925.73,260927.14,260850.94,265195.12,265195.56,130921.055,170414.77,209901.11,134910.56,188945.73,317418.7,265195.9,120821.836,260928.92,150340.22,260929.05,128147.85,260929.98,123303.25,260930.52,265196.2,262448.44,201687.14,265196.5,175864.7,265196.66,237563.7,212080.62,265196.6,317419.1,234546.89,229186.95,131046.305,124339.664,323718.56,262470.5,146559.77,119417.664,229187.02,265197.25,265197.5,132053.23,317419.28,260816.47,265197.4,260816.2,354693.72,187980.98,164320.58,260816.78,265197.38,260817.38,317419.75,183244.84,208683.66,238790.16,224243.39,209010.31,354738.7,232169.1,194079.62,124766.4,321110.06,141244.53,370973.7,225157.34,123675.79,185448.89,232928.45,125180.4,265105.03,206531.22,317424.4,260562.73,260563.36,218394.47,317424.72,260563.89,151489.62,265105.12,265105.38,317425.16,260564.58,141761.05,261505.2,166194.52,181798.02,182405.2,259830.72,322562.6,249692.75,205653.98,352188.25,184766.8,228695.47,229224.39,190180.98,112161.695,129386.67,219024.08,182408.1,199057.16,199198.92,207565.14,158212.12,229213.88,123200.36,221282.62,218206.89,261530.92,129107.04,208422.95,324842.03,229213.52,241052.28,226322.39,168022.72,354735.06,200433.45,229214.05,205783.05,151419.6,196782.11,229134.8,183474.55,354735.8,242443.3,274178.1,334536.75,214569.45,108550.09,196085.52,317463.9,430930.2,260780.2,260780.28,317463.8,284258.1,317424.97,260779.66,265108.47,163940.78,324842.22,260780.66,260774.06,260781.12,317492.4,260781.19,221913.69,229162.67,223916.9,336053.0,275930.44,229744.42,216622.48,205721.0,262464.53,218941.81,317452.16,170106.5,265006.88,317452.22,120605.57,317452.1,260782.75,194755.16,265006.8,317452.4,265007.16,317452.44,260781.33,260783.78,264395.6,436535.06,345345.16,129825.59,134867.6,182408.8,248710.6,434420.84,141577.44,172727.36,317386.53,317386.7,265003.47,317386.56,298110.47,164770.44,260567.8,265069.28,317386.53,265069.53,317386.8,260568.6,197139.06,260568.6,129385.4,315484.53,177331.52,260569.39,262441.8,209940.62,328977.2,172308.69,260571.19,118170.87,187903.22,241001.3,236960.6,317407.53,137009.36,260519.33,260519.22,265197.4,376152.72,260520.5,265198.06,265197.97,260520.52,317436.7,317434.56,265198.78,229227.78,189005.7,297629.5,223534.27,317396.16,229217.23,260725.86,260725.95,317402.72,260523.36,260931.52,265199.0,354792.1,197530.23,260931.62,260931.5,123076.94,317403.2,260932.8,267128.22,265203.7,261733.52,229188.7
3300,319578.62,259875.58,315812.9,266164.38,315812.97,315783.97,266167.4,315783.97,315813.6,266165.1,259881.64,266167.6,315819.88,266165.16,315813.4,315784.78,352481.88,167213.52,266165.66,315784.5,315785.22,259881.34,266165.7,315814.06,259876.9,259882.22,169027.84,195418.08,208358.81,259877.7,259879.88,315785.88,315786.3,190884.84,315786.03,315786.72,249440.16,266166.03,266166.8,315786.34,259860.89,259860.89,315786.8,259860.94,266166.8,266166.78,228628.17,230139.52,259862.61,315787.1,259861.23,259862.66,260533.69,266166.88,266167.38,131336.45,171911.56,209690.3,136434.31,189352.72,315787.47,266167.78,121097.72,259866.19,151963.16,259866.3,128469.87,259867.25,123156.24,259867.78,266168.1,261458.31,202105.08,266168.47,176988.12,266168.62,237590.22,212133.55,266168.56,315787.84,234299.03,228585.66,132340.92,124769.65,322463.47,261480.1,147787.52,119692.96,228585.73,266169.3,266169.62,133519.67,315788.06,259757.78,266169.5,259757.5,352507.5,189767.92,164739.28,259758.1,266169.44,259758.69,315788.53,183513.02,210232.83,238645.8,225633.1,208915.17,352549.72,230799.48,195219.95,126124.914,319716.34,141962.42,369790.34,225520.83,123976.695,185829.9,232260.8,126229.04,266077.84,207722.42,315793.66,259517.16,259517.78,217792.4,315793.97,259518.31,151933.4,266077.97,266078.25,315794.4,259519.02,142206.3,260488.39,167515.56,181893.36,182632.81,258769.34,321203.62,249771.36,207379.84,350047.5,185185.81,228128.62,228619.58,191311.98,112643.516,129722.67,220676.89,182636.42,200789.39,201067.62,208592.38,159635.92,228609.8,123323.31,220950.64,218390.3,260513.98,130113.38,209471.31,323683.75,228609.44,239770.88,226135.33,169105.14,352546.2,201927.22,228609.97,205624.8,152378.8,198037.73,228534.5,184886.17,352546.94,241699.1,275176.75,334470.9,214858.11,109038.78,196705.7,315831.12,428047.22,259723.77,259723.83,315831.03,283917.4,315794.22,259723.2,266081.8,163950.72,323683.97,259724.2,259717.58,259724.69,315857.97,259724.73,223313.03,228562.1,224490.23,334153.03,275384.16,229107.73,217108.11,206959.67,261473.95,218305.06,315819.2,170428.14,265981.38,315819.28,121875.64,315819.16,259726.31,195913.69,265981.28,315819.47,265981.66,315819.5,259724.89,259727.34,264459.6,433939.72,343304.5,131185.77,136206.17,182636.84,248849.58,431488.53,142962.0,174024.42,315757.1,315757.25,265977.4,315757.12,298169.8,164376.47,259522.42,266041.78,315757.1,266042.03,315757.4,259523.22,198593.88,259523.22,129721.55,313916.6,178124.33,259524.02,261451.5,210986.83,328753.28,173017.5,259525.83,118557.27,188429.86,240889.5,237191.84,315776.78,138205.7,259476.64,259476.55,266167.97,375146.94,259477.83,266168.7,266168.6,259477.83,315804.34,315802.25,266169.5,228624.58,189817.55,296842.84,224445.3,315765.66,228614.75,259672.06,259672.16,315771.97,259480.69,259866.53,266169.78,352600.28,197801.64,259866.64,259866.52,122839.08,315772.44,259867.83,267901.62,266173.9,261722.0,228589.14
3360,318805.9,258813.64,314224.97,267000.47,314225.0,314197.6,267003.84,314197.6,314225.62,267001.25,258819.75,267004.03,314231.7,267001.3,314225.44,314198.38,350333.22,167702.45,267001.88,314198.12,314198.8,258819.44,267001.9,314226.06,258814.98,258820.31,169594.16,195856.86,209190.64,258815.78,258817.97,314199.44,314199.84,190924.64,314199.6,314200.25,248576.11,267002.3,267003.16,314199.9,258799.4,258799.42,314200.34,258799.45,267003.12,267003.12,228045.72,228915.88,258801.14,314200.62,258799.77,258801.19,260153.28,267003.22,267003.78,131791.77,173356.97,209450.12,137928.45,189723.58,314200.97,267004.22,121368.68,258806.31,153539.17,258806.42,128822.48,258807.38,123087.055,258807.9,267004.56,260452.73,202487.31,267005.0,178063.27,267005.16,237560.2,212168.06,267005.1,314201.38,234018.19,228005.17,133647.48,125235.02,321167.84,260474.3,148973.69,119952.766,228005.23,267005.94,267006.25,134981.77,314201.56,258701.72,267006.12,258701.44,350358.34,191457.23,165173.12,258702.03,267006.06,258702.62,314202.03,183796.39,211669.52,238466.22,226904.16,208811.27,350398.12,229496.6,196280.9,127499.78,318314.62,142683.75,368540.25,225830.45,124290.03,186196.39,231618.75,127268.12,266915.25,208826.88,314207.56,258473.42,258474.05,217209.44,314207.84,258474.58,152333.98,266915.4,266915.7,314208.28,258475.28,142636.69,259464.55,168790.83,182032.78,182885.98,257714.95,319825.4,249780.38,208986.36,347945.12,185607.66,227578.98,228035.95,192375.7,113257.79,130106.91,222210.48,182890.22,202404.5,202813.3,209532.17,161024.34,228026.84,123503.39,220614.61,218528.55,259490.02,131114.7,210435.6,322464.94,228026.48,238566.19,225938.4,170140.42,350394.7,203319.42,228027.03,205446.31,153312.4,199201.83,227954.88,186238.27,350395.44,240955.58,276062.75,334323.4,215102.78,109640.77,197283.9,314243.2,425173.03,258669.81,258669.88,314243.1,283516.38,314208.1,258669.23,266919.7,164012.31,322465.16,258670.27,258663.6,258670.73,314268.5,258670.78,224585.58,227982.14,224982.61,332283.97,274853.16,228493.94,217542.02,208125.22,260468.03,217670.52,314231.16,170696.66,266820.34,314231.25,123175.25,314231.12,258672.36,196999.58,266820.25,314231.44,266820.66,314231.44,258670.94,258673.4,264437.1,431393.4,341293.22,132524.97,137548.06,182890.39,248967.08,428575.47,144337.14,175258.25,314172.25,314172.4,266815.9,314172.3,298127.97,164069.25,258478.83,266878.84,314172.25,266879.16,314172.53,258479.64,199942.17,258479.62,130105.766,312390.9,178890.92,258480.44,260445.8,211978.12,328426.6,173717.34,258482.25,119082.72,188941.44,240737.03,237364.45,314190.72,139371.97,258435.62,258435.52,267003.12,374100.7,258436.81,267003.94,267003.84,258436.83,314216.88,314214.84,267004.84,228042.3,190584.08,296030.78,225267.48,314179.84,228033.12,258620.64,258620.75,314185.94,258439.69,258804.64,267005.12,350446.1,198021.33,258804.75,258804.62,122685.05,314186.38,258805.94,268553.78,267008.66,261622.45,228010.1
3420,317977.8,257757.4,312679.56,267710.28,312679.6,312653.6,267714.06,312653.6,312680.2,267711.16,257763.52,267714.25,312686.06,267711.25,312680.03,312654.38,348215.28,168216.23,267711.88,312654.12,312654.78,257763.22,267711.9,312680.62,257758.75,257764.1,170173.3,196226.81,209957.33,257759.55,257761.73,312655.4,312655.8,190929.23,312655.56,312656.2,247712.05,267712.34,267713.3,312655.84,257743.6,257743.61,312656.3,257743.64,267713.25,267713.25,227481.45,227751.53,257745.33,312656.56,257743.94,257745.38,259718.16,267713.38,267713.97,132281.48,174760.0,209185.97,139380.62,190061.97,312656.9,267714.47,121641.4,257751.94,155072.9,257752.05,129214.64,257753.0,123089.02,257753.55,267714.84,259437.23,202837.22,267715.34,179092.97,267715.5,237479.58,212186.03,267715.44,312657.28,233709.12,227442.75,134962.97,125729.914,319842.0,259458.61,150120.02,120203.625,227442.81,267716.38,267716.75,136437.86,312657.47,257650.97,267716.6,257650.69,348239.97,193065.75,165620.12,257651.28,267716.56,257651.88,312657.9,184092.77,212998.55,238254.69,228066.38,208700.36,348277.4,228257.08,197266.86,128886.78,316910.34,143412.06,367233.8,226089.56,124619.59,186547.97,231001.67,128294.44,267626.5,209856.1,312663.75,257434.25,257434.88,216645.83,312664.03,257435.4,152703.69,267626.7,267627.03,312664.5,257436.11,143060.17,258437.83,170023.98,182208.81,183159.17,256669.48,318435.22,249728.48,210478.55,345868.97,186029.4,227044.47,227470.78,193375.47,113960.07,130539.305,223645.08,183163.97,203907.56,204440.77,210389.98,162382.61,227462.3,123735.38,220275.97,218626.42,258463.19,132103.33,211325.17,321198.72,227461.92,237432.27,225733.95,171130.98,348274.06,204621.95,227462.48,205249.42,154227.1,200279.5,227393.25,187544.4,348274.84,240214.75,276846.75,334102.12,215307.25,110326.45,197823.1,312697.72,422338.94,257621.03,257621.06,312697.56,283071.06,312664.25,257620.45,267631.47,164120.8,321198.97,257621.48,257614.78,257621.9,312721.66,257622.0,225739.4,227420.12,225400.83,330446.66,274314.4,227900.52,217929.3,209229.12,259452.28,217040.92,312685.66,170922.0,267533.28,312685.72,124499.484,312685.62,257623.58,198015.97,267533.16,312685.9,267533.62,312685.94,257622.14,257624.62,264342.66,428892.97,339310.4,133831.94,138891.5,183163.89,249053.06,425690.62,145703.28,176435.77,312629.66,312629.8,267528.28,312629.7,297993.22,163841.34,257439.77,267589.88,312629.66,267590.2,312629.94,257440.58,201190.31,257440.58,130538.05,310904.03,179632.77,257441.38,259430.23,212909.89,328004.9,174407.94,257443.2,119700.19,189437.9,240547.69,237483.08,312647.06,140506.64,257399.0,257398.89,267712.28,373020.72,257400.17,267713.12,267713.03,257400.17,312671.9,312669.94,267714.16,227478.2,191308.31,295210.22,226006.16,312636.44,227469.62,257574.28,257574.38,312642.34,257403.08,257748.45,267714.47,348322.9,198195.67,257748.56,257748.44,122607.805,312642.78,257749.75,269095.16,267717.62,261446.95,227448.88
3480,317104.16,256709.95,311172.7,268303.44,311172.8,311148.0,268307.5,311148.0,311173.38,268304.34,256716.05,268307.72,311179.06,268304.47,311173.22,311148.8,346132.4,168760.19,268305.12,311148.6,311149.22,256715.75,268305.2,311173.8,256711.28,256716.58,170766.83,196542.8,210661.9,256712.08,256714.27,311149.84,311150.22,190904.38,311149.97,311150.6,246851.27,268305.66,268306.7,311150.25,256696.52,256696.52,311150.72,256696.55,268306.62,268306.62,226932.14,226643.94,256698.23,311150.97,256696.86,256698.27,259234.64,268306.75,268307.38,132800.83,176106.44,208907.36,140801.61,190376.39,311151.28,268307.9,121922.38,256706.14,156566.16,256706.25,129650.35,256707.25,123155.94,256707.73,268308.34,258417.1,203158.02,268308.9,180078.98,268309.06,237354.17,212188.77,268308.97,311151.66,233376.44,226895.2,136284.86,126253.22,318494.72,258438.3,151228.56,120452.19,226895.27,268310.0,268310.38,137885.95,311151.84,256608.58,268310.22,256608.27,346156.62,194595.16,166078.44,256608.88,268310.2,256609.47,311152.28,184400.44,214225.03,238014.7,229112.95,208584.16,346191.94,227077.89,198182.2,130282.38,315507.16,144149.77,365882.06,226301.72,124968.84,186889.38,230408.8,129311.31,268220.88,210810.9,311158.38,256402.78,256403.39,216101.72,311158.66,256403.92,153052.72,268221.03,268221.38,311159.06,256404.64,143483.0,257412.33,171212.6,182418.05,183451.42,255635.02,317039.16,249616.0,211860.66,343833.5,186451.11,226520.55,226920.72,194314.66,114720.55,131016.84,224986.64,183456.72,205303.33,205954.5,211170.98,163699.7,226912.78,124014.8,219936.06,218688.7,257437.47,133085.14,212145.33,319896.53,226912.39,236363.75,225524.14,172079.39,346188.72,205820.95,226912.97,205036.28,155127.16,201275.75,226846.36,188784.81,346189.53,239478.22,277537.7,333815.22,215474.98,111072.086,198326.1,311190.78,419544.9,256580.33,256580.39,311190.7,282559.44,311158.88,256579.77,268226.25,164271.8,319896.78,256580.78,256574.11,256581.23,311213.5,256581.3,226783.28,226872.81,225751.47,328641.47,273757.94,227324.8,218274.9,210269.42,258431.88,216421.4,311178.8,171113.45,268129.2,311178.9,125843.83,311178.78,256582.88,198966.02,268129.03,311179.06,268129.6,311179.1,256581.44,256583.9,264168.28,426435.62,337359.66,135117.47,140233.36,183456.42,249115.17,422842.2,147055.1,177555.66,311125.47,311125.66,268123.75,311125.56,297775.2,163685.83,256408.27,268184.0,311125.53,268184.34,311125.78,256409.06,202345.77,256409.06,131015.445,309446.66,180354.47,256409.86,258410.05,213781.03,327499.38,175095.22,256411.67,120379.14,189920.31,240323.4,237552.02,311141.9,141613.03,256369.78,256369.69,268304.53,371911.84,256370.95,268305.47,268305.38,256370.97,311165.44,311163.56,268306.56,226928.98,191993.9,294348.9,226666.0,311131.4,226920.98,256535.89,256536.0,311137.12,256373.84,256700.88,268306.9,346235.2,198332.62,256700.97,256700.84,122600.91,311137.53,256702.16,269528.7,268309.47,261198.38,226902.27
3540,316192.84,255671.5,309697.44,268788.94,309697.5,309673.94,268793.3,309673.97,309698.06,268789.97,255677.61,268793.47,309703.56,268790.03,309697.8,309674.7,344089.2,169328.28,268790.7,309674.47,309675.03,255677.28,268790.78,309698.47,255672.84,255678.17,171373.12,196807.84,211307.3,255673.6,255675.83,309675.7,309676.03,190855.28,309675.8,309676.34,245994.83,268791.22,268792.34,309676.1,255658.44,255658.45,309676.53,255658.48,268792.34,268792.3,226396.97,225582.98,255660.17,309676.75,255658.78,255660.2,258707.2,268792.44,268793.16,133344.72,177408.4,208615.69,142192.97,190664.6,309677.1,268793.72,122214.48,255669.25,158020.88,255669.38,130125.62,255670.33,123282.42,255670.86,268794.22,257395.31,203452.27,268794.7,181024.4,268794.9,237188.05,212178.08,268794.8,309677.47,233024.67,226361.62,137610.23,126802.44,317133.1,257416.27,152301.38,120704.0,226361.69,268795.94,268796.3,139324.75,309677.62,255574.94,268796.2,255574.66,344112.88,196049.73,166546.17,255575.25,268796.12,255575.84,309678.06,184717.16,215354.86,237748.25,230064.1,208467.52,344146.34,225956.39,199033.12,131683.67,314106.22,144893.9,364496.47,226469.52,125336.555,187217.42,229839.33,130317.15,268707.53,211697.52,309684.34,255379.38,255380.0,215579.36,309684.53,255380.53,153386.84,268707.75,268708.12,309684.97,255381.23,143906.14,256390.0,172360.56,182653.23,183755.62,254612.03,315641.56,249449.61,213141.64,341838.2,186870.17,226010.22,226384.95,195196.75,115517.37,131530.14,226240.62,183761.38,206598.16,207361.84,211880.78,164984.22,226377.52,124337.93,219596.6,218721.05,256415.0,134058.7,212900.92,318568.06,226377.11,235355.7,225310.64,172987.69,344143.16,206935.56,226377.72,204810.11,156012.88,202196.92,226313.39,189974.0,344143.97,238747.1,278143.84,333473.0,215610.4,111858.8,198795.39,309715.34,416792.72,255548.45,255548.55,309715.28,282010.3,309684.84,255547.84,268713.3,164461.19,318568.3,255548.83,255542.23,255549.39,309736.8,255549.38,227724.25,226339.4,226039.81,326868.28,273187.94,226766.73,218582.56,211246.47,257409.88,215813.03,309703.12,171278.48,268617.34,309703.22,127204.13,309703.16,255550.98,199853.03,268617.22,309703.44,268617.72,309703.44,255549.56,255552.03,263931.38,424003.9,335444.03,136380.69,141571.34,183760.89,249137.72,420041.38,148392.77,178623.66,309652.34,309652.47,268611.53,309652.38,297483.22,163596.34,255384.94,268670.47,309652.34,268670.84,309652.6,255385.73,203413.92,255385.73,131528.56,308016.1,181057.08,255386.48,257388.22,214596.44,326921.44,175776.17,255388.34,121096.86,190389.03,240066.6,237575.86,309667.56,142692.44,255348.66,255348.48,268789.22,370781.5,255349.84,268790.2,268790.03,255349.86,309690.1,309688.22,268791.34,226393.95,192643.75,293472.25,227253.89,309657.28,226386.44,255506.16,255506.28,309662.84,255352.67,255662.55,268791.72,344187.47,198438.45,255662.64,255662.52,122658.57,309663.22,255663.83,269868.3,268793.7,260885.77,226369.53
3600,315246.75,254643.9,308252.7,269174.0,308252.7,308230.22,269178.72,308230.22,308253.28,269175.0,254650.02,269178.94,308258.62,269175.16,308253.1,308230.84,342083.53,169900.52,269175.94,308230.7,308231.3,254649.7,269175.94,308253.7,254645.25,254650.6,171982.67,197020.27,211896.5,254646.03,254648.22,308231.94,308232.3,190787.0,308232.06,308232.7,245144.36,269176.53,269177.75,308232.28,254631.17,254631.17,308232.8,254631.22,269177.62,269177.66,225875.0,224576.34,254632.88,308233.06,254631.55,254632.97,258142.05,269177.78,269178.53,133907.25,178665.16,208309.55,143554.7,190926.53,308233.38,269179.12,122520.15,254643.02,159437.83,254643.19,130633.945,254644.08,123463.66,254644.66,269179.56,256375.58,203722.28,269180.25,181928.88,269180.44,236985.84,212155.5,269180.34,308233.7,232655.27,225841.16,138936.69,127375.195,315761.5,256396.05,153340.39,120963.484,225841.22,269181.5,269181.97,140752.75,308233.94,254551.8,269181.75,254551.58,342106.72,197433.73,167021.8,254552.16,269181.75,254552.75,308234.38,185038.5,216391.77,237458.06,230922.62,208345.94,342138.5,224885.47,199820.75,133087.75,312711.0,145642.83,363073.62,226596.0,125722.49,187531.06,229292.48,131312.98,269093.8,212520.62,308240.56,254365.89,254366.52,215073.84,308240.9,254367.03,153710.69,269094.12,269094.53,308241.3,254367.78,144331.11,255373.55,173468.62,182909.1,184069.0,253601.5,314243.97,249234.69,214321.05,339880.75,187283.66,225511.28,225862.55,196024.75,116335.97,132072.47,227412.69,184075.14,207796.02,208664.84,212523.34,166235.5,225855.6,124701.27,219255.92,218723.67,255398.34,135023.81,213596.94,317220.38,225855.17,234403.78,225094.94,173857.9,342135.4,207970.7,225855.81,204573.84,156885.19,203046.11,225793.47,191113.47,342136.22,238022.48,278671.4,333076.44,215714.25,112672.05,199233.31,308270.56,414078.44,254527.0,254527.16,308270.53,281420.75,308241.2,254526.44,269100.03,164685.22,317220.6,254527.45,254520.77,254528.0,308291.06,254527.98,228569.25,225819.05,226271.38,325125.44,272630.84,226221.69,218855.83,212164.16,256389.8,215212.67,308258.34,171423.17,269005.22,308258.44,128576.875,308258.34,254529.5,200680.27,269005.03,308258.62,269005.56,308258.62,254528.06,254530.61,263636.0,421620.6,333560.66,137621.38,142903.95,184074.5,249144.02,417273.06,149715.77,179643.86,308209.56,308209.6,268998.94,308209.56,297122.84,163567.03,254371.53,269056.6,308209.5,269057.03,308209.72,254372.31,204400.27,254372.31,132070.72,306618.62,181736.73,254373.12,256368.52,215361.52,326274.8,176441.69,254374.95,121839.06,190841.08,239780.55,237556.92,308224.1,143745.97,254337.31,254337.22,269173.66,369624.6,254338.55,269174.62,269174.5,254338.56,308245.8,308243.88,269175.88,225872.12,193258.94,292580.6,227770.98,308214.1,225865.06,254486.83,254486.9,308219.47,254341.39,254635.06,269176.28,342177.75,198513.2,254635.2,254635.02,122775.695,308219.88,254636.39,270120.03,269177.88,260516.67,225849.72
3660,314271.34,253628.33,306840.4,269467.03,306840.38,306818.88,269472.06,306818.88,306840.97,269468.06,253634.44,269472.34,306846.2,269468.25,306840.84,306819.5,340114.97,170482.83,269469.12,306819.28,306819.97,253634.16,269469.12,306841.4,253629.67,253635.05,172594.66,197189.72,212432.42,253630.5,253632.66,306820.56,306820.97,190704.12,306820.7,306821.38,244301.97,269469.78,269471.1,306820.97,253615.95,253615.97,306821.44,253616.0,269470.94,269470.9,225365.73,223618.62,253617.67,306821.72,253616.31,253617.73,257543.98,269471.06,269471.88,134484.47,179877.83,207994.12,144887.67,191166.1,306822.03,269472.53,122840.82,253628.78,160818.25,253628.92,131170.8,253629.8,123695.19,253630.39,269472.97,255360.12,203969.8,269473.78,182794.75,269473.9,236751.31,212122.39,269473.84,306822.38,232270.84,225333.31,140261.84,127969.31,314385.5,255380.47,154347.31,121234.04,225333.38,269475.1,269475.6,142168.47,306822.56,253540.48,269475.38,253540.23,340137.66,198750.94,167503.73,253540.81,269475.3,253541.4,306823.0,185361.89,217339.64,237146.44,231694.66,208221.0,340167.94,223865.77,200549.27,134492.03,311325.7,146394.4,361620.7,226683.9,126125.64,187831.03,228767.2,132299.28,269388.06,213285.03,306829.28,253363.64,253364.27,214586.19,306829.62,253364.8,154027.62,269388.44,269388.88,306829.97,253365.5,144758.4,254364.69,174537.83,183181.88,184388.47,252604.08,312850.78,248975.78,215402.78,337959.56,187689.94,225023.05,225352.98,196800.97,117166.08,132637.42,228507.66,184394.97,208900.61,209867.75,213102.34,167453.64,225346.47,125101.45,218916.2,218700.25,254389.42,135980.55,214237.89,315859.97,225346.03,233503.86,224877.9,174692.14,340164.94,208930.9,225346.69,204330.52,157744.19,203827.2,225286.1,192205.11,340165.72,237306.0,279125.5,332629.78,215788.9,113500.8,199640.66,306858.2,411398.84,253517.22,253517.38,306858.16,280795.75,306829.88,253516.67,269394.78,164940.28,315860.28,253517.7,253510.97,253518.2,306877.8,253518.22,229325.27,225311.2,226450.56,323415.4,272077.72,225690.31,219097.77,213026.64,255374.27,214623.62,306846.03,171552.67,269301.06,306846.1,129958.68,306845.97,253519.73,201450.5,269300.88,306846.25,269301.38,306846.28,253518.3,253520.78,263288.0,419278.2,331711.22,138840.42,144229.33,184394.2,249133.64,414540.9,151022.94,180619.06,306799.1,306799.16,269294.25,306799.06,296701.62,163592.34,253369.28,269350.75,306799.03,269351.2,306799.28,253370.08,205310.2,253370.08,132635.52,305251.75,182394.8,253370.94,255353.16,216079.64,325566.53,177097.14,253372.7,122595.74,191276.56,239468.31,237497.56,306812.97,144774.86,253337.05,253337.0,269466.1,368448.47,253338.28,269467.1,269467.03,253338.3,306833.9,306831.9,269468.44,225362.95,193840.78,291677.34,228220.92,306803.16,225356.3,253479.03,253479.1,306808.4,253341.14,253619.64,269468.88,340205.44,198560.34,253619.77,253619.62,122947.445,306808.84,253620.94,270290.75,269470.2,260096.88,225342.36
3720,313270.22,252625.58,305459.06,269675.6,305459.03,305438.38,269680.94,305438.38,305459.6,269676.7,252631.67,269681.28,305464.7,269676.88,305459.56,305439.03,338181.78,171072.94,269677.88,305438.75,305439.47,252631.4,269677.88,305460.03,252626.92,252632.3,173207.36,197321.48,212917.84,252627.78,252629.89,305440.03,305440.47,190610.4,305440.16,305440.9,243468.7,269678.56,269679.97,305440.5,252613.55,252613.56,305440.9,252613.58,269679.78,269679.72,224868.05,222706.39,252615.28,305441.22,252613.88,252615.28,256917.77,269679.84,269680.72,135072.9,181047.6,207672.2,146192.48,191384.16,305441.5,269681.44,123177.37,252627.27,162163.1,252627.34,131731.27,252628.23,123972.98,252628.83,269681.9,254350.97,204196.28,269682.8,183624.0,269682.9,236487.78,212079.42,269682.88,305441.88,231873.86,224837.0,141583.69,128582.83,313009.47,254371.22,155323.8,121518.23,224837.06,269684.22,269684.75,143570.72,305442.03,252541.75,269684.5,252541.45,338204.0,200005.02,167990.61,252542.0,269684.44,252542.6,305442.47,185684.98,218203.3,236815.44,232386.23,208093.88,338232.9,222895.2,201222.08,135894.28,309952.03,147146.42,360142.0,226735.88,126544.96,188116.62,228262.42,133276.36,269597.8,213994.97,305448.84,252373.42,252374.03,214116.28,305449.16,252374.58,154340.08,269598.25,269598.72,305449.47,252375.25,145188.1,253364.97,175569.73,183466.38,184709.62,251620.42,311465.47,248677.42,216394.25,336072.94,188086.92,224544.7,224855.11,197527.88,118000.69,133219.72,229530.27,184716.42,209916.98,210976.66,213621.78,168639.12,224849.0,125535.42,218578.08,218653.52,253389.61,136928.92,214828.23,314492.1,224848.56,232652.17,224660.36,175492.28,338230.0,209820.73,224849.23,204082.34,158589.45,204544.16,224790.16,193250.55,338230.84,236598.16,279511.8,332139.1,215836.88,114337.12,200019.22,305476.66,408752.9,252519.92,252520.03,305476.66,280139.9,305449.34,252519.33,269605.03,165223.08,314492.38,252520.39,252513.62,252520.86,305495.53,252520.89,229998.77,224814.81,226581.53,321737.53,271525.56,225171.92,219311.44,213837.25,254365.05,214047.4,305464.66,171671.14,269512.4,305464.72,131346.53,305464.53,252522.42,202166.45,269512.25,305464.84,269512.7,305464.88,252521.0,252523.42,262893.03,416973.2,329895.16,140038.28,145545.9,184715.58,249105.27,411844.2,152313.3,181551.61,305419.4,305419.53,269505.12,305419.38,296225.6,163667.22,252379.05,269560.44,305419.34,269560.9,305419.66,252379.86,206148.89,252379.86,133217.66,303913.22,183032.52,252380.73,254344.06,216753.11,324803.2,177741.61,252382.44,123360.086,191694.9,239132.55,237401.42,305432.66,145780.28,252348.69,252348.66,269674.16,367257.0,252349.9,269675.2,269675.12,252349.9,305452.88,305450.88,269676.6,224865.34,194391.22,290764.25,228609.23,305423.06,224859.1,252483.58,252483.62,305428.2,252352.78,252617.05,269677.06,338268.84,198583.5,252617.12,252617.05,123169.54,305428.62,252618.31,270387.2,269678.1,259632.58,224846.38
3780,312273.7,251636.61,304108.03,269807.4,304107.97,304088.06,269813.2,304088.06,304108.56,269808.62,251642.69,269813.56,304113.5,269808.8,304108.53,304088.75,336287.25,171658.72,269809.9,304088.4,304089.16,251642.44,269809.9,304109.0,251637.95,251643.33,173817.92,197414.34,213355.98,251638.81,251640.92,304089.7,304090.12,190506.36,304089.8,304090.6,242648.88,269810.66,269812.16,304090.22,251624.95,251625.0,304090.53,251624.98,269811.97,269811.88,224381.16,221842.88,251626.7,304090.88,251625.25,251626.67,256267.39,269812.06,269812.97,135670.62,182173.52,207342.23,146753.86,191584.16,304091.12,269813.72,123529.48,251639.47,163094.39,251639.48,132308.52,251640.4,124706.92,251641.0,269814.25,253349.77,204406.05,269815.25,184416.11,269815.3,236197.1,212028.23,269815.28,304091.56,231465.12,224351.42,142900.12,129528.33,311637.12,253370.14,156271.73,121817.72,224351.48,269816.75,269817.28,144267.42,304091.66,251556.58,269817.06,251556.25,336308.94,199930.67,168481.47,251556.8,269816.94,251557.39,304092.12,186007.81,218987.6,236467.67,233002.98,207961.95,336336.6,221970.53,201840.56,136930.05,308592.12,147898.5,358640.2,226754.56,126978.99,188394.39,227777.36,134242.62,269730.94,214652.4,304098.53,251396.33,251396.89,213661.25,304098.8,251397.47,154647.4,269731.4,269731.94,304099.1,251398.11,145619.08,252375.81,176563.67,183760.17,185032.4,250651.52,310090.5,248343.97,217299.7,334227.6,188473.58,224076.25,224368.14,198210.72,118834.19,133814.36,229286.58,185039.47,210847.86,211994.77,214084.62,169791.69,224362.44,126600.37,218239.84,218583.75,252400.5,137861.45,215370.64,313121.56,224361.98,231845.22,224443.12,176260.3,336333.8,210643.2,224362.67,203830.02,159424.25,205198.3,224304.94,194249.11,336334.62,235905.52,279302.84,330697.2,215857.16,115174.97,200370.38,304125.44,406141.03,251536.14,251536.25,304125.44,279455.34,304099.0,251535.56,269738.8,165530.58,313121.84,251536.64,251529.88,251537.08,304143.66,251537.12,230595.39,224329.14,226666.11,320092.56,270974.1,224663.9,219499.64,214594.11,253364.02,213481.97,304113.62,171780.98,269647.2,304113.7,132619.8,304113.5,251538.69,202831.52,269647.06,304113.78,269647.47,304113.84,251537.25,251539.62,262456.25,414571.66,328114.56,140852.86,146851.61,185038.56,249057.53,409182.97,153584.89,182445.19,304069.9,304070.06,269639.4,304069.9,295713.84,163787.19,251401.94,269693.7,304069.9,269694.22,304070.25,251402.81,206920.03,251402.81,133812.17,302603.53,183654.66,251403.66,253342.95,217382.88,323990.06,178377.52,251405.33,124127.36,192094.73,238775.78,237272.64,304082.66,146762.78,251373.36,251373.36,269805.8,365508.75,251374.56,269806.9,269806.88,251374.58,304102.2,304100.2,269808.4,224378.55,194917.7,289842.22,228939.92,304073.22,224372.66,251501.58,251501.62,304078.2,251377.45,251628.34,269808.94,336371.03,198587.52,251628.4,251628.34,124435.26,304078.66,251629.58,270420.78,269810.03,259128.16,224361.02
3840,311217.9,250661.19,302787.78,269866.88,302787.72,302768.56,269873.0,302768.6,302788.28,269868.25,250667.31,269873.4,302793.1,269868.4,302788.28,302769.34,334428.28,172251.22,269869.62,302768.9,302769.66,250667.0,269869.62,302788.7,250662.52,250667.89,174423.67,197480.78,213748.22,250663.44,250665.47,302770.2,302770.6,190399.52,302770.3,302771.03,241838.3,269870.38,269871.97,302770.75,250649.86,250649.84,302770.97,250649.88,269871.75,269871.66,223905.25,221008.1,250651.64,302771.28,250650.11,250651.53,255600.0,269871.8,269872.78,136271.03,183267.45,207011.95,147685.78,191758.67,302771.53,269873.56,123897.22,250665.12,163980.2,250665.05,132902.1,250666.02,125519.69,250666.58,269874.22,252358.11,204594.45,269875.22,185176.33,269875.28,235883.0,211969.05,269875.25,302771.97,231049.33,223876.72,144209.48,130503.06,310272.12,252378.8,157191.38,122133.03,223876.8,269876.8,269877.4,145306.45,302771.97,250584.67,269877.12,250584.31,334449.5,200322.97,168974.9,250584.86,269877.0,250585.45,302772.47,186324.69,219694.92,236102.67,233549.5,207834.2,334476.0,221092.88,202410.55,137948.56,307248.34,148640.42,357121.34,226741.06,127425.68,188649.19,227310.02,135199.4,269791.62,215264.19,302779.03,250431.97,250432.58,213227.05,302779.22,250433.17,154953.73,269792.16,269792.7,302779.47,250433.75,146051.06,251397.83,177524.28,184062.83,185356.22,249696.52,308728.75,247984.72,218123.81,332407.9,188852.66,223616.86,223892.23,198845.88,119662.99,134417.23,229275.06,185363.5,211700.42,212928.05,214494.78,170915.31,223886.84,127514.805,217906.22,218497.98,251422.62,138791.67,215869.53,311752.7,223886.38,231079.55,224225.75,176999.31,334473.25,211404.42,223887.11,203577.84,160235.53,205796.69,223830.58,195210.95,334474.03,235216.03,278817.38,329497.44,215857.7,116009.4,200695.12,302804.9,403560.4,250565.48,250565.61,302804.88,278768.38,302779.34,250564.92,269799.94,165859.97,311752.88,250566.02,250559.22,250566.44,302822.38,250566.5,231125.34,223854.36,226710.53,318482.1,270421.8,224169.98,219662.58,215311.58,252372.75,212932.72,302793.12,171886.06,269709.53,302793.22,133750.02,302792.97,250568.12,203447.45,269709.38,302793.25,269709.72,302793.34,250566.64,250568.98,261988.4,412061.66,326368.88,141699.75,148145.67,185362.52,248993.73,406557.84,154839.03,183297.5,302750.9,302751.2,269701.28,302750.9,295130.75,163947.66,250437.61,269754.4,302750.9,269754.94,302751.2,250438.45,207637.94,250438.44,134414.9,301321.75,184244.73,250439.31,252351.44,217975.84,323133.2,178990.05,250440.97,124892.234,192481.31,238403.05,237110.61,302763.2,147722.22,250410.69,250410.69,269864.94,363708.22,250411.88,269866.06,269866.06,250411.89,302782.06,302780.1,269867.66,223902.72,195405.31,288926.47,229214.77,302753.94,223897.14,250532.67,250532.69,302758.9,250414.81,250653.11,269868.22,334508.97,198567.6,250653.16,250653.16,125390.484,302759.3,250654.3,270384.38,269869.12,258597.48,223886.47
3900,310154.6,249701.31,301489.97,269863.88,301489.9,301471.4,269870.12,301471.44,301490.44,269865.2,249707.28,269870.53,301495.16,269865.38,301490.56,301472.16,332605.1,172845.89,269866.6,301471.75,301472.53,249707.11,269866.6,301490.88,249702.64,249707.97,175023.62,197521.14,214098.7,249703.53,249705.61,301473.0,301473.47,190288.95,301473.12,301473.88,241032.02,269867.4,269869.03,301473.47,249690.22,249690.2,301473.88,249690.23,269868.78,269868.72,223437.11,220212.84,249691.97,301474.2,249690.48,249691.88,254930.17,269868.8,269869.88,136875.69,184312.92,206681.28,148724.17,191920.88,301474.34,269870.7,124281.164,249706.06,164882.7,249706.08,133505.88,249707.0,126347.55,249707.6,269871.3,251377.84,204764.22,269872.44,185904.08,269872.4,235549.0,211900.22,269872.44,301474.88,230626.42,223409.78,145510.11,131435.69,308916.4,251398.78,158087.08,122465.68,223409.83,269874.06,269874.6,146418.08,301474.84,249628.14,269874.34,249627.7,332625.84,200904.69,169469.44,249628.23,269874.2,249628.83,301475.34,186636.92,220331.06,235725.3,234032.47,207703.67,332651.38,220251.81,202933.08,139027.02,305918.28,149379.95,355604.8,226700.5,127885.34,188893.0,226860.8,136157.89,269789.6,215831.75,301481.7,249482.55,249483.16,212805.98,301482.06,249483.73,155258.3,269790.12,269790.66,301482.25,249484.39,146483.33,250432.81,178452.08,184368.17,185676.05,248757.9,307380.56,247592.66,218869.83,330628.88,189219.69,223162.98,223424.16,199437.8,120486.27,135026.42,229465.33,185683.6,212478.42,213780.69,214856.31,172005.83,223419.12,128376.53,217573.27,218393.78,250457.64,139741.72,216329.86,310389.1,223418.64,230353.17,224010.14,177707.34,332648.7,212107.56,223419.36,203324.72,161032.38,206342.22,223363.88,196123.53,332649.47,234530.11,278333.97,328344.25,215837.47,116838.836,200996.75,301506.88,401020.03,249609.97,249610.11,301506.84,278035.8,301482.12,249609.47,269798.06,166208.88,310389.3,249610.58,249603.77,249610.94,301523.72,249611.06,231581.39,223387.19,226718.1,316900.44,269869.5,223686.38,219805.02,215984.36,251392.75,212395.83,301495.34,171986.16,269708.72,301495.3,134838.48,301495.1,249612.53,204016.75,269708.66,301495.38,269708.97,301495.47,249611.14,249613.45,261491.47,409548.47,324656.97,142668.95,149427.45,185682.56,248913.56,403968.66,156074.84,184110.6,301454.47,301454.56,269700.25,301454.4,294520.22,164143.98,249488.08,269752.34,301454.38,269752.84,301454.7,249488.9,208286.17,249488.9,135023.98,300056.22,184819.0,249489.8,251371.19,218525.78,322247.0,179591.39,249491.42,125654.586,192849.89,238011.34,236920.53,301466.2,148669.62,249462.77,249462.81,269861.28,361959.38,249463.9,269862.47,269862.47,249463.92,301484.5,301482.53,269864.16,223434.56,195867.28,287986.84,229438.95,301457.12,223429.36,249578.77,249578.8,301461.9,249466.8,249693.25,269864.7,332683.2,198533.75,249693.28,249693.28,126207.734,301462.34,249694.45,270294.12,269865.2,258041.92,223419.53
3960,309083.75,248755.39,300215.97,269799.56,300215.84,300197.97,269806.0,300198.03,300216.4,269800.8,248761.33,269806.47,300221.03,269801.06,300216.47,300198.66,330808.78,173442.72,269802.28,300198.3,300199.06,248761.16,269802.28,300216.88,248756.75,248762.06,175620.86,197539.84,214408.2,248757.58,248759.64,300199.47,300200.0,190179.66,300199.62,300200.44,240239.72,269803.2,269804.88,300200.03,248744.53,248744.52,300200.38,248744.55,269804.56,269804.5,222977.1,219453.77,248746.25,300200.7,248744.81,248746.2,254217.81,269804.56,269805.72,137482.42,185326.61,206351.67,150015.6,192069.69,300200.9,269806.56,124680.45,248760.94,165886.2,248760.95,134117.0,248761.84,127200.63,248762.45,269807.16,250409.52,204917.56,269808.34,186602.25,269808.3,235197.9,211823.27,269808.38,300201.38,230197.72,222950.98,146800.84,132665.84,307571.5,250430.44,159178.55,122815.586,222951.03,269810.03,269810.6,147557.19,300201.47,248685.27,269810.34,248684.89,330829.12,201599.64,169973.33,248685.39,269810.22,248685.97,300201.88,186944.0,220900.75,235334.44,234455.05,207572.77,330853.62,219448.16,203414.19,140144.97,304604.03,150111.69,354064.3,226631.86,128356.45,189126.92,226429.81,137668.38,269726.28,216359.03,300208.16,248546.44,248547.05,212399.56,300208.5,248547.61,155565.88,269726.9,269727.47,300208.72,248548.19,146918.38,249480.38,179348.52,184675.39,185992.02,247831.61,306046.6,247175.58,219544.12,328867.75,189575.45,222717.55,222964.28,199989.05,121302.32,135639.34,229789.3,185999.78,213188.44,214559.34,215173.2,173069.75,222959.62,129395.26,217243.88,218274.95,249505.12,140835.92,216755.3,309033.2,222959.12,229662.8,223798.53,178443.39,330850.97,212756.12,222959.86,203074.31,161811.92,206840.27,222905.33,197006.84,330851.75,233858.72,277929.22,327227.88,215799.84,117661.35,201276.05,300232.56,398518.5,248668.22,248668.38,300232.6,277295.06,300208.6,248667.72,269735.1,166576.11,309033.47,248668.81,248662.03,248669.19,300248.9,248669.28,231981.73,222928.17,226693.78,315346.28,269316.2,223212.25,219930.03,216614.05,250424.52,211873.3,300221.22,172086.3,269646.75,300221.2,135927.64,300221.0,248670.78,204540.53,269646.7,300221.28,269647.12,300221.34,248669.42,248671.7,260956.58,407046.28,322971.94,144060.73,150695.33,185998.69,248816.78,401423.25,157291.58,184887.58,300181.6,300181.75,269637.97,300181.56,293877.78,164373.45,248551.89,269689.0,300181.53,269689.56,300181.88,248552.73,208892.67,248552.73,135636.81,298816.62,185375.73,248553.66,250402.95,219043.23,321324.16,180181.98,248555.27,126412.68,193202.67,237604.73,236704.36,300192.9,149969.11,248528.08,248528.05,269796.47,360262.25,248529.25,269797.66,269797.66,248529.25,300210.66,300208.7,269799.38,222974.66,196303.94,287065.03,229616.23,300184.06,222969.75,248638.48,248638.55,300188.6,248532.1,248747.4,269799.94,330884.16,198487.44,248747.44,248747.42,126967.27,300189.1,248748.67,270151.4,269800.2,257439.08,222960.69
4020,308003.34,247824.36,298965.75,269681.44,298965.66,298948.34,269688.06,298948.38,298966.2,269682.66,247830.28,269688.53,298970.7,269682.97,298966.2,298948.97,329040.2,174037.03,269684.2,298948.7,298949.38,247830.06,269684.22,298966.62,247825.67,247830.97,176212.88,197546.95,214689.5,247826.48,247828.56,298949.78,298950.3,190070.19,298949.94,298950.78,239460.19,269685.16,269686.9,298950.38,247813.7,247813.7,298950.62,247813.73,269686.56,269686.53,222525.45,218729.06,247815.42,298951.0,247814.0,247815.39,253497.58,269686.56,269687.78,138090.5,186296.17,206029.14,151362.58,192210.05,298951.22,269688.66,125094.38,247830.62,166974.22,247830.62,134733.48,247831.48,128077.49,247832.1,269689.22,249453.64,205054.58,269690.44,187270.81,269690.47,234830.7,211738.58,269690.47,298951.66,229764.77,222500.42,148080.6,133761.48,306239.47,249474.53,160281.83,123182.36,222500.47,269692.22,269692.8,148728.58,298951.84,247757.03,269692.56,247756.7,329060.12,202363.0,170502.97,247757.22,269692.44,247757.8,298952.12,187245.7,221407.38,234948.55,234823.3,207441.45,329083.66,218680.9,203854.67,141292.36,303306.5,150836.42,352495.06,226550.84,128838.02,189352.97,226014.75,139038.58,269609.16,216846.67,298958.44,247624.69,247625.3,212007.56,298958.7,247625.84,155873.55,269609.78,269610.38,298958.94,247626.42,147355.06,248541.36,180212.25,184982.94,186303.52,246922.19,304728.56,246730.14,220149.31,327137.34,189919.78,222279.66,222512.81,200503.22,122110.12,136254.75,230185.39,186311.44,213831.25,215265.94,215448.17,174097.12,222508.45,130407.7,216917.17,218142.5,248566.06,142022.86,217145.36,307687.34,222507.95,229006.39,223588.78,179204.3,329081.1,213355.23,222508.7,202827.19,162576.27,207291.11,222455.03,197841.4,329081.9,233198.3,277587.56,326159.78,215743.64,118475.61,201534.28,298982.06,396030.62,247741.14,247741.34,298982.16,276515.4,298958.84,247740.62,269618.28,166968.2,307687.62,247741.69,247734.98,247742.16,298997.88,247742.16,232339.5,222477.4,226637.4,313821.1,268761.78,222749.03,220037.14,217201.89,249468.77,211368.28,298970.8,172186.52,269531.0,298970.84,137031.83,298970.7,247743.72,205026.39,269530.94,298970.97,269531.5,298971.0,247742.34,247744.61,260384.48,404573.6,321316.9,145380.98,151948.83,186310.33,248703.5,398899.3,158487.56,185630.9,298932.47,298932.66,269521.94,298932.44,293204.25,164635.3,247630.08,269571.9,298932.44,269572.53,298932.8,247630.92,209480.88,247630.92,136252.12,297596.1,185915.03,247631.86,249447.2,219523.69,320354.28,180760.95,247633.45,127165.555,193539.56,237183.3,236464.05,298943.25,151149.34,247607.67,247607.64,269677.9,358620.06,247608.88,269679.1,269679.1,247608.89,298960.44,298958.56,269680.88,222523.06,196716.12,286111.47,229748.6,298934.56,222518.45,247712.83,247712.89,298938.9,247611.66,247816.47,269681.47,329113.06,198432.67,247816.5,247816.48,127725.6,298939.4,247817.72,269962.34,269681.53,256816.78,222510.06
4080,306914.97,246907.25,297741.28,269513.38,297741.22,297724.47,269520.22,297724.38,297741.75,269514.5,246913.17,269520.66,297746.06,269514.9,297741.62,297724.97,327301.28,174626.33,269516.16,297724.72,297725.38,246912.94,269516.2,297742.1,246908.53,246913.83,176797.55,197527.36,214920.61,246909.36,246911.42,297725.75,297726.25,189962.42,297725.94,297726.75,238693.08,269517.2,269519.03,297726.4,246896.84,246896.84,297726.56,246896.88,269518.66,269518.6,222083.23,218042.81,246898.55,297726.94,246897.16,246898.5,252769.1,269518.66,269519.9,138697.84,187238.44,205702.58,152694.05,192332.52,297727.2,269520.84,125522.92,246914.2,168096.16,246914.19,135351.81,246914.98,128944.91,246915.66,269521.34,248510.45,205177.34,269522.66,187911.55,269522.72,234448.17,211648.27,269522.72,297727.56,229328.22,222059.22,149348.14,134795.42,304921.53,248531.36,161339.14,123566.38,222059.28,269524.53,269525.16,149922.53,297727.8,246842.64,269524.9,246842.33,327320.8,203177.75,171053.47,246842.86,269524.8,246843.44,297728.0,187540.0,221854.33,234528.0,235139.5,207309.16,327343.47,217948.03,204257.0,142464.3,302027.78,151551.56,350926.97,226425.5,129329.375,189565.95,225614.56,140305.28,269442.12,217297.06,297734.34,246716.34,246716.95,211628.78,297734.53,246717.45,156180.88,269442.75,269443.3,297734.78,246718.11,147791.52,247615.42,181047.0,185288.05,186608.58,246025.14,303427.2,246264.25,220689.33,325437.62,190251.83,221851.05,222070.84,200981.55,122909.016,136870.61,230642.55,186616.64,214410.88,215904.27,215682.72,175101.86,222066.75,131368.39,216592.34,217998.0,247640.11,143195.86,217500.72,306353.25,222066.25,228381.42,223379.88,179956.72,327340.97,213904.89,222067.02,202584.11,163322.31,207698.05,222014.1,198647.7,327341.78,232549.16,277299.56,325103.88,215669.38,119280.8,201772.94,297757.25,393576.3,246827.89,246828.02,297757.34,275744.22,297734.72,246827.34,269451.7,167388.25,306353.56,246828.31,246821.7,246828.83,297772.66,246828.81,232661.31,222036.0,226551.56,312324.97,268208.84,222291.78,220126.78,217749.23,248525.73,210875.02,297746.22,172287.42,269365.5,297746.25,138157.73,297746.16,246830.47,205469.38,269365.44,297746.4,269366.1,297746.44,246829.1,246831.36,259796.3,402124.8,319692.16,146681.12,153186.86,186615.52,248577.17,396402.6,159664.2,186340.61,297708.97,297709.2,269356.06,297708.97,292502.7,164930.5,246721.72,269405.06,297708.94,269405.72,297709.3,246722.58,210046.73,246722.58,136867.9,296403.6,186436.98,246723.52,248504.12,219971.88,319360.72,181327.14,246725.12,127912.11,193860.86,236749.25,236201.02,297719.4,152277.08,246700.67,246700.67,269509.53,356991.03,246701.86,269510.78,269510.8,246701.88,297736.1,297734.28,269512.62,222080.94,197105.27,285169.56,229839.19,297710.94,222076.56,246800.89,246800.97,297715.12,246704.64,246899.58,269513.28,327371.84,198366.3,246899.58,246899.58,128487.43,297715.6,246900.78,269733.2,269513.38,256175.52,222068.7
4140,305822.88,246004.36,296535.62,269304.88,296535.6,296519.22,269311.8,296519.12,296536.12,269306.0,246010.3,269312.22,296540.3,269306.38,296536.0,296519.75,325598.34,175212.8,269307.62,296519.53,296520.12,246010.03,269307.66,296536.44,246005.61,246010.9,177375.55,197495.77,215119.98,246006.47,246008.52,296520.53,296521.03,189854.64,296520.72,296521.56,237938.11,269308.7,269310.56,296521.22,245994.19,245994.2,296521.3,245994.23,269310.2,269310.22,221648.5,217382.2,245995.88,296521.72,245994.52,245995.94,252034.14,269310.2,269311.5,139304.53,188137.06,205382.0,153985.23,192444.6,296521.97,269312.44,125964.9,246011.94,169215.42,246011.9,135973.44,246012.72,129790.22,246013.36,269312.97,247580.4,205286.77,269314.25,188525.53,269314.34,234051.69,211552.11,269314.34,296522.34,228889.67,221625.45,150602.4,135786.55,303618.47,247601.28,162357.19,123966.68,221625.52,269316.2,269316.8,151123.94,296522.62,245942.31,269316.53,245942.02,325617.44,204011.47,171617.67,245942.56,269316.47,245943.14,296522.78,187826.81,222244.6,234101.47,235409.28,207178.72,325639.38,217251.17,204623.16,143654.5,300764.94,152256.58,349357.47,226284.34,129829.87,189768.27,225229.33,141499.61,269234.5,217712.72,296529.06,245821.7,245822.31,211265.61,296529.2,245822.83,156488.16,269235.12,269235.75,296529.47,245823.48,148228.05,246702.89,181850.73,185591.2,186907.62,245142.67,302142.47,245780.42,221167.88,323777.34,190572.61,221427.58,221636.39,201424.52,123698.695,137486.5,231132.33,186915.81,214929.83,216477.4,215879.61,176071.28,221632.55,132282.69,216271.28,217843.14,246727.5,144332.72,217826.4,305032.38,221632.03,227786.14,223174.19,180692.44,325636.97,214409.53,221632.81,202343.28,164050.2,208063.17,221580.56,199408.25,325637.75,231910.19,277054.6,324086.72,215579.62,120076.4,201992.53,296551.4,391153.3,245928.55,245928.67,296551.5,274943.12,296529.44,245927.98,269244.25,167834.38,305032.72,245928.98,245922.38,245929.48,296566.44,245929.53,232950.11,221602.05,226437.77,310855.47,267651.7,221844.11,220201.16,218261.6,247595.78,210397.61,296540.6,172388.69,269159.22,296540.62,139307.02,296540.53,245931.14,205873.47,269159.16,296540.78,269159.84,296540.8,245929.75,245932.0,259184.05,399700.56,318099.4,147946.72,154407.72,186914.69,248433.06,393936.53,160817.75,187017.94,296504.25,296504.5,269149.6,296504.25,291778.38,165258.97,245827.03,269197.66,296504.22,269198.34,296504.62,245827.9,210585.06,245827.89,137483.69,295224.22,186941.72,245828.84,247574.23,220386.03,318348.6,181880.47,245830.44,128652.13,194167.48,236304.66,235916.52,296514.38,153369.53,245807.25,245807.27,269300.62,355408.5,245808.44,269301.88,269301.94,245808.44,296530.66,296528.9,269303.72,221646.22,197471.89,284214.9,229889.77,296506.03,221642.11,245902.81,245902.89,296510.06,245811.2,245996.83,269304.44,325666.84,198291.47,245996.84,245996.83,129243.336,296510.56,245998.0,269469.53,269304.34,255517.12,221634.77
4200,304728.1,245116.06,295348.53,269058.28,295348.56,295332.53,269065.4,295332.47,295349.1,269059.5,245121.98,269065.8,295353.16,269059.84,295349.03,295333.1,323926.53,175794.89,269061.1,295332.88,295333.47,245121.72,269061.16,295349.38,245117.3,245122.58,177946.11,197453.25,215288.1,245118.16,245120.2,295333.88,295334.4,189749.92,295334.06,295334.9,237195.16,269062.22,269064.12,295334.6,245106.12,245106.14,295334.66,245106.17,269063.75,269063.78,221220.47,216747.9,245107.81,295335.06,245106.45,245107.88,251293.73,269063.72,269065.1,140211.81,189004.86,205067.4,155247.56,192546.94,295335.34,269066.03,126426.664,245124.2,170334.34,245124.16,136658.73,245125.02,130610.77,245125.61,269066.66,246663.7,205383.36,269067.9,189112.73,269068.0,233643.2,211450.27,269067.97,295335.7,228449.89,221198.3,151841.62,136737.36,302330.62,246684.55,163324.31,124383.945,221198.36,269069.88,269070.53,152329.9,295336.0,245056.44,269070.25,245056.14,323945.22,204855.89,172189.25,245056.7,269070.2,245057.28,295336.12,188106.0,222581.12,233669.9,235635.6,207049.47,323966.5,216584.38,204955.34,144857.97,299518.47,152998.83,347792.97,226124.58,130382.266,189960.89,224857.86,142633.17,268988.9,218096.34,295342.3,244941.2,244941.8,210915.33,295342.4,244942.36,156802.56,268989.53,268990.22,295342.72,244942.98,148710.17,245804.05,182625.42,185890.67,187200.02,244275.03,300874.16,245279.58,221588.03,322142.34,190881.81,221009.44,221208.58,201834.25,128428.41,138188.64,231646.77,187208.31,215392.69,216989.3,216041.33,177014.2,221204.95,133158.28,215952.7,217678.56,245828.6,145425.6,218124.5,303725.66,221204.44,227218.61,222971.06,181403.67,323964.12,214871.84,221205.23,202105.97,164768.02,208390.06,221153.64,200135.98,323964.9,231281.11,276846.53,323106.16,215476.42,125671.29,202194.22,295364.16,388785.47,245043.58,245043.72,295364.25,274133.34,295342.66,245043.02,268998.9,168302.17,303725.97,245044.06,245037.45,245044.52,295378.8,245044.56,233205.48,221174.67,226299.23,309411.94,267094.16,221404.64,220261.8,218739.4,246679.16,209934.8,295353.56,172491.89,268915.06,295353.62,140478.05,295353.53,245046.17,206241.81,268914.97,295353.78,268915.72,295353.8,245044.77,245047.03,258552.48,397308.62,316535.34,149179.7,155610.53,187207.17,248275.39,391516.53,161949.62,187665.02,295318.06,295318.34,268905.2,295318.1,291035.16,165618.64,244946.47,268952.34,295318.06,268953.06,295318.47,244947.34,211092.48,244947.33,138185.47,294062.78,187429.5,244948.34,246657.61,220769.98,317319.75,182420.9,244949.88,131150.75,194459.44,235850.42,235612.95,295327.94,154415.14,244927.88,244927.92,269053.88,353862.34,244929.05,269055.16,269055.2,244929.06,295343.84,295342.12,269057.06,221218.1,197816.86,283264.44,229903.36,295319.66,221214.27,245019.05,245019.14,295323.6,244931.81,245108.66,269057.75,323993.1,198210.52,245108.7,245108.64,129986.62,295324.06,245109.8,269175.0,269057.62,254843.39,221207.38
4260,303631.66,244242.4,294179.6,268779.38,294179.62,294163.9,268786.66,294163.88,294180.12,268780.72,244248.3,268787.06,294184.12,268781.03,294180.12,294164.53,322282.38,176371.39,268782.3,294164.3,294164.9,244248.03,268782.34,294180.4,244243.61,244248.88,178508.44,197401.23,215426.53,244244.48,244246.52,294165.3,294165.84,189651.77,294165.5,294166.34,236463.56,268783.44,268785.38,294166.03,244232.69,244232.7,294166.1,244232.73,268785.0,268785.0,220797.61,216139.12,244234.36,294166.5,244233.02,244234.42,250549.03,268784.97,268786.34,141454.77,189841.05,204758.81,156473.39,192640.39,294166.78,268787.3,126953.7,244251.05,171431.5,244251.0,137581.67,244251.88,131407.25,244252.44,268787.97,245760.56,205467.25,268789.2,189674.8,268789.28,233224.9,211342.4,268789.28,294167.12,228009.48,220776.38,153064.78,137654.36,301058.28,245781.39,164254.77,124832.87,220776.44,268791.2,268791.84,153531.1,294167.47,244185.06,268791.56,244184.78,322300.7,205680.06,172763.58,244185.34,268791.5,244185.92,294167.56,188377.19,222867.23,233232.81,235823.34,206920.88,322321.28,215945.06,205256.05,146069.77,298288.44,153890.6,346231.56,225946.89,131088.61,190144.3,224499.48,143718.94,268711.0,218449.98,294173.66,244074.9,244075.52,210576.8,294173.72,244076.12,157178.94,268711.6,268712.34,294174.06,244076.69,149349.8,244919.08,183372.84,186185.45,187485.06,243421.86,299622.22,244764.83,221952.86,320531.97,191179.27,220596.33,220786.06,202212.72,132084.4,139191.88,232149.19,187493.47,215803.12,217443.81,216170.64,177930.31,220782.66,134001.69,215636.75,217505.22,244943.56,146482.67,218396.69,302433.66,220782.12,226676.92,222770.62,182090.81,322318.97,215298.36,220782.94,201873.36,165530.73,208681.4,220731.94,200832.2,322319.75,230660.95,276657.5,322156.75,215360.81,128671.63,202379.06,294195.03,386443.47,244173.05,244173.2,294195.16,273320.9,294173.97,244172.48,268721.12,168787.45,302434.0,244173.56,244166.97,244174.0,294209.28,244174.02,233427.31,220752.56,226138.75,307993.38,266535.66,220971.53,220309.88,219184.23,245776.12,209486.12,294184.66,172613.89,268638.47,294184.72,141668.06,294184.62,244175.64,206576.5,268638.38,294184.88,268639.12,294184.9,244174.25,244176.48,257907.53,394975.72,314998.25,150378.66,156794.9,187492.33,248104.98,389134.22,163060.12,188299.69,294149.97,294150.25,268628.47,294150.0,290275.62,166006.81,244080.12,268674.75,294149.97,268675.47,294150.38,244080.98,211567.05,244080.97,139187.6,292918.78,187900.66,244081.94,245754.55,221125.77,316278.34,182948.34,244083.5,134243.81,194737.02,235387.52,235291.72,294159.6,155426.58,244062.64,244062.7,268774.84,352356.4,244063.8,268776.2,268776.2,244063.81,294175.12,294173.4,268778.12,220795.3,198141.05,282319.44,229882.31,294151.3,220791.69,244149.67,244149.75,294155.16,244066.56,244235.11,268778.78,322347.06,198124.8,244235.19,244235.11,130714.73,294155.62,244236.22,268852.72,268778.53,254157.66,220785.2
4320,302535.0,243383.5,293028.03,268471.4,293028.06,293012.7,268478.8,293012.7,293028.6,268472.8,243389.38,268479.2,293032.5,268473.12,293028.6,293013.34,320663.88,176941.36,268474.4,293013.12,293013.72,243389.1,268474.44,293028.84,243384.7,243389.94,179061.92,197341.11,215537.05,243385.56,243387.6,293014.12,293014.66,189569.08,293014.3,293015.2,235743.52,268475.53,268477.5,293014.84,243374.02,243374.02,293014.9,243374.05,268477.1,268477.12,220380.44,215554.77,243375.67,293015.3,243374.34,243375.72,249802.92,268477.06,268478.47,142787.72,190646.34,204456.44,157664.61,192725.73,293015.62,268479.44,127578.625,243392.62,172512.12,243392.56,138735.28,243393.45,132181.95,243394.0,268480.12,244871.22,205539.06,268481.34,190213.0,268481.44,232798.08,211229.1,268481.4,293015.94,227569.1,220360.1,154271.16,138542.06,299801.72,244892.03,165151.52,125341.74,220360.16,268483.34,268484.03,154726.11,293016.28,243328.28,268483.72,243328.06,320681.8,206492.08,173338.02,243328.62,268483.7,243329.19,293016.38,188640.12,223106.03,232790.4,235979.11,206792.69,320701.78,215331.72,205527.27,147285.92,297074.7,154913.84,344671.94,225752.39,131932.73,190318.84,224153.56,144765.0,268403.94,218775.66,293022.34,243223.0,243223.6,210249.25,293022.4,243224.2,157651.95,268404.53,268405.38,293022.78,243224.78,150128.88,244048.17,184094.02,186474.73,187762.39,242583.2,298386.66,244237.66,222265.7,318946.44,191464.94,220188.77,220369.23,202561.64,134769.4,140442.67,232646.47,187770.88,216164.17,217844.39,216269.72,178819.9,220366.03,134818.61,215323.53,217324.02,244072.62,147505.53,218644.77,301156.88,220365.5,226159.45,222573.02,182754.14,320699.5,215701.5,220366.33,201648.77,166374.53,208939.39,220315.88,201497.6,320700.28,230050.1,276482.03,321233.25,215233.45,130861.12,202548.02,293043.28,384127.03,243317.12,243317.33,293043.4,272500.66,293022.66,243316.56,268414.16,169286.67,301157.22,243317.67,243311.08,243318.11,293057.2,243318.06,233615.86,220336.11,225957.95,306598.12,265976.2,220544.83,220346.4,219597.78,244886.88,209051.31,293033.12,172779.1,268332.72,293033.2,142873.25,293033.12,243319.7,206879.42,268332.62,293033.38,268333.38,293033.38,243318.31,243320.55,257249.25,392679.7,313486.66,151542.34,157960.45,187769.73,247922.39,386781.66,164149.14,188947.67,292999.22,292999.53,268322.62,292999.25,289502.6,166420.47,243228.14,268368.03,292999.22,268368.78,292999.66,243229.0,212008.55,243229.0,140437.03,291790.88,188355.52,243229.89,244865.28,221454.77,315225.28,183462.62,243231.52,136930.02,195000.56,234917.61,234954.33,293008.6,156403.62,243211.73,243211.78,268466.72,350883.8,243212.88,268468.12,268468.1,243212.89,293023.78,293022.06,268470.1,220378.17,198445.36,281373.56,229828.88,293000.38,220374.77,243294.83,243294.92,293004.12,243215.62,243376.34,268470.72,320726.75,198035.23,243376.42,243376.33,131428.03,293004.6,243377.44,268505.44,268470.34,253463.92,220368.67
4380,301438.56,242538.8,291893.1,268137.4,291893.12,291878.1,268144.88,291878.1,291893.66,268138.88,242544.62,268145.25,291897.5,268139.16,291893.7,291878.75,319070.47,177503.95,268140.44,291878.53,291879.12,242544.34,268140.5,291893.9,242539.97,242545.19,179605.98,197274.12,215621.36,242540.84,242542.84,291879.56,291880.06,189512.36,291879.75,291880.6,235034.81,268141.6,268143.56,291880.28,242529.5,242529.5,291880.3,242529.53,268143.16,268143.16,219969.34,214993.6,242531.16,291880.75,242529.83,242531.2,249052.45,268143.12,268144.53,144098.2,191421.61,204160.47,158822.47,192803.61,291881.03,268145.53,128300.19,242548.3,173572.92,242548.25,140027.06,242549.14,132937.81,242549.67,268146.22,243995.8,205599.4,268147.4,190728.4,268147.53,232363.81,211110.86,268147.5,291881.38,227129.11,219949.86,155460.12,139404.28,298561.03,244016.61,166016.08,125929.58,219949.92,268149.44,268150.12,155913.3,291881.72,242485.64,268149.84,242485.38,319088.06,207285.27,173910.52,242485.95,268149.78,242486.52,291881.8,188894.6,223300.44,232343.02,236111.89,206664.8,319107.4,214743.08,205770.78,148503.81,295876.97,156013.28,343114.5,225542.31,132864.73,190484.9,223819.52,145776.5,268070.8,219074.81,291887.62,242384.88,242385.47,209932.11,291887.72,242386.05,158216.14,268071.44,268072.25,291888.1,242386.66,150993.28,243191.06,184789.8,186757.88,188031.66,241758.11,297167.28,243700.03,222529.7,317385.1,191738.84,219787.78,219958.5,202882.58,136794.06,141800.83,233133.33,188040.22,216478.67,218194.17,216340.64,179683.48,219955.48,135613.64,215012.98,217135.8,243215.47,148496.47,218870.23,299895.62,219954.95,225664.66,222378.27,183393.72,319105.2,216094.34,219955.78,201438.2,167293.52,209166.0,219905.9,202133.05,319105.97,229448.7,276314.7,320330.5,215095.08,132627.98,202701.95,291908.16,381836.78,242475.19,242475.36,291908.34,271676.25,291887.94,242474.61,268081.12,169796.88,299896.0,242475.73,242469.19,242476.14,291921.72,242476.1,233772.25,219925.73,225758.67,305225.34,265415.8,220124.6,220372.16,219981.61,244011.56,208630.05,291898.22,173000.12,268000.88,291898.3,144089.98,291898.22,242477.75,207152.34,268000.78,291898.47,268001.56,291898.5,242476.36,242478.6,256579.44,390423.1,311999.8,152671.53,159106.81,188039.1,247728.12,384456.03,165216.53,189622.14,291865.06,291865.38,267990.72,291865.1,288717.03,166856.56,242389.94,268035.3,291865.06,268036.06,291865.5,242390.78,212417.52,242390.78,141794.1,290678.7,188794.36,242391.62,243989.95,221758.2,314161.78,183963.69,242393.28,139065.66,195250.44,234442.11,234601.98,291874.22,157347.64,242374.52,242374.58,268132.6,349440.0,242375.66,268134.03,268133.97,242375.67,291889.06,291887.34,268136.03,219967.14,198730.67,280430.34,229745.27,291865.97,219963.92,242453.92,242454.0,291869.66,242378.39,242531.72,268136.62,319131.62,197942.61,242531.8,242531.7,132128.47,291870.12,242532.8,268136.2,268136.16,252758.02,219958.19
4440,300344.44,241708.19,290774.16,267780.6,290774.22,290759.5,267788.1,290759.5,290774.75,267782.1,241714.0,267788.47,290778.5,267782.38,290774.78,290760.2,317501.6,178058.42,267783.66,290759.97,290760.56,241713.72,267783.7,290775.0,241709.36,241714.55,180140.1,197201.44,215681.0,241710.22,241712.23,290760.97,290761.47,189487.92,290761.16,290762.0,234337.45,267784.8,267786.78,290761.7,241699.11,241699.11,290761.72,241699.14,267786.38,267786.38,219565.19,214454.4,241700.75,290762.16,241699.44,241700.8,248304.05,267786.3,267787.75,145350.83,192167.78,203871.06,159947.94,192874.61,290762.47,267788.75,129102.45,241718.08,174612.31,241718.03,141370.58,241718.92,133677.86,241719.44,267789.47,243134.12,205649.03,267790.66,191221.95,267790.75,231923.11,210988.7,267790.75,290762.78,226689.98,219546.52,156631.14,140244.33,297336.2,243154.94,166849.81,126601.03,219546.58,267792.7,267793.38,157091.05,290763.12,241657.06,267793.06,241656.73,317518.84,208056.58,174479.48,241657.31,267793.03,241657.88,290763.22,189140.45,223453.2,231891.27,236229.77,206537.19,317537.6,214177.9,205988.23,149721.16,294695.1,157144.55,341560.34,225317.7,133845.3,190642.8,223504.52,146757.03,267714.9,219356.9,290768.94,241560.53,241561.12,209624.8,290769.0,241561.67,158849.44,267715.53,267716.28,290769.38,241562.31,151899.4,242347.78,185461.02,187034.33,188292.64,240947.08,295964.0,243153.78,222747.95,315848.2,192001.1,219394.64,219554.67,203176.84,138366.72,143163.34,233605.3,188301.27,216749.44,218496.2,216385.19,180521.56,219551.86,136390.56,214705.11,216941.17,242372.16,149457.84,219090.69,298650.03,219551.31,225193.06,222202.56,184009.8,317535.44,216485.48,219552.16,201246.98,168265.02,209363.22,219502.86,202739.73,317536.22,228856.97,276150.25,319444.25,214946.48,134091.4,202841.66,290789.06,379573.03,241647.28,241647.4,290789.22,270848.03,290769.22,241646.7,267725.22,170315.53,298650.38,241647.83,241641.3,241648.2,290802.3,241648.17,233898.17,219522.31,225542.33,303874.12,264854.75,219711.34,220399.52,220337.5,243150.02,208221.98,290779.34,173276.33,267646.16,290779.44,145314.92,290779.34,241649.83,207396.8,267646.06,290779.62,267646.84,290779.62,241648.45,241650.66,255901.1,388207.4,310536.6,153767.52,160233.61,188300.14,247523.0,382156.72,166262.19,190323.9,290746.88,290747.2,267635.97,290746.9,287922.53,167312.2,241565.55,267679.78,290746.88,267680.53,290747.3,241566.39,212795.0,241566.39,143155.88,289581.7,189217.36,241567.2,243128.36,222038.73,313089.6,184451.31,241568.88,140752.1,195487.0,233962.47,234236.05,290755.8,158260.2,241551.06,241551.12,267775.7,348022.53,241552.2,267777.16,267777.06,241552.2,290770.34,290768.62,267779.16,219563.03,198998.02,279490.16,229633.48,290747.6,219560.03,241626.97,241627.06,290751.2,241554.94,241701.27,267779.72,317561.12,197847.62,241701.36,241701.25,132818.58,290751.66,241702.33,267748.53,267779.16,252048.55,219554.62
4500,299252.97,240891.36,289670.78,267404.28,289670.8,289656.4,267411.78,289656.4,289671.34,267405.78,240897.14,267412.16,289675.06,267406.06,289671.4,289657.1,315957.03,178604.12,267407.34,289656.88,289657.47,240896.86,267407.38,289671.62,240892.53,240897.69,180663.81,197124.03,215717.53,240893.39,240895.38,289657.9,289658.4,189497.73,289658.1,289658.94,233651.66,267408.5,267410.47,289658.62,240882.47,240882.48,289658.66,240882.52,267410.06,267410.06,219168.95,213936.02,240884.11,289659.1,240882.8,240884.16,247553.9,267410.03,267411.44,146538.8,192885.92,203588.38,161042.16,192939.27,289659.38,267412.44,129967.164,240901.58,175629.53,240901.52,142706.8,240902.42,134404.94,240902.94,267413.16,242286.27,205688.08,267414.3,191694.5,267414.44,231476.88,210862.39,267414.4,289659.72,226252.11,219151.08,157783.69,141065.14,296127.12,242307.11,167654.08,127350.98,219151.16,267416.34,267417.06,158258.06,289660.06,240842.11,267416.75,240841.75,315973.94,208804.31,175043.64,240842.31,267416.7,240842.88,289660.16,189377.64,223566.94,231435.78,236338.45,206409.83,315992.12,213635.03,206181.22,150935.84,293528.8,158278.52,340010.72,225079.81,134849.28,190792.83,223194.86,147709.36,267339.5,219610.03,289665.75,240749.61,240750.2,209326.83,289665.8,240750.73,159528.58,267340.12,267340.84,289666.2,240751.39,152818.7,241518.08,186108.42,187303.61,188545.12,240149.19,294776.6,242600.6,222923.11,314334.62,192251.83,219010.3,219158.75,203445.97,139624.47,144476.1,234059.39,188553.81,216979.08,218753.25,216405.11,181334.72,219156.16,137152.56,214399.92,216740.89,241542.4,150391.81,219270.77,297420.16,219155.61,224742.12,222008.94,184602.92,315990.0,216878.72,219156.45,201078.66,169265.33,209532.88,219107.78,203318.94,315990.78,228275.5,275984.56,318571.3,214788.44,135314.25,202967.86,289685.5,377335.9,240832.94,240833.05,289685.62,270016.97,289666.03,240832.38,267349.8,170840.4,297420.5,240833.5,240827.0,240833.83,289698.44,240833.83,233995.64,219126.84,225310.45,302544.06,264293.28,219305.8,220401.92,220667.33,242302.28,207826.81,289676.0,173600.8,267271.9,289676.1,146544.95,289676.0,240835.48,207614.45,267271.8,289676.28,267272.6,289676.28,240834.11,240836.31,255214.52,386033.2,309096.5,154831.86,161340.52,188552.7,247307.8,379883.72,167286.03,191047.36,289644.2,289644.5,267261.72,289644.22,287119.88,167784.55,240754.55,267304.75,289644.2,267305.5,289644.62,240755.39,213142.34,240755.39,144468.23,288499.44,189624.95,240756.17,242280.62,222296.11,312010.78,184925.62,240757.86,142114.58,195710.64,233480.34,233857.72,289652.9,159142.95,240740.95,240741.02,267399.3,346629.66,240742.08,267400.78,267400.7,240742.1,289667.16,289665.44,267402.75,219166.89,199247.48,278553.5,229495.52,289644.7,219164.08,240813.55,240813.64,289648.22,240744.8,240884.53,267403.3,316014.97,197750.84,240884.62,240884.52,133500.97,289648.7,240885.53,267345.56,267402.7,251330.83,219159.0
4560,298166.25,240088.14,288582.28,267011.6,288582.34,288568.22,267019.1,288568.22,288582.88,267013.12,240093.89,267019.47,288586.5,267013.38,288582.94,288568.9,314436.06,179140.52,267014.66,288568.7,288569.28,240093.61,267014.72,288583.16,240089.3,240094.44,181176.78,197042.8,215732.4,240090.16,240092.14,288569.72,288570.22,189540.39,288569.9,288570.75,232977.4,267015.8,267017.78,288570.44,240079.45,240079.45,288570.47,240079.48,267017.38,267017.38,218781.67,213437.3,240081.08,288570.9,240079.77,240081.11,246806.92,267017.4,267018.75,147664.75,193576.83,203312.47,162106.4,192998.06,288571.2,267019.75,130878.22,240098.66,176624.27,240098.6,144001.45,240099.48,135121.7,240100.0,267020.44,241452.03,205718.12,267021.62,192146.84,267021.72,231025.92,210733.66,267021.72,288571.53,225815.81,218764.56,158917.33,141869.23,294933.7,241472.89,168430.44,128169.414,218764.62,267023.66,267024.34,159413.28,288571.88,240040.67,267024.03,240040.28,314452.66,209527.53,175602.06,240040.84,267024.0,240041.39,288571.97,189606.1,223644.0,230977.17,236441.14,206282.7,314470.3,213113.28,206351.19,152145.98,292377.8,159397.33,338466.97,224829.64,135861.47,190935.3,222891.73,148635.8,266947.8,219837.64,288577.44,239952.0,239952.6,209037.7,288577.5,239953.11,160234.31,266948.4,266949.12,288577.88,239953.77,153733.55,240701.84,186732.77,187565.39,188789.03,239364.75,293604.78,242042.0,223057.9,312844.66,192491.23,218635.58,218771.75,203691.28,140661.03,145717.89,234493.7,188797.75,217170.12,218968.1,216402.06,182123.52,218769.38,137902.31,214097.38,216535.45,240726.16,151300.42,219433.64,296205.97,218768.83,224308.67,221819.45,185174.12,314468.25,217274.36,218769.67,200934.33,170275.08,209676.69,218721.69,203871.16,314469.06,227704.55,275814.62,317709.28,214621.64,136345.75,203081.25,288596.88,375125.47,240032.11,240032.19,288596.94,269183.8,288577.72,240031.55,266958.06,171369.6,296206.28,240032.67,240026.19,240032.97,288609.5,240033.0,234067.42,218740.38,225064.28,301234.12,263731.4,218908.83,220399.33,220971.58,241468.16,207444.12,288587.6,173963.88,266881.28,288587.7,147777.2,288587.6,240034.64,207806.83,266881.2,288587.84,266881.94,288587.88,240033.27,240035.47,254521.98,383900.38,307678.84,155866.22,162427.25,188796.66,247082.45,377637.16,168288.1,191784.58,288556.38,288556.7,266871.16,288556.4,286312.53,168270.97,239956.86,266913.4,288556.38,266914.16,288556.8,239957.7,213461.64,239957.7,145709.89,287431.28,190017.47,239958.48,241446.48,222530.47,310927.4,185386.58,239960.17,143251.81,195921.72,232997.06,233468.02,288564.88,159997.55,239944.11,239944.17,267006.6,345259.78,239945.23,267008.06,267007.97,239945.23,288578.9,288577.16,267010.03,218779.69,199480.52,277620.38,229333.08,288556.7,218777.1,240013.58,240013.67,288560.16,239947.94,240081.42,267010.6,314492.56,197652.83,240081.52,240081.4,134177.94,288560.62,240082.47,266930.3,267009.9,250610.84,218772.31
4620,297084.34,239298.33,287508.25,266605.34,287508.28,287494.4,266612.78,287494.44,287508.8,266606.84,239304.05,266613.12,287512.4,266607.1,287508.88,287495.12,312938.53,179667.1,266608.38,287494.9,287495.5,239303.78,266608.4,287509.1,239299.47,239304.6,181678.72,196958.5,215726.97,239300.33,239302.3,287495.9,287496.44,189612.61,287496.12,287496.97,232314.89,266609.53,266611.47,287496.66,239289.83,239289.83,287496.7,239289.86,266611.06,266611.06,218404.08,212957.12,239291.44,287497.12,239290.16,239291.48,246062.16,266611.12,266612.44,148734.16,194241.28,203043.38,163141.98,193051.4,287497.4,266613.4,131822.5,239309.11,177596.53,239309.06,145237.72,239309.95,135830.42,239310.45,266614.12,240631.3,205739.89,266615.28,192579.72,266615.38,230571.03,210603.27,266615.38,287497.75,225381.44,218387.7,160031.69,142658.81,293755.75,240652.17,169180.05,129044.64,218387.77,266617.28,266617.97,160555.8,287498.1,239252.53,266617.66,239252.12,312954.8,210225.88,176153.8,239252.69,266617.62,239253.25,287498.2,189825.84,223686.73,230516.06,236538.97,206155.8,312971.97,212611.53,206499.53,153349.89,291241.8,160490.47,336930.5,224568.22,136872.84,191070.5,222605.61,149538.33,266542.53,220051.62,287503.53,239167.52,239168.1,208756.94,287503.6,239168.61,160952.11,266543.12,266543.8,287504.0,239169.27,154633.6,239898.94,187334.77,187819.36,189024.25,238593.33,292448.3,241479.36,223154.83,311377.22,192719.48,218270.9,218394.42,203914.11,141542.05,146885.22,234907.14,189033.02,217324.94,219143.27,216377.58,182888.45,218392.27,138642.03,213797.47,216325.44,239923.2,152185.53,219596.38,295007.4,218391.72,223894.05,221650.17,185723.52,312969.94,217670.55,218392.55,200813.47,171279.81,209796.3,218345.31,204397.45,312970.75,227144.64,275638.16,316856.28,214446.8,137228.42,203182.47,287522.62,372941.66,239244.56,239244.64,287522.72,268349.56,287503.8,239244.0,266552.72,171901.53,295007.7,239245.12,239238.67,239245.4,287535.0,239245.44,234114.19,218363.61,224805.1,299943.94,263169.12,218521.17,220400.19,221251.44,240647.56,207073.55,287513.6,174356.12,266477.0,287513.66,149009.08,287513.6,239247.08,207975.36,266476.9,287513.84,266477.7,287513.88,239245.72,239247.9,253824.8,381808.5,306283.28,156872.25,163493.6,189031.94,246847.6,375417.2,169268.38,192527.38,287482.97,287483.28,266466.94,287483.0,285501.0,168769.42,239172.3,266508.44,287482.97,266509.2,287483.4,239173.14,213753.48,239173.14,146877.23,286376.78,190395.3,239173.9,240625.86,222744.72,309841.44,185834.25,239175.6,144233.47,196120.62,232513.86,233068.08,287491.28,160825.58,239160.33,239160.4,266600.3,343911.56,239161.45,266601.78,266601.66,239161.45,287505.03,287503.28,266603.72,218402.17,199697.9,276691.22,229147.97,287483.06,218399.81,239226.84,239226.94,287486.47,239164.14,239291.72,266604.28,312993.6,197553.98,239291.81,239291.7,134851.45,287486.94,239292.81,266504.5,266603.53,249888.38,218395.31
4680,296010.06,238521.72,286448.06,266187.84,286448.12,286434.5,266195.2,286434.5,286448.66,266189.34,238527.42,266195.56,286452.16,266189.6,286448.72,286435.22,311464.0,180183.44,266190.84,286435.0,286435.6,238527.14,266190.88,286448.9,238522.88,238527.95,182169.36,196871.81,215702.56,238523.72,238525.69,286436.0,286436.53,189710.03,286436.2,286437.06,231664.3,266191.97,266193.9,286436.75,238513.4,238513.42,286436.78,238513.45,266193.5,266193.5,218036.69,212494.48,238515.03,286437.22,238513.73,238515.06,245321.02,266193.6,266194.84,149753.08,194880.19,202781.06,164150.22,193099.69,286437.5,266195.8,132789.61,238532.77,178546.5,238532.7,146409.75,238533.6,136533.0,238534.1,266196.53,239823.92,205754.11,266197.66,192993.84,266197.78,230113.0,210471.88,266197.75,286437.84,224949.25,218021.02,161126.45,143435.7,292593.06,239844.83,169904.45,129965.016,218021.08,266199.66,266200.34,161684.84,286438.2,238477.53,266200.03,238477.11,311479.94,210899.3,176698.27,238477.67,266200.0,238478.22,286438.28,190036.9,223697.3,230053.05,236631.72,206029.1,311496.66,212128.69,206627.5,154545.98,290120.44,161552.08,335402.5,224296.53,137878.05,191198.69,222323.42,150418.7,266126.06,220240.84,286443.5,238395.95,238396.55,208484.08,286443.56,238397.05,161671.42,266126.66,266127.3,286443.97,238397.7,155513.0,239109.19,187915.08,188065.33,189250.78,237834.8,291306.9,240914.22,223216.23,309932.66,192936.78,217916.42,218027.27,204115.67,142314.02,147982.8,235299.14,189259.58,217445.75,219281.2,216333.12,183630.06,218025.33,139373.56,213500.16,216111.28,239133.42,153048.84,219722.7,293824.28,218024.8,223496.34,221463.3,186252.62,311494.7,218064.36,218025.61,200714.22,172269.33,209893.19,217979.19,204899.1,311495.47,226595.98,275453.62,316010.8,214264.5,137998.4,203272.12,286462.3,370784.47,238470.11,238470.19,286462.38,267515.2,286443.8,238469.56,266136.12,172434.36,293824.56,238470.67,238464.27,238470.95,286474.4,238470.98,234139.1,217997.1,224534.08,298672.8,262606.66,218143.4,220377.92,221508.6,239840.31,206714.67,286453.47,174768.78,266061.47,286453.56,150238.25,286453.47,238472.62,208121.44,266061.38,286453.72,266062.12,286453.75,238471.27,238473.44,253124.36,379756.84,304909.1,157851.61,164539.38,189258.52,246604.03,373223.94,170226.9,193268.19,286423.4,286423.72,266051.53,286423.44,284688.56,169276.73,238400.69,266092.28,286423.4,266093.03,286423.84,238401.52,214020.67,238401.52,147974.89,285335.44,190758.75,238402.28,239818.58,222938.83,308754.66,186268.72,238403.97,145107.2,196307.72,232031.95,232658.86,286431.53,161628.6,238389.45,238389.52,266182.84,342583.75,238390.56,266184.28,266184.16,238390.58,286445.06,286443.3,266186.22,218034.88,199900.42,275766.53,228941.83,286423.3,218032.73,238453.17,238453.25,286426.66,238393.25,238515.23,266186.75,311517.72,197454.7,238515.33,238515.22,135523.06,286427.12,238516.36,266070.25,266185.94,249165.22,218028.52
4740,294941.3,237758.11,285401.34,265760.7,285401.4,285388.03,265767.97,285388.03,285401.94,265762.2,237763.78,265768.3,285405.4,265762.44,285402.0,285388.75,310012.1,180689.22,265763.66,285388.53,285389.12,237763.5,265763.72,285402.22,237759.25,237764.31,182648.5,196783.3,215660.42,237760.1,237762.05,285389.53,285390.06,189828.11,285389.75,285390.6,231025.69,265764.78,265766.7,285390.28,237749.98,237750.0,285390.3,237750.03,265766.28,265766.28,217679.66,212048.42,237751.6,285390.75,237750.31,237751.62,244583.97,265766.38,265767.62,150727.28,195494.33,202525.5,165134.83,193143.25,285391.06,265768.56,133771.38,237769.38,179480.25,237769.31,147518.14,237770.2,137231.02,237770.7,265769.28,239029.75,205761.5,265770.4,193389.88,265770.5,229652.28,210339.97,265770.47,285391.38,224519.45,217664.67,162201.31,144201.48,291445.38,239050.69,170605.11,130919.81,217664.73,265772.34,265773.03,162802.11,285391.75,237715.42,265772.72,237715.02,310027.75,211555.66,177234.95,237715.56,265772.7,237716.11,285391.84,190239.34,223677.88,229588.62,236718.31,205902.55,310044.0,211663.69,206736.39,155733.56,289013.47,162579.31,333884.1,224015.48,138873.92,191320.12,222054.48,151278.58,265699.97,220415.9,285396.94,237637.14,237637.72,208218.67,285397.0,237638.22,162384.8,265700.56,265701.22,285397.38,237638.88,156368.67,238332.4,188474.39,188303.12,189468.62,237088.92,290180.28,240348.12,223244.42,308509.66,193143.38,217571.98,217670.45,204297.14,143010.11,149018.34,235680.05,189477.44,217534.77,219384.28,216270.0,184348.86,217668.73,140098.38,213205.45,215893.47,238356.61,153892.08,219851.48,292656.44,217668.22,223114.66,221297.1,186762.34,310042.1,218452.47,217669.02,200634.16,173236.66,209968.84,217623.45,205376.7,310042.88,226058.66,275264.1,315171.16,214075.4,138685.25,203350.8,285415.44,368653.84,237708.55,237708.61,285415.5,266682.03,285397.22,237708.0,265709.9,172966.81,292656.72,237709.11,237702.72,237709.38,285427.28,237709.42,234143.95,217640.98,224252.19,297420.3,262044.1,217775.88,220363.8,221743.7,239046.27,206367.08,285406.84,175194.38,265636.25,285406.9,151462.75,285406.8,237711.05,208246.36,265636.16,285407.1,265636.94,285407.12,237709.7,237711.86,252422.08,377724.25,303555.88,158806.52,165564.45,189476.4,246351.92,371057.38,171163.81,194000.52,285377.28,285377.6,265626.47,285377.3,283874.03,169791.28,237641.8,265666.5,285377.28,265667.22,285377.72,237642.62,214264.83,237642.62,149010.56,284306.97,191108.23,237643.38,239024.52,223114.16,307668.53,186690.06,237645.06,145905.5,196483.39,231552.34,232241.36,285385.25,162408.16,237631.27,237631.33,265755.72,341268.75,237632.38,265757.12,265757.03,237632.39,285398.53,285396.78,265759.06,217677.97,200088.88,274847.1,228716.2,285377.0,217676.05,237692.33,237692.4,285380.3,237635.03,237751.73,265759.56,310064.56,197355.33,237751.83,237751.72,136193.94,285380.78,237752.89,265628.22,265758.75,248442.38,217672.1
4800,293881.88,237007.28,284367.62,265326.6,284367.7,284354.53,265333.7,284354.56,284368.22,265328.03,237012.92,265334.03,284371.62,265328.28,284368.28,284355.25,308582.3,181184.14,265329.5,284355.03,284355.62,237012.66,265329.53,284368.5,237008.42,237013.45,183116.05,196693.45,215601.78,237009.27,237011.2,284356.06,284356.6,189962.16,284356.25,284357.12,230399.23,265330.6,265332.44,284356.8,236999.34,236999.36,284356.84,236999.39,265332.06,265332.06,217332.92,211617.97,237000.94,284357.28,236999.67,237000.98,243851.45,265332.16,265333.34,151662.11,196084.53,202276.58,166099.78,193182.42,284357.6,265334.28,134761.5,237018.75,180386.81,237018.7,148567.05,237019.58,137925.78,237020.08,265334.97,238248.61,205763.03,265336.06,193768.48,265336.16,229189.7,210208.11,265336.16,284357.9,224092.3,217318.56,163256.08,144959.16,290312.47,238269.58,171284.1,131899.42,217318.62,265337.97,265338.66,163903.1,284358.28,236966.05,265338.34,236965.62,308597.7,212176.19,177763.56,236966.17,265338.3,236966.72,284358.38,190433.25,223630.38,229123.33,236797.98,205776.12,308613.5,211215.55,206827.27,156910.95,287920.47,163571.2,332370.03,223725.95,139858.69,191435.05,221788.08,152122.03,265266.9,220567.81,284363.34,236890.88,236891.45,207960.3,284363.4,236891.95,163087.19,265267.47,265268.1,284363.8,236892.61,157199.3,237568.42,189013.3,188532.67,189677.81,236355.5,289068.1,239781.86,223241.53,307108.66,193339.48,217237.3,217323.89,204459.98,143653.98,150000.19,236024.95,189686.66,217593.92,219454.66,216189.61,185045.38,217322.39,140818.16,212913.28,215672.36,237592.6,154720.47,219946.48,291503.66,217321.89,222747.5,221113.95,187253.94,308611.62,218831.98,217322.66,200570.53,174177.31,210024.55,217277.98,205831.34,308612.44,225532.83,275060.16,314334.4,213880.02,139312.42,203419.02,284381.56,366526.3,236959.67,236959.73,284381.62,265849.9,284363.62,236959.12,265276.62,173497.78,291503.94,236960.23,236953.88,236960.5,284393.2,236960.55,234131.11,217295.14,223960.56,296185.8,261481.58,217418.62,220327.58,221958.06,238265.27,206030.36,284373.2,175626.7,265203.94,284373.28,152680.94,284373.2,236962.16,208351.56,265203.84,284373.44,265204.6,284373.47,236960.81,236962.97,251719.0,375733.88,302223.0,159743.1,166568.75,189685.64,246091.9,368903.38,172079.16,194719.14,284344.12,284344.44,265194.38,284344.16,283061.75,170311.14,236895.47,265233.7,284344.12,265234.4,284344.56,236896.3,214488.1,236896.3,149992.55,283290.84,191444.39,236897.05,238243.48,223270.86,306583.5,187098.61,236898.72,146650.67,196647.97,231075.78,231816.47,284351.94,163167.67,236885.6,236885.66,265321.56,339969.84,236886.69,265322.97,265322.84,236886.7,284365.03,284363.28,265324.8,217331.31,200264.1,273932.72,228472.45,284343.66,217329.62,236944.14,236944.22,284346.9,236889.34,237001.02,265325.34,308633.53,197256.1,237001.12,237001.0,136864.98,284347.38,237002.19,265180.22,265324.38,247720.36,217325.94
4860,292828.44,236269.14,283345.72,264886.44,283345.78,283332.8,264893.38,283332.8,283346.34,264887.88,236274.81,264893.7,283349.7,264888.1,283346.38,283333.56,307168.6,181668.0,264889.28,283333.3,283333.94,236274.48,264889.3,283346.62,236270.27,236275.28,183571.89,196602.7,215527.77,236271.11,236273.05,283334.38,283334.9,190108.27,283334.56,283335.47,229784.77,264890.34,264892.12,283335.12,236261.4,236261.4,283335.2,236261.44,264891.78,264891.75,216996.27,211202.28,236262.98,283335.62,236261.72,236263.03,243126.06,264891.88,264893.03,152561.9,196657.94,202034.19,167030.39,193217.47,283335.94,264893.94,135754.3,236280.83,181270.97,236280.77,149561.94,236281.64,138618.38,236282.14,264894.6,237480.31,205758.83,264895.66,194131.03,264895.75,228725.66,210076.48,264895.75,283336.28,223667.95,216982.53,164290.53,145706.69,289193.5,237501.3,171942.39,132895.83,216982.6,264897.53,264898.16,164988.36,283336.62,236229.3,264897.88,236228.88,307183.7,212776.14,178283.98,236229.42,264897.84,236229.97,283336.75,190618.75,223556.75,228657.62,236869.44,205649.8,307199.0,210783.34,206901.27,158076.56,286840.75,164527.78,330864.84,223428.75,140830.69,191543.7,221534.12,152946.14,264827.8,220708.22,283341.56,236157.1,236157.66,207708.55,283341.62,236158.16,163775.27,264828.34,264828.97,283342.03,236158.81,158004.6,236817.11,189534.98,188753.89,189878.45,235634.58,287969.22,239219.52,223209.6,305718.34,193525.34,216912.05,216987.42,204604.84,144262.61,150935.77,236349.7,189887.3,217625.22,219494.45,216093.03,185725.61,216986.11,141533.45,212623.66,215448.33,236841.27,155526.25,220046.23,290365.38,216985.62,222394.36,220951.7,187728.6,307197.2,219200.47,216986.38,200520.83,175088.55,210061.61,216942.62,206271.95,307198.0,225018.33,274843.97,313500.3,213678.9,139898.0,203477.36,283359.6,364429.03,236223.42,236223.45,283359.6,265029.56,283341.84,236222.88,264837.25,174026.34,290365.66,236223.98,236217.67,236224.2,283371.0,236224.3,234102.2,216959.4,223659.98,294967.38,260918.75,217071.67,220300.39,222153.03,237497.1,205704.08,283351.47,176060.8,264765.5,283351.56,153890.86,283351.47,236225.9,208438.08,264765.4,283351.72,264766.12,283351.75,236224.56,236226.7,251022.73,373783.4,300906.38,160648.38,167553.05,189886.3,245824.27,366769.6,172975.58,195420.03,283322.78,283323.12,264756.2,283322.84,282250.5,170834.64,236161.64,264794.78,283322.8,264795.5,283323.25,236162.45,214692.3,236162.45,150928.25,282287.7,191767.2,236163.2,237475.28,223412.61,305499.72,187494.34,236164.86,147358.08,196801.86,230603.69,231385.52,283330.62,163905.2,236152.38,236152.44,264881.34,338688.0,236153.44,264882.72,264882.62,236153.45,283343.56,283341.75,264884.53,216994.77,200426.67,273036.34,228212.31,283322.38,216993.27,236208.53,236208.61,283325.6,236156.1,236263.03,264885.03,307218.47,197157.25,236263.12,236263.02,137536.88,283326.06,236264.2,264726.62,264883.9,247005.19,216989.84
4920,291783.12,235543.64,282333.88,264437.72,282333.97,282321.22,264444.62,282321.22,282334.53,264439.25,235549.23,264444.97,282337.8,264439.38,282334.6,282322.0,305773.94,182152.69,264440.56,282321.78,282322.4,235548.95,264440.62,282334.78,235544.73,235549.72,184021.86,196520.8,215439.47,235545.6,235547.52,282322.84,282323.38,190262.66,282323.03,282323.94,229182.03,264441.62,264443.4,282323.6,235536.1,235536.1,282323.66,235536.12,264443.06,264443.03,216667.6,210794.47,235537.66,282324.1,235536.4,235537.7,242404.2,264443.16,264444.3,153432.05,197198.78,201804.53,167939.44,193254.08,282324.4,264445.2,136747.22,235555.48,182134.08,235555.44,150513.0,235556.3,139309.27,235556.78,264445.9,236725.16,205749.38,264446.9,194477.83,264447.0,228261.05,209944.44,264447.0,282324.78,223247.06,216654.45,165304.94,146446.36,288088.6,236745.98,172587.8,133902.64,216654.52,264448.75,264449.38,166057.6,282325.12,235505.1,264449.1,235504.66,305788.75,213352.94,178803.16,235505.22,264449.0,235505.75,282325.25,190797.47,223458.44,228192.12,236928.94,205525.17,305803.6,210366.58,206959.67,159229.52,285773.2,165451.88,329370.44,223124.83,141791.28,191649.97,221282.05,153754.95,264380.3,220827.67,282329.9,235435.7,235436.28,207464.17,282330.0,235436.77,164448.11,264380.84,264381.4,282330.38,235437.4,158786.86,236078.44,190035.69,188968.83,190072.67,234925.56,286884.1,238656.12,223150.3,304351.1,193702.77,216592.95,216658.89,204732.94,144848.97,151834.55,236654.72,190081.53,217630.42,219505.45,215982.02,186376.77,216657.77,142244.55,212337.36,215222.23,236102.53,156318.4,220114.34,289241.47,216657.3,222053.94,220772.61,188189.62,305801.8,219553.25,216658.02,200481.61,175970.1,210081.56,216615.3,206679.73,305802.66,224514.36,274617.84,312673.0,213474.0,140456.0,203526.23,282347.7,362361.38,235499.61,235499.66,282347.72,264195.6,282330.22,235499.06,264389.66,174555.72,289241.75,235500.16,235493.89,235500.4,282358.84,235500.47,234062.14,216631.67,223351.78,293764.22,260355.64,216735.4,220252.06,222329.56,236741.86,205391.28,282339.75,176493.17,264318.84,282339.8,155090.77,282339.72,235502.06,208507.02,264318.75,282340.0,264319.47,282340.03,235500.73,235502.86,250318.25,371857.3,299607.9,161535.34,168516.27,190080.55,245549.67,364662.88,173848.52,196099.75,282311.56,282311.9,264309.62,282311.62,281440.28,171361.4,235440.14,264347.56,282311.6,264348.25,282312.03,235440.95,214886.28,235440.95,151827.16,281289.38,192080.64,235441.69,236720.19,223535.28,304417.3,187884.34,235443.34,148040.12,196946.36,230134.88,230948.3,282319.2,164627.4,235431.44,235431.5,264432.78,337426.3,235432.52,264434.16,264434.06,235432.53,282331.84,282330.1,264435.97,216666.19,200578.14,272125.72,227936.4,282310.9,216664.92,235485.33,235485.4,282314.06,235435.14,235537.55,264436.44,305822.56,197062.77,235537.69,235537.53,138209.9,282314.53,235538.73,264267.16,264435.38,246286.9,216661.77
4980,290747.47,234830.12,281335.44,263982.9,281335.47,281323.03,263989.66,281323.03,281336.0,263984.34,234835.62,263989.97,281339.3,263984.53,281336.12,281323.78,304402.75,182623.56,263985.62,281323.56,281324.12,234835.38,263985.72,281336.34,234831.22,234836.17,184460.86,196436.05,215337.9,234832.02,234833.94,281324.62,281325.12,190422.17,281324.8,281325.72,228590.64,263986.72,263988.5,281325.38,234822.75,234822.75,281325.44,234822.78,263988.12,263988.12,216347.66,210403.73,234824.31,281325.84,234823.06,234824.34,241688.55,263988.25,263989.38,154275.11,197720.45,201579.22,168828.81,193286.06,281326.2,263990.25,137736.17,234842.12,182977.5,234842.06,151420.3,234842.92,139998.92,234843.4,263990.9,235982.16,205735.39,263991.88,194808.14,263992.03,227795.92,209812.77,263991.97,281326.53,222829.11,216335.03,166298.83,147179.17,286997.38,236003.16,173205.6,134914.28,216335.1,263993.75,263994.34,167110.77,281326.9,234792.81,263994.1,234792.39,304417.28,213907.44,179304.36,234792.94,263994.03,234793.47,281326.97,190968.53,223337.58,227726.97,236976.6,205399.4,304431.75,209960.69,207003.08,160368.7,284719.34,166342.47,327888.7,222814.73,142738.05,191750.39,221041.73,154547.39,263926.6,220936.81,281331.6,234726.11,234726.67,207223.75,281331.62,234727.16,165103.7,263927.1,263927.72,281332.06,234727.8,159544.92,235351.83,190516.89,189174.48,190258.0,234228.3,285812.28,238094.31,223065.72,303011.84,193869.98,216282.84,216339.05,204845.6,145420.88,152698.67,236940.12,190266.88,217611.34,219489.81,215857.02,187008.66,216338.08,142952.28,212051.7,214993.69,235375.95,157095.19,220188.73,288131.66,216337.62,221725.89,220614.38,188633.78,304430.0,219889.34,216338.33,200450.88,176820.12,210085.22,216296.61,207068.11,304430.84,224021.0,274381.56,311847.84,213263.33,140996.66,203566.47,281349.03,360322.25,234787.75,234787.83,281349.12,263370.66,281331.9,234787.17,263935.8,175077.64,288131.9,234788.3,234782.08,234788.58,281359.94,234788.55,234002.72,216312.6,223036.45,292588.3,259793.6,216406.17,220213.64,222488.97,235999.12,205086.69,281341.34,176920.69,263865.94,281341.44,156279.34,281341.38,234790.19,208559.62,263865.84,281341.66,263866.56,281341.66,234788.86,234790.97,249616.98,369975.56,298348.28,162403.6,169458.14,190265.89,245268.16,362585.1,174699.77,196755.9,281313.78,281314.12,263856.88,281313.84,280631.66,171889.11,234730.45,263894.03,281313.8,263894.75,281314.25,234731.27,215052.05,234731.27,152691.42,280307.66,192382.69,234731.94,235977.33,223642.84,303338.75,188260.84,234733.64,148702.61,197080.61,229669.64,230506.1,281321.16,165328.44,234722.3,234722.36,263978.1,336175.94,234723.38,263979.44,263979.28,234723.39,281333.66,281331.84,263981.2,216346.34,200719.16,271225.0,227646.6,281312.8,216345.23,234774.0,234774.11,281315.9,234725.92,234824.11,263981.62,304450.28,196969.97,234824.22,234824.1,138884.22,281316.38,234825.28,263801.56,263980.62,245571.77,216342.34
5040,289721.62,234129.44,280345.88,263522.25,280345.88,280333.66,263528.8,280333.7,280346.44,263523.47,234134.88,263529.12,280349.72,263523.8,280346.5,280334.3,303053.38,183081.47,263524.88,280334.16,280334.75,234134.67,263524.9,280346.78,234130.61,234135.48,184888.38,196349.77,215224.28,234131.38,234133.27,280335.16,280335.75,190584.27,280335.38,280336.3,228011.03,263525.94,263527.66,280336.0,234122.23,234122.23,280336.03,234122.28,263527.28,263527.28,216036.64,210027.03,234123.75,280336.47,234122.56,234123.84,240979.86,263527.4,263528.5,155093.25,198221.45,201358.94,169698.27,193314.33,280336.8,263529.38,138718.52,234141.58,183801.39,234141.52,152290.05,234142.36,140687.78,234142.83,263529.94,235252.22,205717.36,263531.03,195123.02,263531.12,227331.52,209681.92,263531.12,280337.12,222414.86,216024.47,167272.1,147905.28,285919.34,235273.28,173807.45,135926.05,216024.53,263532.78,263533.44,168147.64,280337.53,234093.3,263533.12,234092.89,303067.62,214440.27,179798.47,234093.39,263533.16,234093.92,280337.62,191131.73,223195.88,227263.23,237011.19,205273.05,303081.7,209568.72,207032.55,161493.7,283676.72,167200.98,326420.62,222499.66,143670.92,191845.19,220802.89,155324.95,263467.0,221026.61,280342.1,234029.14,234029.7,206988.84,280342.16,234030.17,165740.88,263467.53,263468.16,280342.6,234030.84,160279.77,234637.98,190979.9,189372.3,190435.58,233543.22,284753.03,237535.44,222957.89,301687.9,194028.1,215981.17,216028.1,204943.81,145984.36,153532.97,237206.25,190444.44,217569.62,219449.4,215719.11,187620.42,216027.3,143657.11,211768.61,214763.61,234662.0,157857.03,220232.94,287035.72,216026.86,221409.22,220439.58,189061.52,303080.0,220207.22,216027.53,200426.89,177638.25,210073.6,215986.8,207437.53,303080.84,223538.58,274134.9,311025.1,213047.73,141527.27,203598.19,280359.3,358310.88,234088.42,234088.56,280359.44,262549.53,280342.44,234087.92,263476.0,175594.05,287036.0,234089.0,234082.84,234089.31,280370.03,234089.28,233928.55,216002.4,222715.22,291404.53,259230.36,216085.84,220154.9,222629.2,235269.4,204791.1,280351.84,177340.88,263407.0,280351.94,157455.66,280351.84,234090.86,208597.16,263406.94,280352.12,263407.66,280352.16,234089.56,234091.64,248918.27,368132.12,297074.8,163252.92,170379.11,190443.48,244979.62,360536.4,175530.17,197386.6,280324.7,280325.0,263398.12,280324.7,279826.56,172415.7,234033.3,263434.7,280324.62,263435.38,280325.12,234034.1,215203.33,234034.08,153525.81,279332.5,192672.89,234034.81,235247.53,223734.42,302265.16,188625.03,234036.4,149351.12,197205.45,229208.97,230060.19,280331.88,166011.42,234025.61,234025.7,263517.47,334941.03,234026.72,263518.75,263518.62,234026.73,280344.25,280342.3,263520.5,216035.4,200849.8,270330.53,227344.39,280323.47,216034.45,234075.3,234075.38,280326.5,234029.25,234123.3,263520.94,303099.8,196877.55,234123.38,234123.27,139559.94,280327.03,234124.48,263330.4,263519.94,244861.39,216031.8
5100,288704.2,233439.06,279367.6,263056.44,279367.6,279355.56,263062.88,279355.6,279368.2,263057.6,233444.44,263063.2,279371.4,263057.97,279368.22,279356.22,301723.1,183526.98,263059.03,279356.0,279356.7,233444.3,263059.03,279368.53,233440.23,233445.1,185303.73,196262.73,215099.28,233441.02,233442.89,279357.1,279357.66,190746.77,279357.28,279358.22,227441.78,263060.03,263061.72,279357.88,233432.06,233432.08,279357.94,233432.11,263061.34,263061.34,215734.0,209662.92,233433.61,279358.4,233432.39,233433.66,240276.8,263061.47,263062.56,155888.98,198711.86,201143.78,170548.48,193338.94,279358.72,263063.4,139692.06,233451.36,184606.08,233451.3,153127.45,233452.16,141375.84,233452.62,263063.94,234533.8,205695.48,263065.06,195428.14,263065.12,226866.8,209551.92,263065.12,279359.03,222003.19,215722.28,168226.06,148625.1,284854.06,234554.94,174401.88,136933.97,215722.34,263066.75,263067.4,169167.89,279359.44,233404.11,263067.1,233403.73,301737.06,214952.02,180292.56,233404.23,263067.12,233404.77,279359.56,191287.11,223034.66,226799.86,237031.81,205146.55,301750.84,209190.4,207048.97,162603.78,282646.4,168028.98,324966.62,222179.28,144589.7,191934.3,220575.05,156088.94,263002.3,221107.88,279363.88,233342.36,233342.92,206759.39,279364.0,233343.39,166359.78,263002.84,263003.47,279364.38,233344.03,160992.8,233935.19,191434.64,189562.2,190605.23,232868.66,283706.12,236979.73,222828.33,300382.88,194176.92,215686.88,215725.55,205028.3,146543.36,154341.25,237453.38,190614.1,217506.73,219385.83,215569.06,188216.2,215724.89,144358.98,211488.11,214531.47,233959.19,158606.39,220284.83,285953.0,215724.47,221103.44,220285.28,189478.42,301749.2,220505.27,215725.11,200407.7,178424.84,210047.64,215685.34,207793.45,301750.0,223065.86,273878.16,310205.3,212827.89,142052.72,203622.42,279380.9,356326.6,233399.8,233399.94,279381.03,261733.8,279364.25,233399.3,263011.16,176109.92,285953.34,233400.34,233394.17,233400.67,279391.44,233400.67,233848.17,215700.58,222387.75,290246.2,258667.44,215774.05,220106.7,222751.88,234551.12,204504.11,279373.66,177752.03,262943.0,279373.72,158618.6,279373.6,233402.2,208620.52,262942.9,279373.88,262943.62,279373.94,233400.9,233402.98,248222.78,366323.44,295824.62,164084.52,171283.77,190613.16,244684.58,358516.06,176348.39,197990.66,279346.84,279347.12,262934.28,279346.84,279024.22,172941.75,233346.55,262970.22,279346.8,262970.84,279347.25,233347.36,215350.33,233347.34,154334.19,278370.28,192950.98,233348.11,234529.23,223812.67,301197.38,188976.84,233349.69,149989.44,197320.95,228752.83,229610.12,279353.88,166683.47,233339.36,233339.44,263051.75,333721.62,233340.47,263052.97,263052.88,233340.48,279366.12,279364.2,263054.66,215732.84,200970.28,269444.6,227030.11,279345.44,215732.03,233387.16,233387.2,279348.44,233343.02,233433.22,263055.16,301768.5,196785.42,233433.28,233433.2,140236.86,279348.97,233434.39,262855.28,263054.1,244154.78,215729.6
5160,287697.16,232760.25,278400.97,262586.2,278401.0,278389.12,262592.47,278389.16,278401.6,262587.3,232765.48,262592.8,278404.75,262587.66,278401.56,278389.8,300412.6,183960.11,262588.75,278389.56,278390.25,232765.44,262588.75,278401.94,232761.4,232766.25,185706.9,196175.22,214963.78,232762.19,232764.06,278390.7,278391.22,190907.95,278390.88,278391.75,226883.5,262589.66,262591.3,278391.4,232753.45,232753.45,278391.47,232753.48,262591.0,262590.97,215439.08,209310.44,232755.0,278391.97,232753.73,232755.02,239580.9,262591.1,262592.12,156664.3,199169.52,200933.89,171380.28,193360.1,278392.25,262592.97,140655.17,232772.66,185392.06,232772.61,153936.77,232773.45,142063.23,232773.94,262593.53,233827.25,205669.89,262594.62,195714.8,262594.66,226402.88,209422.61,262594.7,278392.66,221595.03,215427.8,169160.08,149339.19,283801.4,233848.34,174970.12,137935.0,215427.86,262596.3,262596.9,170171.39,278392.97,232726.39,262596.62,232726.02,300426.3,215443.42,180766.97,232726.53,262596.66,232727.06,278393.16,191434.88,222855.27,226337.95,237038.08,205020.17,300439.78,208825.0,207053.16,163698.47,281628.4,168827.97,323526.94,221854.62,145494.23,192017.88,220364.88,156840.62,262533.16,221172.94,278397.34,232666.95,232667.5,206535.22,278397.5,232668.0,166960.5,262533.7,262534.28,278397.8,232668.6,161685.02,233243.98,191859.77,189744.17,190767.05,232205.2,282671.53,236428.03,222678.38,299098.16,194317.06,215399.4,215430.73,205099.72,147100.7,155126.62,237682.19,190775.89,217424.03,219300.53,215407.97,188789.22,215430.22,145058.2,211210.3,214297.98,233267.9,159342.86,220313.64,284883.2,215429.81,220813.88,220128.28,189880.75,300438.16,220782.83,215430.42,200391.88,179180.61,210008.39,215391.61,208126.48,300438.97,222603.05,273611.94,309389.1,212604.56,142576.67,203638.6,278414.22,354368.84,232722.52,232722.64,278414.3,260923.4,278397.7,232722.0,262541.8,176616.08,284883.5,232723.03,232716.89,232723.38,278424.5,232723.39,233751.45,215406.45,222055.16,289105.7,258105.48,215470.56,220054.7,222858.94,233844.58,204225.47,278407.12,178153.11,262474.5,278407.2,159767.3,278407.03,232724.89,208630.5,262474.44,278407.34,262475.06,278407.38,232723.6,232725.67,247531.11,364547.75,294596.44,164899.48,172164.27,190774.97,244384.02,356523.4,177134.89,198567.52,278380.66,278380.94,262465.94,278380.66,278225.8,173465.3,232671.12,262501.28,278380.62,262501.88,278381.06,232671.92,215471.12,232671.92,155119.64,277419.47,193217.45,232672.7,233822.78,223876.58,300136.03,189316.62,232674.25,150620.16,197427.75,228301.7,229157.0,278387.56,167336.52,232664.38,232664.42,262581.53,332517.4,232665.47,262582.72,262582.66,232665.47,278399.66,278397.78,262584.38,215438.02,201081.03,268566.4,226704.97,278379.1,215437.33,232710.34,232710.39,278382.1,232668.03,232754.58,262584.88,300457.03,196693.66,232754.61,232754.56,140914.77,278382.6,232755.7,262375.75,262583.8,243453.27,215435.1
5220,286700.25,232092.73,277448.34,262111.28,277448.34,277436.7,262117.42,277436.72,277448.94,262112.38,232097.94,262117.75,277452.03,262112.72,277448.9,277437.4,299121.97,184381.05,262113.78,277437.1,277437.8,232097.88,262113.78,277449.28,232093.86,232098.67,186097.97,196087.61,214818.62,232094.66,232096.5,277438.25,277438.75,191066.52,277438.4,277439.25,226335.8,262114.66,262116.28,277438.94,232086.12,232086.12,277439.0,232086.14,262115.98,262115.92,215151.33,208968.61,232087.67,277439.5,232086.38,232087.64,238892.45,262116.05,262117.08,157420.84,199609.86,200729.16,172194.17,193377.92,277439.75,262117.89,141606.52,232105.23,186159.69,232105.17,154721.44,232106.02,142749.9,232106.53,262118.45,233132.16,205640.69,262119.55,195986.05,262119.58,225940.05,209293.9,262119.6,277440.16,221190.34,215140.45,170072.38,150047.48,282761.6,233153.34,175525.75,138926.67,215140.52,262121.19,262121.77,171158.02,277440.47,232059.9,262121.53,232059.55,299135.4,215915.1,181234.4,232060.06,262121.52,232060.58,277440.66,191575.19,222659.03,225877.78,237029.44,204893.61,299148.6,208471.52,207045.52,164777.27,280623.8,169599.36,322101.66,221526.31,146384.42,192096.11,220142.83,157580.23,262059.33,221232.67,277444.75,232002.67,232003.22,206315.89,277444.97,232003.72,167543.58,262059.86,262060.44,277445.25,232004.3,162357.61,232564.06,192270.06,189918.28,190921.12,231552.64,281649.75,235880.83,222509.53,297833.22,194448.62,215118.22,215143.08,205158.75,147658.22,155891.55,237893.38,190929.95,217322.89,219195.02,215236.6,189343.02,215142.69,145754.78,210934.88,214063.1,232587.98,160066.66,220347.27,283826.16,215142.3,220529.39,219970.98,190268.81,299147.0,221039.34,215142.89,200377.97,179906.39,209956.6,215104.98,208440.88,299147.84,222149.8,273336.78,308576.72,212377.88,143101.53,203646.78,277461.4,352437.2,232056.4,232056.5,277461.47,260119.06,277445.12,232055.89,262067.84,177114.94,283826.47,232056.89,232050.8,232057.23,277471.47,232057.28,233642.9,215119.48,221718.08,287982.3,257554.6,215174.98,219991.98,222952.17,233149.62,203954.83,277454.62,178543.34,262001.33,277454.66,160901.08,277454.5,232058.75,208627.92,262001.23,277454.78,262001.84,277454.84,232057.45,232059.52,246844.08,362803.62,293388.12,165698.19,173022.78,190929.06,244094.61,354557.75,177902.83,199116.98,277428.56,277428.8,261992.92,277428.6,277431.6,173984.52,232006.8,262027.64,277428.56,262028.2,277428.94,232007.61,215581.11,232007.58,155884.64,276482.94,193472.55,232008.36,233127.81,223931.78,299081.28,189644.47,232009.92,151245.1,197525.81,227855.73,228701.38,277435.34,167974.4,232000.45,232000.48,262106.67,331327.88,232001.52,262107.81,262107.78,232001.53,277447.25,277445.4,262109.44,215150.33,201182.39,267697.06,226370.03,277426.78,215149.77,232044.69,232044.72,277429.75,232004.1,232087.16,262109.95,299165.47,196602.39,232087.19,232087.17,141593.52,277430.25,232088.27,261891.67,262108.84,242757.52,215147.72
5280,285713.6,231436.2,276504.16,261633.47,276504.2,276492.66,261639.47,276492.7,276504.78,261634.55,231441.4,261639.78,276507.84,261634.88,276504.72,276493.4,297851.1,184789.97,261635.92,276493.06,276493.78,231441.3,261635.92,276505.12,231437.31,231442.1,186477.02,196000.14,214664.58,231438.11,231439.94,276494.25,276494.75,191221.28,276494.4,276495.25,225798.33,261636.75,261638.34,276494.9,231429.78,231429.81,276494.9,231429.8,261638.1,261637.98,214870.03,208636.81,231431.33,276495.5,231430.03,231431.28,238211.17,261638.11,261639.11,158159.98,200032.75,200529.47,172990.64,193392.62,276495.75,261639.9,142545.11,231448.8,186909.22,231448.75,155484.3,231449.6,143435.73,231450.1,261640.48,232448.5,205607.98,261641.55,196244.12,261641.56,225478.6,209165.56,261641.58,276496.2,220789.12,214859.53,170963.4,150750.33,281734.22,232469.73,176080.73,139907.11,214859.6,261643.14,261643.7,172127.62,276496.47,231404.38,261643.45,231404.02,297864.28,216367.77,181706.03,231404.53,261643.47,231405.06,276496.7,191708.14,222447.23,225419.66,237006.17,204766.86,297877.2,208129.12,207026.7,165839.83,279629.72,170344.48,320690.84,221194.89,147260.2,192169.17,219922.27,158308.56,261582.58,221273.56,276500.66,231349.25,231349.78,206101.03,276500.88,231350.28,168109.5,261583.11,261583.66,276501.12,231350.84,163011.62,231895.28,192665.0,190084.64,191067.62,230910.69,280640.03,235338.11,222323.2,296587.03,194571.75,214842.66,214861.89,205206.08,148217.02,156637.95,238087.8,191076.44,217204.6,219070.7,215055.75,189878.2,214861.6,146448.64,210661.94,213826.98,231919.16,160780.17,220350.23,282781.94,214861.23,220252.0,219800.81,190657.16,297875.62,221274.56,214861.8,200364.97,180603.14,209892.98,214824.78,208738.27,297876.47,221705.6,273053.28,307768.38,212148.39,143628.83,203647.72,276517.12,350531.1,231401.2,231401.3,276517.2,259320.69,276501.03,231400.69,261590.95,177613.22,282782.22,231401.69,231395.62,231402.03,276527.03,231402.08,233547.62,214838.92,221377.08,286873.38,256984.45,214886.7,219912.22,223031.2,232466.08,203691.78,276510.5,178922.44,261525.23,276510.53,162019.3,276510.38,231403.52,208613.6,261525.14,276510.66,261525.7,276510.75,231402.25,231404.28,246161.78,361089.88,292198.03,166481.39,173860.83,191075.56,243774.05,352618.56,178651.48,199639.12,276484.78,276485.03,261517.0,276484.78,276642.0,174500.7,231353.31,261551.11,276484.8,261551.66,276485.16,231354.11,215702.31,231354.1,156631.11,275551.75,193716.58,231354.88,232444.25,223968.7,298033.88,189960.58,231356.4,151865.47,197615.36,227414.75,228243.75,276491.4,168605.2,231347.34,231347.38,261628.95,330152.56,231348.4,261630.05,261630.03,231348.4,276503.22,276501.38,261631.64,214869.1,201274.77,266834.4,226026.2,276482.84,214868.64,231389.95,231389.94,276485.78,231350.97,231430.73,261632.16,297893.7,196511.77,231430.75,231430.75,142272.81,276486.28,231431.81,261408.2,261631.02,242067.38,214866.75
5340,284737.97,230790.44,275570.12,261153.84,275570.16,275558.84,261159.64,275558.8,275570.75,261154.89,230795.64,261159.95,275573.78,261155.19,275570.72,275559.53,296599.25,185186.95,261156.2,275559.2,275559.9,230795.52,261156.22,275571.1,230791.53,230796.28,186844.22,195912.97,214502.27,230792.36,230794.14,275560.4,275560.9,191371.44,275560.53,275561.38,225270.7,261157.0,261158.53,275561.03,230784.22,230784.23,275561.1,230784.25,261158.28,261158.19,214594.52,208314.4,230785.77,275561.62,230784.45,230785.69,237537.64,261158.31,261159.28,158882.8,200437.2,200334.67,173770.61,193404.36,275561.88,261160.05,143470.14,230803.14,187641.2,230803.1,156227.62,230803.92,144120.62,230804.44,261160.61,231776.06,205571.77,261161.64,196489.72,261161.66,225018.8,209037.39,261161.66,275562.34,220391.23,214584.39,171833.7,151448.19,280718.84,231797.33,176608.88,140874.81,214584.45,261163.19,261163.72,173080.14,275562.6,230759.58,261163.45,230759.25,296612.2,216802.25,182154.69,230759.75,261163.48,230760.27,275562.8,191833.9,222221.05,224963.66,236968.9,204639.88,296624.8,207797.06,206997.4,166885.8,278647.0,171064.64,319295.5,220860.77,148121.53,192237.28,219705.53,159026.72,261103.92,221298.62,275566.7,230706.48,230706.98,205890.28,275566.9,230707.48,168658.9,261104.42,261104.95,275567.16,230708.02,163648.1,231237.42,193044.62,190243.36,191206.69,230279.12,279641.88,234800.25,222120.64,295359.38,194686.67,214572.2,214586.5,205242.36,148777.7,157367.38,238266.31,191215.48,217070.38,218928.92,214866.2,190395.11,214586.3,147139.94,210391.4,213589.78,231261.27,161482.95,220346.0,281750.16,214585.95,219981.22,219635.58,191020.14,296623.3,221489.38,214586.48,200351.8,181271.98,209818.34,214550.34,209017.75,296624.12,221270.0,272762.06,306964.1,211916.4,144159.48,203641.78,275583.03,348650.5,230756.75,230756.81,275583.03,258528.48,275567.06,230756.22,261111.98,178101.08,281750.4,230757.19,230751.19,230757.55,275592.75,230757.6,233414.08,214564.12,221032.7,285779.1,256423.27,214604.98,219833.88,223094.39,231793.75,203436.0,275576.53,179290.02,261047.08,275576.56,163121.47,275576.4,230759.02,208588.23,261047.03,275576.7,261047.52,275576.78,230757.75,230759.78,245484.75,359405.38,291024.94,167250.19,174678.75,191214.62,243451.78,350705.47,179380.61,200134.61,275551.12,275551.38,261039.12,275551.1,275857.8,175012.66,230710.45,261072.62,275551.12,261073.16,275551.5,230711.22,215779.34,230711.25,157360.58,274631.88,193949.81,230712.02,231771.9,223991.23,296994.75,190265.19,230713.53,152481.98,197696.73,226978.77,227784.64,275557.66,169219.94,230704.84,230704.86,261149.27,328991.1,230705.89,261150.31,261150.31,230705.9,275569.34,275567.5,261151.86,214593.66,201358.47,265979.34,225674.34,275549.06,214593.3,230745.84,230745.86,275551.97,230708.48,230785.06,261152.36,296640.97,196421.83,230785.08,230785.1,142952.42,275552.47,230786.12,260918.05,261151.06,241383.67,214591.56
5400,283772.38,230155.19,274646.47,260668.69,274646.5,274635.28,260674.36,274635.34,274647.1,260669.72,230160.38,260674.66,274650.06,260670.0,274647.03,274636.03,295366.1,185572.12,260671.0,274635.66,274636.4,230160.2,260671.0,274647.44,230156.27,230161.02,187199.73,195826.23,214332.39,230157.06,230158.86,274636.88,274637.38,191516.52,274637.03,274637.88,224752.55,260671.77,260673.27,274637.53,230149.16,230149.14,274637.62,230149.17,260673.0,260672.94,214324.34,208000.81,230150.7,274638.12,230149.38,230150.61,236871.88,260673.11,260674.0,159590.2,200823.81,200144.58,174534.45,193413.23,274638.38,260674.75,144381.0,230167.98,188356.06,230167.94,156953.23,230168.77,144804.44,230169.27,260675.31,231114.62,205532.14,260676.31,196723.25,260676.33,224560.9,208909.27,260676.34,274638.84,219996.89,214314.56,172683.55,152140.78,279715.3,231135.92,177125.92,141828.64,214314.62,260677.83,260678.38,174015.53,274639.1,230125.27,260678.06,230124.92,295378.78,217219.25,182595.67,230125.44,260678.11,230125.95,274639.3,191952.62,221981.64,224510.08,236916.16,204512.67,295391.16,207474.61,206958.31,167914.89,277675.53,171761.05,317914.53,220524.39,148968.36,192300.52,219502.19,159734.61,260619.78,221320.33,274643.06,230074.05,230074.55,205683.38,274643.3,230075.06,169192.25,260620.28,260620.78,274643.56,230075.6,164267.75,230590.25,193409.28,190394.48,191338.38,229657.7,278655.12,234267.36,221903.12,294149.44,194793.56,214306.42,214316.45,205268.14,149340.6,158081.0,238429.62,191347.16,216921.38,218770.95,214668.62,190894.31,214316.33,147828.55,210123.14,213351.88,230614.08,162174.53,220351.1,280730.53,214315.98,219719.31,219490.22,191372.98,295389.66,221683.22,214316.5,200337.89,181914.03,209733.42,214281.22,209280.8,295390.47,220842.53,272463.66,306163.97,211682.19,144693.94,203629.38,274659.25,346794.9,230122.7,230122.78,274659.28,257742.81,274643.44,230122.22,260627.62,178579.9,280730.78,230123.22,230117.19,230123.5,274668.8,230123.56,233273.45,214294.64,220685.45,284698.97,255864.64,214329.38,219764.16,223143.03,231132.42,203187.11,274653.0,179646.11,260563.52,274653.0,164207.11,274652.78,230124.97,208552.47,260563.44,274653.1,260563.94,274653.16,230123.7,230125.72,244813.25,357749.06,289867.88,168004.62,175476.69,191346.33,243128.08,348818.1,180090.33,200603.94,274627.88,274628.06,260555.72,274627.8,275077.56,175518.22,230077.97,260588.64,274627.8,260589.16,274628.22,230078.7,215854.03,230078.75,158074.25,273722.12,194172.53,230079.52,231110.56,224003.22,295962.12,190558.52,230081.05,153095.16,197770.22,226547.7,227324.47,274634.28,169820.97,230072.7,230072.72,260664.12,327843.03,230073.73,260665.16,260665.16,230073.75,274645.8,274644.0,260666.66,214323.55,201433.81,265132.1,225315.27,274625.66,214323.28,230112.14,230112.2,274628.53,230076.28,230149.9,260667.16,295406.97,196332.64,230149.92,230149.94,143632.05,274629.0,230150.95,260423.36,260665.8,240706.33,214321.67
5460,282833.22,229530.33,273734.16,260178.77,273734.12,273722.97,260184.4,273723.03,273734.75,260179.8,229535.48,260184.7,273737.7,260180.08,273734.7,273723.8,294160.16,185933.14,260181.08,273723.38,273724.16,229535.3,260181.08,273735.1,229531.4,229536.1,187537.72,195730.7,214156.61,229532.16,229533.98,273724.62,273725.1,191655.44,273724.78,273725.6,224249.94,260181.84,260183.33,273725.25,229524.55,229524.48,273725.44,229524.52,260183.05,260183.0,214061.72,207701.47,229526.05,273725.88,229524.73,229525.97,236213.55,260183.14,260184.06,159928.83,201191.72,199952.72,174794.75,193415.89,273726.1,260184.81,145267.53,229543.25,188921.39,229543.2,157583.61,229544.02,145368.27,229544.53,260185.36,230463.72,205499.23,260186.36,196944.34,260186.38,224105.11,208787.48,260186.39,273726.6,219606.11,214052.33,173512.88,152095.27,278723.38,230485.14,177169.28,142765.89,214052.39,260187.88,260188.39,174911.42,273726.84,229501.34,260188.08,229501.0,294172.62,217593.73,183018.45,229501.52,260188.16,229502.03,273727.06,192065.36,221729.55,224060.53,236848.22,204383.94,294184.7,207160.69,206910.42,168922.75,276715.7,172380.97,316546.44,220187.44,149746.12,192358.62,219298.38,159217.69,260130.95,221327.14,273730.8,229451.9,229452.45,205478.98,273730.97,229452.95,169699.88,260131.45,260131.95,273731.22,229453.47,164814.05,229953.6,193757.72,190540.08,191466.05,229046.97,277679.7,233739.64,221670.53,292968.25,194894.58,214048.22,214053.98,205284.97,145306.61,158673.02,238573.11,191474.77,216757.81,218596.9,214463.58,191375.62,214053.94,148094.52,209856.1,213113.72,229977.44,162559.9,220328.69,279722.7,214053.62,219464.84,219326.39,191602.44,294183.2,221857.05,214054.1,200323.48,182523.11,209639.38,214019.66,209527.3,294184.0,220427.61,272157.62,305364.3,211444.22,139711.08,203611.67,273746.8,344964.28,229499.11,229499.2,273746.8,256965.64,273731.12,229498.62,260138.72,179053.1,279722.9,229499.6,229493.66,229499.92,273756.28,229499.98,233129.62,214032.78,220335.7,283634.6,255307.78,214059.4,219676.1,223176.06,230481.7,202941.31,273740.72,179989.19,260075.39,273740.75,165275.27,273740.56,229501.38,208507.58,260075.27,273740.84,260075.81,273740.9,229500.12,229502.12,244148.48,356132.9,288731.22,167936.69,176254.02,191473.95,242801.22,346955.22,180779.5,201050.95,273715.88,273716.12,260067.67,273715.8,274325.44,176018.19,229455.89,260100.06,273715.8,260100.58,273716.25,229456.58,215909.44,229456.61,158666.69,272824.75,194382.4,229457.4,230459.73,224003.5,294935.44,190833.92,229458.92,151618.69,197837.44,226122.56,226863.3,273722.28,169622.78,229450.9,229450.92,260174.44,326704.4,229451.94,260175.45,260175.45,229451.95,273733.72,273731.84,260176.95,214061.02,201504.3,264295.16,224948.86,273713.62,214060.83,229488.89,229488.97,273716.47,229454.44,229525.23,260177.45,294200.06,196240.92,229525.25,229525.27,144277.16,273716.94,229526.28,259930.23,260176.27,240035.14,214059.38
5520,281873.4,228917.14,272835.97,259686.48,272836.0,272824.84,259692.02,272824.9,272836.56,259687.55,228922.27,259692.31,272839.44,259687.77,272836.5,272825.7,292965.3,186285.61,259688.8,272825.34,272826.1,228921.98,259688.8,272836.9,228918.16,228922.77,187864.53,195638.52,213972.92,228918.88,228920.7,272826.56,272827.0,191786.75,272826.75,272827.6,223746.78,259689.5,259690.97,272827.2,228911.47,228911.42,272827.38,228911.45,259690.67,259690.62,213802.28,207405.97,228913.03,272827.78,228911.69,228912.89,235572.77,259690.72,259691.67,159857.89,201543.69,199767.19,175069.12,193415.3,272828.0,259692.4,146072.45,228930.2,189376.86,228930.14,157910.81,228931.0,145818.67,228931.48,259693.02,229824.0,205447.62,259693.95,197153.75,259693.98,223651.98,208654.1,259693.97,272828.53,219219.02,213793.12,174322.06,152424.9,277743.5,229845.33,177232.25,143666.33,213793.19,259695.44,259695.9,175733.64,272828.78,228889.05,259695.62,228888.69,292977.47,217887.67,183381.19,228889.23,259695.7,228889.72,272829.0,192170.28,221466.44,223611.77,236764.94,204255.75,292989.28,206858.5,206852.44,169890.77,275768.88,172777.53,315193.28,219846.62,150332.03,192408.75,219095.89,159261.84,259639.69,221322.1,272832.6,228841.34,228841.9,205279.86,272832.88,228842.44,170120.95,259640.16,259640.64,272833.06,228842.9,165159.06,229328.28,194092.44,190675.47,191581.61,228446.67,276716.44,233218.78,221425.88,291792.38,194985.02,213791.47,213794.66,205291.45,142536.55,158890.81,238674.38,191590.3,216581.62,218409.3,214251.08,191839.94,213794.67,148389.02,209592.69,212874.23,229352.03,162798.17,220299.72,278726.7,213794.36,219215.75,219165.88,191749.12,292987.9,222004.78,213794.83,200306.78,183022.52,209534.69,213761.11,209760.3,292988.66,220012.2,271835.9,304569.6,211205.25,137643.75,203586.58,272848.4,343156.0,228887.02,228887.14,272848.4,256195.73,272832.94,228886.53,259647.2,179499.34,278726.9,228887.47,228881.66,228887.84,272857.75,228887.9,232966.75,213773.88,219983.86,282593.7,254763.77,213795.69,219587.52,223201.73,229841.98,202703.16,272842.56,180301.62,259584.75,272842.62,166318.53,272842.47,228889.28,208453.02,259584.55,272842.75,259585.11,272842.78,228888.11,228890.03,243494.52,354535.28,287621.0,168263.08,177011.75,191589.55,242478.55,345118.22,181450.16,201444.56,272818.1,272818.34,259577.1,272818.06,273540.62,176507.95,228845.27,259608.97,272818.06,259609.45,272818.47,228845.95,215905.94,228845.97,158885.81,271942.22,194581.0,228846.78,229820.16,223996.19,293916.7,191100.12,228848.31,149471.95,197895.55,225701.9,226402.55,272824.47,169813.1,228840.58,228840.6,259682.23,325583.44,228841.6,259683.23,259683.23,228841.6,272835.72,272834.0,259684.7,213801.62,201561.56,263466.3,224577.27,272815.8,213801.45,228877.14,228877.25,272818.62,228844.03,228912.16,259685.19,293004.4,196148.89,228912.17,228912.2,144826.53,272819.06,228913.16,259428.17,259684.03,239388.22,213800.1
5580,280935.8,228315.36,271945.7,259186.33,271945.75,271934.78,259191.84,271934.8,271946.38,259187.28,228320.34,259192.14,271949.2,259187.61,271946.34,271935.6,291790.53,186628.28,259188.53,271935.25,271936.06,228320.16,259188.6,271946.7,228316.39,228320.9,188178.78,195548.66,213784.61,228317.08,228318.94,271936.47,271936.88,191896.25,271936.62,271937.44,223254.83,259189.31,259190.77,271937.1,228309.86,228309.81,271937.38,228309.84,259190.45,259190.44,213546.77,207116.4,228311.33,271937.72,228310.1,228311.28,234923.53,259190.48,259191.47,159667.19,201879.78,199586.95,175460.64,193412.44,271937.9,259192.19,146756.81,228328.44,189831.61,228328.38,157951.48,228329.19,146250.19,228329.69,259192.75,229195.36,205394.0,259193.77,197352.47,259193.73,223201.6,208524.5,259193.77,271938.38,218836.64,213537.89,175111.2,152859.12,276775.44,229216.61,177402.81,144493.94,213537.94,259195.23,259195.62,176508.84,271938.62,228288.0,259195.38,228287.62,291802.47,218132.66,183701.77,228288.17,259195.45,228288.69,271938.88,192267.36,221193.1,223168.36,236660.38,204128.23,291814.16,206563.92,206787.19,170813.1,274831.88,172986.84,313861.88,219507.9,150748.42,192455.1,218905.17,159580.38,259140.5,221314.62,271942.38,228241.81,228242.38,205084.17,271942.6,228242.88,170414.64,259141.03,259141.53,271942.9,228243.36,165327.39,228713.95,194413.73,190803.97,191690.72,227859.31,275764.8,232703.6,221169.75,290640.62,195068.75,213538.19,213539.28,205287.94,140927.4,158803.45,238728.6,191699.38,216393.8,218208.98,214032.47,192287.88,213539.33,148785.73,209331.5,212635.14,228737.66,163128.17,220281.9,277742.78,213539.05,218974.83,219024.31,191883.17,291812.78,222115.73,213539.48,200283.0,183381.84,209422.2,213506.48,209977.3,291813.5,219607.27,271493.22,303775.4,210965.45,136566.62,203556.03,271958.0,341377.0,228286.17,228286.31,271958.03,255431.86,271942.78,228285.69,259147.98,179911.2,277743.0,228286.58,228280.88,228287.0,271967.28,228287.06,232753.89,213518.89,219629.86,281549.22,254206.8,213537.31,219507.77,223214.27,229213.36,202471.34,271952.34,180554.36,259086.03,271952.4,167326.84,271952.25,228288.42,208389.77,259085.9,271952.53,259086.48,271952.56,228287.22,228289.16,242840.39,352959.62,286505.8,168702.81,177749.83,191698.66,242141.12,343319.28,182102.23,201763.17,271928.12,271928.4,259078.53,271928.12,272764.78,176977.62,228245.64,259109.92,271928.12,259110.38,271928.53,228246.34,215846.92,228246.36,158800.02,271062.12,194769.0,228247.22,229191.58,223974.75,292907.44,191355.56,228248.66,147833.02,197946.72,225286.88,225942.7,271934.5,170109.95,228241.25,228241.3,259182.11,324473.8,228242.23,259183.11,259183.11,228242.25,271945.6,271943.88,259184.58,213546.11,201610.0,262642.88,224200.98,271925.8,213546.02,228276.62,228276.73,271928.6,228244.62,228310.48,259185.06,291829.03,196057.95,228310.52,228310.48,145312.78,271929.03,228311.5,258913.39,259183.84,238723.88,213544.7
5640,280009.22,227723.58,271063.06,258676.39,271063.12,271052.3,258681.78,271052.34,271063.75,258677.27,227728.6,258682.08,271066.6,258677.62,271063.7,271053.12,290632.84,186960.45,258678.5,271052.78,271053.53,227728.36,258678.53,271064.12,227724.67,227729.1,188482.39,195460.53,213590.33,227725.31,227727.12,271054.0,271054.38,191975.39,271054.12,271054.9,222772.5,258679.28,258680.73,271054.6,227718.27,227718.23,271054.84,227718.27,258680.42,258680.4,213293.81,206833.06,227719.73,271055.22,227718.52,227719.69,234289.72,258680.42,258681.44,159490.12,202201.73,199411.36,175921.97,193407.62,271055.44,258682.16,147321.95,227736.7,190291.48,227736.64,157819.38,227737.42,146693.28,227737.92,258682.67,228577.6,205338.39,258683.69,197540.77,258683.67,222754.84,208394.42,258683.7,271055.88,218457.84,213285.22,175880.83,153350.83,275818.5,228598.84,177648.78,145224.61,213285.28,258685.16,258685.56,177254.2,271056.1,227697.03,258685.31,227696.6,290644.56,218350.39,183999.84,227697.12,258685.4,227697.64,271056.34,192357.69,220910.97,222727.33,236527.08,203999.97,290656.1,206275.88,206714.2,171695.94,273904.6,173077.45,312539.2,219166.52,151055.3,192497.47,218714.28,160052.6,258631.44,221293.53,271059.75,227652.22,227652.77,204890.86,271060.03,227653.25,170592.05,258631.9,258632.44,271060.3,227653.77,165385.23,228110.0,194722.83,190925.17,191793.05,227279.88,274823.78,232192.03,220904.25,289502.5,195144.97,213285.98,213286.5,205275.45,140106.52,158580.38,238750.72,191801.67,216196.2,217997.98,213808.72,192720.27,213286.58,149250.97,209072.52,212395.62,228133.69,163544.78,220237.27,276770.6,213286.3,218741.05,218864.77,192028.25,290654.75,222178.83,213286.72,200246.25,183610.2,209302.48,213254.42,210181.23,290655.47,219209.44,271138.38,302989.16,210725.12,136013.97,203520.22,271075.25,339641.2,227695.33,227695.47,271075.34,254671.95,271060.22,227694.84,258638.95,180293.67,276770.88,227695.7,227690.08,227696.16,271084.44,227696.22,232516.48,213266.47,219275.73,280524.28,253651.33,213282.47,219409.7,223215.39,228595.67,202245.33,271069.7,180735.69,258577.48,271069.8,168296.97,271069.7,227697.56,208318.1,258577.34,271069.97,258577.94,271070.0,227696.31,227698.28,242191.52,351411.9,285410.0,169192.45,178469.52,191800.98,241803.28,341538.5,182737.31,201995.72,271045.8,271046.1,258570.0,271045.8,271996.06,177424.69,227655.97,258600.84,271045.8,258601.31,271046.25,227656.67,215769.88,227656.69,158578.2,270190.44,194947.14,227657.52,228573.88,223944.4,291899.94,191600.33,227658.94,146847.64,197990.44,224875.69,225484.05,271052.1,170465.97,227651.83,227651.84,258672.02,323387.1,227652.81,258673.02,258673.02,227652.81,271063.06,271061.34,258674.47,213293.17,201651.36,261826.12,223821.33,271043.4,213293.19,227686.08,227686.19,271046.1,227655.16,227718.81,258674.95,290670.72,195968.42,227718.83,227718.81,145775.5,271046.6,227719.89,258387.44,258673.7,238069.64,213291.9
5700,279092.56,227140.89,270188.94,258155.8,270189.0,270178.38,258161.22,270178.4,270189.62,258156.73,227145.86,258161.5,270192.4,258157.06,270189.53,270179.16,289490.62,187282.08,258157.97,270178.8,270179.53,227145.64,258157.97,270190.0,227141.97,227146.38,188775.58,195373.83,213390.47,227142.62,227144.4,270180.03,270180.4,192016.14,270180.12,270180.88,222298.42,258158.75,258160.2,270180.66,227135.77,227135.75,270180.84,227135.78,258159.89,258159.88,213041.81,206555.84,227137.25,270181.22,227136.03,227137.2,233665.28,258159.88,258160.9,159370.03,202507.95,199239.98,176436.98,193400.89,270181.47,258161.62,147788.67,227154.08,190765.4,227154.03,157620.7,227154.77,147156.0,227155.28,258162.05,227970.3,205279.84,258163.11,197718.88,258163.12,222311.06,208262.64,258163.14,270181.88,218082.61,213033.48,176631.27,153881.28,274872.34,227991.55,177943.05,145853.28,213033.53,258164.58,258165.03,177982.17,270182.1,227115.05,258164.8,227114.66,289502.16,218556.12,184285.92,227115.17,258164.88,227115.67,270182.38,192441.73,220620.64,222289.66,236360.11,203871.45,289513.5,205994.03,206634.31,172546.98,272987.25,173104.56,311233.0,218824.81,151300.95,192535.9,218530.22,160611.5,258111.8,221270.62,270185.66,227071.7,227072.23,204699.94,270186.0,227072.7,170679.95,258112.28,258112.78,270186.25,227073.25,165385.38,227515.84,195018.27,191039.22,191888.7,226708.5,273893.0,231684.6,220628.7,288378.72,195214.27,213032.98,213034.67,205254.62,139814.72,158345.92,238747.16,191897.28,215988.69,217776.0,213580.23,193136.94,213034.77,149758.81,208815.3,212156.33,227539.48,164022.52,220206.66,275809.72,213034.48,218512.45,218724.19,192184.5,289512.16,222189.25,213034.9,200190.16,183739.17,209175.56,213003.2,210372.11,289512.88,218817.38,270754.12,302183.62,210483.53,135825.14,203479.28,270201.03,337921.4,227113.56,227113.75,270201.16,253920.05,270186.16,227113.1,258119.39,180654.23,275810.03,227113.94,227108.38,227114.44,270210.12,227114.47,232264.17,213014.95,218920.98,279513.44,253099.27,213029.48,219325.16,223205.98,227988.45,202024.73,270195.66,180846.86,258058.38,270195.75,169230.4,270195.66,227115.8,208238.23,258058.22,270195.94,258058.81,270195.97,227114.52,227116.52,241549.31,349899.5,284331.28,169726.22,179170.44,191896.62,241463.88,339789.47,183353.86,202145.14,270172.03,270172.34,258050.84,270172.03,271232.16,177849.52,227075.38,258081.16,270172.03,258081.67,270172.47,227076.1,215684.64,227076.1,158344.52,269327.94,195116.05,227076.86,227966.62,223906.86,290897.44,191834.88,227078.3,146381.3,198027.78,224467.23,225026.31,270178.22,170863.4,227071.45,227071.44,258151.38,322292.47,227072.47,258152.36,258152.38,227072.48,270189.06,270187.3,258153.77,213041.19,201685.89,261018.61,223437.81,270169.5,213041.22,227104.6,227104.7,270172.12,227074.78,227136.2,258154.31,289527.8,195880.2,227136.22,227136.23,146239.3,270172.66,227137.25,257851.14,258153.05,237425.86,213040.02
5760,278181.22,226566.6,269323.47,257624.27,269323.53,269313.06,257629.77,269313.1,269324.16,257625.28,226571.52,257630.05,269326.9,257625.56,269324.06,269313.84,288362.62,187593.17,257626.53,269313.5,269314.2,226571.33,257626.5,269324.5,226567.66,226572.05,189058.52,195288.42,213186.14,226568.33,226570.1,269314.72,269315.1,192016.92,269314.8,269315.53,221831.38,257627.31,257628.77,269315.34,226561.67,226561.67,269315.5,226561.7,257628.45,257628.44,212789.38,206284.62,226563.17,269315.9,226561.94,226563.11,233049.1,257628.42,257629.47,159315.12,202799.16,199072.52,176985.14,193392.34,269316.2,257630.2,148178.69,226579.88,191248.33,226579.81,157425.75,226580.53,147639.28,226581.05,257630.64,227372.9,205217.69,257631.6,197886.7,257631.7,221870.05,208128.45,257631.7,269316.56,217710.75,212781.28,177362.55,154439.34,273936.7,227394.17,178261.25,146385.77,212781.33,257633.14,257633.62,178697.84,269316.75,226541.45,257633.39,226541.11,288373.97,218755.83,184557.02,226541.61,257633.48,226542.11,269317.03,192519.69,220322.72,221854.86,236155.6,203742.47,288385.1,205718.22,206547.78,173372.8,272079.72,173102.62,309938.78,218482.89,151514.27,192570.64,218344.36,161218.86,257581.19,221232.44,269320.28,226499.56,226500.08,204511.36,269320.62,226500.53,170707.19,257581.7,257582.1,269320.88,226501.1,165361.89,226930.81,195300.64,191146.38,191977.94,226145.08,272972.22,231182.66,220344.17,287268.25,195276.88,212777.98,212782.4,205226.19,139878.84,158163.22,238728.98,191986.48,215772.02,217544.0,213347.19,193538.14,212782.48,150295.14,208559.78,211917.12,226954.45,164541.2,220147.94,274859.8,212782.22,218289.22,218566.05,192348.44,288383.78,222143.69,212782.62,200110.9,183797.25,209042.08,212751.44,210549.6,288384.5,218429.89,270359.2,301382.22,210240.89,135911.03,203433.42,269335.5,336219.03,226540.2,226540.38,269335.62,253176.56,269320.75,226539.73,257588.88,180993.8,274860.12,226540.58,226535.05,226541.05,269344.47,226541.11,231997.94,212762.89,218565.75,278515.6,252549.92,212777.0,219221.98,223186.4,227391.16,201809.28,269330.34,180897.42,257528.28,269330.38,170131.03,269330.28,226542.42,208151.39,257528.11,269330.56,257528.7,269330.6,226541.12,226543.14,240914.8,348402.8,283267.53,170292.31,179852.5,191985.84,241121.81,338063.2,183952.33,202220.28,269306.9,269307.25,257520.67,269306.94,270467.9,178252.56,226503.16,257550.44,269306.94,257551.03,269307.38,226503.88,215587.98,226503.88,158162.14,268474.3,195276.08,226504.61,227369.3,223859.1,289899.22,192059.62,226506.05,146278.7,198058.73,224062.64,224569.42,269313.0,171286.81,226499.45,226499.4,257619.78,321207.8,226500.45,257620.77,257620.78,226500.47,269323.75,269321.97,257622.22,212788.73,201713.67,260219.34,223051.02,269304.28,212788.77,226531.5,226531.6,269306.88,226502.75,226561.98,257622.73,288399.12,195793.22,226562.0,226562.05,146715.53,269307.38,226563.0,257303.19,257621.42,236791.33,212787.62
5820,277276.12,226000.6,268466.8,257081.38,268466.88,268456.56,257086.97,268456.56,268467.47,257082.45,226005.45,257087.25,268470.2,257082.7,268467.34,268457.34,287248.34,187893.88,257083.72,268456.97,268457.62,226005.3,257083.66,268467.8,226001.62,226006.02,189331.33,195204.23,212977.77,226002.33,226004.05,268458.2,268458.56,191979.84,268458.25,268459.0,221370.5,257084.5,257085.97,268458.8,225995.86,225995.86,268458.94,225995.89,257085.66,257085.64,212534.88,206019.16,225997.36,268459.34,225996.12,225997.28,232440.77,257085.62,257086.69,159321.53,203075.9,198908.7,177554.34,193381.83,268459.66,257087.42,148511.66,226013.95,191736.86,226013.89,157274.02,226014.58,148142.0,226015.11,257087.89,226784.92,205151.4,257088.84,198044.53,257088.94,221431.88,207991.02,257088.92,268460.03,217342.2,212527.0,178074.83,155016.3,273011.34,226806.22,178612.52,146834.77,212527.05,257090.38,257090.88,179403.27,268460.22,225976.12,257090.64,225975.84,287259.5,218952.77,184836.03,225976.33,257090.73,225976.83,268460.5,192591.83,220017.86,221423.77,235912.88,203612.97,287270.38,205448.33,206455.02,174177.84,271181.9,173093.03,308654.66,218141.25,151713.53,192601.6,218166.58,161852.02,257039.12,221192.03,268463.66,225935.64,225936.16,204324.98,268464.03,225936.6,170696.92,257039.66,257040.06,268464.25,225937.16,165335.38,226354.64,195570.38,191246.83,192060.95,225589.77,272061.38,230682.61,220051.55,286170.97,195333.12,212519.3,212528.11,205190.4,140181.28,158055.69,238702.66,192069.48,215546.97,217302.84,213109.94,193924.23,212528.16,150851.33,208305.98,211677.98,226378.27,165088.06,220101.14,273920.56,212527.89,218071.72,218426.62,192522.22,287269.1,222045.31,212528.3,200007.17,183809.38,208902.47,212497.52,210714.25,287269.8,218045.8,269956.22,300581.06,209997.33,136204.22,203382.86,268478.72,334534.94,225975.12,225975.25,268478.8,252440.2,268464.16,225974.64,257046.92,181326.0,273920.9,225975.47,225970.0,225975.92,268487.56,225976.02,231730.47,212508.7,218210.22,277529.5,252002.5,212523.52,219129.78,223157.08,226803.27,201598.7,268473.78,180899.19,256986.77,268473.78,171003.12,268473.7,225977.33,208057.6,256986.58,268473.97,256987.19,268474.0,225976.02,225978.03,240285.61,346923.2,282217.16,170881.0,180515.9,192068.84,240777.0,336356.4,184533.1,202233.14,268450.6,268450.9,256979.05,268450.62,269703.84,178637.78,225939.17,257008.39,268450.6,257008.97,268451.03,225939.9,215504.16,225939.89,158054.62,267629.38,195427.47,225940.6,226781.38,223803.47,288903.78,192274.86,225942.05,146420.2,198083.66,223657.27,224113.6,268456.6,171736.55,225935.66,225935.61,257076.8,320131.03,225936.66,257077.81,257077.81,225936.67,268467.22,268465.44,257079.31,212534.22,201734.73,259427.98,222661.36,268447.84,212534.2,225966.64,225966.73,268450.4,225938.95,225996.05,257079.8,287284.16,195707.25,225996.06,225996.14,147208.62,268450.9,225997.02,256744.73,257078.47,236164.39,212533.11
5880,276376.75,225442.7,267618.8,256527.88,267618.84,267608.7,256533.58,267608.72,267619.44,256529.02,225447.52,256533.86,267622.12,256529.23,267619.34,267609.47,286147.5,188184.3,256530.3,267609.1,267609.72,225447.39,256530.22,267619.78,225443.72,225448.1,189594.19,195120.83,212765.66,225444.42,225446.14,267610.3,267610.7,191909.08,267610.38,267611.12,220915.05,256531.08,256532.56,267610.94,225438.16,225438.16,267611.03,225438.19,256532.25,256532.23,212277.06,205759.19,225439.66,267611.47,225438.44,225439.58,231839.72,256532.22,256533.3,159381.3,203338.78,198748.3,178134.78,193369.47,267611.78,256534.05,148802.39,225456.14,192226.48,225456.08,157181.73,225456.77,148662.38,225457.3,256534.56,226205.98,205080.5,256535.53,198192.72,256535.58,220996.62,207849.67,256535.56,267612.16,216976.9,212269.38,178768.25,155606.33,272096.06,226227.31,178976.98,147214.6,212269.44,256537.03,256537.55,180098.95,267612.34,225418.92,256537.31,225418.66,286158.5,219147.94,185111.0,225419.14,256537.4,225419.62,267612.62,192658.28,219706.69,220995.94,235634.23,203482.92,286169.16,205184.16,206356.38,174965.17,270293.66,173087.14,307379.78,217799.94,151907.78,192628.97,217993.72,162497.84,256486.36,221147.05,267615.7,225379.77,225380.28,204140.7,267616.1,225380.72,170665.94,256486.92,256487.36,267616.3,225381.28,165316.84,225787.03,195827.92,191340.84,192138.0,225042.33,271160.28,230186.78,219751.56,285086.88,195383.12,212256.45,212270.5,205147.58,140641.92,158023.77,238671.66,192146.5,215314.23,217053.3,212868.86,194295.61,212270.5,151422.03,208053.94,211438.89,225810.66,165652.94,220046.16,272991.72,212270.23,217860.89,218284.78,192705.34,286167.9,221899.5,212270.64,199879.72,183793.03,208757.11,212240.19,210867.02,286168.6,217664.11,269547.8,299780.16,209753.02,136650.81,203327.73,267630.62,332869.25,225418.12,225418.22,267630.7,251711.03,267616.2,225417.64,256494.3,181649.98,272992.06,225418.47,225413.03,225418.89,267639.34,225419.02,231461.22,212251.1,217854.56,276554.97,251457.08,212267.72,219030.89,223119.17,226224.44,201392.75,267625.88,180863.72,256434.6,267625.84,171850.61,267625.75,225420.31,207957.42,256434.4,267626.03,256435.02,267626.06,225419.0,225421.02,239662.75,345460.44,281179.75,171482.6,181160.92,192145.89,240430.14,334668.16,185096.47,202195.44,267602.94,267603.25,256426.75,267602.97,268939.72,179008.31,225383.25,256455.72,267602.94,256456.27,267603.38,225383.97,215420.81,225383.97,158022.58,266792.9,195570.38,225384.64,226202.5,223740.94,287910.5,192480.75,225386.1,146721.98,198102.61,223253.23,223659.08,267608.84,172202.52,225379.92,225379.86,256523.22,319060.9,225380.9,256524.23,256524.25,225380.92,267619.38,267617.56,256525.81,212276.36,201749.06,258644.27,222269.25,267600.06,212276.3,225409.88,225409.95,267602.56,225383.19,225438.23,256526.27,286182.66,195622.11,225438.25,225438.33,147719.27,267603.06,225439.17,256176.72,256524.89,235544.56,212275.23
5940,275482.56,224892.75,266779.38,255964.1,266779.44,266769.38,255969.9,266769.4,266780.0,255965.28,224897.52,255970.19,266782.66,255965.48,266779.9,266770.16,285059.84,188464.55,255966.58,266769.78,266770.44,224897.42,255966.5,266780.34,224893.75,224898.11,189847.22,195038.36,212550.1,224894.47,224896.17,266771.03,266771.4,191809.81,266771.06,266771.8,220464.38,255967.38,255968.89,266771.66,224888.39,224888.4,266771.66,224888.42,255968.56,255968.55,212015.17,205504.47,224889.89,266772.16,224888.67,224889.81,231246.08,255968.48,255969.64,159485.77,203588.38,198591.06,178721.08,193355.25,266772.47,255970.39,149062.83,224906.27,192715.56,224906.2,157153.83,224906.88,149198.39,224907.4,255970.94,225635.75,205004.53,255971.94,198331.42,255971.94,220564.34,207703.88,255971.94,266772.84,216614.77,212007.67,179443.03,156204.75,271190.72,225657.12,179342.39,147539.08,212007.73,255973.42,255973.95,180784.27,266773.03,224869.64,255973.72,224869.4,285070.66,219340.53,185375.0,224869.89,255973.81,224870.36,266773.3,192719.3,219389.83,220571.31,235322.94,203352.27,285081.12,204925.53,206252.16,175736.3,269414.78,173091.98,306113.62,217458.98,152102.69,192652.88,217822.81,163147.77,255923.22,221094.66,266776.3,224831.78,224832.28,203958.36,266776.72,224832.7,170626.42,255923.8,255924.27,266776.9,224833.28,165312.95,225227.73,196073.45,191428.6,192209.28,224502.6,270268.78,229694.17,219444.92,284015.4,195427.19,211989.16,212008.86,205098.0,141203.42,158060.4,238637.0,192217.75,215074.45,216796.1,212624.28,194652.62,212008.8,152003.53,207803.64,211199.83,225251.34,166227.23,219983.69,272073.06,212008.52,217655.5,218141.3,192890.92,285079.88,221712.55,212008.94,199730.64,183761.03,208606.39,211978.69,211008.38,285080.6,217284.14,269135.88,298980.25,209508.12,137203.78,203268.17,266791.1,331221.72,224869.03,224869.11,266791.16,250989.02,266776.8,224868.56,255931.3,181961.36,272073.4,224869.39,224863.98,224869.78,266799.7,224869.92,231183.58,211989.34,217498.94,275591.72,250913.8,212008.67,218928.95,223073.25,225654.31,201191.16,266786.5,180801.34,255872.1,266786.47,172676.58,266786.38,224871.22,207851.27,255871.89,266786.66,255872.52,266786.7,224869.9,224871.9,239045.92,344014.2,280154.66,172091.66,181787.83,192217.14,240081.44,332998.06,185642.77,202118.06,266763.84,266764.16,255864.1,266763.88,268175.03,179364.25,224835.2,255892.72,266763.84,255893.23,266764.28,224835.92,215329.11,224835.92,158059.0,265964.84,195704.89,224836.58,225632.33,223671.19,286918.88,192677.48,224838.02,147127.42,198115.88,222849.94,223206.03,266769.66,172673.12,224832.05,224831.97,255959.33,317997.25,224833.02,255960.38,255960.39,224833.03,266780.06,266778.25,255962.0,212014.42,201756.61,257868.23,221875.11,266760.88,212014.28,224861.0,224861.08,266763.3,224835.3,224888.36,255962.44,285094.38,195537.78,224888.38,224888.47,148246.48,266763.8,224889.28,255598.66,255961.03,234931.78,212013.23
6000,274592.88,224350.58,265948.38,255390.45,265948.44,265938.5,255396.39,265938.53,265949.0,255391.67,224355.25,255396.67,265951.62,255391.88,265948.9,265939.28,283984.75,188734.78,255393.0,265938.9,265939.53,224355.22,255392.9,265949.34,224351.56,224355.9,190090.55,194956.72,212331.33,224352.3,224353.97,265940.16,265940.53,191687.47,265940.2,265940.94,220017.95,255393.8,255395.36,265940.78,224346.39,224346.4,265940.88,224346.44,255395.03,255395.0,211748.78,205254.73,224347.89,265941.28,224346.67,224347.8,230659.67,255394.97,255396.11,159626.88,203825.11,198436.86,179308.55,193339.2,265941.6,255396.89,149301.94,224364.16,193201.86,224364.1,157187.08,224364.77,149747.95,224365.28,255397.45,225073.95,204923.2,255398.47,198461.06,255398.45,220135.08,207553.25,255398.44,265941.97,216255.72,211741.47,180099.4,156808.25,270295.06,225095.36,179725.47,147820.78,211741.52,255399.97,255400.52,181459.22,265942.16,224328.11,255400.27,224327.89,283995.4,219530.3,185648.78,224328.36,255400.42,224328.84,265942.44,192774.98,219067.86,220149.89,234982.94,203221.03,284005.66,204672.17,206142.72,176492.39,268545.1,173110.28,304855.78,217118.47,152300.9,192673.38,217653.27,163796.28,255350.14,221034.6,265945.38,224291.47,224291.97,203777.84,265945.78,224292.39,170586.6,255350.73,255351.23,265945.97,224292.97,165326.33,224676.52,196307.42,191510.3,192274.97,223970.36,269386.75,229204.31,219132.27,282955.97,195465.48,211717.31,211742.73,205041.89,141827.31,158154.5,238599.31,192283.39,214828.27,216531.9,212376.56,194995.69,211742.6,152593.02,207555.08,210960.84,224700.11,166807.17,219914.67,271164.4,211742.3,217454.75,217997.0,193081.78,284004.44,221490.84,211742.75,199562.78,183721.8,208450.66,211712.64,211138.58,284005.12,216905.34,268721.78,298182.3,209262.77,137828.64,203204.4,265959.97,329592.03,224327.69,224327.75,265960.03,250273.8,265945.88,224327.22,255358.38,182270.5,271164.72,224328.03,224322.67,224328.42,265968.47,224328.56,230909.11,211723.05,217143.53,274639.22,250372.66,211745.73,218824.08,223019.52,225092.61,200993.72,265955.6,180720.72,255299.67,265955.53,173483.4,265955.44,224329.84,207739.44,255299.47,265955.72,255300.11,265955.75,224328.55,224330.55,238434.77,342584.12,279141.38,172703.2,182396.88,192282.81,239730.88,331345.9,186172.31,202010.27,265933.16,265933.5,255291.53,265933.2,267409.12,179708.48,224294.84,255319.8,265933.2,255320.3,265933.62,224295.56,215252.02,224295.55,158152.84,265145.03,195831.11,224296.2,225070.6,223594.16,285928.62,192865.17,224297.64,147598.1,198123.66,222446.84,222754.67,265938.88,173153.6,224291.86,224291.77,255385.6,316940.44,224292.81,255386.64,255386.66,224292.83,265949.2,265947.38,255388.31,211747.97,201757.4,257099.6,221479.3,265930.06,211747.75,224319.84,224319.92,265932.5,224295.08,224346.25,255388.75,284018.66,195454.17,224346.28,224346.36,148788.61,265933.0,224347.16,255012.36,255387.31,234325.83,211746.7
6060,273707.53,223815.97,265125.62,254808.19,265125.7,265115.9,254814.23,265115.94,265126.28,254809.42,223820.7,254814.52,265128.84,254809.62,265126.16,265116.7,282922.0,188995.12,254810.78,265116.3,265116.94,223820.58,254810.69,265126.6,223816.95,223821.27,190324.28,194875.78,212109.61,223817.67,223819.34,265117.53,265117.9,191547.2,265117.6,265118.3,219575.39,254811.6,254813.17,265118.16,223811.95,223811.97,265118.28,223812.0,254812.84,254812.83,211477.73,205009.73,223813.44,265118.7,223812.23,223813.36,230080.33,254812.84,254813.95,159797.36,204049.39,198285.47,179894.02,193321.31,265119.0,254814.73,149526.5,223829.61,193683.66,223829.55,157274.58,223830.2,150309.06,223830.73,254815.31,224520.33,204836.27,254816.36,198581.94,254816.34,219708.86,207397.58,254816.33,265119.34,215899.72,211470.61,180737.62,157414.8,269408.94,224541.77,180110.16,148070.39,211470.66,254817.88,254818.44,182123.62,265119.53,223794.14,254818.19,223793.92,282932.47,219716.66,185918.88,223794.39,254818.3,223794.86,265119.84,192825.55,218741.33,219731.67,234618.5,203089.19,282942.53,204423.84,206028.38,177234.33,267684.44,173142.88,303606.0,216778.5,152503.56,192690.53,217485.05,164440.75,254768.34,220967.23,265122.7,223758.66,223759.16,203599.05,265123.12,223759.58,170551.61,254768.97,254769.48,265123.28,223760.14,165357.45,224133.12,196530.23,191586.14,192335.23,223445.38,268513.97,228716.78,218814.2,281908.28,195498.19,211441.06,211471.97,204979.48,142487.05,158294.8,238558.84,192343.62,214576.2,216261.36,212126.02,195325.2,211471.77,153188.48,207308.23,210721.97,224156.7,167389.56,219839.53,270265.56,211471.45,217258.12,217852.31,193276.62,282941.3,221240.58,211471.92,199379.27,183681.0,208290.28,211441.89,211257.97,282942.03,216527.34,268306.62,297387.25,209017.08,138498.8,203136.58,265137.16,327979.78,223793.88,223793.94,265137.22,249565.11,265123.2,223793.4,254776.75,182575.38,270265.84,223794.16,223788.89,223794.6,265145.53,223794.75,230633.64,211452.06,216788.52,273697.47,249833.62,211478.53,218716.27,222958.06,224539.08,200800.2,265132.9,180628.8,254718.6,265132.88,174272.92,265132.78,223796.02,207622.22,254718.38,265133.06,254719.03,265133.1,223794.73,223796.7,237828.97,341170.12,278139.78,173314.05,182988.39,192343.06,239378.5,329711.4,186685.44,201879.88,265110.75,265111.1,254710.3,265110.78,266642.38,180043.72,223761.98,254738.22,265110.78,254738.72,265111.22,223762.69,215173.67,223762.69,158292.89,264333.28,195949.1,223763.33,224517.05,223510.0,284939.94,193043.92,223764.77,148108.3,198126.12,222043.58,222305.14,265116.4,173637.78,223759.14,223759.06,254803.2,315890.94,223760.1,254804.28,254804.3,223760.1,265126.6,265124.78,254806.0,211476.88,201751.4,256338.27,221082.17,265107.56,211476.58,223786.22,223786.3,265109.97,223762.34,223811.72,254806.42,282955.28,195371.16,223811.73,223811.83,149343.7,265110.47,223812.61,254419.1,254804.95,233726.48,211475.5
6120,272826.56,223288.7,264311.06,254218.28,264311.12,264301.44,254224.45,264301.47,264311.72,254219.56,223293.42,254224.75,264314.25,254219.77,264311.6,264302.22,281871.06,189245.67,254220.94,264301.84,264302.47,223293.28,254220.84,264311.97,223289.69,223293.97,190548.52,194795.47,211885.14,223290.4,223292.06,264303.1,264303.47,191393.62,264303.12,264303.88,219136.34,254221.77,254223.38,264303.72,223284.86,223284.86,264303.8,223284.89,254223.03,254223.02,211202.2,204769.2,223286.33,264304.22,223285.12,223286.23,229507.9,254223.08,254224.17,159991.03,204261.48,198136.73,180475.88,193301.62,264304.56,254224.97,149741.6,223302.39,194163.25,223302.33,157408.1,223302.98,150879.84,223303.5,254225.56,223974.62,204743.72,254226.64,198694.31,254226.61,219285.7,207236.83,254226.58,264304.9,215546.67,211195.28,181357.95,158022.62,268532.2,223996.1,180495.48,148296.84,211195.33,254228.17,254228.73,182778.0,264305.1,223267.47,254228.48,223267.27,281881.38,219909.44,186186.23,223267.73,254228.55,223268.2,264305.4,192871.14,218410.72,219316.64,234233.75,202956.77,281891.22,204180.3,205909.39,177962.92,266832.66,173189.3,302364.16,216439.17,152711.08,192704.47,217318.23,165079.27,254178.88,220893.22,264308.2,223233.11,223233.61,203421.86,264308.6,223234.02,170524.75,254179.5,254180.05,264308.78,223234.6,165405.92,223597.34,196742.16,191656.31,192390.28,222927.45,267650.28,228231.3,218491.28,280872.03,195525.56,211160.75,211196.75,204910.64,143164.38,158471.2,238523.95,192398.64,214318.81,215985.05,211872.92,195641.42,211196.47,153788.33,207063.11,210483.23,223620.9,167971.34,219758.89,269376.28,211196.16,217065.27,217707.39,193472.39,281890.03,220967.4,211196.64,199183.1,183642.12,208125.58,211166.62,211366.7,281890.75,216149.97,267899.03,296597.9,208771.2,139194.4,203064.88,264322.5,326384.62,223267.38,223267.44,264322.53,248863.17,264308.66,223266.92,254187.44,182875.19,269376.6,223267.75,223262.42,223268.1,264330.75,223268.25,230355.55,211176.56,216434.05,272765.88,249296.69,211206.97,218605.64,222889.0,223993.47,200610.38,264318.4,180531.06,254129.86,264318.34,175046.58,264318.25,223269.52,207499.66,254129.64,264318.53,254130.3,264318.56,223268.22,223270.19,237228.45,339753.72,277149.3,173921.73,183562.66,192398.1,239024.36,328094.3,187182.47,201733.25,264296.5,264296.8,254121.39,264296.53,265875.47,180370.72,223236.39,254149.0,264296.5,254149.5,264296.97,223237.1,215094.64,223237.1,158469.08,263529.5,196058.64,223237.72,223971.4,223418.98,283953.06,193213.64,223239.16,148640.66,198123.58,221639.94,221857.56,264302.06,174121.95,223233.69,223233.61,254213.2,314844.25,223234.62,254214.31,254214.31,223234.64,264312.16,264310.3,254216.05,211201.28,201738.73,255584.38,220684.08,264293.2,211200.9,223259.89,223259.97,264295.56,223236.88,223284.53,254216.48,281903.75,195288.66,223284.55,223284.62,149909.86,264296.06,223285.4,253819.6,254214.98,233133.61,211199.8
6180,271950.34,222768.58,263504.53,253622.83,263504.56,263495.03,253629.06,263495.03,263505.16,253624.12,222773.25,253629.36,263507.66,253624.31,263505.03,263495.78,280831.8,189486.52,253625.52,263495.4,263496.06,222773.12,253625.42,263505.47,222769.53,222773.8,190763.33,194715.69,211658.1,222770.25,222771.9,263496.66,263497.03,191230.7,263496.72,263497.44,218700.56,253626.34,253627.97,263497.28,222764.88,222764.88,263497.38,222764.9,253627.62,253627.61,210922.22,204532.92,222766.33,263497.78,222765.14,222766.25,228942.14,253627.7,253628.77,160202.83,204461.61,197990.5,181059.97,193280.14,263498.12,253629.58,149951.25,222782.3,194635.9,222782.23,157579.45,222782.89,151458.73,222783.4,253630.19,223436.62,204644.69,253631.27,198798.42,253631.23,218865.72,207070.3,253631.22,263498.47,215196.52,210915.48,181960.67,158632.22,267664.62,223458.11,180880.5,148507.17,210915.55,253632.81,253633.39,183422.36,263498.66,222747.92,253633.14,222747.72,280842.0,220084.02,186450.81,222748.17,253633.16,222748.64,263498.97,192911.9,218076.53,218904.78,233833.0,202823.75,280851.66,203941.28,205786.06,178678.97,265989.62,173248.5,301124.6,216100.55,152923.56,192715.23,217152.81,165713.33,253583.75,220812.89,263501.7,222714.62,222715.11,203246.19,263502.1,222715.53,170507.84,253584.39,253584.92,263502.28,222716.1,165470.61,223068.95,196943.44,191720.98,192440.27,222416.34,266795.53,227747.62,218164.03,279847.1,195547.72,210876.45,210917.06,204835.95,143846.78,158675.38,238472.84,192448.6,214056.61,215703.52,211617.62,195944.64,210916.73,154391.72,206819.66,210244.67,223092.5,168554.7,219673.1,268496.47,210916.39,216875.86,217562.36,193667.61,280850.47,220676.67,210916.9,198976.98,183607.3,207956.86,210886.86,211465.1,280851.2,215772.98,267479.94,295807.2,208525.27,139900.97,202989.45,263515.84,324785.4,222747.97,222748.03,263515.9,248167.62,263502.2,222747.52,253592.4,183170.1,268496.75,222748.36,222743.05,222748.67,263523.97,222748.84,230075.23,210896.6,216080.33,271845.0,248761.86,210930.94,218492.39,222812.58,223455.53,200424.05,263511.9,180431.55,253535.42,263511.84,175805.67,263511.75,222750.1,207372.14,253535.19,263512.06,253535.86,263512.1,222748.81,222750.77,236632.95,338356.6,276170.22,174530.28,184119.9,192448.06,238668.6,326481.75,187663.61,201575.53,263490.25,263490.6,253526.86,263490.28,265108.94,180690.31,222717.86,253554.14,263490.28,253554.64,263490.72,222718.56,215014.81,222718.55,158673.03,262733.56,196160.17,222719.17,223433.45,223321.33,282967.4,193374.56,222720.6,149183.5,198116.12,221235.73,221412.1,263495.75,174606.19,222715.3,222715.2,253617.58,313803.4,222716.22,253618.69,253618.7,222716.23,263505.72,263503.9,253620.45,210921.23,201719.12,254837.6,220285.3,263486.84,210920.8,222740.66,222740.73,263489.2,222718.45,222764.45,253620.89,280863.97,195206.61,222764.47,222764.56,150485.31,263489.7,222765.33,253215.17,253619.28,232546.97,210919.64
6240,271078.28,222255.36,262706.5,253021.72,262706.56,262697.12,253028.08,262697.12,262707.12,253023.03,222259.98,253028.38,262709.6,253023.23,262707.03,262697.88,279802.12,189717.77,253024.45,262697.5,262698.12,222259.88,253024.36,262707.5,222256.31,222260.55,190968.83,194636.39,211428.67,222257.02,222258.66,262698.75,262699.12,191061.83,262698.78,262699.53,218267.86,253025.3,253026.95,262699.38,222251.8,222251.8,262699.47,222251.83,253026.61,253026.6,210638.22,204300.66,222253.25,262699.88,222252.06,222253.16,228383.66,253026.7,253027.78,160428.17,204650.16,197846.6,181624.45,193256.88,262700.2,253028.61,150157.72,222269.11,195096.95,222269.05,157780.89,222269.69,152044.25,222270.2,253029.22,222906.08,204539.94,253030.33,198894.52,253030.28,218448.78,206898.9,253030.27,262700.56,214849.2,210631.69,182546.02,159238.55,266806.16,222927.58,181255.05,148707.22,210631.75,253031.9,253032.48,184055.16,262700.75,222235.27,253032.23,222235.05,279812.2,220254.72,186704.52,222235.52,253032.22,222235.98,262701.03,192947.97,217739.17,218496.08,233419.17,202690.17,279821.53,203706.56,205658.66,179382.62,265155.47,173318.97,299889.66,215762.75,153140.23,192722.88,216988.78,166336.67,252982.98,220726.6,262703.7,222202.98,222203.47,203071.92,262704.12,222203.88,170501.53,252983.64,252984.19,262704.28,222204.44,165549.75,222547.72,197134.39,191780.3,192485.28,221911.9,265949.7,227268.31,217832.94,278824.75,195564.84,210588.94,210633.38,204755.45,144525.75,158900.17,238422.6,192493.58,213790.03,215417.27,211360.3,196235.19,210633.0,154996.9,206577.88,210006.33,222571.23,169127.06,219582.44,267625.9,210632.64,216689.66,217417.25,193860.75,279820.28,220372.34,210633.19,198763.67,183577.7,207784.42,210603.05,211553.47,279820.97,215396.44,267062.0,295018.94,208279.34,140608.14,202910.44,262717.72,323205.66,222235.45,222235.52,262717.75,247487.23,262704.2,222235.0,252991.81,183456.03,267626.2,222235.83,222230.56,222236.16,262725.72,222236.31,229790.6,210612.61,215727.38,270934.1,248229.4,210650.72,218376.64,222729.02,222925.06,200241.03,262713.9,180333.36,252935.5,262713.88,176551.1,262713.75,222237.56,207239.88,252935.28,262714.06,252935.95,262714.1,222236.3,222238.23,236048.11,336977.2,275200.78,175122.05,184660.45,192493.05,238311.33,324880.03,188129.22,201410.67,262692.53,262692.84,252926.77,262692.56,264343.56,181002.05,222206.17,252953.75,262692.53,252954.25,262693.0,222206.88,214931.22,222206.86,158897.64,261947.1,196253.67,222207.48,222902.97,223217.28,281981.66,193526.8,222208.89,149728.7,198103.89,220831.86,220968.81,262697.94,175080.19,222203.73,222203.64,253016.44,312770.1,222204.66,253017.58,253017.58,222204.67,262707.78,262705.94,253019.38,210637.17,201692.83,254109.88,219886.12,262689.06,210636.67,222228.3,222228.36,262691.34,222206.88,222251.3,253019.81,279833.44,195124.94,222251.31,222251.4,151068.5,262691.84,222252.17,252607.64,253018.25,231969.05,210635.48
6300,270206.47,221749.55,261915.62,252413.6,261915.69,261906.4,252420.08,261906.38,261916.27,252414.92,221754.14,252420.39,261918.72,252415.14,261916.16,261907.12,278776.84,189944.1,252416.38,261906.75,261907.39,221754.03,252416.28,261916.67,221750.5,221754.7,191173.28,194557.47,211197.23,221751.2,221752.83,261907.98,261908.38,190889.5,261908.05,261908.77,217841.39,252417.25,252418.94,261908.61,221746.17,221746.17,261908.69,221746.2,252418.6,252418.58,210349.16,204072.28,221747.61,261909.12,221746.42,221747.52,227831.86,252418.69,252419.78,160666.12,204828.39,197704.86,182181.08,193231.84,261909.45,252420.62,150363.98,221763.36,195549.05,221763.3,158007.36,221763.94,152634.67,221764.45,252421.25,222382.94,204430.34,252422.39,198988.55,252422.34,218035.17,206722.19,252422.33,261909.81,214505.55,210342.88,183113.95,159842.64,265956.62,222404.48,181637.48,148901.6,210342.94,252424.0,252424.6,184675.9,261910.0,221730.02,252424.33,221729.81,278786.8,220420.56,186966.53,221730.27,252424.31,221730.73,261910.3,192979.47,217398.81,218090.81,232993.89,202557.64,278795.9,203475.94,205529.02,180073.58,264329.5,173403.95,298662.0,215425.94,153362.38,192727.5,216826.08,166952.34,252375.19,220634.69,261912.88,221698.73,221699.2,202899.55,261913.3,221699.62,170506.52,252375.84,252376.42,261913.48,221700.17,165643.06,222033.88,197323.61,191834.45,192525.52,221414.75,265112.56,226788.0,217498.17,277816.1,195577.56,210296.6,210344.62,204670.47,145195.88,159142.25,238369.42,192533.77,213519.45,215126.66,211101.28,196516.45,210344.2,155602.48,206337.73,209769.94,222057.39,169696.56,219487.17,266764.5,210343.83,216506.38,217272.1,194049.55,278794.78,220057.81,210344.39,198544.58,183561.03,207609.05,210314.25,211632.44,278795.53,215025.39,266644.66,294235.25,208033.55,141308.73,202830.77,261926.77,321644.9,221730.34,221730.36,261926.78,246797.75,261913.36,221729.89,252384.2,183741.92,266764.8,221730.7,221725.5,221731.0,261934.67,221731.2,229498.55,210323.62,215375.4,270033.38,247698.92,210365.61,218258.53,222638.67,222402.02,200061.11,261923.14,180238.67,252328.5,261923.1,177283.28,261923.0,221732.44,207103.61,252328.27,261923.28,252328.95,261923.31,221731.17,221733.1,235459.94,335614.62,274244.06,175708.95,185184.69,192533.25,237952.77,323294.97,188580.44,201244.5,261902.05,261902.38,252319.58,261902.08,263575.3,181308.03,221701.88,252346.25,261902.06,252346.77,261902.5,221702.56,214845.75,221702.56,159139.53,261164.66,196349.45,221703.17,222379.9,223107.17,280996.4,193678.45,221704.58,150271.94,198088.5,220426.83,220528.1,261907.33,175554.72,221699.53,221699.45,252408.22,311745.66,221700.44,252409.38,252409.39,221700.45,261917.03,261915.2,252411.27,210348.1,201664.05,253370.81,219486.73,261898.38,210347.52,221723.33,221723.39,261900.64,221702.66,221745.56,252411.67,278807.75,195043.56,221745.6,221745.67,151657.83,261901.14,221746.42,251991.89,252410.11,231394.56,210346.34
6360,269339.97,221246.5,261130.6,251801.38,261130.69,261121.52,251808.03,261121.52,261131.27,251802.8,221251.08,251808.34,261133.64,251802.97,261131.16,261122.28,277763.53,190171.38,251804.27,261121.89,261122.53,221250.98,251804.17,261131.69,221247.4,221251.62,191364.7,194488.23,210963.8,221248.16,221249.78,261123.14,261123.53,190715.98,261123.19,261123.92,217409.3,251805.16,251806.88,261123.77,221243.23,221243.25,261123.84,221243.27,251806.52,251806.5,210056.88,203841.81,221244.69,261124.28,221243.5,221244.6,227285.3,251806.62,251807.72,160909.06,204995.48,197571.4,182729.81,193210.14,261124.61,251808.58,150572.44,221260.34,195993.08,221260.28,158253.02,221260.92,153228.73,221261.44,251809.22,221866.47,204315.16,251810.38,199065.48,251810.33,217623.27,206541.03,251810.31,261124.97,214163.42,210050.81,183665.33,160444.1,265115.7,221888.02,182013.3,149094.23,210050.88,251812.0,251812.61,185285.25,261125.16,221227.53,251812.34,221227.31,277773.34,220580.97,187222.14,221227.78,251812.25,221228.25,261125.45,193006.98,217056.17,217687.25,232561.28,202424.53,277782.25,203249.69,205394.48,180752.17,263510.9,173490.92,297442.66,215089.98,153589.06,192732.08,216664.61,167557.72,251763.31,220537.73,261127.97,221197.31,221197.8,202729.5,261128.38,221198.2,170523.12,251763.98,251764.56,261128.56,221198.75,165748.27,221524.67,197491.53,191884.7,192561.84,220916.77,264283.7,226312.39,217160.47,276816.8,195586.31,210002.03,210052.61,204579.86,145854.11,159395.66,238312.69,192570.08,213245.42,214832.23,210841.28,196782.64,210052.16,156207.89,206100.12,209532.36,221548.17,170260.8,219387.61,265912.1,210051.75,216325.81,217126.89,194236.4,277781.16,219736.2,210052.36,198322.17,183540.95,207430.81,210022.19,211702.48,277781.9,214645.28,266228.75,293460.12,207789.47,141998.27,202743.78,261141.69,320102.12,221227.97,221228.02,261141.72,246131.75,261128.45,221227.52,251772.47,184024.23,265912.4,221228.31,221223.12,221228.66,261149.42,221228.83,229209.06,210031.38,215024.52,269134.47,247170.02,210078.4,218138.2,222544.0,221885.6,199887.55,261138.14,180149.22,251717.38,261138.08,178002.34,261137.98,221230.06,206962.89,251717.14,261138.27,251717.84,261138.3,221228.8,221230.72,234886.11,334256.25,273288.47,176287.98,185692.95,192569.55,237593.14,321728.2,189016.47,201073.88,261117.31,261117.67,251708.31,261117.38,262808.6,181609.02,221200.38,251734.7,261117.36,251735.23,261117.8,221201.06,214757.42,221201.06,159392.8,260389.22,196427.36,221201.67,221863.44,222992.0,280013.9,193816.84,221203.06,150808.95,198067.8,220021.9,220088.28,261122.47,176025.3,221198.16,221198.08,251795.9,310733.9,221199.06,251797.12,251797.14,221199.08,261132.0,261130.27,251799.0,210055.72,201625.8,252657.52,219087.25,261113.5,210055.14,221221.06,221221.14,261115.75,221201.28,221242.44,251799.45,277793.9,194966.11,221242.45,221242.55,152251.84,261116.25,221243.3,251375.11,251797.83,230829.03,210053.94
6420,268477.47,220748.6,260352.4,251187.83,260352.44,260343.34,251194.44,260343.44,260353.02,251189.2,220753.16,251194.75,260355.45,251189.4,260352.94,260344.2,276760.56,190384.55,251190.67,260343.83,260344.42,220753.06,251190.58,260353.5,220749.53,220753.73,191549.23,194416.58,210728.42,220750.2,220751.84,260345.08,260345.44,190543.2,260345.12,260345.86,216982.27,251191.56,251193.34,260345.7,220745.45,220745.47,260345.72,220745.48,251192.94,251192.92,209762.19,203618.42,220746.9,260346.19,220745.72,220746.81,226743.61,251193.05,251194.14,161158.77,205151.95,197437.95,183270.19,193185.83,260346.56,251195.02,150783.03,220762.48,196429.05,220762.42,158512.1,220763.06,153825.34,220763.56,251195.66,221355.64,204194.16,251196.81,199138.19,251196.77,217213.97,206355.53,251196.72,260346.92,213822.72,209756.33,184200.34,161042.25,264283.0,221377.2,182383.11,149287.62,209756.39,251198.45,251199.03,185883.47,260347.1,220730.19,251198.78,220729.98,276770.22,220735.88,187473.05,220730.45,251198.73,220730.9,260347.36,193030.8,216711.44,217286.17,232123.77,202289.31,276779.0,203023.89,205256.05,181418.34,262700.03,173587.44,296232.72,214754.58,153819.0,192734.12,216504.25,168153.69,251149.89,220435.88,260349.83,220700.97,220701.45,202558.25,260350.25,220701.86,170549.8,251150.58,251151.17,260350.42,220702.4,165863.0,221020.98,197651.08,191929.33,192593.73,220426.97,263462.62,225835.2,216820.22,275828.2,195589.72,209706.03,209758.19,204483.78,146496.98,159655.56,238252.58,192601.94,212968.3,214534.48,210579.73,197036.48,209757.7,156812.52,205862.33,209293.97,221044.47,170818.62,219284.06,265068.34,209757.3,216147.77,216981.58,194419.84,276777.94,219409.73,209757.92,198098.11,183527.53,207249.12,209727.72,211763.81,276778.7,214266.95,265813.97,292689.3,207544.69,142673.28,202654.52,260363.4,318576.66,220730.8,220730.86,260363.47,245450.08,260350.34,220730.31,251159.12,184302.27,265068.62,220731.12,220725.94,220731.5,260371.02,220731.64,228917.6,209736.7,214674.45,268247.7,246643.27,209786.17,218015.78,222441.27,221374.83,199715.38,260359.95,180065.83,251104.64,260359.88,178708.62,260359.8,220732.88,206818.05,251104.4,260360.1,251105.11,260360.11,220731.61,220733.55,234305.08,332921.28,272344.72,176858.62,186185.3,192601.4,237232.47,320179.66,189437.36,200902.5,260339.4,260339.75,251095.53,260339.47,262042.22,181905.48,220703.98,251121.64,260339.44,251122.14,260339.89,220704.67,214666.95,220704.67,159652.56,259619.89,196499.69,220705.23,221352.69,222871.16,279035.94,193948.89,220706.69,151336.48,198042.19,219616.9,219650.33,260344.44,176489.58,220701.89,220701.8,251182.14,309727.3,220702.83,251183.28,251183.3,220702.84,260353.92,260352.17,251185.11,209760.97,201581.31,251926.2,218687.62,260335.47,209760.38,220723.97,220724.08,260337.69,220704.97,220744.56,251185.62,276790.5,194889.77,220744.58,220744.67,152849.28,260338.17,220745.4,250757.44,251183.88,230264.67,209759.14
6480,267619.16,220257.12,259580.94,250569.9,259580.97,259571.94,250576.62,259572.05,259581.55,250571.25,220261.69,250576.95,259583.97,250571.5,259581.39,259572.81,275768.38,190586.62,250572.77,259572.42,259573.06,220261.64,250572.62,259582.02,220258.14,220262.33,191725.5,194343.61,210491.27,220258.81,220260.44,259573.69,259574.08,190372.39,259573.72,259574.44,216558.75,250573.67,250575.4,259574.33,220254.16,220254.12,259574.39,220254.16,250575.05,250575.06,209465.52,203399.67,220255.6,259574.84,220254.4,220255.5,226206.88,250575.19,250576.33,161411.6,205297.33,197305.2,183800.61,193159.4,259575.19,250577.2,150996.67,220271.12,196856.05,220271.02,158778.55,220271.62,154423.53,220272.14,250577.86,220850.66,204068.11,250579.05,199204.12,250578.98,216807.7,206165.81,250578.98,259575.5,213484.19,209459.88,184719.22,161636.55,263458.38,220872.2,182747.12,149483.45,209459.94,250580.69,250581.34,186470.45,259575.73,220239.23,250581.05,220239.1,275777.9,220884.86,187724.81,220239.52,250581.06,220239.98,259576.03,193050.92,216365.02,216888.16,231681.02,202152.78,275786.53,202801.9,205114.38,182072.5,261896.75,173690.0,295030.97,214420.03,154052.23,192733.22,216345.12,168740.66,250532.25,220329.06,259578.34,220210.95,220211.44,202387.72,259578.81,220211.83,170585.45,250532.94,250533.53,259579.0,220212.47,165985.94,220523.44,197802.27,191969.64,192621.6,219944.27,262649.22,225357.95,216477.81,274849.66,195588.88,209408.61,209461.8,204382.98,147123.17,159919.94,238189.02,192629.77,212688.34,214233.84,210316.7,197278.67,209461.31,157415.72,205626.08,209055.52,220546.92,171369.31,219176.67,264233.1,209460.89,215972.11,216836.4,194600.12,275785.5,219079.23,209461.53,197873.72,183520.2,207064.4,209431.27,211815.62,275786.25,213890.61,265399.94,291923.25,207299.61,143331.55,202562.16,259591.81,317067.6,220240.02,220240.14,259591.94,244780.88,259578.92,220239.58,250541.67,184585.89,264233.4,220240.33,220235.17,220240.78,259599.34,220240.89,228622.05,209440.08,214325.23,267368.84,246118.22,209490.95,217891.48,222331.83,220869.92,199545.47,259588.52,179988.83,250487.86,259588.45,179402.61,259588.36,220242.12,206669.4,250487.58,259588.66,250488.33,259588.67,220240.81,220242.78,233730.06,331605.22,271410.47,177419.53,186662.03,192629.25,236870.22,318648.88,189843.66,200731.95,259568.22,259568.53,250478.55,259568.2,261276.08,182204.84,220213.95,250504.36,259568.17,250504.89,259568.72,220214.64,214572.95,220214.62,159916.81,258857.97,196566.08,220215.25,220847.78,222744.44,278060.88,194073.19,220216.62,151853.23,198012.64,219210.44,219214.95,259573.16,176946.98,220211.97,220211.86,250564.2,308730.25,220212.92,250565.38,250565.39,220212.94,259582.6,259580.81,250567.2,209464.27,201531.3,251205.36,218288.33,259564.19,209463.64,220233.34,220233.4,259566.3,220215.1,220253.16,250567.77,275797.88,194813.1,220253.17,220253.3,153449.19,259566.83,220254.05,250137.92,250566.1,229704.78,209462.38
6540,266766.12,219772.34,258816.73,249950.89,258816.75,258807.81,249957.72,258807.9,258817.36,249952.2,219776.89,249958.06,258819.73,249952.5,258817.2,258808.67,274786.75,190778.52,249953.75,258808.28,258808.97,219776.83,249953.64,258817.8,219773.34,219777.52,191892.7,194269.64,210252.5,219774.02,219775.62,258809.55,258809.97,190204.38,258809.61,258810.36,216138.52,249954.73,249956.42,258810.2,219769.4,219769.42,258810.31,219769.45,249956.11,249956.1,209167.4,203184.73,219770.88,258810.75,219769.69,219770.78,225674.97,249956.22,249957.38,161666.17,205432.4,197173.34,184321.38,193130.86,258811.06,249958.27,151213.75,219786.22,197274.2,219786.19,159050.36,219786.83,155022.38,219787.33,249958.94,220351.75,203937.2,249960.14,199263.34,249960.1,216404.53,205972.48,249960.11,258811.4,213148.14,209161.98,185222.08,162226.47,262641.62,220373.34,183109.14,149682.89,209162.05,249961.84,249962.52,187046.34,258811.62,219754.94,249962.2,219754.77,274796.12,221027.77,187979.56,219755.19,249962.23,219755.64,258811.95,193067.1,216016.98,216493.28,231235.73,202015.45,274804.6,202584.1,204969.7,182714.73,261101.17,173797.23,293838.16,214086.47,154288.42,192729.31,216187.0,169318.61,249913.48,220217.52,258814.19,219727.47,219727.95,202218.33,258814.62,219728.36,170629.56,249914.16,249914.77,258814.83,219728.94,166116.02,220032.14,197944.98,192005.55,192645.48,219467.9,261843.55,224881.95,216133.53,273881.34,195583.73,209110.28,209163.95,204277.3,147731.72,160186.86,238121.72,192653.61,212405.89,213930.6,210052.44,197509.7,209163.48,158016.77,205391.56,208817.12,220055.6,171912.94,219065.53,263405.97,209163.05,215798.66,216691.17,194784.67,274803.6,218746.95,209163.72,197650.08,183518.03,206877.03,209133.38,211858.58,274804.34,213515.98,264986.53,291162.3,207054.69,143971.48,202466.78,258827.55,315574.47,219755.83,219755.95,258827.66,244118.8,258814.75,219755.4,249923.03,184867.8,263406.25,219756.16,219751.0,219756.6,258834.94,219756.67,228325.27,209142.03,213977.08,266499.22,245595.11,209193.64,217765.25,222216.23,220371.03,199377.75,258824.33,179918.38,249869.88,258824.3,180084.31,258824.17,219757.9,206517.03,249869.62,258824.47,249870.36,258824.52,219756.64,219758.56,233159.2,330305.66,270486.38,177971.0,187123.34,192653.11,236506.66,317134.88,190235.7,200563.22,258804.25,258804.55,249860.39,258804.25,260512.72,182499.44,219730.45,249885.95,258804.22,249886.53,258804.64,219731.12,214480.25,219731.12,160183.64,258103.67,196625.28,219731.78,220348.94,222612.27,277090.6,194189.11,219733.12,152358.16,197979.1,218803.81,218782.06,258809.14,177398.55,219728.56,219728.47,249945.16,307743.2,219729.5,249946.34,249946.36,219729.52,258818.5,258816.7,249948.19,209166.12,201475.84,250494.44,217889.45,258800.1,209165.48,219749.3,219749.33,258802.23,219731.69,219768.42,249948.78,274815.8,194735.75,219768.45,219768.55,154050.45,258802.77,219769.3,249518.25,249947.11,229149.31,209164.17
6600,265931.4,219293.95,258059.95,249332.88,258059.97,258051.12,249339.75,258051.19,258060.58,249334.17,219298.48,249340.11,258062.92,249334.48,258060.45,258051.95,273821.94,190960.53,249335.73,258051.56,258052.28,219298.39,249335.67,258060.98,219294.94,219299.08,192050.66,194194.88,210011.98,219295.61,219297.2,258052.84,258053.28,190040.0,258052.92,258053.7,215721.5,249336.67,249338.45,258053.48,219291.1,219291.12,258053.66,219291.16,249338.14,249338.11,208868.27,202973.06,219292.53,258054.06,219291.36,219292.44,225148.6,249338.22,249339.39,161921.45,205557.61,197042.53,184832.27,193100.19,258054.36,249340.3,151434.6,219307.77,197683.39,219307.75,159325.56,219308.42,155621.03,219308.9,249340.97,219858.8,203801.36,249342.19,199315.83,249342.16,216004.52,205775.5,249342.17,258054.75,212814.69,208863.1,185709.14,162811.78,261832.7,219880.4,183461.17,149886.78,208863.16,249343.94,249344.6,187611.23,258054.92,219277.0,249344.3,219276.8,273831.16,221164.52,188210.02,219277.22,249344.33,219277.67,258055.28,193079.39,215667.78,216101.28,230789.72,201877.52,273839.5,202370.22,204822.08,183345.2,260313.25,173908.03,292654.38,213753.8,154527.27,192722.44,216029.75,169887.78,249295.69,220101.39,258057.48,219250.31,219250.8,202050.05,258057.86,219251.2,170681.45,249296.34,249296.95,258058.08,219251.7,166252.11,219546.98,198079.1,192037.16,192665.4,218997.55,261045.55,224407.97,215787.55,272931.06,195574.61,208811.33,208865.11,204166.73,148322.28,160454.84,238050.72,192673.5,212121.06,213624.89,209787.25,197729.83,208864.64,158615.19,205158.72,208579.0,219570.44,172449.44,218950.64,262586.7,208864.2,215627.2,216545.78,194951.03,273838.47,218414.2,208864.89,197427.92,183520.12,206687.1,208834.5,211892.97,273839.2,213142.95,264574.1,290407.5,206810.08,144592.47,202368.56,258070.7,314096.84,219278.0,219278.11,258070.78,243463.0,258057.98,219277.58,249305.31,185126.56,262586.97,219278.34,219273.19,219278.75,258077.97,219278.81,228026.58,208842.98,213630.17,265639.44,245074.27,208894.81,217637.11,222094.84,219878.17,199212.19,258067.58,179854.58,249252.81,258067.56,180753.92,258067.42,219280.05,206360.75,249252.61,258067.72,249253.36,258067.78,219278.83,219280.7,232592.78,329021.97,269575.34,178512.98,187569.52,192673.0,236142.08,315637.12,190613.83,200396.77,258047.72,258047.98,249243.25,258047.7,259770.78,182784.67,219253.27,249268.58,258047.69,249269.16,258048.08,219253.94,214379.92,219253.94,160451.52,257356.72,196677.08,219254.61,219856.06,222474.94,276125.84,194296.66,219255.94,152850.66,197941.83,218397.69,218351.95,258052.55,177843.12,219251.44,219251.39,249327.1,306766.44,219252.38,249328.31,249328.33,219252.39,258061.84,258060.02,249330.17,208866.98,201414.61,249791.66,217491.4,258043.4,208866.33,219271.58,219271.62,258045.61,219254.56,219290.1,249330.78,273850.47,194657.77,219290.11,219290.19,154652.2,258046.12,219290.94,248902.97,249329.1,228598.97,208864.98
6660,265078.3,218821.72,257311.83,248715.22,257311.86,257303.14,248722.16,257303.19,257312.45,248716.5,218826.23,248722.52,257314.77,248716.84,257312.36,257303.94,272861.16,191133.03,248718.08,257303.56,257304.28,218826.11,248718.05,257312.84,218822.69,218826.8,192199.42,194119.4,209770.03,218823.36,218824.94,257304.81,257305.27,189879.38,257304.9,257305.69,215307.75,248718.98,248720.83,257305.44,218818.95,218818.97,257305.62,218818.98,248720.53,248720.47,208568.42,202764.31,218820.34,257306.02,218819.19,218820.27,224627.67,248720.6,248721.77,162176.38,205673.25,196912.72,185333.28,193067.44,257306.28,248722.69,151659.39,218835.48,198083.55,218835.47,159602.5,218836.14,156218.81,218836.62,248723.38,219371.98,203661.03,248724.6,199361.89,248724.58,215607.61,205575.31,248724.6,257306.7,212483.89,208563.5,186180.72,163392.14,261032.16,219393.56,183805.17,150095.67,208563.56,248726.4,248727.05,188165.14,257306.84,218805.2,248726.75,218804.95,272870.25,221295.06,188440.81,218805.39,248726.78,218805.84,257307.22,193087.8,215317.64,215712.4,230343.45,201739.08,272878.47,202159.86,204671.72,183964.02,259533.67,174021.39,291479.97,213422.34,154768.48,192712.61,215873.33,170448.19,248678.25,219980.77,257309.48,218779.25,218779.73,201882.84,257309.75,218780.14,170739.88,248678.89,248679.52,257309.98,218780.58,166392.86,219067.94,198204.86,192064.53,192681.34,218532.94,260256.06,223935.97,215440.16,271978.94,195561.48,208511.97,208565.55,204051.5,148894.9,160722.7,237976.03,192689.39,211834.22,213317.08,209521.31,197939.38,208565.11,159210.52,204927.47,208341.28,219091.33,172978.23,218832.08,261775.62,208564.64,215457.58,216400.23,195114.0,272877.47,218081.97,208565.34,197207.58,183525.69,206494.9,208534.9,211919.17,272878.2,212771.62,264162.7,289658.84,206566.0,145194.28,202267.62,257322.44,312634.47,218806.3,218806.39,257322.5,242813.16,257309.88,218805.86,248687.95,185382.73,261775.89,218806.66,218801.5,218807.02,257329.56,218807.08,227724.14,208543.25,213284.66,264789.28,244556.48,208594.92,217507.0,221967.94,219391.3,199048.64,257319.36,179796.97,248636.12,257319.36,181411.56,257319.2,218808.3,206200.78,248635.94,257319.5,248636.62,257319.56,218807.14,218808.95,232030.69,327753.66,268671.62,179045.47,188000.92,192688.89,235777.2,314155.1,190978.44,200232.83,257299.8,257300.11,248626.47,257299.8,259003.5,183062.61,218782.16,248651.52,257299.78,248652.12,257300.16,218782.84,214274.45,218782.83,160719.3,256617.69,196721.47,218783.5,219369.31,222332.72,275166.56,194395.88,218784.83,153330.5,197900.81,217992.28,217924.67,257304.42,178279.2,218780.4,218780.38,248709.38,305799.7,218781.33,248710.62,248710.64,218781.34,257313.58,257311.78,248712.48,208567.11,201347.77,249096.31,217094.36,257295.19,208566.47,218799.97,218800.0,257297.42,218783.52,218817.92,248713.1,272889.34,194579.17,218817.94,218817.98,155253.67,257297.92,218818.73,248284.5,248711.4,228053.78,208565.1
6720,264239.47,218355.3,256570.55,248097.08,256570.56,256561.94,248104.1,256561.97,256571.22,248098.36,218359.81,248104.45,256573.44,248098.7,256571.1,256562.73,271908.28,191296.12,248099.95,256562.34,256563.08,218359.67,248099.98,256571.6,218356.25,218360.34,192339.11,194043.38,209526.56,218356.92,218358.5,256563.6,256564.05,189723.53,256563.72,256564.52,214897.12,248100.83,248102.75,256564.22,218352.61,218352.64,256564.44,218352.64,248102.48,248102.38,208268.17,202558.25,218353.98,256564.81,218352.83,218353.9,224112.03,248102.5,248103.69,162438.84,205779.53,196783.92,185824.39,193032.62,256565.06,248104.61,151899.3,218369.03,198474.78,218369.0,159907.88,218369.69,156815.08,218370.16,248105.3,218891.23,203516.22,248106.55,199401.48,248106.55,215213.8,205372.0,248106.55,256565.55,212155.56,208263.5,186637.17,163967.12,260239.44,218912.77,184141.75,150314.0,208263.56,248108.39,248109.06,188708.19,256565.64,218339.23,248108.73,218338.92,271917.28,221419.47,188667.81,218339.36,248108.75,218339.83,256566.0,193092.42,214966.8,215326.39,229897.38,201600.22,271925.38,201952.64,204518.86,184571.25,258761.56,174155.05,290314.75,213091.88,155028.12,192699.88,215717.5,170999.64,248060.34,219855.9,256568.2,218313.98,218314.4,201716.62,256568.48,218314.84,170816.53,248060.98,248061.61,256568.72,218315.23,166555.11,218594.8,198322.23,192087.78,192693.34,218073.77,259474.2,223466.06,215091.64,271038.3,195544.6,208212.5,208265.56,203931.55,149460.03,161015.67,237897.77,192701.33,211545.6,213007.44,209254.81,198138.44,208265.14,159802.3,204697.75,208103.95,218618.12,173498.95,218709.98,260972.62,208264.67,215289.62,216254.28,195272.05,271924.4,217751.47,208265.4,196989.72,183547.31,206300.69,208234.92,211937.53,271925.16,212401.92,263752.47,288916.53,206322.53,145781.08,202164.03,256581.06,311187.03,218340.4,218340.47,256581.1,242168.92,256568.61,218339.94,248070.14,185636.25,260972.88,218340.8,218335.61,218341.1,256588.08,218341.16,227418.48,208243.12,212940.6,263946.97,244040.86,208294.39,217374.9,221835.8,218910.56,198886.98,256578.06,179749.28,248018.95,256578.1,182057.33,256577.92,218342.36,206037.17,248018.8,256578.2,248019.42,256578.31,218341.23,218343.02,231472.9,326500.34,267776.4,179568.25,188417.9,192700.86,235411.55,312688.44,191329.8,200075.64,256558.73,256559.0,248009.23,256558.75,258244.22,183335.88,218316.83,248033.98,256558.72,248034.6,256559.08,218317.53,214164.83,218317.5,161012.05,255885.34,196758.31,218318.17,218888.61,222185.8,274212.56,194486.66,218319.48,153812.9,197856.3,217587.83,217500.22,256563.25,178706.88,218315.16,218315.12,248091.19,304842.88,218316.05,248092.44,248092.45,218316.06,256572.33,256570.53,248094.33,208266.84,201275.27,248407.45,216698.45,256553.97,208266.2,218334.19,218334.16,256556.22,218318.23,218351.55,248094.95,271936.16,194500.02,218351.58,218351.61,155854.2,256556.7,218352.36,247666.72,248093.25,227513.47,208264.8
6780,263407.8,217894.5,255835.88,247479.69,255835.9,255827.36,247486.8,255827.39,255836.53,247480.98,217898.98,247487.14,255838.77,247481.33,255836.45,255828.16,270964.9,191450.16,247482.6,255827.77,255828.52,217898.84,247482.6,255836.89,217895.44,217899.5,192469.94,193966.83,209281.73,217896.16,217897.67,255829.02,255829.48,189574.92,255829.14,255829.95,214489.72,247483.44,247485.4,255829.7,217891.89,217891.94,255829.88,217891.94,247485.12,247485.03,207967.72,202354.64,217893.25,255830.23,217892.1,217893.16,223601.7,247485.16,247486.36,162721.53,205876.64,196656.06,186305.33,192995.86,255830.5,247487.3,152165.97,217908.19,198856.81,217908.14,160260.1,217908.84,157409.22,217909.3,247487.98,218416.42,203367.28,247489.23,199434.8,247489.23,214823.06,205165.94,247489.25,255830.95,211829.69,207963.31,187078.62,164536.48,259454.44,218437.92,184471.08,150550.22,207963.38,247491.11,247491.77,189240.4,255831.06,217878.78,247491.48,217878.5,270973.8,221537.64,188890.1,217878.94,247491.47,217879.39,255831.45,193093.34,214615.5,214943.34,229453.39,201460.83,270981.78,201748.2,204363.53,185167.1,257996.77,174321.17,289158.75,212762.66,155317.44,192684.38,215562.27,171542.11,247443.19,219727.0,255833.55,217854.23,217854.66,201551.23,255833.86,217855.11,170922.75,247443.83,247444.47,255834.1,217855.47,166750.14,218127.42,198431.34,192107.0,192701.52,217619.92,258699.83,222998.3,214742.27,270107.12,195523.94,207913.23,207965.39,203807.11,150028.97,161349.1,237815.89,192709.45,211255.47,212696.25,208987.9,198327.2,207965.0,160390.12,204469.5,207867.03,218150.7,174011.6,218584.58,260177.53,207964.53,215123.22,216108.1,195424.62,270980.84,217426.0,207965.27,196775.31,183597.55,206104.56,207934.77,211948.23,270981.6,212034.05,263343.5,288180.62,206079.72,146361.64,202057.88,255846.34,309754.22,217880.08,217880.14,255846.38,241529.53,255833.98,217879.66,247453.06,185886.05,260177.78,217880.45,217875.33,217880.77,255853.27,217880.83,227110.28,207942.84,212598.1,263112.38,243527.47,207993.36,217241.0,221698.69,218435.78,198727.06,255843.45,179717.77,247402.55,255843.47,182691.34,255843.3,217882.03,205870.12,247402.44,255843.6,247402.97,255843.67,217880.92,217882.67,230919.19,325261.78,266889.9,180081.17,188820.56,192708.98,235045.27,311236.75,191668.05,199932.27,255824.3,255824.52,247392.73,255824.31,257491.83,183604.98,217857.06,247417.2,255824.33,247417.83,255824.66,217857.75,214051.22,217857.77,161345.12,255159.33,196787.8,217858.4,218413.86,222034.39,273264.3,194569.23,217859.75,154308.95,197808.28,217184.5,217078.6,255828.77,179126.44,217855.45,217855.44,247473.75,303895.97,217856.34,247475.03,247475.03,217856.34,255837.77,255835.97,247476.92,207966.39,201197.33,247724.23,216303.83,255819.45,207965.78,217873.94,217873.92,255821.7,217858.56,217890.84,247477.55,270992.47,194420.34,217890.83,217890.86,156453.14,255822.17,217891.61,247051.22,247475.84,226978.1,207964.34
6840,262582.97,217439.08,255107.66,246864.12,255107.69,255099.22,246871.22,255099.25,255108.27,246865.36,217443.55,246871.58,255110.52,246865.77,255108.23,255100.02,270030.97,191594.52,246866.98,255099.62,255100.38,217443.38,246866.97,255108.58,217440.0,217444.05,192591.6,193889.81,209035.67,217440.7,217442.23,255100.88,255101.38,189436.11,255101.02,255101.83,214085.6,246867.83,246869.84,255101.53,217436.55,217436.56,255101.75,217436.56,246869.52,246869.45,207667.58,202153.31,217437.88,255102.11,217436.73,217437.8,223096.16,246869.58,246870.78,163023.12,205964.94,196529.11,186776.31,192957.19,255102.36,246871.73,152454.05,217452.72,199229.89,217452.67,160631.5,217453.38,158000.7,217453.83,246872.42,217947.4,203214.45,246873.69,199462.1,246873.7,214435.39,204957.45,246873.7,255102.8,211505.98,207663.42,187505.5,165100.0,258677.0,217968.89,184793.16,150808.5,207663.48,246875.6,246876.22,189761.81,255102.94,217423.69,246875.95,217423.45,270039.72,221649.69,189107.4,217423.88,246875.95,217424.31,255103.33,193090.67,214263.98,214563.16,229013.69,201320.9,270047.6,201546.34,204205.95,185751.52,257239.1,174503.4,288012.03,212434.62,155622.7,192666.12,215407.58,172075.64,246827.81,219594.22,255105.33,217399.81,217400.25,201386.6,255105.66,217400.7,171050.86,246828.45,246829.1,255105.92,217401.05,166962.25,217665.6,198532.53,192122.23,192705.92,217171.16,257932.77,222532.48,214392.33,269185.28,195499.66,207614.7,207665.5,203678.34,150597.94,161695.84,237730.53,192713.81,210964.08,212383.8,208720.73,198505.94,207665.16,160973.62,204242.66,207630.36,217688.84,174516.19,218455.97,259390.19,207664.67,214958.22,215961.58,195571.81,270046.66,217108.5,207665.42,196566.03,183668.3,205906.72,207634.94,211951.52,270047.4,211668.28,262935.88,287451.1,205837.56,146940.94,201949.22,255118.06,308335.8,217425.1,217425.22,255118.08,240894.98,255105.8,217424.67,246837.77,186131.56,259390.42,217425.45,217420.39,217425.8,255124.89,217425.86,226800.14,207642.88,212257.22,262285.66,243016.17,207692.44,217105.31,221556.78,217966.8,198568.78,255115.27,179703.72,246787.88,255115.33,183313.67,255115.11,217427.06,205699.77,246787.75,255115.4,246788.28,255115.48,217425.97,217427.7,230369.52,324037.78,266012.06,180584.42,189209.36,192713.36,234678.33,309799.8,191993.55,199804.31,255096.33,255096.47,246778.0,255096.28,256745.61,183869.95,217402.62,246802.2,255096.31,246802.83,255096.67,217403.28,213933.75,217403.3,161691.61,254439.52,196810.03,217403.95,217944.89,221878.61,272322.22,194643.58,217405.28,154806.55,197756.95,216782.34,216659.83,255100.73,179538.08,217401.06,217401.08,246858.1,302958.84,217401.95,246859.39,246859.4,217401.98,255109.66,255107.84,246861.3,207666.25,201114.12,247046.69,215910.64,255091.39,207665.67,217419.02,217419.03,255093.62,217404.14,217435.44,246861.94,270058.2,194340.17,217435.45,217435.47,157049.94,255094.1,217436.22,246438.78,246860.23,226447.03,207664.22
6900,261764.1,216988.84,254385.75,246251.14,254385.73,254377.34,246258.28,254377.38,254386.3,246252.42,216993.3,246258.69,254388.55,246252.8,254386.3,254378.14,269106.38,191729.28,246254.06,254377.75,254378.52,216993.1,246254.02,254386.62,216989.77,216993.81,192704.08,193812.31,208788.42,216990.42,216991.98,254379.02,254379.5,189308.23,254379.16,254379.97,213684.67,246254.9,246256.94,254379.61,216986.38,216986.38,254379.89,216986.38,246256.6,246256.55,207367.94,201954.11,216987.7,254380.25,216986.56,216987.62,222595.75,246256.67,246257.89,163335.06,206044.67,196402.98,187237.52,192916.64,254380.5,246258.84,152758.52,217002.42,199594.11,217002.38,161008.39,217003.08,158589.06,217003.55,246259.53,217484.02,203057.98,246260.81,199483.55,246260.81,214050.72,204746.8,246260.83,254380.9,211184.67,207364.03,187918.0,165657.5,257906.94,217505.47,185107.98,151087.94,207364.1,246262.73,246263.33,190272.58,254381.08,216973.77,246263.05,216973.56,269115.03,221755.78,189319.61,216974.0,246263.08,216974.4,254381.47,193084.45,213912.44,214185.77,228580.11,201180.48,269122.78,201346.83,204046.23,186324.61,256488.34,174695.39,286874.75,212107.81,155939.06,192645.23,215253.34,172600.33,246215.11,219457.69,254383.39,216950.55,216950.98,201222.62,254383.73,216951.47,171194.06,246215.77,246216.4,254383.98,216951.8,167185.42,217209.16,198625.98,192133.58,192706.64,216727.36,257172.84,222069.25,214042.06,268272.16,195471.83,207317.08,207366.11,203545.34,151163.0,162045.38,237641.81,192714.48,210671.67,212070.33,208453.42,198674.9,207365.8,161552.47,204017.16,207394.16,217232.38,175012.72,218324.25,258610.44,207365.31,214794.53,215814.73,195713.53,269121.88,216800.45,207366.06,196363.23,183752.44,205707.28,207335.61,211947.58,269122.62,211304.6,262529.6,286727.84,205596.12,147518.28,201838.22,254396.05,306931.6,216975.28,216975.4,254396.11,240265.58,254383.88,216974.86,246225.12,186372.5,258610.67,216975.64,216970.62,216976.0,254402.8,216976.06,226488.7,207343.42,211918.02,261466.73,242507.11,207390.53,216967.88,221410.27,217503.44,198412.02,254393.36,179705.34,246175.88,254393.4,183924.38,254393.22,216977.27,205526.2,246175.7,254393.52,246176.27,254393.56,216976.17,216977.89,229823.73,322828.06,265142.78,181078.1,189584.45,192714.03,234310.92,308377.34,192306.55,199690.02,254374.58,254374.7,246165.94,254374.55,256004.05,184130.73,216953.36,246189.88,254374.55,246190.53,254374.94,216953.98,213812.83,216954.0,162041.02,253725.78,196825.05,216954.67,217481.55,221718.69,271386.7,194709.67,216955.95,155301.62,197702.38,216381.72,216243.92,254378.95,179941.78,216951.81,216951.86,246245.14,302031.34,216952.75,246246.44,246246.44,216952.75,254387.81,254386.0,246248.36,207366.6,201025.78,246374.5,215518.98,254369.6,207366.06,216969.28,216969.31,254371.81,216954.88,216985.23,246249.0,269133.28,194259.48,216985.27,216985.28,157644.02,254372.3,216986.03,245829.95,246247.3,225921.06,207364.58
6960,260951.61,216543.42,253672.56,245642.77,253672.6,253664.23,245649.97,253664.27,253673.12,245644.11,216547.86,245650.4,253675.36,245644.45,253673.14,253665.03,268190.75,191844.92,245645.75,253664.64,253665.44,216547.66,245645.69,253673.5,216544.34,216548.36,192803.19,193724.81,208540.03,216544.97,216546.56,253665.89,253666.34,189191.12,253666.03,253666.86,213287.23,245646.6,245648.64,253666.45,216541.06,216541.0,253666.77,216541.02,245648.28,245648.25,207071.4,201762.66,216542.34,253667.14,216541.22,216542.27,222100.95,245648.38,245649.6,163650.78,206124.55,196271.34,187689.0,192868.98,253667.38,245650.55,153074.9,216557.02,199949.58,216556.9,161379.16,216557.62,159173.88,216558.06,245651.25,217025.81,202898.02,245652.53,199499.28,245652.55,213668.86,204535.11,245652.56,253667.77,210865.2,207067.75,188316.56,166208.42,257144.22,217047.34,185415.56,151385.84,207067.81,245654.47,245655.05,190772.61,253667.95,216528.69,245654.77,216528.48,268199.28,221856.02,189526.69,216528.95,245654.83,216529.33,253668.34,193073.39,213561.16,213810.97,228158.78,201037.9,268206.94,201149.05,203884.25,186886.19,255745.77,174891.27,285746.97,211782.08,156261.8,192618.34,215099.48,173114.08,245607.12,219318.95,253670.2,216506.06,216506.52,201058.08,253670.58,216507.03,171346.44,245607.77,245608.4,253670.8,216507.33,167413.72,216757.78,198712.52,192139.52,192702.17,216288.34,256420.17,221611.78,213691.72,267368.22,195439.33,207024.4,207069.83,203408.12,151720.3,162390.08,237549.67,192709.97,210378.34,211756.08,208185.61,198837.73,207069.6,162126.33,203792.11,207158.02,216781.0,175500.28,218190.0,257838.11,207069.1,214632.03,215667.5,195849.94,268206.06,216510.62,207069.86,196168.47,183844.64,205506.05,207039.42,211942.34,268206.8,210944.19,262123.81,286007.72,205353.98,148090.98,201725.17,253682.8,305541.38,216530.34,216530.44,253682.83,239650.39,253670.7,216529.92,245617.17,186608.72,257838.34,216530.69,216525.7,216531.08,253689.52,216531.14,226176.9,207047.1,211580.31,260656.4,242001.73,207091.7,216828.81,221259.61,217045.36,198253.3,253680.25,179719.67,245568.55,253680.27,184523.58,253680.1,216532.33,205349.5,245568.34,253680.39,245568.88,253680.44,216531.3,216532.97,229288.11,321644.2,264281.75,181561.9,189946.67,192709.55,233944.73,306969.1,192608.34,199590.31,253661.55,253661.69,245558.58,253661.53,255268.36,184387.23,216508.89,245582.27,253661.53,245582.9,253661.94,216509.5,213688.72,216509.52,162385.66,253023.86,196829.48,216510.22,217023.39,221557.6,270458.53,194761.08,216511.45,155789.98,197643.95,215985.02,215830.97,253666.0,180337.23,216507.4,216507.45,245636.88,301110.16,216508.33,245638.17,245638.19,216508.33,253674.81,253673.02,245640.1,207070.11,200931.56,245720.8,215129.23,253656.69,207069.6,216524.4,216524.45,253658.89,216510.44,216539.89,245640.75,268217.34,194174.5,216539.95,216539.97,158235.0,253659.36,216540.7,245227.86,245639.1,225402.45,207068.08
7020,260148.19,216103.11,252964.75,245038.06,252964.84,252956.48,245045.31,252956.5,252965.34,245039.47,216107.48,245045.75,252967.58,245039.77,252965.38,252957.28,267289.25,191954.02,245041.11,252956.89,252957.67,216107.28,245041.03,252965.77,216103.98,216107.95,192893.03,193639.64,208290.52,216104.58,216106.19,252958.17,252958.61,189085.39,252958.31,252959.14,212894.92,245041.95,245044.05,252958.7,216100.73,216100.69,252959.06,216100.7,245043.62,245043.6,206780.27,201569.31,216102.05,252959.45,216100.92,216101.95,221611.39,245043.72,245044.94,163968.47,206183.69,196142.28,188139.22,192820.28,252959.67,245045.89,153402.47,216116.56,200299.47,216116.5,161747.66,216117.2,159754.81,216117.64,245046.6,216573.0,202736.06,245047.88,199509.8,245047.89,213289.95,204324.06,245047.92,252960.06,210548.16,206776.81,188701.72,166754.98,256388.5,216594.56,185716.58,151699.9,206776.88,245049.8,245050.38,191262.9,252960.27,216088.66,245050.1,216088.44,267297.66,221951.14,189728.67,216088.9,245050.16,216089.3,252960.66,193058.42,213210.27,213438.89,227735.42,200895.98,267305.3,200956.45,203720.58,187437.0,255009.42,175091.67,284629.47,211457.5,156591.73,192588.42,214938.27,173623.58,245002.69,219167.4,252962.42,216066.62,216067.08,200895.98,252962.8,216067.58,171506.56,245003.33,245003.97,252963.0,216067.88,167647.45,216311.61,198791.45,192142.11,192693.94,215854.3,255674.23,221156.7,213341.6,266481.5,195403.52,206734.8,206778.73,203266.52,152269.05,162732.64,237454.23,192701.7,210084.3,211441.27,207917.88,198987.47,206778.53,162695.48,203569.97,206922.55,216334.84,175984.52,218036.66,257072.88,206778.05,214468.8,215503.95,195981.23,267304.44,216217.25,206778.78,195982.98,183943.03,205303.53,206748.45,211919.75,267305.16,210588.75,261719.16,285295.2,205113.44,148656.67,201609.5,252975.02,304165.25,216090.4,216090.48,252975.02,239025.1,252962.97,216089.98,245012.73,186840.14,257073.06,216090.75,216085.8,216091.16,252981.75,216091.2,225864.5,206756.0,211244.22,259853.77,241497.86,206798.9,216676.9,221104.02,216592.67,198097.2,252972.62,179745.19,244964.7,252972.61,185111.38,252972.47,216092.39,205169.62,244964.48,252972.77,244965.06,252972.81,216091.33,216093.03,228749.36,320467.2,263431.2,182042.3,190295.52,192701.3,233575.97,305575.03,192897.36,199497.0,252953.94,252954.11,244954.73,252953.95,254538.38,184639.38,216069.44,244978.19,252953.94,244978.83,252954.38,216070.03,213562.03,216070.03,162728.19,252323.34,196826.1,216070.75,216570.64,221386.69,269537.84,194806.06,216071.97,156272.44,197582.53,215592.94,215420.58,252958.56,180726.97,216068.0,216068.1,245032.14,300202.88,216068.9,245033.45,245033.5,216068.9,252967.38,252965.55,245035.38,206778.73,200832.05,245054.44,214740.73,252949.3,206778.28,216084.55,216084.6,252951.47,216071.0,216099.58,245036.02,267315.7,194088.06,216099.66,216099.67,158822.45,252951.95,216100.4,244626.92,245034.31,224886.61,206776.75
7080,259351.61,215667.61,252262.22,244436.11,252262.31,252254.05,244443.44,252254.06,252262.84,244437.56,215671.98,244443.94,252265.06,244437.84,252262.89,252254.84,266398.5,192056.05,244439.22,252254.45,252255.2,215671.77,244439.12,252263.28,215668.5,215672.44,192974.47,193555.56,208039.89,215669.1,215670.69,252255.73,252256.16,188987.81,252255.88,252256.72,212504.94,244440.06,244442.14,252256.27,215665.3,215665.25,252256.62,215665.28,244441.75,244441.73,206487.36,201376.27,215666.61,252257.0,215665.5,215666.53,221125.8,244441.84,244443.08,164288.16,206235.16,196015.0,188568.64,192770.22,252257.25,244444.05,153741.19,215680.98,200641.28,215680.97,162116.36,215681.67,160331.67,215682.08,244444.75,216125.4,202569.77,244446.03,199514.38,244446.05,212913.97,204109.55,244446.06,252257.62,210233.38,206484.14,189073.11,167293.31,255639.92,216147.0,186010.6,152029.02,206484.2,244448.03,244448.56,191743.78,252257.84,215653.48,244448.27,215653.27,266406.75,222051.22,189925.6,215653.73,244448.39,215654.14,252258.22,193040.02,212859.72,213069.45,227322.45,200754.11,266414.38,200765.42,203555.06,187977.31,254279.33,175296.95,283526.88,211134.1,156929.75,192556.19,214782.5,174122.69,244401.08,219017.55,252259.94,215632.03,215632.48,200734.48,252260.31,215632.94,171674.75,244401.72,244402.38,252260.52,215633.28,167887.56,215870.44,198862.11,192140.8,192682.11,215424.77,254935.28,220702.75,212991.73,265601.25,195364.38,206445.28,206486.14,203120.8,152810.05,163076.6,237364.38,192689.8,209789.81,211126.02,207650.47,199127.05,206486.02,163259.27,203349.08,206687.5,215893.64,176454.98,217900.56,256314.88,206485.52,214305.86,215360.25,196107.53,266413.53,215933.12,206486.28,195802.66,184046.89,205099.88,206456.03,211893.05,266414.22,210234.1,261324.62,284594.1,204874.27,149214.6,201491.58,252272.47,302822.25,215655.33,215655.39,252272.44,238409.44,252260.47,215654.89,244411.2,187066.75,256315.1,215655.66,215650.75,215656.06,252279.1,215656.12,225551.17,206463.44,210909.89,259059.34,240995.27,206504.7,216538.66,220943.25,216145.12,197942.75,252270.17,179780.47,244363.78,252270.16,185687.9,252270.03,215657.3,204986.64,244363.55,252270.33,244364.19,252270.36,215656.2,215657.94,228215.9,319301.25,262589.88,182503.44,190631.17,192689.44,233206.25,304206.66,193173.81,199411.14,252251.61,252251.8,244353.72,252251.64,253813.92,184887.1,215634.81,244376.95,252251.62,244377.61,252252.06,215635.4,213432.25,215635.4,163072.12,251627.44,196816.28,215636.17,216123.06,221212.72,268625.06,194844.0,215637.33,156750.31,197518.02,215200.55,215013.31,252256.25,181107.11,215633.4,215633.48,244430.33,299306.6,215634.3,244431.61,244431.62,215634.3,252265.0,252263.17,244433.55,206485.94,200727.53,244395.61,214354.14,252246.98,206485.61,215649.53,215649.6,252249.12,215636.39,215664.14,244434.19,266424.7,194001.52,215664.22,215664.23,159406.12,252249.62,215664.97,244031.6,244432.56,224374.55,206484.0
7140,258562.11,215236.69,251565.19,243839.67,251565.28,251557.16,243847.02,251557.12,251565.81,243841.12,215241.12,243847.48,251568.02,243841.36,251565.88,251557.9,265515.84,192150.66,243842.78,251557.52,251558.22,215240.9,243842.69,251566.28,215237.64,215241.56,193048.25,193472.05,207788.31,215238.19,215239.83,251558.78,251559.2,188911.45,251558.94,251559.77,212119.12,243843.62,243845.66,251559.31,215234.48,215234.47,251559.69,215234.48,243845.31,243845.27,206199.4,201184.08,215235.83,251560.03,215234.7,215235.73,220644.75,243845.42,243846.66,164606.64,206280.08,195888.95,188990.23,192718.95,251560.31,243847.62,154084.86,215250.05,200970.34,215250.06,162471.14,215250.77,160903.77,215251.16,243848.33,215682.83,202400.89,243849.67,199514.44,243849.64,212540.66,203895.42,243849.62,251560.67,209921.42,206196.45,189430.84,167824.66,254898.17,215704.4,186297.23,152369.34,206196.52,243851.55,243852.14,192213.42,251560.89,215222.95,243851.84,215222.73,265524.03,222129.44,190117.98,215223.19,243851.95,215223.6,251561.28,193019.47,212509.3,212702.64,226916.84,200612.02,265531.56,200575.16,203387.88,188506.66,253555.52,175497.53,282436.62,210811.98,157267.39,192522.27,214629.64,174612.31,243804.94,218867.89,251562.94,215202.05,215202.5,200573.2,251563.33,215202.89,171845.27,243805.58,243806.23,251563.55,215203.3,168124.83,215434.05,198926.11,192136.25,192667.56,214999.83,254203.02,220252.62,212640.88,264727.53,195322.45,206160.98,206198.4,202971.27,153338.05,163409.22,237257.31,192675.25,209494.38,210809.58,207383.25,199258.66,206198.36,163816.78,203128.9,206453.33,215457.27,176919.1,217760.12,255563.9,206197.86,214144.72,215213.86,196229.7,265530.7,215657.05,206198.62,195637.16,184150.05,204894.97,206168.62,211860.66,265531.4,209884.45,260922.08,283898.06,204635.81,149761.61,201371.94,251575.42,301490.66,215224.89,215224.95,251575.33,237802.62,251563.45,215224.47,243815.08,187288.9,255564.19,215225.23,215220.36,215225.67,251581.89,215225.69,225239.06,206175.92,210577.06,258272.36,240494.3,206214.58,216394.95,220778.16,215702.53,197789.58,251573.19,179828.2,243768.25,251573.16,186253.28,251573.03,215226.88,204800.86,243767.97,251573.34,243768.7,251573.38,215225.75,215227.5,227688.25,318165.47,261756.66,182959.05,190953.8,192674.86,232836.23,302857.03,193438.55,199331.34,251554.78,251554.97,243758.16,251554.81,253095.97,185130.33,215204.84,243781.17,251554.8,243781.83,251555.23,215205.39,213300.84,215205.39,163404.77,250937.42,196800.27,215206.12,215680.45,221036.39,267722.25,194874.89,215207.31,157215.78,197450.81,214812.25,214608.56,251559.38,181479.11,215203.45,215203.48,243833.9,298425.06,215204.34,243835.2,243835.19,215204.34,251568.1,251566.23,243837.16,206198.1,200618.53,243746.61,213968.7,251550.1,206197.86,215219.16,215219.22,251552.23,215206.42,215233.36,243837.8,265541.75,193915.12,215233.47,215233.45,159985.39,251552.72,215234.19,243442.34,243836.2,223867.34,206196.27
7200,257779.48,214813.77,250873.55,243249.14,250873.67,250865.61,243256.47,250865.62,250874.23,243250.61,214818.14,243256.9,250876.4,243250.86,250874.28,250866.39,264640.75,192238.36,243252.25,250866.02,250866.7,214817.92,243252.12,250874.7,214814.72,214818.56,193115.77,193388.78,207535.47,214815.27,214816.88,250867.28,250867.69,188823.38,250867.45,250868.27,211737.72,243253.11,243255.1,250867.8,214811.58,214811.56,250868.17,214811.6,243254.78,243254.77,205911.02,200992.95,214812.9,250868.5,214811.8,214812.78,220170.47,243254.89,243256.12,164920.3,206317.67,195763.86,189401.77,192666.6,250868.75,243257.08,154434.73,214826.98,201289.5,214827.02,162819.52,214827.75,161470.89,214828.1,243257.84,215245.64,202230.05,243259.1,199507.3,243259.11,212171.42,203679.81,243259.06,250869.16,209611.66,205908.3,189775.27,168349.47,254163.1,215267.33,186576.75,152719.2,205908.36,243261.0,243261.61,192672.08,250869.38,214800.23,243261.3,214800.03,264648.78,222203.56,190305.05,214800.47,243261.36,214800.88,250869.81,192995.48,212159.45,212339.31,226518.33,200469.03,264656.25,200385.62,203218.73,189024.8,252837.86,175696.56,281357.75,210490.53,157608.36,192486.36,214477.39,175093.5,243214.73,218715.75,250871.39,214779.73,214780.19,200411.95,250871.77,214780.58,172018.14,243215.34,243216.05,250872.02,214780.97,168362.97,215004.22,198981.77,192128.25,192649.9,214585.06,253477.17,219806.42,212290.81,263861.3,195277.45,205873.97,205910.22,202817.95,153853.34,163737.9,237151.73,192657.53,209198.6,210493.1,207116.22,199380.1,205910.22,164368.5,202909.44,206218.8,215027.47,177374.86,217615.67,254819.94,205909.72,213984.86,215066.12,196345.6,264655.4,215389.11,205910.48,195462.38,184253.03,204688.94,205880.61,211822.1,264656.1,209536.08,260522.52,283210.75,204397.95,150297.62,201249.53,250883.69,300168.4,214802.22,214802.23,250883.66,237200.22,250871.89,214801.8,243224.83,187505.92,254820.27,214802.55,214797.73,214802.92,250890.11,214803.02,224926.86,205887.81,210246.2,257492.67,239995.47,205924.75,216250.14,220609.8,215265.45,197637.53,250881.66,179876.9,243178.6,250881.56,186807.34,250881.45,214804.17,204611.6,243178.33,250881.77,243179.06,250881.8,214803.05,214804.8,227165.31,317039.44,260931.23,183404.98,191263.86,192657.14,232466.62,301522.0,193691.73,199256.97,250863.39,250863.58,243168.5,250863.42,252384.72,185369.56,214782.48,243191.31,250863.39,243191.95,250863.84,214783.05,213166.8,214783.05,163733.47,250252.78,196778.64,214783.72,215243.31,220857.45,266829.38,194899.42,214784.9,157671.34,197380.67,214425.66,214207.98,250867.92,181843.72,214781.12,214781.12,243243.33,297554.4,214782.0,243244.75,243244.62,214782.0,250876.47,250874.73,243246.66,205909.72,200505.86,243102.81,213585.66,250858.61,205909.53,214796.53,214796.62,250860.77,214784.02,214810.52,243247.34,264666.4,193828.83,214810.61,214810.61,160560.12,250861.19,214811.34,242859.14,243245.73,223366.1,205907.95
7260,257001.78,214396.44,250187.17,242664.0,250187.25,250179.25,242671.33,250179.3,250187.83,242665.47,214400.73,242671.73,250189.98,242665.77,250187.89,250180.12,263772.78,192318.31,242667.12,250179.7,250180.38,214400.53,242667.02,250188.36,214397.39,214401.16,193174.75,193305.64,207282.64,214397.94,214399.52,250180.97,250181.38,188741.62,250181.12,250181.95,211360.97,242667.97,242669.92,250181.48,214394.25,214394.23,250181.86,214394.27,242669.64,242669.66,205624.33,200803.0,214395.56,250182.17,214394.48,214395.47,219700.48,242669.8,242670.98,165232.23,206349.06,195639.53,190027.1,192613.02,250182.47,242671.94,154789.84,214409.5,201660.72,214409.55,163161.86,214410.25,162088.5,214410.62,242672.66,214814.36,202056.1,242673.9,199495.38,242673.95,211805.78,203462.55,242673.9,250182.84,209304.62,205621.84,190106.64,169207.66,253434.48,214836.11,187058.23,153077.06,205621.9,242675.86,242676.45,193130.25,250183.06,214383.08,242676.16,214382.89,263780.7,222284.81,190494.4,214383.31,242676.17,214383.73,250183.42,192968.23,211811.08,211979.78,226126.14,200325.22,263788.06,200196.98,203049.28,189533.47,252126.12,175895.22,280288.34,210171.6,157951.72,192448.39,214317.56,176126.64,242629.89,218552.88,250185.02,214363.02,214363.45,200250.61,250185.4,214363.88,172192.52,242630.53,242631.19,250185.66,214364.23,168602.23,214580.08,199031.25,192116.77,192628.89,214173.05,252757.45,219363.02,211941.78,263002.12,195229.27,205590.17,205623.69,202661.16,154357.56,164062.84,237046.1,192636.45,208903.31,210177.0,206850.19,199493.67,205623.73,165109.06,202690.95,205985.36,214603.31,177959.92,217452.3,254082.75,205623.23,213824.72,214901.2,196507.81,263787.25,215127.06,205624.02,195297.52,184356.62,204482.97,205594.28,211778.42,263787.94,209191.73,260126.4,282530.12,204161.19,150821.75,201125.5,250197.22,298857.9,214385.1,214385.14,250197.19,236599.8,250185.52,214384.69,242639.98,187718.42,254083.05,214385.42,214380.66,214385.8,250203.55,214385.89,224616.27,205601.39,209918.05,256719.72,239500.64,205636.61,216091.62,220438.98,214834.25,197486.5,250195.27,179927.9,242594.31,250195.2,187350.31,250195.1,214387.03,204420.28,242594.11,250195.39,242594.81,250195.42,214385.9,214387.66,226645.2,315923.97,260113.02,184212.62,191561.6,192636.1,232098.3,300197.78,193933.81,199185.17,250177.19,250177.38,242584.25,250177.22,251678.55,185603.25,214365.67,242606.88,250177.2,242607.5,250177.66,214366.27,213038.97,214366.27,164058.4,249573.36,196751.17,214366.89,214812.1,220674.14,265944.94,194917.11,214368.12,158118.61,197307.72,214041.84,213811.56,250181.66,182556.77,214364.38,214364.34,242658.23,296692.1,214365.23,242659.58,242659.53,214365.23,250190.14,250188.38,242661.6,205623.03,200388.67,242461.7,213206.28,250172.34,205622.89,214379.52,214379.6,250174.44,214367.25,214393.22,242662.2,263798.16,193742.5,214393.28,214393.31,161146.25,250174.88,214394.03,242281.14,242660.64,222868.67,205621.34
7320,256231.12,213982.92,249506.06,242085.06,249506.1,249498.14,242092.36,249498.23,249506.69,242086.53,213987.17,242092.75,249508.88,242086.84,249506.75,249499.03,262911.75,192390.5,242088.17,249498.62,249499.3,213986.97,242088.11,249507.19,213983.8,213987.58,193226.66,193222.45,207028.19,213984.42,213985.94,249499.9,249500.31,188668.16,249500.03,249500.89,210987.16,242089.02,242090.95,249500.42,213980.73,213980.73,249500.8,213980.77,242090.69,242090.73,205340.06,200614.36,213982.06,249501.1,213980.98,213982.0,219235.06,242090.8,242092.02,165541.27,206373.88,195515.84,190674.84,192558.14,249501.45,242092.97,155149.08,213995.88,202078.2,213995.92,163498.27,213996.55,162762.9,213996.98,242093.64,214388.52,201880.27,242094.89,199479.05,242094.95,211443.33,203244.92,242094.92,249501.75,208999.64,205337.8,190425.34,169949.94,252712.2,214410.3,187560.83,153441.53,205337.86,242096.88,242097.47,193606.95,249502.0,213969.78,242097.17,213969.58,262919.56,222392.75,190702.62,213970.02,242097.16,213970.42,249502.36,192937.88,211463.89,211621.98,225740.36,200180.62,262926.84,200009.39,202876.97,190042.42,251420.33,176092.19,279228.56,209853.72,158296.61,192408.31,214163.22,177000.03,242051.23,218390.78,249503.9,213950.14,213950.6,200089.27,249504.3,213951.02,172366.55,242051.89,242052.45,249504.53,213951.36,168839.16,214160.58,199074.9,192101.81,192604.56,213763.8,252043.86,218922.9,211594.97,262150.34,195178.0,205309.28,205339.58,202501.19,154850.48,164383.8,236951.03,192612.08,208608.97,209862.34,206584.16,199599.47,205339.67,165867.72,202473.72,205752.61,214183.78,178626.56,217305.64,253352.12,205339.19,213666.1,214755.84,196710.1,262926.03,214870.4,205339.95,195139.92,184460.25,204275.2,205310.42,211728.34,262926.72,208850.05,259736.14,281856.3,203925.45,151333.98,200999.4,249516.02,297559.34,213971.84,213971.9,249515.98,236005.03,249504.39,213971.44,242061.31,187935.66,253352.45,213972.17,213967.42,213972.55,249522.25,213972.64,224317.1,205317.42,209592.34,255953.11,239005.11,205350.4,215946.9,220263.03,214408.47,197336.47,249514.1,179982.12,242016.22,249514.08,187885.69,249513.98,213973.77,204226.3,242016.03,249514.28,242016.72,249514.31,213972.64,213974.38,226129.8,314819.56,259301.6,184897.9,191847.53,192611.73,231727.0,298884.66,194165.53,199117.06,249496.23,249496.44,242006.19,249496.28,250978.95,185835.08,213952.75,242028.56,249496.25,242029.19,249496.7,213953.34,212934.58,213953.34,164379.36,248899.02,196717.97,213953.95,214386.31,220486.5,265068.88,194928.1,213955.22,158556.92,197232.03,213660.9,213417.16,249500.62,183153.73,213951.48,213951.44,242079.36,295837.72,213952.33,242080.67,242080.66,213952.34,249509.06,249507.17,242082.66,205338.8,200267.9,241826.66,212828.16,249491.3,205338.7,213966.34,213966.39,249493.34,213954.38,213979.72,242083.27,262936.8,193656.0,213979.77,213979.81,161775.02,249493.81,213980.52,241710.45,242081.73,222376.27,205337.19
7380,255468.1,213572.86,248830.33,241513.27,248830.34,248822.44,241520.53,248822.56,248830.94,241514.73,213577.08,241520.9,248833.08,241515.06,248831.0,248823.31,262058.98,192455.19,241516.36,248822.95,248823.62,213576.88,241516.33,248831.39,213573.7,213577.48,193271.6,193139.14,206773.52,213574.36,213575.83,248824.23,248824.64,188599.05,248824.34,248825.22,210617.05,241517.2,241519.11,248824.75,213570.7,213570.7,248825.14,213570.73,241518.86,241518.92,205058.45,200426.97,213572.02,248825.42,213570.94,213571.98,218773.8,241518.94,241520.19,165847.36,206391.69,195392.72,191283.02,192501.9,248825.81,241521.14,155511.89,213585.7,202499.94,213585.77,163828.97,213586.39,163458.11,213586.83,241521.77,213967.55,201702.69,241523.02,199458.19,241523.1,211083.52,203027.22,241523.06,248826.11,208696.48,205056.39,190731.77,170643.34,251996.08,213989.33,188025.61,153811.88,205056.45,241525.03,241525.6,194096.08,248826.34,213559.95,241525.3,213559.77,262066.72,222520.17,190925.1,213560.19,241525.28,213560.6,248826.7,192904.56,211117.94,211266.48,225359.67,200035.23,262073.88,199822.98,202703.64,190557.19,250720.4,176287.25,278178.5,209536.8,158642.86,192366.17,214011.38,177752.42,241479.72,218230.77,248828.2,213540.77,213541.2,199927.95,248828.6,213541.64,172540.47,241480.4,241481.02,248828.8,213541.97,169074.66,213745.28,199112.25,192083.52,192577.05,213357.97,251336.19,218486.34,211248.7,261307.23,195123.75,205030.9,205058.1,202338.25,155332.02,164700.67,236871.95,192584.52,208314.8,209547.86,206319.06,199697.27,205058.23,166594.48,202257.38,205520.33,213768.45,179269.56,217156.73,252627.89,205057.75,213506.94,214608.34,196918.89,262073.08,214617.92,205058.52,194985.86,184563.47,204067.11,205029.22,211673.19,262073.77,208511.88,259355.55,281190.56,203690.25,151834.31,200871.55,248840.22,296272.88,213562.08,213562.17,248840.19,235415.89,248828.69,213561.67,241489.78,188161.64,252628.14,213562.39,213557.67,213562.78,248846.36,213562.86,224032.75,205036.11,209268.42,255194.62,238512.48,205066.69,215797.84,220083.98,213987.53,197187.34,248838.34,180038.97,241445.27,248838.38,188419.22,248838.27,213563.98,204030.16,241445.11,248838.58,241445.77,248838.61,213562.86,213564.6,225618.9,313726.6,258498.38,185530.19,192121.86,192584.19,231357.69,297582.97,194386.62,199051.03,248820.69,248820.89,241435.3,248820.73,250286.7,186068.66,213543.31,241457.39,248820.7,241458.06,248821.16,213543.92,212848.47,213543.92,164696.25,248230.44,196679.28,213544.5,213965.4,220298.02,264201.5,194932.72,213545.81,158986.19,197153.66,213283.05,213026.11,248825.0,183698.77,213542.08,213542.03,241507.64,294991.9,213542.92,241508.95,241508.95,213542.94,248833.4,248831.56,241510.86,205057.2,200143.66,241197.67,212452.36,248815.69,205057.17,213556.64,213556.67,248817.69,213544.98,213569.67,241511.48,262083.73,193569.23,213569.7,213569.77,162439.56,248818.17,213570.47,241148.17,241510.0,221888.28,205055.69
7440,254710.84,213166.3,248159.81,240949.47,248159.8,248151.95,240956.67,248152.08,248160.39,240950.94,213170.5,240957.05,248162.47,240951.28,248160.45,248152.8,261213.06,192512.56,240952.55,248152.48,248153.16,213170.3,240952.53,248160.81,213167.16,213170.9,193309.66,193055.56,206517.75,213167.81,213169.23,248153.77,248154.17,188535.4,248153.86,248154.75,210250.52,240953.38,240955.27,248154.28,213164.19,213164.19,248154.67,213164.22,240955.02,240955.1,204779.78,200240.78,213165.5,248154.95,213164.44,213165.48,218316.89,240955.06,240956.33,166150.03,206402.84,195270.03,191849.48,192444.31,248155.38,240957.28,155876.78,213179.08,202911.86,213179.14,164154.19,213179.78,164155.7,213180.19,240957.88,213551.05,201523.61,240959.12,199432.8,240959.22,210726.25,202809.67,240959.19,248155.69,208395.06,204777.92,191026.11,171302.78,251286.03,213572.81,188454.48,154186.02,204777.98,240961.14,240961.7,194588.39,248155.89,213153.66,240961.4,213153.47,261220.72,222656.27,191155.69,213153.88,240961.38,213154.3,248156.25,192868.39,210773.31,210912.77,224984.92,199889.14,261227.78,199637.77,202529.31,191076.62,250026.22,176479.88,277138.4,209220.67,158988.88,192321.98,213859.75,178417.75,240916.22,218067.47,248157.69,213134.9,213135.34,199766.67,248158.08,213135.8,172713.92,240916.9,240917.5,248158.28,213136.11,169308.3,213334.02,199143.45,192061.95,192546.48,212955.75,250634.45,218053.58,210903.36,260470.6,195066.62,204755.44,204779.53,202172.72,155802.23,165013.42,236806.1,192553.9,208020.9,209233.78,206054.56,199787.25,204779.75,167290.16,202041.89,205288.44,213357.14,179872.78,217003.25,251909.88,204779.25,213349.19,214459.48,197124.97,261227.0,214369.67,204780.02,194836.3,184665.38,203858.48,204750.98,211612.58,261227.7,208177.25,258985.88,280534.0,203455.77,152322.78,200741.97,248169.64,294998.66,213155.83,213155.95,248169.6,234832.19,248158.17,213155.42,240926.19,188396.31,251910.17,213156.16,213151.44,213156.55,248175.69,213156.62,223761.98,204757.78,208946.36,254440.16,238021.2,204785.58,215647.64,219901.67,213571.03,197039.1,248167.75,180098.67,240882.33,248167.86,188954.16,248167.75,213157.75,203832.06,240882.17,248168.06,240882.83,248168.1,213156.62,213158.34,225112.66,312645.3,257700.06,186123.6,192384.75,192553.58,230987.06,296293.06,194597.33,198986.9,248150.34,248150.53,240872.44,248150.38,249600.97,186306.42,213137.42,240894.27,248150.36,240894.94,248150.81,213138.03,212773.77,213138.03,165009.02,247566.72,196635.38,213138.61,213548.94,220106.19,263343.12,194931.2,213139.94,159406.44,197072.72,212908.56,212637.89,248154.58,184207.9,213136.22,213136.17,240943.95,294155.4,213137.06,240945.23,240945.23,213137.08,248162.94,248161.06,240947.08,204778.56,200016.19,240574.22,212078.9,248145.27,204778.6,213150.47,213150.47,248147.23,213139.14,213163.14,240947.67,261237.55,193482.11,213163.17,213163.23,163122.62,248147.72,213163.94,240594.64,240946.27,221404.94,204777.14
7500,253961.02,212763.34,247494.52,240394.03,247494.48,247486.69,240401.16,247486.84,247495.08,240395.47,212767.53,240401.52,247497.11,240395.81,247495.14,247487.53,260374.53,192562.83,240397.06,247487.25,247487.9,212767.31,240397.06,247495.47,212764.19,212767.92,193341.0,192971.67,206261.69,212764.84,212766.25,247488.53,247488.94,188472.73,247488.61,247489.52,209887.47,240397.89,240399.75,247489.05,212761.27,212761.28,247489.44,212761.3,240399.52,240399.61,204503.5,200055.73,212762.58,247489.72,212761.52,212762.58,217864.27,240399.53,240400.81,166449.6,206407.45,195147.73,192380.28,192385.31,247490.16,240401.75,156243.2,212776.05,203310.81,212776.11,164474.44,212776.75,164847.38,212777.16,240402.33,213138.73,201343.27,240403.56,199402.97,240403.66,210371.53,202592.19,240403.64,247490.48,208095.34,204501.81,191308.66,171933.44,250581.9,213160.47,188852.11,154563.05,204501.88,240405.58,240406.12,195078.19,247490.66,212750.95,240405.84,212750.77,260382.1,222794.11,191387.75,212751.17,240405.8,212751.6,247491.03,192829.48,210430.05,210561.52,224615.9,199742.36,260389.06,199453.7,202353.95,191597.72,249337.7,176669.98,276108.62,208906.03,159334.95,192275.78,213707.98,179019.34,240361.05,217900.8,247492.4,212732.62,212733.06,199605.44,247492.8,212733.53,172886.55,240361.75,240362.3,247493.0,212733.83,169540.03,212926.64,199168.66,192037.22,192512.98,212557.23,249938.48,217624.58,210559.16,259641.8,195006.73,204482.02,204503.34,202004.53,156262.5,165322.4,236748.67,192520.36,207727.42,208920.28,205790.64,199869.55,204503.61,167960.03,201827.27,205056.92,212949.72,180439.3,216845.92,251198.0,204503.11,213192.58,214308.88,197322.14,260388.3,214125.23,204503.88,194688.3,184765.75,203649.36,204475.11,211546.72,260389.0,207845.77,258626.48,279887.53,203222.0,152800.17,200610.69,247504.28,293736.84,212753.19,212753.31,247504.22,234253.33,247492.89,212752.78,240370.94,188635.81,251198.28,212753.52,212748.81,212753.9,247510.23,212753.97,223498.81,204481.8,208626.1,253692.39,237532.67,204506.98,215494.5,219716.39,213158.72,196891.61,247502.53,180159.27,240327.72,247502.56,189491.02,247502.47,212755.1,203631.83,240327.58,247502.77,240328.2,247502.8,212753.97,212755.7,224610.86,311576.22,256909.39,186683.08,192636.45,192520.05,230616.94,295015.25,194797.89,198924.03,247485.2,247485.39,240317.94,247485.23,248922.7,186548.64,212735.12,240339.48,247485.22,240340.17,247485.67,212735.73,212702.4,212735.73,165318.0,246908.31,196586.45,212736.3,213136.66,219911.69,262494.1,194923.73,212737.64,159818.58,196989.3,212537.23,212252.42,247489.39,184685.39,212733.95,212733.89,240388.6,293329.25,212734.78,240389.86,240389.88,212734.8,247497.69,247495.78,240391.66,204502.3,199885.69,239955.75,211707.7,247480.06,204502.38,212747.88,212747.86,247482.0,212736.86,212760.2,240392.28,260398.73,193394.55,212760.22,212760.31,163810.66,247482.5,212761.0,240049.23,240390.88,220926.08,204500.97
7560,253218.98,212364.03,246834.48,239846.73,246834.44,246826.72,239853.78,246826.88,246835.0,239848.17,212368.2,239854.14,246837.03,239848.52,246835.11,246827.5,259543.53,192606.1,239849.75,246827.28,246827.94,212368.0,239849.75,246835.42,212364.89,212368.6,193365.73,192887.38,206005.22,212365.53,212366.92,246828.56,246828.97,188412.72,246828.64,246829.55,209527.77,239850.55,239852.4,246829.08,212362.0,212362.02,246829.47,212362.05,239852.17,239852.25,204229.75,199871.8,212363.31,246829.75,212362.25,212363.31,217415.84,239852.16,239853.45,167116.4,206405.78,195025.73,192878.83,192324.89,246830.2,239854.38,156619.2,212376.67,203694.33,212376.73,164867.47,212377.39,165528.86,212377.78,239854.94,212730.44,201161.61,239856.16,199368.8,239856.25,210019.39,202374.81,239856.23,246830.55,207797.33,204228.23,191579.62,172538.8,249883.67,212752.12,189223.31,154943.44,204228.3,239858.16,239858.7,195562.08,246830.69,212351.89,239858.42,212351.7,259551.0,222929.48,191619.36,212352.11,239858.38,212352.53,246831.06,192787.9,210088.12,210212.58,224252.33,199594.92,259557.89,199270.78,202177.55,192117.72,248654.81,176915.1,275089.28,208592.61,159734.8,192227.6,213555.38,179573.06,239814.03,217731.27,246832.4,212334.0,212334.44,199444.25,246832.8,212334.89,173067.12,239814.73,239815.25,246833.0,212335.2,169825.39,212523.11,199188.0,192009.4,192476.67,212162.44,249248.25,217199.48,210216.2,258820.8,194944.19,204211.14,204229.69,201833.81,161709.84,165734.67,236695.81,192484.0,207434.44,208607.45,205527.33,199944.38,204230.0,168607.86,201613.53,204825.77,212546.16,180973.33,216686.23,250492.12,204229.52,213036.66,214156.81,197510.58,259557.12,213884.42,204230.27,194543.61,184874.36,203439.73,204201.78,211475.83,259557.84,207517.39,258275.98,279251.06,202988.98,159387.06,200477.77,246844.19,292487.6,212354.2,212354.33,246844.12,233679.52,246832.88,212353.8,239823.81,188878.2,250492.38,212354.52,212349.83,212354.92,246850.08,212354.98,223241.69,204208.36,208307.62,252951.14,237046.53,204230.86,215339.8,219528.25,212750.4,196744.83,246842.52,180221.73,239781.25,246842.55,190028.89,246842.45,212356.1,203429.72,239781.12,246842.75,239781.75,246842.78,212354.97,212356.69,224113.62,310519.5,256125.7,187209.77,192877.17,192483.7,230247.28,293749.72,194988.52,198863.39,246825.34,246825.53,239771.6,246825.38,248251.83,186794.69,212336.45,239792.89,246825.36,239793.6,246825.81,212337.08,212632.45,212337.08,165729.9,246255.16,196532.66,212337.64,212728.39,219714.55,261654.45,194910.48,212338.98,162432.36,196903.48,212169.31,211869.67,246829.47,185134.31,212335.33,212335.27,239841.4,292513.84,212336.16,239842.66,239842.67,212336.17,246837.72,246835.78,239844.4,204228.58,199752.19,239342.48,211338.67,246820.14,204228.7,212348.92,212348.9,246822.06,212338.23,212360.92,239845.06,259567.47,193306.5,212360.94,212361.03,164494.98,246822.56,212361.72,239511.44,239843.66,220451.69,204227.33
7620,252484.69,211968.42,246179.66,239307.23,246179.61,246171.95,239314.19,246172.11,246180.2,239308.64,211972.58,239314.5,246182.17,239309.0,246180.28,246172.81,258720.55,192642.55,239310.2,246172.52,246173.19,211972.36,239310.22,246180.6,211969.27,211972.97,193384.03,192802.61,205748.34,211969.9,211971.28,246173.81,246174.22,188356.94,246173.88,246174.8,209171.47,239311.0,239312.83,246174.33,211966.44,211966.44,246174.72,211966.47,239312.6,239312.69,203958.55,199688.9,211967.73,246175.0,211966.67,211967.75,216971.61,239312.58,239313.86,168176.97,206397.97,194903.97,193355.33,192263.05,246175.45,239314.78,157044.05,211980.98,204065.64,211981.05,165502.25,211981.7,166197.73,211982.08,239315.31,212326.03,200978.9,239316.53,199330.38,239316.62,209669.78,202157.73,239316.61,246175.81,207500.98,203957.2,191839.28,173121.8,249191.2,212347.7,189571.48,155339.38,203957.27,239318.52,239319.05,196043.0,246175.94,211956.53,239318.77,211956.33,258727.92,223065.48,191848.17,211956.75,239318.72,211957.16,246176.33,192743.73,209747.62,209865.84,223894.38,199446.83,258734.72,199088.95,202000.16,192636.92,247977.48,177319.84,274082.47,208280.38,160288.45,192177.42,213402.08,180089.89,239274.81,217558.98,246177.61,211939.05,211939.48,199283.11,246178.0,211939.94,173296.66,239275.5,239276.0,246178.2,211940.23,170266.58,212123.38,199201.67,191978.64,192437.62,211771.36,248563.64,216778.11,209874.56,258007.92,194879.06,203942.72,203958.56,201660.72,165742.36,166471.05,236647.62,192444.92,207142.05,208295.42,205264.66,200011.92,203958.94,169236.02,201400.69,204594.94,212146.38,181480.14,216524.17,249792.16,203958.45,212881.11,214003.62,197689.36,258733.97,213649.28,203959.2,194401.83,185034.23,203229.67,203930.98,211400.02,258734.69,207192.16,257933.48,278623.2,202756.73,162623.36,200343.22,246189.31,291236.75,211958.88,211959.02,246189.25,233110.45,246178.1,211958.48,239284.47,189121.66,249792.38,211959.2,211954.53,211959.6,246195.12,211959.66,222988.28,203937.48,207990.92,252216.34,236562.64,203957.28,215183.55,219337.34,212346.02,196598.7,246187.7,180297.17,239242.58,246187.75,190567.08,246187.64,211960.78,203225.88,239242.45,246187.95,239243.06,246187.98,211959.66,211961.38,223620.75,309458.62,255349.14,187710.97,193107.19,192444.62,229877.94,292498.03,195169.45,198816.61,246170.69,246170.89,239233.05,246170.73,247588.9,187043.88,211941.48,239254.1,246170.7,239254.78,246171.16,211942.1,212561.3,211942.1,166465.23,245607.16,196474.16,211942.64,212324.03,219514.84,260826.66,194891.6,211944.0,165747.62,196815.36,211804.6,211489.69,246174.77,185557.81,211940.36,211940.31,239301.98,291703.72,211941.19,239303.23,239303.28,211941.2,246182.95,246181.0,239304.94,203957.4,199615.9,238734.16,210971.83,246165.44,203957.6,211953.66,211953.64,246167.34,211943.27,211965.33,239305.62,258744.2,193217.92,211965.36,211965.44,165170.39,246167.84,211966.12,238981.05,239304.22,219981.66,203956.25
7680,251758.98,211576.48,245531.56,238775.2,245531.52,245523.95,238782.06,245524.11,245532.14,238776.6,211580.62,238782.39,245534.05,238776.94,245532.19,245524.81,257906.8,192672.3,238778.14,245524.52,245525.17,211580.42,238778.16,245532.48,211577.34,211581.02,193396.03,192717.31,205491.12,211577.97,211579.34,245525.78,245526.19,188310.69,245525.86,245526.78,208818.58,238778.92,238780.72,245526.3,211574.55,211574.55,245526.69,211574.58,238780.48,238780.58,203689.95,199507.02,211575.84,245526.98,211574.8,211575.86,216531.52,238780.47,238781.73,169303.11,206384.17,194782.38,193799.62,192199.78,245527.42,238782.64,157535.23,211588.98,204420.4,211589.05,166328.33,211589.72,166852.61,211590.08,238783.17,211925.47,200795.23,238784.38,199287.83,238784.47,209322.72,201941.05,238784.45,245527.78,207206.33,203688.77,192087.84,173685.48,248504.62,211947.1,189905.33,155771.36,203688.83,238786.33,238786.86,196506.7,245527.9,211564.83,238786.58,211564.64,257914.06,223185.64,192074.98,211565.05,238786.53,211565.47,245528.3,192697.05,209408.58,209521.3,223544.19,199298.1,257920.78,198908.19,201821.81,193147.88,247306.47,177835.47,273074.53,207969.27,160951.0,192125.33,213248.23,180578.55,238743.06,217384.06,245529.55,211547.75,211548.19,199122.02,245529.94,211548.64,173592.12,238743.73,238744.22,245530.14,211548.94,170816.97,211727.4,199209.77,191944.98,192395.94,211383.95,247884.89,216360.53,209534.3,257206.27,194811.45,203677.02,203690.05,201485.44,168490.66,167429.61,236594.83,192403.19,206850.31,207984.22,205002.66,200072.33,203690.45,169846.27,201188.72,204364.45,211750.36,181965.23,216359.78,249098.03,203689.97,212725.78,213849.45,197863.06,257920.06,213426.06,203690.72,194264.67,185262.4,203019.22,203662.81,211319.4,257920.77,206870.05,257595.62,278002.28,202525.23,164795.8,200207.1,245541.12,289999.84,211567.25,211567.38,245541.06,232546.48,245530.02,211566.84,238752.58,189365.22,249098.23,211567.56,211562.9,211567.97,245546.88,211568.02,222737.69,203669.19,207676.02,251494.73,236081.67,203686.31,215025.72,219143.73,211945.44,196453.17,245539.64,180400.61,238711.36,245539.7,191103.03,245539.6,211569.12,203020.42,238711.23,245539.9,238711.84,245539.94,211568.02,211569.73,223132.38,308413.44,254591.36,188184.73,193326.7,192402.89,229509.1,291237.7,195340.9,198798.78,245522.83,245523.03,238701.95,245522.88,246934.1,187295.33,211550.16,238722.77,245522.84,238723.44,245523.3,211550.78,212489.72,211550.78,167422.75,244966.36,196411.11,211551.33,211923.5,219312.64,260002.52,194867.25,211552.69,168487.27,196724.98,211443.27,211112.44,245526.86,185966.77,211549.08,211549.02,238770.05,290902.16,211549.9,238771.28,238771.3,211549.9,245534.95,245533.0,238772.95,203688.83,199477.0,238131.62,210607.17,245517.52,203689.05,211562.06,211562.03,245519.38,211551.97,211573.44,238773.66,257930.22,193128.75,211573.45,211573.53,165833.92,245519.89,211574.22,238457.19,238772.25,219516.0,203687.77
7740,251038.31,211188.25,244887.02,238250.08,244886.97,244879.45,238256.84,244879.61,244887.62,238251.45,211192.38,238257.2,244889.47,238251.78,244887.64,244880.31,257096.0,192695.73,238252.97,244880.02,244880.69,211192.16,238252.98,244887.94,211189.1,211192.77,193402.42,192631.44,205233.8,211189.73,211191.1,244881.3,244881.7,188278.64,244881.38,244882.3,208469.38,238253.73,238255.52,244881.83,211186.36,211186.36,244882.22,211186.39,238255.28,238255.38,203424.98,199326.08,211187.66,244882.5,211186.6,211187.67,216095.47,238255.27,238256.52,170346.19,206367.27,194660.92,194223.7,192135.1,244882.95,238257.4,158082.38,211200.69,204761.3,211200.75,167234.44,211201.4,167492.86,211201.78,238257.94,211528.67,200618.84,238259.06,199249.5,238259.22,208978.2,201734.94,238259.19,244883.31,206913.45,203424.0,192325.33,174231.14,247823.7,211550.27,190211.33,156249.06,203424.06,238261.05,238261.56,196961.67,244883.44,211176.83,238261.28,211176.64,257103.19,223299.48,192294.97,211177.05,238261.25,211177.45,244883.83,192647.89,209070.73,209178.9,223205.03,199149.25,257109.72,198728.42,201643.03,193650.81,246640.08,178400.97,272078.1,207659.33,161658.92,192071.34,213093.84,181043.83,238218.22,217207.02,244885.03,211160.14,211160.58,198961.06,244885.4,211161.03,173939.48,238218.89,238219.36,244885.61,211161.33,171410.61,211335.14,199218.95,191908.55,192351.67,211000.22,247211.72,215946.94,209195.17,256400.16,194741.53,203416.42,203425.19,201311.31,170351.0,168443.64,236537.98,192358.9,206559.27,207673.81,204741.38,200131.47,203425.66,170439.98,200977.61,204134.83,211358.06,182426.45,216193.31,248409.73,203425.17,212570.55,213694.38,198020.4,257109.02,213221.67,203425.9,194135.28,185548.77,202808.52,203398.34,211235.25,257109.75,206551.88,257260.42,277388.5,202294.53,166390.6,200071.36,244896.55,288775.8,211179.3,211179.44,244896.45,231987.16,244885.5,211178.9,238227.61,189607.22,248409.94,211179.62,211174.98,211180.02,244902.22,211180.08,222488.08,203404.61,207362.89,250765.27,235602.38,203418.75,214866.39,218949.88,211548.64,196308.17,244895.1,180535.78,238187.05,244895.16,191633.81,244895.05,211181.17,202814.44,238186.94,244895.36,238187.53,244895.39,211180.06,211181.78,222648.36,307383.16,253819.73,188635.05,193536.56,192358.58,229140.9,289992.47,195505.56,198818.94,244878.42,244878.62,238177.78,244878.45,246285.56,187548.2,211162.53,238198.34,244878.44,238199.02,244878.89,211163.14,212412.6,211163.14,168436.08,244327.39,196347.23,211163.69,211526.73,219108.89,259185.58,194838.83,211165.05,170477.0,196632.94,211085.89,210737.9,244882.4,186344.66,211161.47,211161.4,238245.02,290111.0,211162.27,238246.22,238246.16,211162.28,244890.45,244888.48,238247.86,203423.92,199342.78,237533.23,210244.58,244873.06,203424.22,211174.16,211174.12,244874.9,211164.34,211185.23,238248.58,257119.03,193038.97,211185.25,211185.33,166483.95,244875.42,211186.02,237939.7,238247.17,219054.56,203422.95
7800,250324.34,210801.7,244245.2,237732.19,244245.14,244237.73,237738.89,244237.89,244245.84,237733.6,210805.8,237739.28,244247.61,237733.94,244245.83,244238.58,256289.89,192724.06,237735.1,244238.3,244238.94,210805.6,237735.11,244246.12,210802.55,210806.16,193407.92,192554.28,204976.72,210803.17,210804.52,244239.6,244240.02,188263.2,244239.67,244240.61,208122.64,237735.84,237737.58,244240.12,210799.84,210799.86,244240.52,210799.88,237737.36,237737.45,203161.61,199140.42,210801.14,244240.81,210800.08,210801.14,215663.08,237737.34,237738.58,171278.83,206342.64,194545.69,194628.86,192074.06,244241.27,237739.45,158687.31,210814.06,205088.89,210814.12,168189.08,210814.81,168118.11,210815.14,237739.95,211136.03,200428.38,237741.16,199195.84,237741.22,208635.72,201514.31,237741.2,244241.62,206622.17,203160.75,192552.75,174760.14,247148.22,211157.42,190503.14,156777.52,203160.81,237743.03,237743.53,197406.9,244241.75,210790.5,237743.27,210790.28,256297.0,223405.88,192508.64,210790.72,237743.17,210791.12,244242.14,192596.69,208734.61,208838.16,222878.73,199001.31,256303.39,198550.02,201463.66,194145.88,245977.9,178987.05,271093.06,207350.98,162400.23,192018.38,212939.0,181490.62,237700.69,217027.72,244243.28,210774.36,210774.78,198801.42,244243.67,210775.23,174338.89,237701.34,237701.81,244243.88,210775.53,172035.16,210945.64,199212.77,191870.5,192305.66,210615.14,246543.69,215537.61,208857.55,255603.11,194670.14,203154.9,203161.8,201132.48,171613.1,169454.53,236477.56,192312.8,206269.06,207364.39,204481.4,200175.86,203162.31,171017.86,200768.2,203906.1,210968.34,182869.22,216024.86,247727.16,203161.84,212415.34,213538.45,198169.03,256302.69,213034.38,203162.58,194014.58,185878.19,202598.1,203135.4,211146.8,256303.44,206236.08,256928.33,276784.88,202066.06,167562.67,199932.0,244254.72,287565.66,210792.84,210792.97,244254.64,231432.45,244243.78,210792.44,237709.92,189845.92,247727.31,210793.16,210788.53,210793.55,244260.27,210793.61,222238.42,203141.56,207051.95,250045.69,235124.48,203153.67,214705.64,218751.84,211155.77,196166.97,244253.27,180704.66,237670.0,244253.34,192158.17,244253.23,210794.7,202607.28,237669.88,244253.55,237670.47,244253.58,210793.6,210795.3,222168.92,306355.7,253056.52,189065.27,193736.58,192312.53,228772.97,288762.5,195659.06,198864.95,244236.77,244237.0,237660.89,244236.83,245644.12,187801.12,210776.56,237681.2,244236.81,237681.88,244237.27,210777.17,212330.83,210777.17,169446.4,243690.17,196279.2,210777.7,211134.11,218902.78,258377.9,194811.75,210779.05,171885.05,196539.27,210731.5,210365.48,244240.64,186705.12,210775.5,210775.44,237727.23,289333.3,210776.31,237728.42,237728.38,210776.33,244248.61,244246.62,237730.05,203160.52,199196.75,236938.8,209884.38,244231.28,203160.9,210787.73,210787.7,244233.11,210778.36,210798.36,237730.75,256312.55,192952.22,210798.39,210798.47,167119.72,244233.62,210799.11,237429.33,237729.33,218597.78,203159.73
7860,249618.03,210417.52,243607.75,237221.27,243607.67,243600.36,237227.8,243600.52,243608.4,237222.61,210421.62,237228.22,243610.19,237222.94,243608.38,243601.2,255491.62,192744.12,237224.08,243600.94,243601.61,210421.39,237224.1,243608.69,210418.36,210422.0,193408.47,192473.8,204719.36,210418.98,210420.31,243602.25,243602.64,188267.06,243602.31,243603.27,207778.66,237224.77,237226.48,243602.78,210415.72,210415.73,243603.17,210415.75,237226.31,237226.4,202900.84,198959.3,210417.02,243603.44,210415.95,210417.02,215234.05,237226.3,237227.52,172126.73,206311.83,194428.61,195016.9,192010.7,243603.92,237228.38,159352.72,210429.84,205404.14,210429.9,169172.55,210430.58,168728.3,210430.94,237228.88,210746.06,200241.12,237230.06,199139.31,237230.11,208295.2,201296.19,237230.06,243604.3,206331.72,202900.08,192769.86,175273.69,246477.75,210767.19,190780.83,157362.92,202900.14,237231.89,237232.36,197841.77,243604.42,210406.6,237232.12,210406.39,255498.66,223504.6,192716.22,210406.81,237232.06,210407.22,243604.83,192543.92,208400.11,208499.02,222565.83,198851.3,255504.92,198369.4,201283.02,194631.94,245320.7,179601.77,270119.4,207043.52,163171.0,191963.89,212783.7,181918.11,237190.02,216846.17,243605.89,210390.92,210391.34,198639.81,243606.28,210391.8,174791.6,237190.7,237191.16,243606.47,210392.05,172686.17,210558.84,199204.08,191829.02,192257.22,210235.39,245880.31,215131.33,208521.55,254816.22,194596.23,202898.12,202901.0,200951.38,172477.89,170441.27,236413.42,192264.33,205979.86,207056.12,204222.12,200215.17,202901.56,171580.66,200557.94,203676.77,210581.36,183295.05,215854.47,247049.97,202901.1,212260.12,213381.72,198308.9,255504.25,212867.94,202901.83,193904.78,186264.89,202387.33,202875.08,211053.3,255505.0,205922.98,256598.42,276186.9,201837.48,168408.88,199791.36,243617.27,286369.6,210408.97,210409.11,243617.22,230882.48,243606.4,210408.55,237199.14,190080.86,247050.17,210409.25,210404.67,210409.69,243622.66,210409.75,221988.45,202881.11,206742.52,249332.64,234648.56,202890.47,214543.52,218550.55,210765.58,196024.86,243615.78,180910.56,237159.84,243615.89,192675.11,243615.81,210410.84,202398.16,237159.73,243616.12,237160.36,243616.14,210409.73,210411.42,221693.64,305348.56,252302.44,189477.67,193926.25,192264.05,228405.08,287547.53,195803.03,198950.06,243599.53,243599.73,237150.89,243599.58,245009.86,188053.08,210393.06,237170.95,243599.55,237171.6,243600.02,210393.69,212244.73,210393.69,170432.58,243059.56,196207.3,210394.17,210744.12,218694.06,257579.69,194777.72,210395.56,172898.55,196443.03,210380.05,209995.27,243603.28,187050.6,210392.05,210391.94,237216.36,288561.53,210392.88,237217.53,237217.5,210392.88,243611.2,243609.19,237219.11,202899.77,199051.14,236349.23,209526.08,243593.92,202900.19,210403.89,210403.86,243595.73,210394.9,210414.12,237219.83,255514.0,192865.69,210414.16,210414.23,167740.9,243596.25,210414.9,236926.28,237218.39,218144.77,202899.11
7920,248918.23,210037.12,242975.48,236717.42,242975.42,242968.17,236723.81,242968.33,242976.16,236718.69,210041.23,236724.22,242977.95,236719.02,242976.12,242969.02,254702.03,192756.89,236720.12,242968.75,242969.45,210041.03,236720.14,242976.44,210037.97,210041.64,193403.52,192391.02,204461.75,210038.6,210039.94,242970.06,242970.48,188292.45,242970.11,242971.1,207437.86,236720.84,236722.53,242970.56,210035.4,210035.38,242971.0,210035.4,236722.3,236722.42,202644.34,198780.4,210036.69,242971.3,210035.64,210036.7,214809.03,236722.3,236723.5,172906.94,206275.44,194310.44,195389.06,191945.53,242971.77,236724.34,160061.53,210049.38,205707.47,210049.48,170131.2,210050.1,169323.6,210050.5,236724.84,210359.08,200054.7,236726.0,199080.14,236726.05,207957.2,201081.12,236726.05,242972.14,206042.6,202643.69,192976.83,175772.92,245812.27,210380.02,191045.16,158004.1,202643.75,236727.81,236728.3,198266.02,242972.27,210026.44,236728.0,210026.3,254708.95,223595.66,192918.22,210026.67,236728.03,210027.08,242972.66,192489.31,208067.3,208162.0,222268.69,198699.9,254715.16,198190.02,201101.55,195108.61,244668.62,180216.14,269157.25,206737.02,163945.36,191907.52,212628.03,182330.06,236686.5,216662.47,242973.62,210011.17,210011.62,198477.94,242974.08,210012.1,175277.84,236687.16,236687.6,242974.27,210012.36,173335.73,210175.47,199190.81,191785.39,192206.84,209860.27,245221.72,214729.08,208187.23,254038.17,194520.12,202647.03,202644.48,200769.0,173069.64,171360.39,236345.16,192213.9,205691.67,206749.14,203963.38,200248.31,202645.11,172129.05,200348.58,203447.38,210197.89,183705.75,215682.33,246377.89,202644.66,212104.88,213224.36,198440.38,254714.5,212725.44,202645.36,193808.27,186686.47,202176.22,202619.06,210954.94,254715.25,205613.28,256269.66,275594.16,201609.16,169007.1,199649.36,242984.98,285187.5,210028.9,210029.08,242984.95,230336.4,242974.2,210028.53,236695.45,190312.05,246378.08,210029.23,210024.6,210029.64,242990.33,210029.7,221738.33,202624.98,206434.67,248625.6,234174.66,202631.06,214380.16,218346.77,210378.47,195882.81,242983.58,181150.27,236656.77,242983.67,193183.92,242983.58,210030.8,202187.77,236656.66,242983.89,236657.23,242983.92,210029.66,210031.39,221222.27,304357.4,251555.84,189873.78,194106.16,192213.62,228037.19,286347.44,195938.31,199070.44,242967.47,242967.61,236647.94,242967.47,244381.92,188303.72,210013.33,236667.78,242967.44,236668.42,242967.94,210013.94,212154.45,210013.94,171351.36,242434.53,196131.45,210014.48,210357.23,218482.86,256791.2,194738.17,210015.84,173636.84,196344.7,210032.88,209627.89,242971.17,187381.8,210012.33,210012.28,236712.56,287799.0,210013.19,236713.7,236713.69,210013.2,242979.02,242976.98,236715.27,202643.33,198904.3,235763.94,209169.9,242961.78,202643.78,210023.86,210023.81,242963.55,210015.2,210033.75,236715.97,254724.17,192778.0,210033.78,210033.89,168347.47,242964.1,210034.6,236430.69,236714.56,217695.72,202642.78
7980,248226.83,209660.88,242348.66,236221.25,242348.62,242341.4,236227.52,242341.56,242349.34,236222.45,209664.98,236227.89,242351.14,236222.77,242349.3,242342.25,253921.38,192762.75,236223.88,242341.98,242342.73,209664.8,236223.89,242349.56,209661.72,209665.4,193392.64,192306.53,204204.03,209662.34,209663.72,242343.31,242343.75,188339.2,242343.38,242344.33,207100.94,236224.62,236226.27,242343.84,209659.19,209659.2,242344.25,209659.23,236226.03,236226.12,202393.19,198603.02,209660.5,242344.56,209659.45,209660.52,214387.7,236226.0,236227.19,173625.3,206233.83,194191.5,195746.9,191878.55,242345.02,236228.02,160797.84,209673.12,205999.58,209673.2,171036.89,209673.8,169904.27,209674.22,236228.5,209975.3,199869.14,236229.62,199017.97,236229.69,207621.75,200869.22,236229.7,242345.39,205755.08,202392.66,193173.67,176258.73,245151.9,209996.2,191297.12,158692.5,202392.72,236231.42,236231.92,198679.62,242345.52,209650.47,236231.62,209650.31,253928.19,223679.08,193113.62,209650.69,236231.67,209651.1,242345.92,192432.67,207735.98,207827.2,221988.72,198547.66,253934.31,198012.4,200919.31,195575.4,244021.88,180815.81,268206.6,206431.56,164711.56,191849.11,212471.94,182728.52,236190.72,216476.5,242346.88,209635.55,209635.98,198316.16,242347.28,209636.45,175779.67,236191.34,236191.77,242347.5,209636.77,173970.47,209795.72,199172.9,191739.56,192154.44,209489.3,244568.22,214330.8,207854.6,253268.78,194441.89,202402.06,202393.31,200585.48,173473.2,172200.05,236272.4,192161.48,205404.38,206443.34,203705.28,200275.39,202394.02,172663.66,200140.27,203218.17,209818.14,184102.8,215508.2,245710.9,202393.56,211949.55,213066.2,198563.86,253933.67,212606.52,202394.27,193726.66,187124.0,201964.75,202368.42,210852.1,253934.44,205307.84,255941.56,275006.97,201381.36,169419.36,199506.03,242358.11,284019.06,209653.0,209653.14,242358.11,229794.73,242347.42,209652.62,236199.48,190538.53,245711.17,209653.34,209648.69,209653.72,242363.45,209653.77,221488.58,202374.23,206128.39,247925.08,233702.89,202376.3,214215.44,218140.39,209994.72,195740.92,242356.83,181416.23,236161.39,242356.9,193683.69,242356.77,209654.86,201976.38,236161.28,242357.1,236161.8,242357.14,209653.75,209655.45,220754.94,303380.06,250816.95,190255.27,194276.55,192161.19,227669.4,285161.56,196065.22,199218.53,242340.83,242340.98,236152.73,242340.81,243762.1,188551.45,209637.7,236172.3,242340.8,236172.95,242341.27,209638.31,212060.36,209638.3,172190.88,241814.89,196051.77,209638.89,209973.48,218269.33,256012.72,194693.55,209640.19,174187.95,196244.44,209690.16,209263.22,242344.47,187699.75,209636.72,209636.69,236216.45,287046.0,209637.56,236217.6,236217.58,209637.58,242352.25,242350.2,236219.11,202392.23,198756.11,235183.52,208815.81,242335.06,202392.75,209647.95,209647.92,242336.84,209639.58,209657.6,236219.8,253943.27,192688.97,209657.61,209657.7,168939.6,242337.39,209658.44,235943.62,236218.45,217250.17,202391.83
8040,247543.5,209288.73,241727.2,235733.33,241727.2,241720.02,235739.45,241720.17,241727.89,235734.48,209292.83,235739.81,241729.7,235734.8,241727.84,241720.86,253149.56,192762.05,235735.88,241720.6,241721.36,209292.64,235735.89,241728.16,209289.58,209293.27,193375.88,192220.44,203946.33,209290.2,209291.58,241721.92,241722.39,188405.08,241722.02,241722.95,206768.12,235736.64,235738.27,241722.5,209287.11,209287.14,241722.86,209287.16,235738.02,235738.08,202147.97,198426.7,209288.39,241723.22,209287.34,209288.4,213970.42,235737.95,235739.12,174287.77,206186.9,194071.95,196091.55,191809.77,241723.62,235739.94,161549.36,209300.97,206280.84,209301.0,171875.47,209301.61,170470.67,209302.03,235740.4,209594.97,199684.34,235741.52,198952.64,235741.6,207288.86,200660.23,235741.61,241724.02,205469.25,202147.58,193360.72,176732.02,244496.72,209615.78,191537.61,159417.34,202147.62,235743.28,235743.78,199082.45,241724.14,209278.58,235743.5,209278.39,253156.27,223754.98,193302.17,209278.78,235743.53,209279.19,241724.55,192373.92,207406.34,207494.69,221725.77,198394.84,253162.33,197836.39,200736.28,196031.83,243380.36,181392.72,267267.47,206127.34,165463.03,191788.72,212315.42,183115.06,235703.23,216288.44,241725.5,209263.98,209264.4,198154.55,241725.86,209264.84,176284.2,235703.81,235704.23,241726.1,209265.2,174582.86,209419.73,199150.4,191691.53,192100.03,209122.22,243919.94,213937.05,207523.48,252507.9,194361.67,202163.38,202148.08,200400.81,173748.36,172961.62,236195.03,192107.02,205117.94,206138.64,203447.88,200296.42,202148.88,173185.11,199932.94,202989.33,209442.1,184487.42,215332.28,245049.11,202148.42,211794.11,212907.36,198679.28,253161.72,212508.7,202149.11,193659.8,187564.1,201752.95,202123.78,210744.95,253162.47,205007.05,255613.95,274425.38,201154.25,169695.58,199361.45,241736.62,282864.2,209281.19,209281.28,241736.62,229257.81,241726.0,209280.78,235711.8,190759.53,245049.39,209281.52,209276.86,209281.84,241741.94,209281.9,221239.52,202129.48,205823.77,247231.31,233233.38,202126.9,214049.47,217931.64,209614.34,195599.11,241735.44,181700.47,235674.27,241735.5,194173.7,241735.34,209283.0,201764.19,235674.16,241735.66,235674.64,241735.72,209281.92,209283.58,220291.94,302415.72,250085.62,190623.48,194437.8,192106.73,227301.95,283989.62,196184.0,199386.55,241719.55,241719.73,235665.8,241719.55,243150.25,188795.86,209266.12,235685.05,241719.53,235685.75,241719.98,209266.73,211962.67,209266.73,172952.45,241200.4,195968.42,209267.33,209593.19,218053.48,255244.52,194644.22,209268.58,174612.08,196142.38,209352.42,208901.47,241723.16,188005.61,209265.14,209265.14,235728.62,286302.22,209265.98,235729.73,235729.73,209266.0,241730.86,241728.81,235731.22,202147.1,198606.48,234608.11,208464.02,241713.75,202147.69,209276.12,209276.11,241715.53,209267.98,209285.53,235731.9,253171.22,192598.52,209285.55,209285.61,169517.56,241716.06,209286.38,235465.38,235730.6,216808.77,202146.83
8100,246868.34,208920.56,241110.95,235254.05,241110.97,241103.81,235260.05,241103.97,241111.64,235255.16,208924.64,235260.38,241113.44,235255.47,241111.6,241104.61,252385.98,192754.98,235256.52,241104.4,241105.19,208924.47,235256.53,241111.95,208921.4,208925.08,193353.38,192131.11,203688.83,208922.03,208923.42,241105.73,241106.22,188486.89,241105.84,241106.77,206439.64,235257.3,235258.88,241106.34,208919.02,208919.03,241106.67,208919.05,235258.62,235258.69,201909.12,198251.25,208920.28,241107.03,208919.23,208920.28,213557.16,235258.55,235259.7,174901.77,206135.03,193951.56,196424.05,191738.83,241107.44,235260.5,162307.1,208932.77,206551.84,208932.77,172648.95,208933.4,171023.28,208933.81,235260.94,209218.25,199501.0,235262.02,198883.88,235262.14,206958.53,200454.83,235262.16,241107.83,205185.2,201908.84,193538.14,177193.42,243846.73,209239.02,191767.48,160168.11,201908.9,235263.77,235264.27,199474.69,241107.95,208910.66,235264.02,208910.44,252392.6,223823.69,193484.72,208910.83,235264.03,208911.23,241108.34,192313.03,207078.38,207164.55,221478.69,198241.6,252398.6,197661.66,200552.61,196477.7,242744.0,181943.02,266339.84,205824.45,166196.67,191726.2,212158.3,183490.81,235224.4,216098.28,241109.31,208896.36,208896.78,197993.08,241109.64,208897.2,176782.4,235224.97,235225.31,241109.88,208897.58,175169.28,209047.5,199123.17,191641.25,192043.45,208758.9,243276.88,213548.1,207193.97,251754.75,194279.45,201931.17,201909.2,200215.25,173937.52,173653.23,236113.16,192050.4,204832.45,205835.11,203191.25,200311.3,201910.08,173693.97,199726.52,202760.98,209069.86,184860.5,215154.38,244392.5,201909.66,211638.45,212747.55,198787.73,252398.0,212428.77,201910.31,193606.72,187997.56,201540.98,201885.53,210633.88,252398.75,204711.2,255286.78,273849.38,200927.97,169875.23,199215.64,241120.31,281722.6,208913.27,208913.36,241120.33,228725.64,241109.78,208912.89,235232.78,190975.39,244392.77,208913.62,208908.97,208913.94,241125.6,208913.98,220991.5,201891.11,205520.9,246543.02,232766.05,201883.44,213882.05,217720.66,209237.62,195457.33,241119.25,181995.7,235195.78,241119.27,194653.4,241119.1,208915.08,201551.34,235195.69,241119.42,235196.12,241119.48,208914.05,208915.66,219833.45,301463.97,249360.78,190979.47,194589.94,192050.12,226934.84,282831.4,196294.58,199567.34,241103.45,241103.66,235187.52,241103.45,242546.56,189036.39,208898.48,235206.56,241103.44,235207.19,241103.92,208899.1,211861.9,208899.1,173644.16,240590.78,195881.7,208899.69,209216.48,217835.61,254486.61,194590.3,208900.9,174950.48,196038.56,209019.97,208542.64,241107.02,188300.11,208897.52,208897.52,235249.44,285567.34,208898.33,235250.53,235250.53,208898.34,241114.66,241112.61,235251.97,201908.31,198455.94,234037.61,208114.56,241097.61,201909.0,208908.23,208908.23,241099.39,208900.33,208917.42,235252.66,252407.42,192505.88,208917.44,208917.5,170081.75,241099.92,208918.27,234996.02,235251.39,216371.48,201908.22
8160,246201.86,208556.25,240499.67,234783.56,240499.69,240492.55,234789.42,240492.75,240500.36,234784.64,208560.31,234789.73,240502.14,234784.94,240500.31,240493.47,251630.88,192741.92,234785.97,240493.17,240493.97,208560.14,234785.98,240500.73,208557.1,208560.77,193325.47,192041.52,203431.53,208557.7,208559.11,240494.5,240495.0,188581.22,240494.64,240495.58,206115.6,234786.73,234788.28,240495.14,208554.77,208554.81,240495.45,208554.8,234788.08,234788.08,201676.64,198076.45,208556.02,240495.81,208554.97,208556.02,213147.97,234787.9,234789.06,175472.58,206078.06,193830.61,196745.39,191666.05,240496.22,234789.84,163064.08,208568.42,206812.95,208568.4,173356.02,208569.05,171562.53,208569.45,234790.25,208845.23,199318.52,234791.33,198811.84,234791.45,206630.81,200252.05,234791.47,240496.6,204902.95,201676.48,193706.2,177643.62,243201.92,208865.98,191987.62,160935.11,201676.55,234793.03,234793.55,199856.36,240496.73,208546.61,234793.33,208546.34,251637.36,223885.25,193661.16,208546.73,234793.31,208547.12,240497.12,192249.97,206752.12,206836.53,221245.7,198087.92,251643.31,197487.92,200368.27,196912.83,242112.7,182464.92,265423.84,205522.83,166910.5,191661.6,212000.56,183856.69,234754.4,215906.05,240498.12,208532.6,208532.98,197831.73,240498.38,208533.39,177268.58,234754.95,234755.36,240498.62,208533.78,175728.05,208679.05,199091.47,191588.77,191984.73,208399.25,242638.95,213163.84,206866.05,251009.97,194195.28,201705.11,201676.67,200029.02,174070.61,174283.77,236026.67,191991.66,204547.88,205532.7,202935.47,200320.3,201677.64,174190.78,199520.95,202533.16,208701.39,185222.88,214974.61,243741.03,201677.23,211482.52,212586.84,198889.56,251642.72,212363.02,201677.86,193565.69,188418.6,201328.86,201653.67,210518.69,251643.47,204420.45,254959.8,273278.66,200702.48,169988.83,199068.67,240508.98,280594.25,208549.19,208549.3,240509.0,228197.8,240498.52,208548.83,234762.58,191185.89,243741.27,208549.56,208544.94,208549.86,240514.22,208549.92,220744.92,201659.12,205219.92,245861.28,232300.88,201646.08,213713.28,217507.45,208864.62,195315.5,240507.97,182296.05,234726.11,240508.0,195122.42,240507.83,208551.05,201338.11,234726.0,240508.14,234726.42,240508.22,208550.0,208551.58,219379.36,300524.34,248643.47,191324.31,194733.3,191991.36,226568.06,281686.7,196397.27,199755.08,240492.31,240492.53,234718.05,240492.33,241951.69,189272.61,208534.67,234736.83,240492.34,234737.44,240492.73,208535.28,211758.64,208535.3,174274.83,239985.89,195791.94,208535.88,208843.48,217615.62,253739.14,194532.19,208537.08,175230.9,195933.03,208692.72,208186.73,240495.84,188584.1,208533.7,208533.72,234779.08,284840.88,208534.52,234780.12,234780.14,208534.53,240503.42,240501.38,234781.5,201675.9,198303.94,233471.66,207767.45,240486.42,201676.69,208544.19,208544.2,240488.22,208536.5,208553.17,234782.2,251652.05,192412.28,208553.2,208553.23,170632.58,240488.73,208554.0,234535.52,234780.98,215938.39,201675.98
8220,245543.61,208195.67,239893.27,234321.8,239893.28,239886.23,234327.52,239886.39,239893.95,234322.84,208199.72,234327.83,239895.72,234323.14,239893.9,239887.12,250884.03,192723.16,234324.14,239886.83,239887.61,208199.56,234324.16,239894.33,208196.52,208200.16,193292.36,191951.17,203174.7,208197.12,208198.52,239888.16,239888.69,188684.61,239888.3,239889.2,205796.1,234324.95,234326.42,239888.81,208194.27,208194.28,239889.1,208194.3,234326.19,234326.2,201450.45,197902.23,208195.48,239889.47,208194.45,208195.48,212742.72,234326.08,234327.17,176005.58,206016.3,193709.27,197056.1,191591.62,239889.86,234327.94,163815.16,208207.81,207064.47,208207.77,174002.48,208208.42,172088.95,208208.81,234328.36,208475.92,199137.2,234329.34,198736.62,234329.52,206305.53,200052.45,234329.52,239890.25,204622.5,201450.42,193865.11,178083.2,242562.3,208496.69,192199.03,161710.14,201450.48,234331.05,234331.58,200227.47,239890.38,208186.22,234331.31,208185.95,250890.42,223940.02,193831.6,208186.36,234331.31,208186.75,239890.78,192184.77,206427.6,206510.94,221024.6,197933.86,250896.31,197314.97,200183.38,197337.08,241486.45,182958.19,264519.5,205222.86,167603.69,191595.0,211842.27,184213.47,234293.17,215711.86,239891.72,208172.5,208172.89,197670.44,239891.98,208173.3,177738.7,234293.69,234294.11,239892.25,208173.69,176258.73,208314.3,199055.36,191534.05,191923.84,208043.17,242006.23,212784.6,206539.8,250273.16,194109.19,201485.06,201450.44,199841.73,174168.83,174861.89,235935.89,191930.7,204264.31,205231.53,202680.52,200323.55,201451.5,174676.11,199316.19,202305.95,208336.62,185575.22,214793.12,243094.77,201451.1,211326.27,212425.33,198985.4,250895.73,212307.88,201451.7,193534.69,188823.47,201116.67,201428.14,210399.64,250896.47,204134.89,254633.03,272713.0,200477.88,170059.56,198920.6,239902.53,279479.2,208188.83,208188.95,239902.55,227674.75,239892.14,208188.52,234301.12,191390.84,243095.06,208189.23,208184.61,208189.52,239907.72,208189.56,220500.06,201433.47,204920.64,245185.64,231837.94,201414.94,213543.23,217292.11,208495.36,195173.64,239901.53,182596.53,234265.16,239901.61,195580.44,239901.42,208190.66,201124.44,234265.06,239901.75,234265.45,239901.84,208189.66,208191.22,218929.81,299596.44,247933.06,191658.62,194868.06,191930.44,226201.78,280555.44,196492.25,199944.78,239886.03,239886.33,234257.3,239886.05,241365.33,189504.08,208174.58,234275.83,239886.05,234276.42,239886.42,208175.2,211653.31,208175.19,174853.11,239385.75,195698.73,208175.78,208474.2,217393.67,253002.2,194469.83,208176.97,175472.31,195825.83,208370.92,207833.69,239889.53,188858.6,208173.61,208173.62,234317.44,284122.44,208174.42,234318.47,234318.48,208174.42,239897.06,239895.02,234319.84,201449.8,198150.97,232910.61,207422.72,239880.12,201450.69,208183.88,208183.89,239881.9,208176.39,208192.66,234320.5,250904.97,192317.72,208192.67,208192.7,171170.48,239882.42,208193.47,234083.47,234319.31,215509.48,201450.06
8280,244893.42,207838.73,239291.66,233868.53,239291.69,239284.73,233874.11,239284.84,239292.34,233869.55,207842.77,233874.4,239294.1,233869.83,239292.3,239285.58,250145.23,192698.9,233870.81,239285.27,239286.06,207842.62,233870.83,239292.66,207839.56,207843.23,193254.2,191859.86,202918.25,207840.19,207841.58,239286.6,239287.11,188793.86,239286.75,239287.61,205481.1,233871.58,233873.03,239287.28,207837.39,207837.38,239287.55,207837.4,233872.78,233872.83,201230.39,197728.52,207838.6,239287.92,207837.56,207838.61,212341.62,233872.73,233873.77,176505.52,205949.94,193587.56,197356.94,191515.62,239288.31,233874.5,164556.33,207850.83,207306.88,207850.78,174595.11,207851.44,172603.0,207851.83,233874.97,208110.31,198957.19,233875.9,198658.25,233876.05,205982.86,199855.89,233876.06,239288.7,204343.78,201230.45,194015.11,178512.53,241927.73,208131.1,192402.28,162486.28,201230.52,233877.53,233878.05,200588.2,239288.83,207829.44,233877.78,207829.23,250151.52,223988.39,193996.1,207829.62,233877.81,207830.02,239289.23,192117.48,206104.86,206187.64,220813.27,197779.39,250157.33,197142.67,199997.97,197750.45,240865.12,183423.52,263626.84,204924.31,168276.0,191526.5,211683.38,184561.52,233840.44,215515.81,239290.1,207816.02,207816.44,197509.17,239290.4,207816.84,178190.58,233840.94,233841.31,239290.67,207817.23,176762.05,207953.19,199014.97,191477.12,191860.78,207690.62,241378.5,212410.6,206215.28,249544.17,194021.2,201270.67,201230.28,199653.58,174247.0,175395.55,235841.03,191867.61,203981.83,204931.66,202426.48,200321.23,201231.44,175150.34,199112.19,202079.28,207975.53,185918.22,214609.94,242453.66,201231.06,211169.69,212262.97,199075.69,250156.78,212260.16,201231.64,193511.7,189210.0,200904.48,201208.7,210276.9,250157.5,203854.4,254306.48,272152.2,200254.08,170104.55,198771.42,239300.88,278377.28,207832.11,207832.23,239300.89,227156.62,239290.55,207831.78,233848.19,191590.12,242453.9,207832.52,207827.92,207832.8,239306.0,207832.86,220257.12,201213.9,204623.25,244516.22,231377.19,201189.88,213371.89,217074.7,208129.81,195031.81,239299.9,182893.31,233812.69,239300.03,196027.27,239299.81,207833.89,200910.2,233812.6,239300.14,233812.97,239300.23,207832.95,207834.5,218485.11,298679.94,247229.67,191983.11,194994.44,191867.33,225836.02,279437.5,196579.69,200132.55,239284.6,239284.83,233805.05,239284.56,240787.05,189730.5,207818.11,233823.3,239284.56,233823.89,239284.9,207818.7,211546.28,207818.69,175386.92,238790.3,195602.44,207819.3,208108.61,217169.89,252275.7,194403.33,207820.47,175687.92,195717.0,208054.64,207483.52,239288.03,189124.17,207817.14,207817.16,233864.3,283411.7,207817.94,233865.31,233865.31,207817.95,239295.5,239293.47,233866.69,201229.8,197997.05,232354.4,207080.42,239278.62,201230.78,207827.19,207827.2,239280.39,207819.9,207835.75,233867.31,250165.9,192222.2,207835.78,207835.8,171695.95,239280.9,207836.58,233639.39,233866.12,215085.06,201230.23
8340,244251.62,207485.36,238694.75,233423.38,238694.78,238687.9,233428.8,238687.98,238695.44,233424.36,207489.36,233429.1,238697.17,233424.64,238695.39,238688.69,249414.5,192669.39,233425.6,238688.42,238689.22,207489.22,233425.61,238695.77,207486.19,207489.81,193211.2,191767.52,202662.3,207486.8,207488.19,238689.75,238690.23,188906.3,238689.9,238690.72,205170.6,233426.3,233427.75,238690.44,207484.08,207484.05,238690.7,207484.08,233427.48,233427.55,201016.14,197555.3,207485.27,238691.08,207484.25,207485.28,211944.27,233427.5,233428.47,176976.55,205879.08,193465.53,197648.52,191438.11,238691.47,233429.19,165284.56,207497.4,207540.52,207497.36,175140.64,207498.0,173105.11,207498.4,233429.66,207748.38,198778.64,233430.6,198576.83,233430.69,205662.73,199662.47,233430.7,238691.86,204066.86,201016.3,194156.38,178932.11,241298.16,207769.19,192598.1,163257.83,201016.36,233432.14,233432.6,200938.69,238691.98,207476.23,233432.34,207476.05,249420.69,224030.44,194154.89,207476.44,233432.4,207476.83,238692.38,192048.14,205783.95,205866.67,220609.62,197624.48,249426.44,196970.94,199812.1,198152.9,240248.73,183862.1,262745.78,204627.38,168927.52,191456.2,211523.86,184901.36,233395.83,215317.98,238693.19,207463.1,207463.53,197347.89,238693.52,207463.92,178623.14,233396.31,233396.69,238693.78,207464.31,177239.16,207595.7,198970.38,191418.02,191795.6,207341.55,240755.67,212041.66,205892.55,248823.16,193931.34,201061.62,201015.97,199464.69,174315.42,175891.5,235742.06,191802.36,203700.47,204633.11,202173.4,200313.5,201017.19,175613.89,198908.98,201853.22,207618.05,186252.42,214425.12,241817.6,201016.83,211012.75,212099.78,199160.88,249425.89,212216.97,201017.39,193494.86,189577.03,200692.33,200995.11,210150.6,249426.61,203578.98,253979.98,271595.88,200031.16,170136.2,198621.22,238703.9,277288.53,207478.95,207479.08,238703.92,226643.27,238693.67,207478.61,233403.38,191783.72,241817.9,207479.36,207474.78,207479.64,238709.0,207479.69,220016.31,201000.17,204327.78,243852.89,230918.61,200970.94,213199.3,216855.34,207767.92,194890.02,238702.95,183183.66,233368.33,238703.11,196462.81,238702.92,207480.69,200695.6,233368.23,238703.23,233368.6,238703.31,207479.8,207481.33,218045.0,297774.5,246533.14,192298.47,195112.62,191802.1,225470.81,278332.88,196659.77,200315.3,238687.8,238688.02,233360.89,238687.77,240217.17,189951.58,207465.17,233378.88,238687.77,233379.45,238688.11,207465.75,211438.05,207465.73,175883.02,238199.47,195503.2,207466.36,207746.7,216944.34,251559.47,194332.88,207467.53,175886.86,195606.58,207743.7,207136.22,238691.22,189381.6,207464.22,207464.22,233419.27,282708.34,207465.03,233420.25,233420.25,207465.02,238698.62,238696.61,233421.62,201015.62,197842.38,231802.94,206740.55,238681.83,201016.69,207474.05,207474.06,238683.58,207466.95,207482.42,233422.17,249434.92,192125.75,207482.44,207482.45,172209.39,238684.08,207483.23,233202.84,233421.05,214664.61,201016.23
8400,243618.7,207134.36,238105.0,232987.16,238105.03,238098.22,232992.4,238098.28,238105.69,232988.11,207138.39,232992.69,238107.4,232988.38,238105.64,238098.98,248692.19,192623.62,232989.3,238098.7,238099.5,207138.22,232989.31,238106.05,207135.19,207138.8,193158.38,191666.47,202406.73,207135.81,207137.2,238100.02,238100.48,189020.72,238100.17,238100.95,204865.39,232989.89,232991.4,238100.7,207133.22,207133.14,238100.97,207133.17,232991.12,232991.2,200812.17,197388.12,207134.39,238101.34,207133.36,207134.4,211551.06,232991.17,232992.1,177420.73,205810.61,193337.34,197931.02,191354.28,238101.73,232992.78,165996.31,207146.45,207765.48,207146.39,175640.55,207147.