keys,corridor_constructionYardNorth_squareNorth,home_c65,home_c113,home_c66,home_c114,home_c63,home_c115,home_c64,home_c116,home_c69,home_c117,home_c118,home_Sasha,home_c67,home_c119,home_c68,home_Rui,bioengineeringHeadquarters,home_c72,home_Boulos,home_c73,home_c110,home_c70,home_c111,home_c71,home_c112,farm,industryHeadquarters,electrolysisStationSouth,home_c76,home_c102,home_c77,home_c103,corridor_rescueStationWest_mainControlRoom,home_c74,home_c104,corridor_squareSouth_mainControlRoom,home_c75,home_c105,home_c106,home_c107,home_c78,home_c108,home_c79,home_c109,home_c80,home_Evan,excavationShaftB,home_c83,home_c84,home_c100,home_c81,corridor_squareSouth_securityCheckCenter,home_c101,home_c82,excavationShaftA,corridor_securityCheckEast_rescueStationNorth,corridor_constructionYardSouth_excavationShaftB,corridor_outerBarrierCenter_outerBarrierWest,corridor_constructionYardSouth_techSchool,home_c87,home_c88,corridor_reservoirWest_excavationShaftA,home_c85,outerBarrierCenter,home_c86,miningHeadquarters,home_c89,observatory,home_c90,home_c91,home_AmmServer,corridor_reservoirEast_mainControlRoom,home_c94,corridor_miningSchool_securityCheckEast,home_c95,corridor_squareSouth_rescueStationSouth,corridor_mainControlRoom_reservoirEast,home_c92,home_c93,corridor_squareSouth_miningSchool,home_Peiyu,cemetery,corridor_outerBarrierWest_observatory,fineFoodStore-1,home_JwlServer,corridor_recycleFacilityWest_outerBarrierWest,reservoirWest,home_Kasem,home_c98,home_c124,corridor_outerBarrierCenter_spacePort,home_c99,home_c125,home_c96,home_c97,home_Yuhoa,corridor_outerBarrierCenter_outerBarrierEast,corridor_recycleFacilityWest_electrolysisStationNorth,home_c120,home_c121,home_c122,home_c123,techSchool,welfareStationEast,corridor_squareSouth_electrolysisStationSouth,corridor_squareNorth_securityCheckWest,corridor_miningSchool_excavationShaftB,home_Vaeme,home_Dion,corridor_miningSchool_rescueStationSouth,corridor_spacePort_outerBarrierCenter,tavern,corridor_excavationShaftA_securityCheckWest,corridor_welfareStationWest_squareNorth,corridor_electrolysisStationSouth_squareSouth,corridor_excavationShaftA_reservoirWest,corridor_techSchool_constructionYardSouth,corridor_tankArray_recycleFacilityEast,infrastructureHeadquarters,home_c0,corridor_rescueStationNorth_recycleFacilityEast,home_c2,home_c1,home_c4,corridor_excavationShaftB_miningSchool,home_c3,home_c6,corridor_rescueStationWest_excavationShaftA,home_c5,home_c8,home_c7,home_c9,corridor_excavationShaftA_rescueStationWest,ammoniaShop,corridor_securityCheckEast_miningSchool,educationHeadquarters,home_Eugene,squareSouth,home_RstSupplier,corridor_securityCheckCenter_mainControlRoom,home_DrHess,constructionYardNorth,corridor_techSchool_miningSchool,mainControlRoom,home_Charles,corridor_reservoirEast_electrolysisStationSouth,corridor_theEngine_excavationShaftA,home_Maisarah,corridor_outerBarrierEast_outerBarrierCenter,home_teacher2,corridor_rescueStationSouth_welfareStationEast,corridor_welfareStationEast_rescueStationSouth,rescueStationSouth,securityCheckEast,home_ctrler,corridor_observatory_outerBarrierWest,corridor_excavationShaftB_rescueStationSouth,corridor_miningSchool_squareSouth,diamondShop,outerBarrierWest,corridor_recycleFacilityEast_rescueStationNorth,home_RstServer,home_Muos,tankArray,corridor_recycleFacilityEast_tankArray,recycleFacilityWest,home_Megaros,corridor_securityCheckWest_squareNorth,home_Kae,corridor_mainControlRoom_rescueStationWest,corridor_securityCheckWest_excavationShaftA,corridor_rescueStationSouth_miningSchool,home_Alina,corridor_rescueStationNorth_securityCheckEast,home_Krailin,corridor_mainControlRoom_squareSouth,outerBarrierEast,corridor_outerBarrierEast_asteroidMine,corridor_rescueStationSouth_excavationShaftB,theEngine,miningSchool,home_c18,welfareStationWest,home_c19,home_c16,home_c17,corridor_securityCheckCenter_market,home_Agros,home_c10,home_c11,corridor_electrolysisStationNorth_recycleFacilityWest,home_Chef,home_c14,home_JwlSupplier,home_c15,home_c12,home_c13,corridor_squareNorth_recycleFacilityWest,home_Bahriye,corridor_rescueStationSouth_squareSouth,corridor_market_constructionYardNorth,corridor_market_rescueStationNorth,interiorHeadquarters,recycleFacilityEast,safetyHeadquarters,home_Jeweler,corridor_excavationShaftB_constructionYardSouth,home_c29,rescueStationWest,home_c27,home_c28,spacePort,home_c21,home_c22,corridor_electrolysisStationSouth_reservoirEast,home_c20,home_c25,home_c26,home_c23,home_AmmSupplier,home_c24,securityCheckCenter,asteroidMine,corridor_constructionYardNorth_market,corridor_outerBarrierWest_outerBarrierCenter,corridor_cemetery_securityCheckEast,home_Jan,corridor_rescueStationNorth_market,home_DrPaik,corridor_securityCheckEast_cemetery,securityCheckWest,home_Lynn,home_c38,home_c39,home_c32,corridor_squareNorth_constructionYardNorth,electrolysisStationNorth,home_c33,home_c30,home_c31,home_c36,home_c37,home_c34,corridor_recycleFacilityWest_squareNorth,home_c35,home_Metros,market,corridor_reservoirEast_farm,home_c40,home_Chemist,rescueStationNorth,corridor_squareNorth_welfareStationWest,corridor_farm_reservoirEast,home_c49,corridor_excavationShaftA_theEngine,corridor_miningSchool_techSchool,corridor_mainControlRoom_securityCheckCenter,corridor_squareSouth_welfareStationEast,home_c43,corridor_outerBarrierWest_recycleFacilityWest,home_c44,home_c41,home_c42,corridor_asteroidMine_outerBarrierEast,home_c47,home_c48,home_c45,home_c46,home_Hans,home_c50,home_c51,home_Indu,reservoirEast,corridor_market_securityCheckCenter,corridor_welfareStationEast_squareSouth,home_Yuri,home_Hiroshi,home_c54,home_c55,home_c52,home_c53,home_c58,home_c59,home_Salvor,constructionYardSouth,home_c56,home_c57,home_observer,home_c61,home_c62,squareNorth,home_c60,corridor_securityCheckCenter_squareSouth,home_Astinomis
2940,93917.984,77525.23,94674.984,74973.55,94681.95,94658.98,75013.46,94650.75,94668.8,75053.45,77580.055,75000.18,94724.55,75000.195,94642.07,94643.96,106543.2,47856.633,74988.8,94682.96,94659.64,77556.54,75000.945,94722.33,77578.83,77545.055,48174.844,55468.945,58805.867,77528.94,77579.61,94710.09,94672.55,55232.99,94710.14,94635.0,74122.195,74978.25,74975.84,94632.48,77533.69,77534.28,94710.38,77547.21,75014.65,75000.18,67717.39,69515.89,77507.89,94671.6,77546.52,77520.266,76098.18,74987.09,75026.81,37476.3,47213.035,61160.832,36897.293,54182.566,94657.195,75026.805,34616.434,77493.04,41218.04,77544.0,36544.156,77570.87,36582.684,77545.16,75053.44,77785.484,57902.977,74988.78,49360.44,75053.445,68872.49,61565.4,75014.66,94658.08,68507.96,67699.42,36382.16,35783.75,95557.05,77725.96,40691.773,34230.9,67726.086,75003.305,75015.836,36336.637,94630.68,77453.2,75014.65,77507.25,106578.17,51710.223,47353.094,77504.22,74986.86,77504.375,94710.914,53096.785,57966.78,69611.09,62679.625,60940.31,106596.76,69856.17,54489.633,34475.348,95166.46,39892.09,109422.73,64811.65,35410.6,53348.38,68992.984,34860.56,75025.86,57986.387,94633.375,77394.664,77407.75,64527.97,94646.43,77381.26,43071.926,74967.234,74963.195,94711.37,77433.92,40300.973,77604.164,46270.03,53069.914,52928.367,77274.4,95459.95,72222.586,56766.844,105774.32,53249.473,67511.96,67744.45,53400.863,33432.766,36940.605,60846.902,52927.71,54896.934,54711.402,58522.203,43846.965,67739.89,36032.92,64863.535,63059.504,77609.79,36094.79,58758.637,95587.13,67713.14,72554.65,66164.24,47126.11,106568.76,55702.777,67739.945,60063.445,42460.438,55044.082,67683.91,51096.93,106595.66,71679.52,77830.984,97103.86,61823.754,32226.55,56001.62,94726.68,129883.43,77478.55,77469.27,94691.41,82820.56,94685.39,77478.42,74961.16,48028.344,95625.445,77441.09,77514.55,77469.516,94660.74,77451.78,61909.664,67717.22,63974.93,100544.49,80970.84,67950.77,62125.52,57765.453,77712.83,64588.867,94661.62,48721.766,74994.61,94686.766,33453.63,94724.4,77456.33,54691.996,74944.516,94701.01,74994.65,94701.01,77437.73,77493.64,76402.52,131094.44,103508.82,35693.33,37389.066,52928.695,71988.73,130952.15,39204.27,48096.445,94662.836,94622.766,74968.49,94672.17,86121.41,49036.336,77434.336,75016.12,94659.2,75016.125,94622.81,77395.77,54738.715,77395.77,36939.438,94072.74,50246.492,77357.2,77732.42,59280.984,95563.05,48964.44,77381.98,34774.008,53917.17,70130.414,68397.53,94707.984,38007.05,77389.71,77337.984,75006.266,110798.055,77395.71,75054.9,75029.42,77392.44,94692.625,94652.29,75056.445,67714.75,53577.6,87475.99,63343.215,94624.66,67712.055,77445.74,77469.64,94707.125,77366.516,77536.71,75056.45,106617.5,56747.35,77576.1,77510.46,36681.633,94683.77,77576.414,75991.055,75033.81,75763.97,67696.4
3000,93835.625,77224.27,94098.52,75511.7,94108.734,94078.45,75551.77,94074.41,94095.58,75591.625,77279.125,75538.5,94151.234,75538.38,94068.836,94071.17,105843.055,47930.203,75526.04,94110.664,94085.734,77254.0,75538.78,94149.1,77277.87,77241.71,48301.094,55783.7,59174.066,77226.4,77278.664,94137.78,94099.03,55316.746,94137.82,94060.28,73897.45,75514.11,75512.96,94058.98,77232.67,77232.97,94138.06,77246.09,75552.336,75538.45,67490.35,69027.01,77206.7,94098.68,77245.8,77219.555,76135.195,75559.04,75565.11,37647.88,47722.23,61175.56,37396.645,54371.105,94084.87,75565.125,34728.707,77191.96,41754.875,77244.086,36760.598,77270.96,36382.74,77244.87,75591.77,77554.695,58095.52,75526.18,49766.625,75591.81,68993.03,61616.977,75552.44,94085.36,68509.65,67474.1,36722.65,35842.1,95299.04,77493.734,41119.76,34318.87,67500.766,75540.125,75553.07,36753.2,94058.34,77153.71,75552.484,77207.305,105877.98,52377.812,47438.984,77205.89,75525.29,77206.055,94138.57,53123.953,58601.44,69635.1,63272.895,60935.195,105895.1,69337.71,54954.49,34824.64,94789.64,40167.805,109202.57,65008.973,35553.223,53481.99,68757.84,35189.016,75564.34,58478.66,94060.24,77101.016,77114.305,64326.17,94073.484,77087.82,43323.54,75501.7,75499.73,94139.4,77140.87,40549.84,77343.17,46727.363,52992.32,52927.613,76964.27,95107.14,72373.23,57461.84,105081.25,53352.098,67302.08,67517.3,53840.254,32903.82,37150.117,61513.23,52927.34,55589.188,55450.746,58972.176,44311.895,67513.016,35956.652,64778.59,63204.062,77348.23,36400.375,59214.688,95404.7,67486.266,72032.305,66139.71,47520.137,105867.14,56281.465,67513.07,60039.27,42800.445,55563.88,67458.27,51592.715,105894.04,71474.836,78319.69,97237.25,61989.766,31542.426,56253.07,94153.69,128975.97,77179.96,77168.65,94115.98,82833.71,94113.04,77179.83,75498.89,47927.703,95437.14,77141.32,77217.1,77168.89,94085.664,77153.414,62546.355,67492.45,64293.438,99947.37,80796.27,67716.22,62370.13,58225.793,77479.73,64417.24,94086.47,48913.574,75533.625,94112.414,33752.945,94151.25,77149.11,55144.094,75481.94,94126.234,75533.67,94126.24,77139.766,77194.64,76583.07,130252.31,102878.164,36133.047,37759.06,52928.125,72061.836,130034.37,39611.242,48552.2,94089.11,94049.08,75507.086,94100.484,86342.12,48752.066,77141.445,75554.445,94087.32,75554.47,94049.12,77102.31,55350.984,77102.31,37149.0,93526.125,50525.176,77063.17,77500.664,59680.02,95700.21,49185.973,77089.12,34658.17,54085.383,70168.586,68572.38,94135.95,38408.504,77097.445,77044.95,75542.44,110582.17,77100.56,75593.46,75553.89,77098.95,94106.39,94079.44,75594.27,67488.445,53895.055,87290.945,63761.906,94052.625,67485.445,77147.73,77173.016,94135.0,77073.086,77235.4,75594.29,105914.55,56938.348,77275.07,77208.96,36444.855,94110.016,77275.39,76440.34,75570.61,75933.06,67472.01
3060,93718.3,76917.26,93541.62,75989.03,93553.42,93519.91,76029.25,93517.91,93540.26,76068.96,76972.13,76015.98,93595.83,76015.74,93513.516,93516.43,105150.63,48021.33,76002.945,93556.164,93530.44,76946.21,76015.98,93593.78,76970.85,76933.53,48437.957,56058.477,59519.234,76918.61,76971.664,93583.266,93543.92,55387.99,93583.31,93504.58,73661.38,75990.34,75989.836,93503.875,76925.73,76925.875,93583.54,76939.09,76029.484,76015.89,67273.39,68561.766,76899.67,93543.87,76938.984,76912.76,76138.68,76053.05,76042.57,37755.16,48215.477,61169.24,37883.434,54542.965,93530.336,76042.61,34837.63,76885.336,42277.727,76938.02,36930.117,76964.9,36220.91,76938.62,76069.266,77304.68,58268.453,76003.23,50154.79,76069.32,69084.74,61656.82,76029.67,93530.63,68490.99,67258.38,37072.316,35915.92,95004.234,77242.74,41531.645,34412.836,67285.05,76016.914,76030.06,37173.297,93503.805,76848.57,76029.766,76901.93,105185.47,53012.297,47533.047,76901.32,76002.86,76901.484,93584.03,53164.547,59195.918,69642.21,63826.418,60922.195,105201.305,68843.6,55389.43,35185.734,94397.02,40418.207,108947.77,65184.938,35671.875,53610.98,68529.8,35511.24,76042.016,58936.047,93505.44,76801.09,76814.48,64127.188,93518.77,76788.01,43549.953,75977.414,75976.46,93585.17,76841.234,40758.836,77069.11,47168.49,52941.44,52944.75,76651.0,94737.87,72491.69,58115.363,104397.93,53460.24,67100.94,67299.94,54254.688,32583.04,37301.88,62136.465,52944.816,56240.926,56148.42,59387.395,44766.008,67295.92,35906.867,64688.14,63325.1,77073.75,36702.773,59633.863,95173.23,67269.17,71544.46,66105.055,47896.28,105173.38,56834.29,67295.98,60009.555,43133.438,56049.0,67242.6,52069.7,105200.28,71262.49,78760.91,97331.695,62134.863,31339.465,56487.676,93598.55,128077.97,76875.67,76863.36,93559.63,82817.09,93558.62,76875.54,75976.31,47850.71,95202.766,76836.45,76913.36,76863.61,93529.15,76849.24,63130.23,67277.2,64575.16,99351.734,80621.375,67490.3,62588.004,58663.586,77228.25,64238.758,93530.21,49087.266,76011.83,93556.55,34069.676,93595.984,76840.58,55570.984,75959.37,93570.16,76011.88,93570.164,76835.79,76890.15,76723.29,129427.25,102246.72,36562.457,38134.316,52945.43,72124.57,129124.59,40018.062,49000.168,93534.28,93494.26,75984.984,93546.664,86511.1,48506.87,76841.95,76031.984,93533.4,76032.016,93494.3,76802.54,55920.37,76802.54,37300.965,92995.81,50792.656,76763.12,77250.12,60057.043,95785.945,49404.926,76789.65,34433.1,54250.52,70187.97,68721.086,93581.67,38797.676,76798.73,76745.86,76018.625,110344.305,76800.43,76070.83,76024.33,76799.64,93544.78,93524.43,76071.29,67271.89,54192.664,87091.59,64145.363,93498.37,67268.87,76844.18,76870.15,93580.66,76773.8,76928.2,76071.33,105219.57,57101.402,76968.01,76901.68,36248.332,93554.87,76968.336,76836.36,76047.02,76058.93,67257.164
3120,93570.414,76606.25,93002.32,76410.66,93014.92,92980.125,76451.0,92979.14,93001.74,76490.59,76661.13,76437.734,93057.234,76437.39,92975.0,92978.52,104467.05,48127.625,76424.38,93018.375,92992.26,76634.83,76437.555,93055.266,76659.836,76621.96,48583.848,56297.293,59841.777,76607.22,76660.66,93045.47,93005.83,55446.266,93045.51,92966.19,73417.02,76411.46,76411.28,92965.79,76614.836,76614.91,93045.734,76628.17,76451.055,76437.62,67065.79,68119.086,76588.75,93005.914,76628.164,76601.945,76112.31,76482.93,76464.31,37845.355,48692.996,61145.0,38358.293,54699.59,92992.52,76464.37,34936.254,76574.914,42786.82,76627.88,37054.88,76654.75,36093.023,76628.38,76491.03,77039.516,58424.355,76424.8,50525.78,76491.12,69150.73,61686.875,76451.33,92992.73,68454.76,67051.76,37429.855,36003.855,94679.37,76976.88,41928.27,34506.23,67078.414,76438.37,76451.62,37595.86,92965.99,76539.555,76451.46,76592.8,104501.79,53615.098,47634.465,76592.58,76424.71,76592.74,93046.21,53216.426,59751.695,69634.08,64341.32,60902.793,104516.48,68373.01,55795.79,35557.004,93992.29,40645.664,108662.67,65340.77,35769.848,53735.32,68309.125,35828.08,76464.01,59360.918,92967.59,76496.84,76510.27,63931.973,92980.98,76483.81,43745.266,76398.45,76398.01,93047.61,76537.125,40932.48,76785.09,47594.0,52913.88,52976.996,76336.08,94353.52,72580.76,58728.54,103724.98,53572.73,66907.914,67091.836,54645.33,32451.004,37406.566,62719.32,52977.363,56853.188,56805.33,59769.895,45209.38,67088.086,35881.03,64593.445,63425.184,76789.42,37002.254,60019.234,94900.914,67061.336,71088.1,66062.29,48255.395,104488.586,57359.207,67088.13,59974.59,43450.43,56501.047,67036.19,52528.207,104515.484,71044.93,79158.28,97390.984,62261.098,31295.734,56706.47,93060.164,127189.9,76567.45,76554.65,93020.664,82773.516,93020.96,76567.31,76398.27,47795.445,94929.03,76527.95,76605.39,76554.89,92989.77,76541.08,63664.76,67070.97,64823.25,98760.03,80446.45,67272.97,62782.105,59079.156,76962.12,64055.43,92991.234,49239.254,76434.336,93017.766,34401.75,93057.49,76530.27,55973.37,76381.49,93031.27,76434.4,93031.27,76527.73,76581.836,76826.62,128618.29,101617.45,36982.414,38513.863,52977.824,72177.7,128223.69,40424.13,49433.535,92996.66,92956.65,76407.25,93009.53,86633.78,48297.574,76537.95,76453.84,92996.22,76453.89,92956.69,76498.41,56449.332,76498.41,37405.895,92480.71,51049.902,76458.85,76984.66,60412.88,95825.62,49621.34,76485.67,34291.062,54412.3,70190.31,68845.836,93044.07,39175.273,76495.555,76442.51,76439.53,110087.164,76496.56,76492.33,76442.414,76496.17,93003.27,92986.18,76492.63,67064.53,54472.164,86879.26,64495.715,92960.81,67061.625,76536.75,76563.055,93043.016,76470.35,76617.09,76492.68,104533.664,57239.594,76656.96,76590.52,36087.914,93016.83,76657.29,77183.4,76467.984,76145.69,67051.32
3180,93395.92,76292.78,92513.6,76781.12,92526.586,92491.52,76821.586,92491.04,92513.41,76861.06,76347.67,76808.32,92568.79,76807.87,92486.67,92490.84,103793.18,48246.996,76794.77,92530.76,92504.44,76321.18,76808.016,92566.93,76346.36,76308.21,48737.36,56503.855,60142.27,76293.56,76347.19,92557.84,92518.055,55490.81,92557.88,92478.266,73166.83,76781.7,76781.7,92478.016,76301.49,76301.53,92558.1,76314.81,76821.54,76808.164,66866.805,67697.695,76275.39,92518.2,76314.85,76288.65,76059.37,76857.49,76834.88,37940.2,49155.027,61105.605,38821.79,54842.31,92504.88,76834.95,35024.586,76262.09,43282.445,76315.19,37153.61,76342.055,35995.59,76315.65,76861.625,76762.586,58565.402,76795.305,50865.336,76861.73,69193.68,61708.71,76821.88,92505.03,68400.78,66853.59,37794.035,36104.684,94334.72,76699.48,42310.45,34594.605,66880.25,76808.836,76822.15,38019.9,92478.34,76228.06,76822.055,76281.234,103827.81,54187.7,47742.44,76281.22,76795.38,76281.38,92558.56,53277.414,60270.223,69612.11,64818.137,60863.6,103841.49,67924.99,56160.11,35936.92,93596.516,40859.78,108351.055,65477.64,35856.883,53854.992,68095.984,36140.203,76834.84,59755.543,92479.98,76189.75,76203.2,63738.75,92493.38,76176.75,43911.9,76768.836,76768.65,92560.13,76230.1,41082.383,76493.625,48001.62,52906.543,53021.93,76020.49,93964.43,72643.03,59302.645,103063.18,53685.664,66722.26,66892.36,55013.3,32446.24,37491.684,63264.29,53022.56,57427.19,57422.53,60121.37,45641.76,66888.85,35876.94,64495.55,63491.848,76497.72,37298.996,60373.598,94596.055,66862.11,70660.555,66013.07,48598.312,103813.63,57854.254,66888.91,59933.977,43751.004,56918.957,66838.3,52968.664,103840.53,70824.08,79515.17,97418.57,62370.273,31334.857,56879.176,92571.84,126312.06,76256.695,76243.66,92532.055,82708.375,92533.44,76256.555,76769.19,47760.105,94623.48,76217.07,76294.75,76243.9,92500.61,76230.36,64153.234,66873.14,65040.586,98186.85,80284.414,67063.99,62955.02,59473.016,76684.54,63868.96,92502.4,49368.49,76805.68,92529.03,34747.273,92568.9,76218.51,56352.03,76752.66,92542.484,76805.76,92542.484,76217.055,76271.04,76896.62,127824.52,100995.484,37393.562,38896.78,53022.89,72224.72,127332.28,40828.867,49848.375,92509.26,92469.24,76778.4,92522.375,86714.97,48121.234,76231.01,76824.57,92509.04,76824.625,92469.28,76191.41,56940.28,76191.41,37491.2,92002.16,51297.742,76151.8,76707.555,60748.734,95823.96,49835.2,76178.76,34256.15,54555.32,70177.164,68948.57,92555.99,39541.957,76189.45,76136.32,76809.5,109813.14,76190.12,76862.586,76811.0,76189.92,92512.945,92497.47,76862.836,66865.7,54735.066,86668.086,64814.926,92472.67,66862.98,76226.805,76253.27,92554.766,76164.12,76303.56,76862.89,103857.68,57355.703,76343.46,76276.984,35960.06,92528.38,76343.79,77485.24,76837.914,76197.125,66853.85
3240,93198.32,75978.05,92031.266,77104.43,92044.445,92009.51,77145.01,92009.27,92031.26,77184.375,76032.94,77131.76,92086.55,77131.2,92004.516,92009.28,103129.91,48377.566,77118.08,92049.23,92022.805,76006.35,77131.35,92084.78,76031.61,75993.34,48897.246,56681.54,60421.387,75978.74,76032.445,92076.3,92036.44,55521.54,92076.336,91996.57,72912.72,77104.94,77105.05,91996.4,75986.89,75986.91,92076.55,76000.2,77144.9,77131.56,66675.65,67296.27,75960.79,92036.62,76000.266,75974.06,75982.78,77182.86,77158.3,38046.44,49601.746,61053.445,39274.414,54968.59,92023.33,77158.38,35105.535,75948.01,43764.92,76001.164,37243.45,76028.02,35925.645,76001.61,77185.06,76476.71,58693.402,77118.72,51206.05,77185.19,69215.97,61723.56,77145.31,92023.45,68333.57,66663.16,38163.74,36217.31,93974.03,76413.25,42678.953,34676.547,66689.805,77132.24,77145.586,38444.523,91996.78,75915.23,77145.52,75968.36,103164.41,54731.598,47856.24,75968.44,77118.89,75968.61,92077.0,53280.6,60752.973,69577.555,65257.453,60836.406,103177.17,67498.32,56515.027,36324.08,93191.234,41068.02,108016.25,65596.66,35940.453,53948.28,67890.39,36448.125,77158.55,60122.113,91998.5,75881.016,75894.48,63550.316,92011.914,75868.03,44055.49,77092.33,77092.266,92078.72,75921.39,41217.832,76196.734,48394.91,52881.934,53017.79,75705.25,93569.35,72680.95,59839.04,102413.12,53779.414,66543.17,66700.75,55359.703,32526.635,37577.137,63773.707,53018.676,57964.156,58001.215,60443.484,46062.977,66697.48,35892.65,64395.18,63558.16,76200.65,37593.13,60699.523,94266.484,66670.74,70259.414,65958.766,48925.855,103149.35,58318.453,66697.52,59887.297,44038.207,57307.05,66648.14,53391.59,103176.25,70601.41,79834.69,97417.54,62463.883,31431.256,57083.92,92089.71,125444.66,75944.555,75931.4,92049.78,82623.25,92052.0,75944.414,77093.016,47742.98,94293.57,75904.87,75982.66,75931.64,92017.82,75918.234,64598.715,66682.97,65229.68,97619.35,80121.14,66862.92,63109.004,59845.914,76398.21,63680.684,92019.98,49476.45,77129.88,92046.66,35104.49,92086.59,75905.87,56707.81,77076.77,92060.08,77129.96,92060.086,75904.95,75958.875,76936.57,127045.164,100381.8,37796.42,39282.195,53018.973,72265.33,126450.82,41231.64,50243.508,92028.07,91988.06,77102.42,92041.31,86758.94,47975.12,75922.375,77148.16,92027.96,77148.23,91988.09,75882.75,57395.55,75882.75,37576.766,91530.38,51536.867,75843.11,76421.57,61065.72,95785.18,50046.473,75870.14,34306.414,54707.51,70149.9,69031.02,92074.24,39898.332,75881.625,75828.46,77132.44,109524.3,75882.125,77185.664,77133.266,75882.03,92029.85,92015.18,77185.91,66674.66,54982.688,86445.51,65104.83,91990.92,66672.125,75915.45,75942.0,92072.92,75856.24,75988.8,77185.97,103192.46,57451.84,76028.7,75962.21,35861.69,92046.445,76029.04,77745.25,77160.78,76216.79,66664.016
3300,92980.66,75663.21,91557.17,77384.18,91570.44,91535.805,77424.87,91535.69,91557.25,77464.13,75718.1,77411.625,91612.47,77410.98,91530.516,91535.8,102477.71,48517.688,77397.84,91575.76,91549.29,75691.48,77411.13,91610.77,75716.77,75678.45,49062.4,56833.188,60679.88,75663.87,75717.61,91602.82,91562.92,55539.2,91602.86,91523.02,72656.32,77384.69,77384.86,91522.88,75672.19,75672.195,91603.06,75685.49,77424.71,77411.4,66491.51,66914.36,75646.086,91563.12,75685.57,75659.38,75885.29,77463.66,77438.15,38165.117,50030.086,60990.453,39715.55,55082.6,91549.84,77438.25,35182.363,75633.805,44223.465,75686.98,37335.723,75713.836,35880.62,75687.414,77464.93,76184.21,58809.855,77398.6,51531.68,77465.08,69219.76,61732.38,77425.195,91549.95,68256.54,66479.664,38537.91,36340.73,93599.72,76120.49,43034.504,34752.66,66506.305,77412.13,77425.49,38867.84,91523.29,75602.2,77425.445,75655.31,102512.08,55210.56,47975.14,75655.43,77398.83,75655.6,91603.51,53384.883,61201.4,69531.586,65660.26,60805.688,102524.04,67092.05,56845.254,36717.113,92780.13,41274.87,107661.164,65698.89,36025.098,54058.445,67692.29,36752.25,77438.69,60444.08,91525.1,75571.82,75585.28,63368.566,91538.516,75558.84,44181.703,77372.375,77372.38,91605.35,75612.21,41344.98,75896.2,48775.645,52905.92,53089.145,75391.43,93167.586,72696.7,60339.13,101774.734,53897.594,66369.88,66516.21,55685.586,32664.328,37672.98,64239.22,53090.234,58465.46,58542.63,60738.566,46473.473,66513.16,35926.434,64292.953,63609.47,75899.984,37884.746,60996.168,93917.3,66486.42,69882.53,65900.516,49238.816,102496.25,58751.89,66513.2,59834.46,44315.38,57668.297,66464.92,53778.754,102523.15,70378.03,80118.27,97390.336,62543.26,31571.041,57262.68,91615.73,124587.79,75632.18,75618.96,91575.73,82519.19,91578.62,75632.03,77373.305,47742.465,93944.21,75592.46,75670.29,75619.21,91543.28,75605.87,65004.086,66499.69,65392.875,97059.03,79954.24,66669.19,63245.734,60167.223,76105.38,63491.79,91545.82,49565.85,77410.52,91572.52,35471.78,91612.5,75593.25,57041.586,77357.375,91585.94,77410.6,91585.94,75592.6,75646.484,76949.07,126279.375,99776.53,38191.367,39669.25,53090.41,72280.67,125579.6,41631.918,50619.23,91554.984,91514.98,77382.89,91568.29,86769.45,47856.695,75613.25,77428.195,91554.94,77428.27,91515.016,75573.61,57817.375,75573.61,37672.652,91069.195,51767.863,75533.97,76129.01,61316.035,95712.97,50255.09,75561.02,34416.55,54854.953,70109.72,69094.836,91600.7,40244.965,75573.28,75520.1,77411.88,109221.2,75573.695,77465.19,77412.38,75573.66,91555.43,91541.164,77465.43,66490.59,55216.18,86213.23,65367.13,91517.41,66488.26,75603.84,75630.42,91599.336,75547.875,75673.96,77465.51,102538.49,57529.688,75713.86,75647.375,35790.145,91572.805,75714.195,77966.5,77440.14,76207.914,66481.03
3360,92742.836,75349.44,91092.195,77589.4,91105.51,91071.23,77630.195,91071.17,91092.32,77669.35,75404.33,77616.96,91147.48,77616.21,91065.586,91071.32,101836.76,48665.895,77603.086,91111.3,91084.8,75377.68,77616.38,91145.836,75402.984,75364.65,49231.836,56961.508,60918.547,75350.07,75403.83,91138.35,91098.43,55545.07,91138.38,91058.51,72398.96,77589.93,77590.16,91058.39,75358.53,75358.54,91138.59,75371.836,77630.0,77616.7,66313.65,66550.984,75332.44,91098.63,75371.914,75345.734,75769.41,77669.43,77643.46,38294.85,50443.48,60918.406,40134.59,55187.973,91085.36,77643.586,35257.41,75320.61,44678.37,75373.79,37436.55,75400.64,35858.297,75374.22,77670.266,75887.11,58915.996,77603.96,51842.477,77670.44,69207.03,61735.953,77630.555,91085.47,68170.625,66302.39,38915.566,36472.996,93214.484,75823.2,43377.742,34826.438,66329.04,77617.516,77630.88,39289.625,91058.81,75290.125,77630.84,75343.21,101870.98,55711.684,48098.49,75343.36,77604.24,75343.53,91139.02,53471.07,61616.957,69475.36,66015.39,60771.676,101882.21,66705.34,57151.66,37114.51,92365.625,41482.652,107284.65,65785.375,36111.383,54165.676,67501.58,37051.176,77644.34,60759.324,91060.7,75263.336,75276.8,63193.047,91074.125,75250.37,44295.234,77578.0,77578.055,91140.96,75303.73,41467.625,75593.66,49143.48,52945.93,53170.504,75079.77,92760.35,72691.98,60804.336,101147.57,54018.848,66201.83,66338.016,55991.957,32840.49,37782.56,64679.465,53171.777,58932.582,59048.098,61008.31,46873.094,66335.164,35976.715,64189.473,63646.926,75597.33,38163.844,61268.46,93552.31,66308.43,69527.984,65839.13,49537.63,101854.45,59152.836,66335.21,59775.78,44585.098,58003.54,66301.414,54166.938,101881.35,70154.86,80368.586,97338.92,62609.72,31743.736,57428.2,91150.805,123742.06,75320.7,75307.46,91110.766,82397.516,91114.234,75320.555,77579.14,47757.062,93579.15,75280.98,75358.81,75307.7,91077.875,75294.4,65359.484,66322.58,65532.414,96506.83,79763.85,66482.2,63366.312,60496.56,75808.055,63303.293,91080.79,49639.73,77616.75,91107.5,35847.59,91147.49,75281.664,57354.266,77563.586,91120.91,77616.84,91120.91,75281.14,75335.0,76936.16,125529.195,99180.09,38540.535,40057.176,53171.844,72228.11,124716.94,42029.188,50976.13,91090.91,91050.9,77588.945,91104.234,86736.766,47763.617,75304.805,77633.89,91090.88,77633.98,91050.94,75265.17,58205.3,75265.17,37782.227,90616.31,51991.223,75225.53,75831.87,61600.9,95597.72,50460.977,75252.6,34566.97,54999.652,70057.68,69141.55,91136.22,40581.332,75265.59,75212.414,77617.06,108907.06,75265.96,77670.414,77617.42,75265.945,91090.33,91076.266,77670.68,66312.8,55436.543,85972.516,65603.47,91052.98,66310.65,75293.11,75319.695,91134.84,75240.17,75360.18,77670.766,101895.91,57592.242,75400.08,75333.6,35743.066,91108.29,75400.42,78121.51,77645.5,76173.305,66304.19
3420,92489.85,75037.43,90639.34,77794.76,90652.68,90618.766,77835.65,90618.734,90639.484,77874.71,75092.305,77822.42,90694.586,77821.586,90612.75,90618.91,101207.39,48820.883,77808.48,90658.88,90632.375,75065.66,77821.77,90692.99,75090.96,75052.625,49404.676,57069.184,61138.24,75038.05,75091.81,90685.93,90646.0,55540.7,90685.97,90606.07,72141.46,77795.33,77795.586,90605.96,75046.64,75046.64,90686.164,75059.94,77835.42,77822.13,66141.32,66205.07,75020.555,90646.195,75060.02,75033.84,75637.305,77875.08,77848.91,38435.117,50800.855,60839.035,40551.883,55284.87,90632.93,77849.04,35333.9,75009.14,45122.145,75062.32,37548.72,75089.164,35856.613,75062.74,77875.72,75587.06,59012.82,77809.44,52139.375,77875.914,69179.55,61734.84,77836.04,90633.03,68076.76,66130.62,39297.777,36613.797,92821.23,75523.016,43708.863,34898.17,66157.26,77823.016,77836.4,39710.008,90606.375,74979.7,77836.35,75032.78,101241.45,56183.312,48225.574,75032.94,77809.766,75033.11,90686.586,53557.656,62000.06,69409.82,66306.836,60735.27,101252.04,66337.3,57435.867,37515.27,91950.9,41692.426,106893.16,65857.1,36205.125,54268.027,67318.01,37345.254,77850.03,61049.953,90608.34,74956.29,74969.75,63023.438,90621.76,74943.33,44399.668,77783.68,77783.75,90675.055,74996.67,41588.168,75290.3,49497.23,52996.457,53254.54,74770.98,92349.96,72667.93,61248.094,100535.266,54140.035,66038.31,66165.42,56279.78,33042.203,37906.14,65093.94,53255.973,59366.902,59518.473,61254.207,47249.51,66162.75,36041.746,64085.215,63672.285,75293.88,38450.1,61519.71,93174.85,66136.016,69194.02,65775.27,49822.84,101224.32,59512.53,66162.8,59711.824,44848.926,58313.86,66136.52,54524.22,101251.23,69932.47,80590.23,97266.086,62664.4,31940.732,57582.133,90697.95,122910.16,75010.85,75024.586,90678.23,82206.78,90675.42,75010.7,77784.97,47785.36,93201.65,74971.125,75048.95,75024.83,90624.61,74984.555,65692.13,66150.92,65650.31,95963.93,79564.27,66300.54,63473.125,60805.004,75507.84,63116.04,90627.84,49700.992,77822.88,90654.555,36230.426,90694.56,74971.766,57646.754,77769.72,90667.96,77822.98,90667.97,74971.305,75025.15,76887.945,124792.7,98592.94,38930.71,40444.766,53255.957,72182.31,123866.05,42419.78,51313.15,90638.83,90598.82,77794.945,90652.17,86689.15,47693.703,74997.78,77839.46,90638.81,77839.56,90598.85,74958.16,58564.07,74958.16,37918.73,90172.56,52207.363,74918.52,75531.805,61847.91,95466.96,50664.047,74945.59,34744.117,55140.92,69994.81,69172.38,90683.74,40908.426,74959.29,74906.12,77822.08,108583.57,74973.13,77875.445,77822.37,74973.125,90637.37,90623.414,77875.734,66140.52,55644.652,85710.45,65814.8,90600.55,66152.06,74983.96,75010.555,90682.36,74933.875,75048.18,77875.83,101265.04,57641.582,75088.07,75021.6,35718.36,90655.79,75088.414,78277.125,77850.31,76114.52,66132.766
3480,92223.78,74717.77,90217.8,77950.17,90204.05,90204.336,77991.15,90204.33,90190.85,78030.125,74772.65,77977.93,90245.91,77977.016,90164.12,90170.63,100590.81,48948.516,77963.92,90210.62,90184.09,74745.99,77977.22,90244.36,74771.3,74753.195,49506.004,57137.2,61339.695,74718.39,74772.15,90237.66,90197.72,55527.746,90237.69,90157.78,71881.22,77950.78,77951.07,90157.68,74727.11,74727.11,90237.88,74740.41,77990.9,77977.61,65988.05,65875.43,74701.03,90197.914,74740.49,74714.32,75486.805,78030.664,78004.39,38562.207,51198.805,60741.516,40963.914,55360.805,90184.65,78004.54,35411.152,74690.01,45555.082,74743.18,37656.86,74743.04,35873.75,74743.6,78031.23,75282.78,59101.21,77964.97,52422.76,78031.43,69135.164,61729.695,77991.56,90184.74,67972.3,65964.18,39682.02,36763.434,92421.625,75218.23,44028.375,34968.97,65990.81,77978.56,77991.945,40128.438,90158.09,74661.6,77991.91,74728.16,100624.7,56629.285,48355.715,74714.83,77965.32,74715.0,90238.3,53638.645,62357.48,69332.125,66617.71,60697.12,100634.73,65986.91,57699.305,37918.516,91533.34,41894.938,106489.086,65914.18,36294.652,54361.49,67141.36,37634.086,78005.8,61318.934,90160.12,74641.35,74654.81,62859.586,90173.54,74628.39,44495.887,77973.17,77973.266,90220.16,74681.73,41698.68,74980.78,49837.863,53051.266,53347.543,74459.67,91936.84,72626.3,61655.934,99935.766,54258.24,65882.195,65998.266,56549.977,33258.617,38029.574,65482.117,53349.125,59770.0,59956.695,61477.586,47628.465,65995.77,36120.516,63980.26,63686.156,74983.92,38734.383,61750.645,92787.734,65969.05,68879.06,65709.65,50094.836,100607.055,59853.184,65995.83,59643.5,45105.695,58600.51,65973.56,54873.773,100633.96,69710.53,80785.48,97174.43,62708.23,32154.738,57725.176,90249.32,122090.91,74693.445,74720.45,90239.6,82069.39,90233.875,74693.29,77940.875,47826.023,92814.516,74653.73,74731.54,74720.7,90175.62,74667.16,65986.5,65984.57,65747.55,95428.33,79309.88,66124.45,63567.688,61091.13,75243.53,62928.89,90179.1,49752.016,77979.13,90205.82,36619.008,90245.83,74654.336,57919.953,77925.97,90219.22,77938.766,90219.22,74653.91,74707.74,76831.5,124068.9,98014.875,39309.207,40832.15,53349.047,72210.6,123028.22,42808.766,51632.66,90211.125,90150.8,77951.055,90204.16,86612.13,47644.93,74683.016,77995.195,90190.8,77995.3,90150.83,74643.39,58893.78,74643.39,38035.516,89731.2,52413.297,74603.766,75227.5,62094.64,95306.555,50844.96,74630.836,34929.152,55277.965,69921.69,69185.06,90221.84,41227.35,74645.21,74592.05,78004.266,108252.01,74665.69,78030.67,77977.555,74665.69,90215.76,90174.76,78030.98,65987.32,55840.902,85449.016,66003.24,90152.28,65992.0,74667.24,74693.836,90234.05,74619.8,74728.81,78031.086,100647.1,57636.75,74768.695,74702.234,35714.094,90207.47,74769.03,78388.42,78005.47,76033.66,65980.13
3540,91941.625,74404.15,89785.49,78026.64,89758.39,89775.66,78067.73,89775.66,89745.195,78072.88,74459.01,78081.484,89800.22,78053.51,89759.11,89725.27,99984.8,49073.242,78074.14,89765.25,89765.83,74445.84,78053.73,89798.7,74457.664,74449.52,49640.87,57183.496,61523.64,74431.734,74458.516,89792.3,89772.68,55507.727,89792.33,89753.06,71623.016,78067.766,78068.086,89712.32,74413.59,74413.6,89792.52,74426.89,78067.445,78054.164,65834.805,65541.03,74387.52,89772.875,74426.98,74400.81,75324.25,78107.26,78080.96,38706.824,51577.473,60638.113,41367.03,55428.816,89739.29,78081.125,35490.26,74376.86,45976.73,74430.016,37773.215,74416.586,35908.176,74430.44,78074.1,74976.57,59181.89,78075.305,52692.27,78108.04,69079.63,61721.703,78088.41,89739.38,67862.61,65804.62,40066.96,36920.773,92016.12,74912.19,44336.934,35039.684,65831.24,78055.21,78088.836,40544.293,89712.73,74349.414,78068.56,74422.59,100018.53,57052.176,48488.49,74402.63,78041.984,74402.8,89792.93,53724.7,62685.22,69247.44,66875.56,60655.027,100028.05,65628.47,57942.17,38322.746,91113.266,42100.395,106071.52,65957.76,36390.934,54448.293,66971.4,37921.27,78082.72,61568.965,89714.8,74332.125,74345.586,62692.32,89762.086,74319.17,44585.895,78066.72,78066.83,89785.09,74372.5,41810.035,74673.56,50166.72,53112.43,53436.96,74154.22,91520.016,72570.02,62031.3,99346.58,54375.055,65730.766,65838.04,56803.246,33483.906,38163.895,65844.81,53438.676,60143.78,60364.086,61679.758,47999.223,65835.734,36212.047,63866.543,63689.02,74677.41,39015.62,61962.934,92392.79,65809.01,68581.664,65642.79,50354.742,100000.43,60168.492,65835.8,59572.36,45356.168,58864.836,65815.77,55212.457,100027.336,69490.2,80956.125,97064.94,62740.633,32379.588,57856.74,89803.664,121283.7,74381.87,74415.414,89798.875,81909.695,89791.84,74401.94,78018.0,47877.824,92419.56,74382.61,74406.46,74415.66,89770.31,74389.3,66233.08,65825.03,65826.07,94898.81,79167.875,65952.03,63651.113,61362.156,74957.43,62733.043,89767.32,49794.52,78056.664,89780.484,37010.152,89800.17,74342.75,58174.727,78003.51,89773.555,77996.39,89787.11,74342.336,74396.16,76756.734,123330.875,97445.12,39677.793,41218.605,53438.547,72229.625,122205.68,43194.22,51936.73,89776.06,89705.72,78028.42,89759.08,86494.91,47615.418,74373.9,78072.26,89745.72,78072.375,89705.75,74334.29,59194.97,74334.28,38166.55,89311.8,52609.145,74335.125,74948.28,62326.598,95107.53,51022.04,74321.74,35126.83,55408.47,69840.11,69185.46,89783.52,41538.773,74336.75,74324.055,78094.19,107904.695,74360.5,78107.33,78081.164,74360.5,89783.64,89729.305,78107.67,65834.11,56025.08,85182.32,66170.414,89707.195,65835.414,74383.28,74382.91,89788.92,74338.32,74415.375,78107.79,100039.875,57642.7,74455.25,74388.81,35728.574,89775.89,74455.59,78433.484,78095.95,75934.586,65827.43
3600,91648.266,74096.26,89363.6,78086.83,89329.92,89355.66,78128.02,89355.66,89316.734,78150.18,74151.12,78155.06,89371.71,78113.71,89350.68,89330.945,99391.66,49199.88,78150.97,89337.04,89350.98,74144.6,78140.914,89370.24,74149.76,74146.55,49782.73,57217.81,61690.21,74137.125,74150.62,89364.09,89354.5,55482.145,89364.13,89344.91,71367.79,78147.93,78148.28,89324.77,74126.04,74126.04,89364.336,74132.586,78147.94,78114.44,65682.51,65235.49,74113.45,89354.7,74119.19,74093.04,75150.84,78167.55,78141.25,38857.63,51941.074,60529.37,41763.297,55489.52,89311.11,78141.42,35572.297,74109.85,46387.08,74122.55,37901.56,74129.55,35957.48,74136.45,78151.516,74668.99,59255.324,78152.234,52949.75,78168.36,69014.09,61710.496,78158.695,89338.305,67748.22,65649.38,40449.6,37084.92,91607.19,74639.94,44636.105,35110.863,65676.01,78142.54,78159.17,40956.79,89284.555,74083.32,78149.16,74119.3,99425.22,57453.555,48623.035,74096.07,78102.37,74096.24,89364.76,53811.58,62984.426,69156.43,67105.02,60610.445,99434.3,65292.332,58166.914,38727.6,90697.78,42307.586,105640.1,65988.88,36493.004,54529.41,66807.62,38206.465,78143.336,61801.266,89327.266,74048.59,74055.305,62531.32,89350.6,74042.38,44671.93,78135.52,78135.64,89361.98,74068.734,41923.055,74366.125,50484.234,53181.207,53525.375,73854.14,91129.53,72500.08,62374.555,98769.72,54489.246,65582.54,65682.24,57040.195,33714.33,38307.098,66183.13,53527.203,60488.97,60740.75,61861.086,48359.613,65680.11,36315.05,63753.883,63683.54,74372.77,39294.12,62157.855,91991.56,65653.375,68299.77,65574.79,50601.914,99406.73,60457.95,65680.164,59498.58,45601.84,59107.57,65661.484,55539.477,99433.63,69273.19,81102.76,96937.875,62762.023,32609.668,57980.203,89375.21,120485.86,74096.08,74112.62,89372.85,81736.49,89365.28,74105.875,78112.49,47939.348,92031.88,74096.52,74107.27,74112.86,89361.62,74099.89,66453.805,65669.81,65887.38,94381.66,79021.81,65785.445,63723.33,61618.63,74661.266,62539.668,89355.586,49829.582,78117.836,89362.08,37405.816,89371.74,74077.195,58411.64,78091.65,89345.13,78047.766,89365.37,74076.78,74090.15,76664.27,122624.38,96887.35,40039.234,41603.117,53527.04,72242.195,121392.305,43575.543,52225.547,89353.08,89318.45,78089.43,89344.71,86361.1,47602.445,74070.19,78132.945,89338.125,78133.07,89318.484,74050.81,59468.844,74050.81,38308.113,88906.04,52795.438,74051.35,74654.016,62545.363,94890.94,51194.004,74018.055,35332.08,55534.93,69750.31,69174.11,89358.914,41842.39,74047.15,74040.9,78160.97,107550.94,74059.02,78167.586,78154.7,74059.02,89362.016,89301.09,78167.95,65681.86,56197.65,84918.46,66316.64,89279.31,65681.53,74091.16,74090.98,89360.99,74048.53,74127.84,78168.08,99445.61,57642.418,74147.484,74114.766,35759.61,89354.64,74147.83,78474.06,78163.05,75818.92,65675.64
3660,91345.63,73793.03,88952.49,78131.266,88915.57,88945.59,78172.555,88945.59,88902.38,78203.04,73847.88,78206.13,88957.31,78158.164,88946.195,88933.52,98810.3,49331.008,78203.6,88922.93,88943.45,73844.64,78198.66,88955.9,73846.52,73845.73,49927.707,57241.516,61841.426,73840.43,73847.375,88949.984,88945.33,55452.316,88950.02,88940.67,71115.6,78202.21,78202.59,88930.7,73832.87,73832.87,88950.234,73836.09,78202.4,78158.945,65532.668,64946.844,73826.92,88945.54,73816.055,73789.91,74969.18,78212.06,78185.766,39013.86,52291.31,60418.25,42150.773,55543.95,88897.01,78185.96,35658.383,73826.92,46787.04,73819.695,38040.535,73836.75,36021.76,73840.24,78204.48,74362.305,59322.02,78204.97,53197.047,78212.914,68939.375,61696.38,78208.16,88937.56,67629.71,65498.285,40832.203,37255.242,91195.97,74351.484,44925.508,35184.27,65524.906,78200.41,78208.67,41365.836,88870.46,73801.25,78203.7,73818.914,98843.695,57834.977,48758.973,73794.08,78146.97,73794.25,88950.664,53898.293,63257.43,69059.414,67309.625,60564.703,98852.375,64978.094,58374.38,39132.887,90288.77,42515.9,105198.98,66008.75,36600.64,54605.54,66649.914,38489.543,78188.16,62017.043,88933.19,73759.19,73762.586,62377.312,88944.73,73756.305,44755.6,78184.375,78184.51,88950.37,73769.375,42037.11,74061.805,50790.793,53254.906,53612.99,73557.414,90728.88,72418.02,62688.027,98202.93,54602.117,65437.58,65530.637,57261.52,33947.5,38458.207,66498.555,53614.918,60806.76,61087.984,62023.75,48710.65,65528.656,36428.734,63643.184,63670.617,74069.92,39570.227,62337.08,91612.31,65501.926,68033.22,65506.223,50837.812,98824.84,60723.887,65528.72,59422.94,45842.934,59330.18,65510.9,55853.137,98851.75,69058.805,81227.82,96796.25,62774.445,32843.71,58094.332,88960.83,119697.72,73804.52,73812.68,88959.664,81552.31,88951.984,73809.266,78174.06,48009.684,91632.2,73804.82,73809.11,73812.92,88956.86,73806.55,66650.586,65518.7,65933.516,93876.54,78872.52,65624.38,63786.996,61861.098,74361.055,62350.836,88949.47,49860.34,78163.164,88952.664,37804.707,88957.4,73795.61,58631.664,78150.26,88930.79,78088.28,88954.31,73795.19,73788.64,76557.13,121932.82,96339.945,40393.793,41985.484,53614.723,72248.164,120589.266,43952.414,52500.16,88941.664,88924.63,78148.09,88937.54,86211.9,47605.688,73770.85,78177.805,88934.3,78177.94,88924.67,73761.44,59718.746,73761.44,38458.402,88509.62,52973.684,73761.836,74353.9,62751.035,94658.914,51363.723,73718.734,35541.977,55656.633,69653.6,69151.28,88946.62,42139.086,73755.04,73751.97,78208.58,107194.766,73761.06,78211.99,78205.65,73761.06,88951.08,88886.914,78212.39,65532.055,56359.645,84653.516,66443.23,88865.42,65530.957,73796.75,73796.67,88947.055,73756.32,73834.66,78212.52,98863.22,57635.484,73844.33,73828.22,35806.465,88943.99,73844.67,78495.67,78210.805,75689.125,65526.258
3720,91035.15,73494.11,88550.43,78158.84,88511.914,88544.16,78200.21,88544.16,88498.73,78234.76,73548.95,78237.01,88553.61,78185.76,88547.41,88538.31,98239.484,49466.37,78235.23,88519.49,88543.26,73547.32,78232.8,88552.24,73547.59,73547.99,50074.934,57255.977,61977.87,73544.73,73548.445,88546.55,88544.33,55419.62,88546.586,88542.1,70866.54,78234.66,78235.06,88537.14,73538.94,73538.94,88546.8,73540.53,78234.94,78186.586,65385.8,64672.367,73536.27,88544.54,73517.23,73491.086,74779.27,78239.695,78213.414,39173.973,52628.773,60305.836,42529.957,55592.33,88493.58,78213.625,35748.812,73538.16,47176.594,73521.12,38188.246,73543.125,36099.633,73544.93,78236.29,74058.51,59382.49,78236.68,53433.74,78240.6,68856.305,61679.523,78238.26,88540.71,67507.734,65350.984,41213.9,37431.246,90786.96,74057.55,45205.68,35261.406,65377.598,78234.66,78238.805,41771.098,88467.03,73513.3,78236.32,73521.94,98272.73,58197.492,48895.96,73496.32,78174.695,73496.484,88547.23,53984.953,63506.21,68956.89,67491.234,60518.63,98281.04,64682.406,58565.562,39537.797,89883.87,42724.535,104750.414,66018.195,36713.176,54677.098,66498.21,38770.516,78216.086,62216.7,88539.62,73468.81,73470.57,62229.777,88545.336,73467.57,44838.082,78214.305,78214.445,88548.15,73474.086,42152.176,73762.19,51086.746,53331.92,53700.113,73264.62,90325.27,72324.4,62974.85,97645.77,54712.016,65295.62,65382.887,57468.062,34181.652,38615.406,66792.164,53702.137,61098.848,61407.777,62169.344,49052.285,65381.04,36552.277,63534.168,63651.043,73771.82,39844.023,62501.664,91217.734,65354.312,67781.43,65437.438,51063.164,98253.555,60968.387,65381.105,59346.145,46079.6,59534.094,65363.89,56154.11,98280.46,68847.32,81333.46,96642.414,62779.38,33079.45,58199.8,88557.12,118919.47,73491.875,73516.125,88556.55,81357.82,88548.93,73514.34,78210.305,48087.895,91227.57,73512.31,73513.43,73516.37,88557.8,73513.24,66824.77,65371.363,65965.54,93381.9,78720.805,65468.316,63843.617,62090.2,74061.336,62166.816,88549.86,49888.65,78191.58,88551.44,38205.72,88553.74,73508.086,58835.594,78185.21,88527.13,78114.336,88552.27,73507.67,73491.31,76435.86,121253.38,95803.41,40741.797,42365.33,53701.918,72247.38,119796.65,44324.527,52761.65,88539.664,88531.31,78183.016,88537.63,86049.086,47623.406,73475.58,78205.76,88536.04,78205.9,88531.34,73471.07,59946.82,73471.07,38615.176,88120.8,53144.98,73471.4,74053.35,62944.234,94412.53,51530.24,73423.47,35754.375,55773.27,69550.19,69117.69,88544.125,42428.79,73463.586,73462.07,78237.65,106835.74,73466.73,78239.484,78236.36,73466.73,88549.16,88483.4,78239.91,65385.203,56512.082,84384.54,66551.914,88462.18,65383.777,73503.19,73503.15,88543.76,73464.82,73540.695,78240.05,98291.45,57622.6,73545.46,73537.53,35868.03,88542.31,73545.805,78498.68,78239.94,75546.4,65379.816
3780,90696.97,73208.71,88167.64,78225.98,88128.34,88161.8,78267.41,88161.805,88115.15,78303.93,73263.53,78305.78,88169.97,78252.91,88166.23,88159.03,97681.09,49639.613,78304.36,88136.16,88161.516,73262.695,78303.164,88168.66,73262.17,73263.16,50290.727,57283.973,62103.973,73260.9,73263.03,88163.21,88162.18,55385.945,88163.24,88161.16,70592.8,78304.195,78304.625,88158.66,73255.984,73235.77,88163.45,73256.766,78284.32,78253.77,65243.996,64430.7,73254.93,88162.39,73231.86,73205.73,74585.03,78273.2,78280.61,39348.637,52954.273,60204.926,42689.17,55606.207,88110.234,78280.82,35843.46,73257.82,47448.965,73235.95,38360.105,73260.4,36312.965,73261.375,78305.53,73761.48,59436.01,78305.88,53657.88,78307.81,68769.04,61660.867,78306.66,88160.6,67386.17,65209.164,41594.652,37703.0,90382.26,73765.586,45476.402,35347.99,65235.773,78305.12,78307.234,41972.566,88083.68,73233.7,78305.98,73237.91,97714.19,58174.8,49033.234,73211.9,78241.945,73212.06,88163.875,54073.613,63737.812,68851.64,67672.01,60475.133,97722.16,64427.266,58740.543,39837.027,89488.48,42901.14,104301.805,66015.84,36837.348,54736.56,66352.51,39053.926,78283.46,62403.32,88161.11,73168.95,73190.11,62097.21,88163.97,73188.72,44916.598,78282.664,78282.81,88165.38,73192.016,42273.082,73473.39,51371.742,53416.73,53792.836,72977.6,89924.63,72218.99,63241.83,97096.31,54821.14,65156.29,65240.61,57659.324,34412.125,38797.72,66718.875,53794.953,61367.754,61703.375,62301.15,49387.12,65238.906,36859.797,63435.223,63626.984,73483.305,40113.953,62651.555,90817.39,65212.184,67546.24,65366.9,51279.887,97694.664,61194.848,65238.973,59269.22,46301.88,59715.215,65222.22,56443.086,97721.56,68631.18,81268.445,96215.59,62779.902,33331.95,58297.414,88173.445,118153.96,73200.11,73232.27,88173.164,81155.36,88152.21,73231.3,78248.125,48170.586,90822.266,73230.46,73216.55,73232.516,88176.29,73230.99,66999.44,65229.45,65986.54,92900.79,78568.45,65322.242,63894.812,62312.06,73766.555,61998.285,88168.164,49920.793,78259.27,88168.945,38576.27,88170.05,73228.69,59025.016,78256.13,88143.44,78180.89,88169.38,73228.266,73207.086,76304.016,120568.19,95278.35,40976.74,42742.01,53794.695,72234.39,119018.32,44692.117,53012.207,88157.08,88152.99,78240.42,88142.53,85794.41,47659.605,73193.32,78272.87,88134.97,78273.016,88112.38,73171.016,60160.93,73171.016,38797.26,87743.25,53258.266,73191.516,73757.95,63127.133,94175.27,51694.465,73141.22,35973.414,55886.125,69433.68,69076.57,88161.05,42707.812,73183.44,73182.695,78304.97,106325.72,73185.16,78306.03,78304.5,73185.16,88166.25,88099.72,78306.48,65243.35,56640.254,84116.11,66640.36,88078.72,65241.832,73221.04,73221.03,88160.24,73184.64,73257.4,78306.625,97732.11,57633.645,73259.75,73255.84,36235.363,88159.59,73260.09,78519.08,78306.77,75390.71,65238.363
3840,90364.03,72924.21,87770.95,78300.42,87731.266,87765.39,78301.516,87765.4,87718.07,78305.31,72938.6,78340.664,87772.86,78286.96,87770.33,87730.26,97125.92,49821.1,78305.73,87739.26,87765.41,72978.56,78311.87,87771.58,72977.664,72978.92,50478.11,57302.824,62216.586,72950.23,72978.51,87732.43,87765.86,55347.59,87746.016,87765.42,70353.695,78339.43,78339.875,87723.5,72952.516,72942.56,87766.54,72959.64,78309.64,78287.87,65088.266,64166.72,72938.78,87766.06,72947.42,72921.29,74381.57,78290.7,78314.7,39525.9,53254.793,60105.26,42962.06,55669.29,87713.31,78314.93,35948.934,72935.52,47707.438,72951.7,38532.37,72950.39,36548.445,72964.43,78306.98,73470.48,59483.49,78340.98,53875.668,78328.46,68674.445,61638.24,78341.36,87765.28,67261.86,65067.227,41973.824,37986.09,89980.48,73442.85,45736.812,35439.234,65080.336,78340.836,78321.76,42274.008,87727.41,72952.54,78341.305,72954.55,97158.91,58287.605,49170.07,72928.35,78276.11,72928.52,87766.96,54152.695,63942.598,68742.51,67830.33,60430.777,97166.52,64154.523,58901.383,40131.527,89088.164,43128.695,103850.65,66010.69,36966.312,54799.95,66213.19,39334.418,78317.766,62575.973,87725.95,72878.875,72896.12,61960.2,87768.04,72882.05,44995.98,78317.45,78317.61,87768.77,72910.695,42394.56,73188.61,51647.85,53495.086,53862.977,72695.336,89497.625,72086.51,63469.016,96550.266,54924.598,65013.27,65084.645,57837.074,34656.125,38979.86,66711.39,53878.49,61613.88,61973.758,62416.39,49709.332,65096.688,37124.28,63327.977,63597.24,73197.266,40385.324,62793.344,90389.27,65069.965,67321.51,65301.27,51480.402,97139.06,61408.504,65083.258,59187.816,46528.773,59888.035,65066.875,56672.934,97165.96,68391.86,81118.68,95858.1,62774.414,33581.887,58386.363,87749.2,117393.31,72913.125,72949.19,87776.164,80909.74,87762.26,72948.61,78267.94,48264.766,90418.805,72948.36,72927.05,72949.43,87780.15,72948.69,67110.9,65073.887,65996.055,92420.21,78408.66,65177.656,63939.22,62514.035,73435.695,61826.527,87772.11,49945.73,78260.25,87752.17,38901.71,87773.016,72907.37,59200.242,78292.36,87746.4,78255.375,87759.18,72947.37,72923.805,76098.11,119812.76,94756.99,41223.105,43114.348,53878.21,72221.81,118245.13,45053.98,53246.34,87760.71,87718.09,78269.945,87740.0,85653.84,47703.36,72891.69,78307.0,87729.5,78307.16,87738.74,72880.836,60346.973,72880.836,38979.277,87350.375,53439.35,72911.266,73440.8,63285.664,93923.73,51869.535,72859.805,36195.234,55993.16,69318.64,69027.24,87764.53,42985.855,72903.29,72902.92,78338.97,105790.17,72904.305,78339.664,78338.91,72904.31,87769.74,87702.84,78340.125,65087.562,56776.42,83783.88,66721.2,87722.695,65099.668,72912.09,72925.56,87743.21,72877.53,72953.734,78340.28,97176.11,57635.258,72954.9,72939.51,36512.434,87763.27,72975.445,78510.25,78340.48,75209.234,65096.56
3900,90046.75,72629.95,87384.6,78309.09,87344.73,87379.26,78290.34,87379.266,87331.53,78278.01,72664.83,78329.87,87386.28,78275.75,87343.72,87328.18,96580.21,50003.273,78278.42,87352.89,87352.32,72671.01,78288.18,87385.03,72683.39,72684.78,50661.09,57315.76,62306.094,72643.07,72664.03,87329.37,87359.445,55311.043,87349.625,87379.62,70115.086,78328.8,78329.26,87358.914,72648.97,72644.07,87339.516,72659.22,78294.13,78276.68,64938.05,63926.273,72628.99,87359.65,72653.24,72627.11,74141.74,78271.35,78303.52,39701.527,53550.477,60005.023,43227.2,55722.137,87326.93,78303.76,36057.496,72663.2,47958.164,72657.695,38707.863,72643.71,36788.176,72664.18,78279.73,73180.32,59525.832,78296.63,54083.17,78310.664,68569.484,61611.246,78310.29,87352.586,67130.36,64924.04,42350.44,38256.54,89580.09,73135.914,45987.527,35534.33,64943.992,78303.54,78300.95,42594.996,87361.055,72620.02,78310.55,72661.36,96613.09,58453.81,49308.82,72635.08,78264.98,72635.24,87353.48,54236.18,64129.695,68624.09,67962.43,60385.164,96620.4,63894.906,59049.273,40443.406,88693.77,43342.49,103382.21,65991.46,37098.703,54865.695,66079.21,39614.402,78286.64,62735.137,87361.36,72583.375,72598.69,61827.527,87348.26,72578.375,45085.766,78306.766,78306.92,87368.97,72579.1,42518.977,72898.72,51911.332,53575.5,53953.035,72408.27,89086.055,71963.55,63694.953,96016.11,55024.562,64876.84,64934.406,58003.117,34898.277,39147.86,66763.25,53961.94,61838.297,62221.266,62518.332,50014.066,64953.32,37373.758,63221.562,63561.406,72905.336,40657.918,62923.203,89975.07,64926.605,67105.06,65235.805,51679.496,96592.96,61607.26,64946.746,59106.793,46753.453,60044.16,64930.668,56949.754,96619.85,68198.66,80971.14,95513.445,62762.035,33828.605,58469.723,87349.25,116644.43,72618.516,72656.49,87389.63,80682.46,87379.3,72635.91,78249.91,48363.562,90016.75,72615.74,72631.2,72656.734,87393.97,72622.71,67248.49,64937.508,65993.82,91945.79,78248.27,65032.926,63977.54,62701.523,73165.18,61660.453,87352.2,49971.914,78233.125,87355.94,39216.316,87386.5,72636.26,59359.098,78255.664,87359.88,78264.45,87366.19,72655.75,72631.016,75946.61,119070.57,94246.53,41492.83,43484.65,53961.656,72199.914,117482.586,45406.38,53475.332,87354.38,87353.734,78256.85,87350.945,85483.07,47759.535,72590.68,78262.414,87339.0,78282.766,87363.92,72585.46,60525.25,72585.46,39159.918,86978.016,53610.82,72620.77,73164.71,63442.766,93601.9,52046.133,72568.74,36417.434,56094.727,69195.59,68965.62,87364.836,43251.4,72599.62,72572.51,78327.72,105269.81,72613.76,78301.31,78300.94,72613.766,87356.43,87316.44,78295.055,64951.09,56907.46,83511.43,66785.92,87356.516,64956.336,72606.914,72627.02,87346.95,72574.055,72650.37,78301.945,96616.11,57628.785,72650.94,72629.9,36749.215,87377.23,72681.43,78462.586,78315.65,74957.09,64953.496
3960,89727.13,72341.68,86979.82,78290.195,86966.945,87001.76,78261.72,86967.89,86953.75,78241.41,72386.625,78274.51,86981.37,78247.07,86946.195,86942.82,96044.0,50179.53,78241.82,86975.266,86961.53,72376.17,78253.36,86973.375,72368.17,72376.35,50841.18,57322.69,62393.008,72348.44,72365.79,86943.51,86971.945,55273.88,86967.06,87002.27,69880.63,78300.414,78300.89,86992.02,72356.16,72353.75,86941.85,72367.94,78263.37,78248.04,64808.85,63698.523,72333.1,86972.14,72365.04,72338.914,73918.56,78238.69,78274.89,39878.965,53799.082,59904.92,43614.598,55767.88,86949.3,78275.13,36171.25,72385.81,48247.49,72369.63,38885.8,72349.41,37031.586,72373.04,78243.19,72891.36,59563.605,78251.68,54280.746,78278.79,68459.4,61579.49,78271.875,86961.98,66997.375,64784.86,42723.867,38610.96,89182.46,72838.45,46300.973,35634.133,64808.176,78262.07,78267.61,42923.67,86993.28,72313.33,78272.3,72360.555,96076.75,58639.605,49450.793,72347.695,78236.39,72347.87,86962.484,54319.57,64287.402,68502.516,68077.12,60339.473,96083.766,63649.902,59185.04,40766.562,88304.734,43559.312,102865.305,65967.17,37234.445,54930.754,65948.39,40051.62,78248.31,62878.957,86994.445,72295.85,72310.2,61700.266,86954.15,72286.82,45172.965,78244.85,78245.016,86984.71,72314.19,42644.664,72612.02,52163.53,53657.492,54040.234,72128.55,88684.89,71831.445,63889.746,95494.5,55121.62,64743.44,64805.23,58158.016,35138.16,39334.8,66814.97,54045.867,62040.992,62444.508,62603.02,50308.344,64813.973,37665.793,63117.023,63520.715,72618.26,40970.395,63038.15,89568.836,64787.258,66895.88,65167.742,51888.164,96056.375,61789.14,64810.773,59030.816,46977.04,60184.367,64794.96,57196.535,96083.266,68003.125,80834.555,95177.914,62742.934,34072.164,58546.1,86964.82,115889.91,72330.66,72369.57,87011.81,80378.31,87003.336,72339.13,78218.08,48467.47,89616.5,72309.164,72342.74,72369.805,87016.25,72319.4,67364.195,64801.656,65980.04,91486.65,78086.69,64890.926,63998.285,62877.97,72885.664,61500.523,86957.984,49990.863,78196.99,86973.37,39531.48,87008.72,72359.96,59506.293,78214.805,86982.11,78246.14,86985.22,72369.35,72344.05,75768.79,118334.11,93746.72,41893.08,43850.73,54045.574,72171.86,116726.02,45756.074,53695.2,86967.01,86987.04,78227.56,86972.086,85293.61,47825.543,72300.44,78217.484,86959.43,78247.78,86992.08,72297.99,60695.688,72297.984,39340.332,86611.75,53775.324,72335.7,72882.695,63588.82,93323.67,52221.016,72283.4,36639.04,56191.637,69068.18,68896.48,86980.69,43627.457,72308.28,72308.39,78272.06,104765.375,72328.875,78259.234,78259.055,72328.88,86965.5,86938.77,78249.68,64815.1,57031.324,83220.88,66833.42,86988.9,64816.984,72314.07,72337.445,86964.5,72282.81,72357.63,78259.88,96086.03,57616.6,72357.92,72334.09,36967.883,86986.26,72352.91,78413.42,78280.24,74797.08,64814.363
4020,89406.555,72058.51,86572.555,78251.46,86572.99,86607.96,78218.234,86557.4,86559.8,78193.98,72108.414,78217.86,86574.055,78203.55,86542.516,86545.14,95519.086,50357.266,78194.4,86581.41,86561.19,72089.766,78206.81,86562.73,72071.73,72083.25,51019.395,57303.715,62445.426,72062.14,72077.7,86545.59,86573.21,55236.406,86570.76,86608.54,69649.95,78257.03,78257.52,86603.445,72070.8,72069.61,86538.12,72083.33,78218.82,78204.55,64678.13,63481.234,72046.23,86573.41,72081.945,72055.82,73696.98,78193.21,78231.4,40055.613,54092.207,59793.758,44012.027,55796.184,86555.42,78231.65,36291.645,72108.09,48562.23,72086.664,39065.46,72063.37,37283.5,72088.55,78195.82,72604.71,59597.84,78200.18,54469.93,78233.71,68344.125,61550.027,78223.58,86561.72,66863.1,64649.316,43093.766,38926.746,88785.22,72547.445,46618.08,35739.71,64674.29,78212.28,78221.83,43262.004,86604.27,72021.49,78224.09,72071.62,95551.7,58855.41,49600.63,72065.37,78192.96,72065.54,86562.03,54401.766,64429.293,68354.875,68175.74,60293.883,95558.47,63417.875,59308.68,41098.23,87908.375,43770.902,102417.79,65855.45,37373.91,54991.688,65823.164,40447.465,78200.18,63011.33,86605.87,72014.336,72028.23,61578.074,86552.18,72003.33,45258.645,78185.1,78185.27,86587.59,72043.81,42767.48,72328.76,52409.41,53740.293,54125.684,71852.055,88286.05,71692.164,64061.965,94984.0,55215.695,64612.473,64674.55,58302.266,35375.51,39518.1,66936.875,54129.703,62223.805,62646.035,62677.17,50602.367,64678.27,37958.59,63013.875,63475.68,72334.67,41312.715,63141.773,89167.38,64651.555,66704.57,65099.582,52104.6,95531.11,61954.867,64676.73,58955.03,47195.625,60310.723,64661.16,57437.12,95558.0,67811.12,80725.92,94843.75,62718.797,34312.57,58616.03,86567.6,115158.97,72048.234,72060.68,86597.54,80171.086,86610.3,72052.33,78173.19,48578.586,89218.0,72017.53,72060.03,72060.914,86622.33,72029.37,67461.766,64667.723,65956.24,91027.445,77915.0,64747.6,64018.355,63042.76,72603.51,61344.418,86556.11,50013.83,78150.14,86577.24,39851.05,86614.95,72083.23,59639.477,78165.625,86588.34,78208.055,86589.875,72087.66,72062.055,75601.9,117596.01,93255.11,42276.72,44212.07,54129.402,72135.68,115977.17,46098.8,53901.074,86568.52,86598.75,78184.04,86577.805,85093.17,47900.75,72017.58,78166.13,86564.8,78201.32,86601.25,72016.5,60860.875,72016.5,39520.414,86236.266,53933.918,72055.39,72599.47,63723.62,93038.23,52392.785,72002.95,36859.305,56283.91,68937.35,68819.766,86584.06,43967.934,72025.08,72038.6,78215.2,104239.484,72035.4,78209.06,78208.98,72035.4,86565.516,86545.336,78197.89,64680.992,57148.11,82925.83,66866.79,86600.516,64681.246,72029.41,72054.38,86568.83,71999.66,72072.3,78209.734,95563.805,57558.445,72072.44,72047.24,37185.04,86586.38,72049.94,78350.53,78233.336,74619.32,64678.816
4080,89083.77,71791.72,86179.516,78211.49,86186.51,86187.74,78175.97,86162.836,86173.305,78183.37,71844.05,78169.11,86180.98,78161.234,86191.875,86156.88,95005.87,50538.844,78150.18,86195.03,86171.61,71821.375,78163.02,86168.016,71798.4,71811.555,51196.375,57300.812,62504.008,71793.805,71808.484,86157.21,86184.42,55198.27,86183.17,86222.22,69426.695,78214.79,78215.305,86219.664,71802.945,71802.36,86146.86,71815.85,78176.02,78189.18,64546.31,63292.992,71777.63,86184.62,71815.2,71816.01,73482.81,78149.97,78202.586,40232.074,54327.297,59696.176,44363.457,55831.58,86169.02,78189.39,36414.574,71844.04,48875.46,71820.02,39249.68,71822.13,37533.656,71821.164,78185.29,72324.08,59628.703,78153.984,54652.383,78190.68,68228.695,61518.91,78178.97,86172.17,66732.445,64515.22,43459.586,39224.715,88389.305,72264.516,46921.863,35844.492,64541.004,78166.945,78178.46,43605.723,86220.266,71750.75,78179.54,71802.305,95038.33,59088.043,49756.805,71799.305,78150.76,71799.48,86172.39,54490.125,64554.297,68223.01,68264.53,60251.805,95044.87,63221.71,59422.492,41437.6,87516.516,43978.848,101966.18,65837.35,37516.105,55051.633,65702.67,40812.99,78155.72,63137.273,86222.08,71749.51,71763.16,61469.92,86161.79,71764.44,45344.418,78134.94,78168.74,86213.13,71784.46,42893.85,72056.445,52645.87,53829.086,54216.53,71588.266,87890.18,71548.65,64214.566,94482.08,55309.55,64479.68,64542.773,58435.35,35610.082,39699.098,67070.69,54219.766,62387.855,62827.39,62739.742,50878.42,64544.004,38235.887,62920.867,63429.434,72062.01,41649.566,63237.25,88768.65,64517.293,66520.63,65034.918,52318.9,95017.51,62107.926,64543.285,58878.145,47409.875,60424.46,64527.95,57656.21,95044.4,67620.99,80634.54,94525.77,62691.668,34549.82,58681.21,86179.48,114440.945,71782.06,71808.39,86221.32,79927.375,86224.31,71784.0,78130.39,48697.855,88820.72,71787.195,71807.17,71808.625,86235.766,71793.1,67553.55,64534.387,65925.266,90575.0,77731.98,64611.28,64046.125,63199.676,72324.96,61201.594,86165.74,50036.82,78106.52,86189.7,40178.848,86228.58,71819.85,59758.855,78120.86,86201.97,78168.76,86202.73,71821.83,71796.09,75424.734,116898.18,92771.58,42642.254,44567.754,54219.45,72089.195,115241.14,46432.953,54102.406,86179.97,86215.21,78142.01,86191.31,84887.75,47985.387,71751.91,78120.086,86178.125,78157.69,86216.46,71751.5,61020.48,71751.49,39699.816,85857.336,54087.047,71790.96,72320.57,63846.492,92753.016,52560.918,71738.47,37077.668,56373.72,68803.45,68738.33,86196.37,44292.773,71759.41,71779.52,78166.2,103776.77,71764.66,78163.375,78163.33,71764.66,86176.1,86159.15,78151.414,64533.812,57258.17,82586.53,66887.836,86216.87,64546.934,71762.305,71788.07,86181.57,71734.01,71804.14,78164.06,95051.55,57557.05,71824.41,71778.35,37403.668,86197.055,71773.11,78290.33,78189.18,74432.66,64544.688
4140,88759.76,71526.74,85800.25,78084.1,85810.47,85795.16,78087.81,85782.88,85797.266,78110.78,71580.26,78077.77,85801.68,78073.04,85833.49,85780.05,94500.01,50718.598,78061.055,85819.12,85794.12,71555.6,78074.1,85787.92,71530.2,71544.164,51371.31,57296.305,62558.23,71528.07,71542.31,85780.305,85807.32,55161.176,85806.664,85846.33,69205.65,78126.63,78127.164,85845.03,71537.484,71537.195,85768.55,71550.57,78087.6,78087.36,64414.06,63098.566,71511.805,85807.516,71550.3,71537.44,73268.695,78061.33,78107.59,40404.836,54603.996,59603.28,44751.28,55865.3,85793.1,78101.24,36540.8,71580.49,49200.26,71555.21,39428.97,71569.83,37777.496,71555.98,78112.766,72048.56,59655.895,78063.91,54825.49,78102.16,68108.58,61485.496,78089.664,85794.695,66600.87,64381.953,43818.887,39507.348,87995.79,71987.87,47200.812,35955.977,64408.137,78077.3,78089.78,43951.945,85845.516,71484.2,78090.27,71536.445,94532.35,59327.14,49916.715,71535.055,78062.65,71535.22,85794.87,54572.99,64661.34,68096.03,68329.22,60211.266,94538.66,63028.207,59525.008,41781.832,87130.734,44182.19,101509.93,65803.94,37659.918,55109.68,65585.69,41152.52,78066.66,63253.9,85847.43,71486.66,71500.19,61364.926,85783.88,71514.35,45428.227,78043.06,78093.42,85843.08,71524.3,43011.33,71787.03,52873.656,53915.89,54304.785,71328.16,87498.27,71400.07,64348.49,93983.25,55400.44,64348.004,64410.574,58557.996,35841.65,39864.285,67211.35,54307.637,62534.258,62989.42,62792.316,51158.83,64410.574,38499.062,62827.43,63379.977,71792.766,41961.78,63327.945,88372.21,64383.87,66341.11,64970.55,52526.324,94511.29,62247.055,64410.26,58802.48,47618.42,60526.297,64395.152,57874.258,94538.17,67432.625,80557.516,94224.81,62661.92,34783.87,58739.39,85802.6,113732.25,71517.89,71551.055,85850.31,79684.88,85835.02,71518.766,78042.18,48823.176,88425.0,71540.68,71549.56,71551.29,85859.59,71510.016,67627.914,64401.473,65886.336,90130.945,77560.76,64476.22,64062.223,63346.33,72050.48,61063.234,85787.805,50060.984,78018.15,85813.16,40511.43,85852.61,71557.055,59868.605,78031.914,85825.99,78082.484,85826.375,71557.83,71532.03,75239.52,116190.7,92294.8,43004.703,44918.23,54307.316,72039.26,114517.04,46763.6,54294.074,85803.06,85840.79,78054.36,85815.43,84667.23,48073.363,71488.63,78030.39,85802.164,78069.17,85841.414,71488.555,61171.73,71488.555,39876.844,85495.19,54234.938,71528.305,72018.984,63962.637,92450.266,52725.32,71475.79,37293.31,56459.21,68666.3,68652.586,85833.41,44565.9,71496.31,71519.68,78074.89,103321.11,71499.07,78100.586,78073.67,71499.07,85798.68,85783.32,78094.98,64393.89,57361.594,82316.336,66897.85,85842.36,64413.457,71497.86,71524.01,85805.27,71470.92,71538.53,78074.4,94545.84,57539.887,71568.695,71512.375,37621.023,85819.74,71503.23,78187.94,78100.46,74240.055,64397.9
4200,88434.266,71265.54,85430.87,78004.5,85442.67,85419.28,78027.53,85413.234,85429.47,78058.164,71319.625,78015.92,85432.266,78012.74,85474.41,85411.93,94001.54,50896.305,78000.3,85451.46,85425.68,71293.99,78013.45,85418.13,71267.414,71281.76,51543.727,57288.125,62603.824,71266.484,71280.51,85412.164,85439.08,55125.387,85438.71,85478.68,68986.586,78066.34,78066.88,85478.0,71276.07,71275.93,85399.7,71289.24,78027.195,78020.35,64263.457,62909.57,71250.22,85439.266,71289.15,71269.56,73051.87,78000.81,78043.945,40667.82,54864.492,59512.527,45121.45,55896.082,85425.44,78040.96,36672.36,71320.055,49509.72,71294.15,39627.594,71314.93,38013.9,71294.74,78060.17,71777.445,59678.906,78002.69,54991.543,78041.695,67985.18,61448.11,78028.82,85426.266,66468.96,64244.58,44173.074,39779.65,87605.65,71716.34,47474.88,36071.234,64270.95,78016.28,78029.24,44297.457,85478.44,71222.56,78029.445,71275.14,94033.78,59530.598,50078.152,71274.54,78002.4,71274.7,85426.414,54652.324,64752.582,67969.625,68394.53,60171.254,94039.85,62836.855,59617.332,42129.215,86750.26,44396.426,101053.57,65760.62,37818.91,55165.3,65472.676,41476.195,78006.0,63361.242,85480.375,71227.58,71241.055,61262.047,85415.23,71261.56,45516.016,77981.03,78039.53,85478.29,71266.55,43152.28,71521.59,53094.363,54000.812,54376.45,71072.195,87111.18,71247.305,64451.26,93491.734,55487.805,64213.832,64273.75,58671.29,37210.188,40061.656,67345.2,54379.125,62664.152,63133.285,62834.723,51432.953,64273.1,38750.504,62733.15,63327.69,71527.66,42278.926,63410.37,87978.43,64246.402,66170.91,64906.715,52726.684,94012.47,62375.35,64272.99,58725.227,47824.516,60616.93,64244.617,58086.39,94039.34,67244.16,80489.914,93936.305,62628.734,36387.848,58792.914,85434.37,113030.516,71257.54,71294.07,85484.98,79453.59,85460.766,71257.89,77981.945,48954.426,88031.56,71289.016,71292.445,71294.3,85491.64,71240.35,67704.49,64264.31,65841.11,89694.6,77387.86,64339.113,64075.004,63482.38,71780.03,60928.38,85419.08,50085.516,77957.95,85445.125,40849.53,85484.85,71297.375,59969.223,77971.44,85458.24,78023.33,85458.43,71297.555,71271.73,75052.74,115488.96,91825.484,43361.71,45263.28,54378.797,71985.5,113804.734,47088.79,54477.14,85435.0,85473.94,77994.52,85447.87,84453.7,48172.277,71229.34,77969.38,85434.555,78008.74,85474.266,71229.43,61315.02,71229.43,40067.3,85138.445,54377.742,71228.945,71735.055,64070.305,92155.17,52885.88,71216.78,38018.22,56540.516,68524.52,68560.79,85472.16,44878.426,71237.27,71262.234,78012.82,102872.01,71238.8,78052.555,78012.414,71238.8,85430.24,85415.67,78050.07,64253.22,57458.652,82042.24,66897.14,85475.44,64262.484,71237.54,71263.875,85437.46,71211.89,71277.016,78013.15,94047.125,57518.58,71312.055,71250.69,37834.87,85451.42,71239.62,78117.68,78039.42,74042.45,64253.918
4260,88110.3,71008.0,85069.66,77923.68,85082.25,85054.94,77956.234,85051.96,85069.05,77990.62,71062.36,77943.85,85071.03,77941.42,85118.266,85051.41,93507.62,51071.74,77928.76,85091.164,85065.0,71036.26,77941.96,85056.72,71009.09,71023.625,51713.363,57276.473,62640.777,71008.76,71022.68,85051.625,85078.5,55090.07,85078.27,85118.39,68770.61,77995.03,77995.57,85118.016,71018.46,71018.4,85038.83,71031.68,77955.83,77945.74,64126.746,62727.35,70992.52,85078.69,71031.67,71008.78,72833.52,77929.4,77970.984,41028.098,55112.344,59423.36,45478.215,55924.06,85065.14,77969.66,36822.56,71062.96,49826.832,71036.76,39898.113,71060.56,38243.07,71037.26,77992.65,71510.48,59698.242,77930.93,55150.39,77970.3,67858.836,61410.867,77957.24,85065.59,66336.76,64114.656,44522.594,40042.992,87219.445,71449.36,47741.965,36195.766,64141.12,77944.62,77957.82,44641.996,85118.42,70965.14,77957.875,71017.88,93539.77,59777.914,50240.234,71017.664,77931.12,71017.83,85065.73,54729.27,64829.53,67841.78,68448.58,60131.176,93545.6,62649.69,59700.355,42478.31,86374.98,44653.973,100597.13,65709.87,38022.473,55218.312,65363.527,41787.547,77934.62,63459.926,85120.36,70972.13,70985.57,61161.457,85054.42,70982.305,45622.188,77908.98,77971.48,85119.4,71011.74,43337.2,71260.08,53307.9,54084.066,54451.74,70820.23,86729.15,71090.68,64544.47,93005.49,55571.586,64086.168,64143.895,58775.918,38266.008,40349.676,67484.555,54454.336,62778.855,63260.305,62868.145,51698.848,64143.016,38992.59,62638.652,63272.844,71266.46,42585.465,63485.203,87587.83,64116.32,66008.45,64843.62,52921.688,93518.23,62494.977,64143.004,58650.938,48043.54,60697.348,64108.207,58290.094,93545.09,67059.72,80428.18,93656.75,62592.074,37245.04,58841.75,85073.695,112334.07,71000.87,71039.05,85125.73,79209.71,85097.195,71000.96,77910.79,49090.633,87641.14,71036.62,71037.36,71039.27,85131.04,70979.09,67770.81,64134.418,65789.32,89265.66,77214.055,64206.387,64084.316,63608.566,71513.58,60797.04,85058.195,50115.227,77886.99,85084.58,41192.676,85124.445,71041.03,60060.875,77900.336,85097.836,77952.86,85097.93,71040.914,71015.08,74859.77,114796.82,91361.805,43709.688,45602.992,54454.004,71927.92,113100.31,47408.223,54657.17,85074.586,85114.125,77923.72,85087.695,84234.04,48279.992,70973.78,77897.875,85074.37,77937.51,85114.3,70973.945,61450.26,70973.945,40351.656,84787.08,54515.586,70953.66,71461.79,64170.06,91855.54,53042.492,70961.36,38914.395,56617.645,68382.445,68463.44,85115.05,45175.758,70981.984,71007.734,77940.58,102431.41,70982.91,77987.22,77940.57,70982.91,85069.52,85055.34,77986.27,64121.383,57549.656,81762.98,66886.28,85115.55,64125.69,70981.05,71007.47,85077.12,70956.61,71019.35,77941.305,93552.805,57495.277,71056.78,70992.94,38044.26,85090.83,70980.92,78028.74,77967.64,73840.85,64120.652
4320,87784.625,70754.375,84715.03,77835.87,84728.016,84698.836,77873.11,84697.37,84714.805,77909.336,70808.86,77860.35,84716.38,77858.29,84766.14,84697.19,93021.74,51244.688,77845.52,84737.055,84710.7,70782.52,77858.74,84702.0,70755.08,70769.7,51880.023,57261.836,62669.61,70755.04,70768.9,84697.41,84724.24,55060.61,84724.09,84764.28,68557.49,77911.89,77912.44,84764.055,70764.83,70764.8,84684.43,70778.06,77872.664,77860.984,63994.383,62551.953,70738.85,84724.43,70778.1,70753.586,72602.63,77846.22,77887.04,41413.668,55349.25,59335.688,45824.49,55949.484,84711.03,77886.52,37000.965,70809.6,50140.688,70783.24,40234.33,70808.55,38465.79,70783.7,77911.38,71247.66,59714.152,77847.586,55302.54,77887.13,67730.17,61371.832,77873.984,84711.3,66204.47,63985.805,44867.496,40298.285,86837.49,71186.695,48000.562,36338.137,64012.312,77861.33,77874.64,44985.832,84764.45,70752.2,77874.625,70764.68,93053.805,60016.805,50402.5,70764.66,77848.01,70764.82,84711.43,54803.86,64893.11,67712.016,68493.516,60090.86,93059.41,62468.0,59774.75,42828.49,86004.56,44949.363,100140.05,65652.984,38265.625,55268.746,65258.043,42088.36,77851.57,63550.348,84766.375,70720.5,70733.93,61063.28,84700.05,70718.95,45756.695,77825.6,77856.48,84765.96,70760.42,43561.887,71002.6,53514.176,54165.7,54527.656,70571.19,86352.14,70930.87,64626.004,92528.445,55651.85,63959.09,64014.99,58872.383,39039.996,40710.395,67625.62,54530.227,62879.023,63371.586,62892.516,51956.516,64014.016,39227.13,62544.29,63215.74,71009.266,42881.7,63552.523,87200.89,63987.33,65853.09,64781.332,53110.887,93032.03,62608.98,64014.055,58579.03,48286.074,60767.938,63976.19,58484.566,93058.91,66877.39,80371.75,93384.1,62551.703,37870.273,58886.17,84719.31,111644.37,70748.07,70760.16,84772.04,78973.6,84741.46,70748.03,77827.87,49230.883,87254.28,70785.914,70785.336,70760.38,84776.625,70724.03,67826.586,64005.555,65732.3,88842.54,77039.625,64075.055,64090.156,63725.504,71251.19,60669.254,84703.734,50158.812,77804.336,84730.28,41539.934,84770.22,70788.375,60143.85,77817.61,84743.61,77870.445,84743.66,70788.12,70762.28,74664.7,114113.81,90906.57,44047.523,45937.355,54529.895,71866.63,112402.43,47721.59,54841.664,84720.484,84760.32,77841.13,84733.72,84008.59,48395.258,70722.08,77814.82,84720.38,77854.586,84760.42,70722.28,61576.734,70722.28,40710.348,84440.76,54648.58,70692.24,71195.9,64262.008,91550.81,53195.094,70709.72,39691.58,56690.7,68238.375,68361.12,84762.53,45460.74,70730.56,70756.69,77856.95,101998.0,70731.18,77906.99,77857.15,70731.18,84715.17,84701.18,77906.81,63991.457,57634.992,81483.14,66865.97,84761.66,63993.355,70728.484,70754.945,84722.99,70705.18,70765.66,77857.89,93066.44,57470.516,70804.26,70739.2,38249.242,84736.586,70726.73,77929.93,77884.23,73632.71,63990.12
4380,87460.914,70501.15,84366.1,77740.29,84379.27,84349.234,77779.836,84348.51,84366.06,77816.96,70555.69,77766.9,84367.42,77765.01,84418.44,84348.516,92541.164,51414.977,77752.195,84388.44,84361.99,70529.24,77765.42,84353.02,70501.664,70516.33,52043.566,57244.684,62690.79,70501.766,70515.59,84348.72,84375.555,55038.316,84375.44,84415.664,68345.87,77818.6,77819.16,84415.51,70511.64,70511.625,84335.67,70524.88,77779.375,77766.91,63864.57,62383.156,70485.64,84375.74,70524.94,70499.625,72384.305,77752.92,77793.36,41792.625,55576.137,59249.53,46160.87,55972.574,84362.414,77793.25,37207.336,70556.57,50448.535,70530.15,40609.938,70556.17,38682.98,70530.58,77819.02,70987.84,59726.71,77754.21,55448.293,77793.836,67598.11,61331.043,77780.65,84362.586,66070.92,63857.85,45207.668,40546.406,86459.69,70927.11,48250.24,36503.895,63884.375,77767.98,77781.34,45328.035,84415.9,70519.336,77781.29,70511.98,92573.13,60248.11,50564.445,70512.05,77754.76,70512.21,84362.71,54876.03,64944.01,67578.98,68531.39,60050.29,92578.516,62292.363,59841.074,43179.273,85638.836,45266.78,99682.44,65590.41,38534.12,55316.664,65156.004,42379.734,77758.46,63633.164,84417.79,70469.21,70482.625,60967.574,84351.28,70461.89,45916.926,77732.336,77747.63,84417.65,70509.28,43810.797,70746.86,53713.25,54245.625,54602.695,70325.58,85980.01,70768.26,64695.21,92057.04,55728.664,63833.65,63886.94,58961.098,39622.598,41102.945,67764.76,54605.258,62965.64,63468.113,62908.76,52206.195,63885.94,39455.453,62450.242,63156.26,70753.766,43168.457,63613.73,86817.875,63859.258,65704.34,64719.703,53293.816,92551.17,62720.62,63886.004,58511.312,48550.477,60829.406,63846.734,58669.742,92578.04,66696.8,80318.47,93116.77,62507.887,38374.887,58926.35,84370.47,110961.945,70495.74,70494.984,84403.22,78733.664,84392.016,70495.65,77734.83,49374.395,86857.766,70534.62,70533.4,70495.22,84427.7,70470.6,67872.37,63877.586,65669.56,88425.78,76864.734,63944.918,64092.34,63833.664,70991.734,60545.023,84354.88,50218.773,77711.61,84381.51,41890.434,84421.48,70536.12,60218.523,77724.84,84394.87,77777.82,84394.9,70535.8,70509.95,74466.24,113441.86,90457.78,44375.273,46266.29,54604.926,71801.766,111711.11,48028.72,55034.305,84371.94,84411.914,77748.42,84385.234,83778.57,48517.12,70470.805,77721.766,84371.88,77761.59,84411.98,70471.03,61694.168,70471.02,41101.77,84099.37,54776.824,70436.19,70934.58,64346.395,91241.48,53343.64,70458.48,40308.637,56759.793,68092.59,68252.99,84414.71,45734.973,70479.57,70505.88,77763.414,101571.266,70480.04,77815.11,77763.7,70480.04,84366.4,84352.51,77815.305,63862.875,57714.902,81203.52,66836.51,84413.17,63863.613,70476.42,70502.91,84374.38,70454.195,70512.52,77764.445,92585.37,57444.57,70551.7,70486.06,38450.39,84387.914,70473.35,77823.336,77790.766,73423.69,63861.32
4440,87134.72,70256.39,84022.3,77637.23,84035.56,84005.15,77677.91,84004.8,84022.36,77715.46,70310.94,77664.88,84023.6,77663.08,84075.24,84004.89,92069.164,51582.434,77650.234,84044.836,84018.35,70284.445,77663.47,84009.195,70256.81,70271.484,52203.875,57225.414,62704.793,70256.984,70270.79,84005.1,84031.92,55025.746,84031.82,84072.06,68138.68,77716.66,77717.21,84071.945,70266.914,70266.914,83992.01,70280.16,77677.44,77664.586,63737.53,62220.68,70240.914,84032.11,70280.23,70254.52,72154.445,77684.555,77691.23,42154.35,55793.625,59164.96,46487.652,55993.504,84018.82,77691.32,37437.09,70311.93,50749.805,70285.48,40999.844,70311.86,38895.555,70285.9,77717.54,70732.484,59734.19,77652.234,55587.87,77691.9,67465.71,61288.312,77678.69,84018.945,65939.09,63731.86,45542.945,40788.234,86086.266,70671.97,48491.05,36694.332,63758.387,77666.016,77679.41,45667.83,84072.336,70284.836,77679.336,70267.72,92101.03,60472.004,50725.605,70267.83,77652.84,70267.99,84019.07,54945.727,64982.344,67445.73,68564.586,60009.504,92106.22,62122.953,59899.836,43530.062,85277.664,45593.27,99224.67,65523.18,38816.477,55362.15,65059.523,42662.496,77656.74,63710.867,84074.195,70226.26,70239.664,60874.32,84007.59,70216.09,46097.285,77630.54,77638.17,84074.19,70266.39,44071.457,70497.57,53905.27,54323.715,54676.062,70085.055,85612.58,70603.23,64751.664,91594.31,55802.082,63710.625,63760.824,59043.15,40074.332,41496.703,67899.87,54678.63,63039.504,63550.617,62917.297,52448.13,63759.84,39678.65,62356.637,63095.1,70504.625,43446.51,63673.09,86438.97,63733.16,65562.34,64663.797,53470.266,92078.88,62832.074,63759.91,58449.14,48830.168,60882.316,63720.055,58845.918,92105.75,66518.82,80266.32,92853.586,62460.855,38792.777,58962.516,84026.68,110287.016,70251.695,70244.62,84049.59,78490.516,84048.0,70251.57,77633.15,49520.477,86472.2,70291.07,70289.54,70244.84,84083.83,70226.016,67908.74,63751.586,65602.05,88016.05,76689.484,63816.562,64095.895,63933.555,70736.68,60424.32,84011.125,50294.06,77610.26,84037.79,42243.33,84077.78,70292.09,60285.39,77623.47,84051.164,77676.51,84051.18,70291.74,70265.9,74264.57,112781.7,90016.125,44693.266,46589.684,54678.297,71733.555,111026.69,48329.53,55235.195,84028.44,84068.484,77647.06,84041.766,83544.85,48644.715,70227.78,77620.13,84028.414,77659.98,84068.54,70228.01,61802.59,70228.01,41494.92,83762.82,54901.145,70190.81,70678.516,64423.91,90928.17,53488.25,70215.47,40795.08,56825.047,67945.75,68142.23,84071.54,45999.477,70236.805,70263.2,77661.336,101151.05,70237.2,77713.85,77661.68,70237.2,84022.71,84008.86,77714.23,63736.465,57791.54,80924.016,66798.82,84069.68,63736.664,70232.64,70259.125,84030.81,70211.43,70267.72,77662.42,92112.86,57417.645,70307.17,70241.25,38648.49,84044.32,70228.42,77710.375,77688.71,73210.664,63734.887
4500,86811.13,70011.484,83682.39,77528.086,83695.7,83665.16,77569.31,83664.984,83682.5,77607.08,70066.04,77556.24,83683.68,77554.484,83735.64,83665.125,91602.16,51746.92,77541.63,83705.086,83678.58,70039.52,77554.87,83669.28,70011.86,70026.54,52360.883,57204.37,62712.105,70012.06,70025.87,83665.33,83692.16,55022.63,83692.06,83732.31,67932.945,77608.05,77608.61,83732.21,70022.07,70022.06,83652.22,70035.31,77568.836,77555.8,63613.67,62064.227,69996.06,83692.34,70035.38,70009.484,71937.06,77592.484,77582.54,42497.125,56002.223,59082.023,46805.164,56012.43,83679.06,77582.72,37684.965,70067.14,51044.363,70040.68,41387.06,70067.23,39104.375,70041.086,77609.16,70480.42,59742.27,77543.625,55721.477,77583.3,67330.266,61245.42,77570.08,83679.17,65806.16,63608.64,45873.152,41024.566,85717.18,70420.11,48723.277,36907.887,63635.164,77557.41,77570.805,46004.67,83732.6,70045.266,77570.73,70023.34,91633.94,60688.438,50885.574,70023.484,77544.26,70023.64,83679.3,55012.91,65010.164,67309.53,68594.98,59968.56,91638.93,61959.71,59951.504,43880.25,84920.51,45920.418,98767.28,65451.418,39105.44,55405.273,64964.598,42937.31,77548.39,63780.227,83734.43,69983.09,69996.5,60783.48,83667.78,69971.53,46290.82,77522.164,77526.01,83734.484,70023.26,44336.047,70249.836,54090.402,54399.832,54747.34,69847.484,85249.55,70436.03,64796.594,91136.48,55872.164,63590.496,63637.45,59118.152,40434.953,41875.87,68029.766,54749.914,63101.402,63620.223,62918.6,52682.55,63636.508,39897.61,62263.555,63032.074,70257.03,43716.54,63721.17,86064.3,63609.836,65426.35,64602.555,53640.223,91611.625,62944.305,63636.586,58393.547,49118.26,60927.21,63596.555,59013.484,91638.49,66343.01,80213.85,92593.68,62410.855,39141.773,58994.832,83686.76,109619.69,70007.6,69997.414,83704.83,78244.305,83708.02,70007.46,77524.82,49668.508,86094.25,70047.22,70045.54,69997.63,83743.81,69981.66,67936.57,63628.36,65529.785,87612.734,76513.69,63690.598,64091.477,64025.7,70484.86,60307.086,83671.26,50383.88,77502.25,83697.945,42597.777,83737.94,70048.01,60344.863,77515.45,83711.33,77568.516,83711.336,70047.64,70021.8,74060.15,112133.61,89580.086,45001.938,46907.426,54749.586,71662.17,110349.46,48623.992,55442.617,83688.805,83728.88,77539.06,83702.14,83308.125,48777.246,69984.65,77511.875,83688.79,77551.734,83728.92,69984.875,61902.285,69984.875,41873.78,83430.21,55020.895,69946.52,70426.12,64494.484,90611.89,53628.926,69972.336,41187.37,56886.58,67797.95,68026.21,83732.04,46254.977,69993.93,70020.37,77552.664,100737.164,69994.28,77605.57,77553.03,69994.29,83682.91,83669.086,77606.04,63612.92,57862.527,80643.69,66752.94,83730.03,63612.89,69988.805,70015.29,83691.125,69968.55,70022.92,77553.77,91645.39,57389.926,70062.51,69996.45,38844.312,83704.61,70023.89,77592.38,77580.04,72998.16,63611.42
4560,86485.555,69772.266,83348.78,77413.375,83362.12,83331.555,77454.86,83331.47,83348.914,77492.73,69826.81,77441.77,83350.05,77440.04,83402.17,83331.63,91144.06,51908.324,77427.19,83371.59,83345.08,69800.28,77440.414,83335.664,69772.62,69787.3,52514.5,57181.85,62713.1,69772.84,69786.63,83331.836,83358.66,55028.965,83358.57,83398.82,67730.875,77493.586,77494.14,83398.734,69782.9,69782.9,83318.72,69796.14,77454.38,77441.26,63492.52,61913.484,69756.9,83358.84,69796.22,69770.23,71716.164,77486.164,77468.03,42821.707,56202.3,59000.777,47113.773,56029.496,83345.58,77468.266,37946.293,69828.016,51332.188,69801.55,41761.754,69828.18,39310.223,69801.95,77494.8,70232.16,59747.3,77429.164,55849.293,77468.83,67193.984,61202.125,77455.62,83345.67,65674.2,63487.91,46198.117,41256.117,85352.69,70172.016,48947.22,37141.574,63514.43,77442.94,77456.34,46338.18,83399.12,69808.914,77456.26,69784.625,91175.74,60897.35,51043.95,69784.77,77429.805,69784.94,83345.8,55077.562,65027.17,67172.65,68623.37,59927.492,91180.57,61802.45,59996.508,44229.254,84568.664,46243.062,98310.78,65375.707,39396.652,55446.117,64871.598,43204.75,77434.21,63841.98,83400.914,69745.52,69758.914,60694.984,83334.24,69733.266,46493.02,77407.97,77409.95,83401.0,69785.69,44599.31,70006.82,54268.836,54473.855,54816.312,69614.195,84891.28,70266.94,64830.125,90687.68,55938.96,63473.125,63516.566,59186.406,40731.625,42234.266,68153.766,54818.895,63152.074,63677.59,62913.15,52909.656,63515.676,40113.094,62171.047,62967.523,70014.11,43979.152,63763.832,85693.97,63489.01,65295.45,64542.695,53803.04,91153.28,63057.293,63515.758,58344.77,49409.113,60964.58,63475.76,59172.65,91180.14,66170.14,80160.02,92336.414,62358.12,39435.9,59023.477,83353.11,108960.05,69769.1,69757.375,83368.79,77996.67,83374.4,69768.95,77410.65,49817.914,85722.305,69808.836,69807.08,69757.6,83410.07,69743.02,67955.586,63507.645,65453.312,87215.67,76338.29,63567.008,64086.42,64110.22,70236.8,60193.26,83337.66,50484.434,77388.4,83364.36,42952.977,83404.35,69809.5,60397.258,77401.586,83377.74,77454.66,83377.75,69809.13,69783.29,73853.54,111497.61,89151.94,45301.766,47219.426,54818.57,71587.75,109679.65,48912.098,55654.2,83355.42,83395.52,77425.21,83368.766,83069.05,48913.957,69747.055,77397.8,83355.42,77437.65,83395.555,69747.29,61990.883,69747.29,42232.035,83102.93,55136.13,69708.37,70177.71,64558.13,90293.24,53765.617,69734.75,41514.242,56944.49,67649.51,67907.336,83398.68,46502.082,69756.58,69783.03,77438.17,100329.39,69756.914,77491.266,77438.555,69756.92,83349.36,83335.55,77491.77,63491.938,57928.508,80363.5,66700.05,83396.59,63491.824,69750.555,69777.03,83357.66,69731.2,69783.75,77439.29,91186.83,57361.574,69823.4,69757.29,39038.562,83371.13,69804.54,77469.81,77465.52,72784.79,63490.56
4620,86163.09,69536.51,83019.375,77293.86,83032.72,83002.195,77335.46,83002.15,83019.516,77373.375,69591.03,77322.36,83020.62,77320.65,83072.836,83002.32,90691.86,52066.53,77307.8,83042.29,83015.766,69564.51,77321.02,83006.26,69536.84,69551.516,52664.652,57158.113,62708.19,69537.07,69550.85,83002.53,83029.35,55043.42,83029.266,83069.516,67531.54,77374.18,77374.734,83069.43,69547.19,69547.195,82989.41,69560.43,77334.984,77321.81,63374.11,61768.164,69521.19,83029.54,69560.51,69534.47,71497.6,77370.766,77348.6,43129.76,56394.164,58921.246,47413.89,56044.82,83016.27,77348.86,38217.277,69592.33,51613.32,69565.87,42119.133,69592.53,39513.758,69566.266,77375.44,69987.664,59749.67,77309.76,55971.508,77349.42,67056.37,61158.383,77336.2,83016.37,65542.61,63369.82,46517.69,41483.504,84992.78,69927.67,49163.32,37391.94,63396.332,77323.52,77336.93,46668.043,83069.82,69574.79,77336.84,69549.35,90723.45,61098.734,51200.477,69549.5,77310.41,69549.664,83016.49,55139.68,65034.2,67034.59,68650.04,59886.344,90728.12,61650.93,60035.234,44576.55,84221.15,46558.18,97855.66,65296.418,39687.527,55484.758,64783.543,43465.34,77315.11,63899.82,83071.58,69511.32,69524.71,60608.754,83004.9,69498.73,46698.895,77288.86,77289.93,83071.68,69551.484,44858.28,69767.38,54440.758,54545.68,54882.855,69384.46,84537.66,70096.414,64852.785,90244.375,56002.535,63358.79,63398.324,59248.25,40983.355,42570.895,68271.49,54885.445,63192.215,63723.44,62901.4,53129.62,63397.492,40325.742,62079.152,62901.605,69774.74,44234.89,63806.867,85328.12,63370.84,65170.027,64488.59,53960.43,90700.84,63170.426,63397.574,58302.523,49698.523,60994.895,63357.727,59323.785,90727.7,66000.61,80104.125,92081.33,62302.875,39687.316,59048.63,83023.664,108308.125,69534.03,69521.555,83038.16,77747.805,83045.016,69533.875,77291.53,49967.887,85355.65,69573.81,69572.03,69521.77,83080.53,69507.89,67967.71,63389.586,65372.984,86824.18,76162.7,63445.97,64081.62,64187.46,69992.48,60082.758,83008.266,50593.7,77269.6,83034.97,43308.176,83074.97,69574.42,60442.91,77282.79,83048.36,77335.85,83048.37,69574.05,69548.21,73645.76,110873.61,88729.805,45593.24,47525.598,54885.13,71510.49,109017.414,49193.85,55867.496,83026.234,83066.336,77306.42,83039.58,82828.33,49051.715,69512.85,77278.79,83026.234,77318.63,83066.37,69513.086,62075.12,69513.086,42568.617,82779.56,55246.957,69473.89,69933.18,64615.74,89972.91,53898.305,69500.55,41795.95,56998.895,67501.625,67785.29,83069.46,46741.297,69522.6,69549.055,77318.766,99927.484,69522.92,77371.94,77319.15,69522.93,83020.01,83006.2,77372.47,63373.633,57989.81,80083.79,66640.586,83067.34,63373.516,69515.72,69542.195,83028.38,69497.22,69548.05,77319.88,90734.195,57332.74,69587.73,69521.59,39231.83,83041.85,69578.59,77343.51,77346.09,72571.33,63372.395
4680,85839.16,69305.03,82694.48,77170.09,82707.83,82677.36,77211.72,82677.336,82694.625,77249.67,69359.54,77198.625,82695.7,77196.94,82747.98,82677.516,90247.805,52221.453,77184.08,82717.484,82690.96,69333.016,77197.3,82681.36,69305.36,69320.02,52811.266,57133.38,62697.746,69305.59,69319.37,82677.73,82704.54,55065.695,82704.45,82744.71,67335.89,77250.44,77250.984,82744.625,69315.766,69315.766,82664.59,69329.0,77211.25,77198.06,63258.848,61627.977,69289.766,82704.73,69329.08,69303.02,71278.8,77248.99,77224.85,43423.06,56578.168,58843.457,47705.91,56058.52,82691.47,77225.12,38494.902,69360.92,51887.832,69334.46,42457.582,69361.14,39715.55,69334.86,77251.71,69747.08,59749.72,77186.016,56088.305,77225.67,66917.82,61114.395,77212.46,82691.555,65411.78,63254.816,46831.75,41707.242,84637.42,69687.2,49372.082,37655.56,63281.324,77199.77,77213.17,46994.023,82745.016,69344.34,77213.09,69318.336,90279.29,61292.63,51354.97,69318.49,77186.66,69318.65,82691.68,55199.258,65032.047,66895.914,68674.87,59845.145,90283.81,61504.887,60068.08,44921.67,83878.125,46864.09,97402.35,65213.938,39976.547,55521.27,64696.664,43719.55,77191.695,63950.26,82746.734,69281.32,69294.71,60524.707,82680.055,69268.56,46904.89,77165.445,77166.06,82746.85,69321.48,45111.137,69532.01,54606.34,54615.234,54946.918,69158.51,84188.59,69925.34,64865.25,89808.875,56062.94,63247.51,63283.17,59304.004,41203.605,42887.145,68382.77,54949.51,63222.562,63758.508,62883.97,53342.63,63282.4,40536.062,61987.914,62834.504,69539.414,44484.254,63838.867,84966.77,63255.758,65049.54,64429.543,54111.973,90256.55,63282.78,63282.48,58266.22,49983.516,61018.69,63242.844,59467.312,90283.41,65834.125,80045.68,91828.055,62245.43,39906.4,59070.457,82698.72,107663.95,69303.195,69290.35,82712.63,77498.16,82720.16,69303.05,77168.09,50118.207,84993.92,69343.0,69341.2,69290.57,82755.5,69277.03,67973.28,63274.633,65288.832,86438.36,75987.17,63327.83,64070.88,64257.9,69752.02,59975.484,82683.38,50709.047,77146.47,82710.086,43662.688,82750.086,69343.58,60482.16,77159.65,82723.48,77212.7,82723.484,69343.2,69317.37,73436.67,110261.42,88314.35,45876.84,47825.88,54949.2,71430.65,108362.86,49469.266,56080.27,82701.53,82741.64,77183.31,82714.88,82583.07,49194.387,69282.84,77155.47,82701.53,77195.3,82741.67,69283.08,62151.633,69283.07,42884.87,82460.44,55353.473,69243.75,69692.59,64667.28,89651.44,54026.99,69270.53,42046.348,57049.895,67354.12,67660.37,82744.72,46973.14,69292.8,69319.26,77195.05,99531.17,69293.12,77248.24,77195.42,69293.125,82695.164,82681.36,77248.78,63258.44,58046.707,79804.94,66575.39,82742.586,63258.355,69285.11,69311.58,82703.6,69267.42,69316.62,77196.15,90289.695,57303.543,69356.3,69290.164,39424.562,82717.07,69351.96,77213.445,77222.336,72357.445,63257.348
4740,85519.57,69077.266,82373.83,77042.945,82387.18,82356.78,77084.56,82356.77,82373.984,77122.54,69131.75,77071.47,82375.04,77069.805,82427.34,82356.95,89808.85,52373.008,77056.945,82396.92,82370.4,69105.234,77070.164,82360.72,69077.586,69092.24,52954.297,57107.832,62682.13,69077.82,69091.59,82357.164,82383.98,55094.22,82383.9,82424.15,67144.18,77123.28,77123.83,82424.06,69088.05,69088.05,82344.04,69101.28,77084.1,77070.91,63146.74,61492.64,69062.055,82384.17,69101.35,69075.3,71060.766,77122.805,77097.69,43703.285,56754.594,58767.418,47989.348,56070.703,82370.91,77097.95,38776.797,69133.21,52145.445,69106.76,42777.336,69133.44,39916.05,69107.16,77124.555,69510.35,59747.703,77058.86,56199.85,77098.5,66778.57,61070.277,77085.29,82371.0,65281.633,63142.934,47140.176,41927.78,84286.586,69450.57,49573.91,37929.28,63169.434,77072.61,77086.0,47315.023,82424.45,69117.29,77085.92,69091.0,89840.26,61443.316,51507.3,69091.16,77059.49,69091.31,82371.125,55256.32,65021.184,66756.63,68697.625,59803.906,89844.63,61364.043,60095.37,45264.19,83539.49,47159.97,96951.266,65128.574,40262.805,55555.723,64613.65,43967.83,77064.875,63996.62,82426.14,69054.95,69068.336,60442.742,82359.46,69042.12,47108.97,77038.63,77039.02,82426.26,69095.1,45356.94,69300.37,54765.773,54682.457,55008.47,68936.2,83844.02,69753.78,64868.152,89378.336,56120.246,63139.26,63171.137,59353.984,41401.973,43185.285,68477.87,55011.066,63243.527,63783.457,62860.754,53548.848,63170.43,40744.484,61897.336,62766.35,69307.81,44727.727,63871.977,84609.96,63143.797,64933.72,64376.37,54257.83,89817.39,63393.344,63170.508,58235.42,50262.062,61036.176,63131.117,59603.48,89844.24,65671.0,79983.12,91576.02,62185.77,40101.637,59089.12,82378.02,107027.516,69076.04,69063.01,82391.65,77246.9,82399.55,69075.88,77041.25,50268.668,84636.91,69115.84,69114.055,69063.23,82434.72,69049.86,67972.76,63162.816,65201.996,86057.516,75811.695,63212.703,64061.734,64321.74,69515.41,59871.35,82362.75,50828.246,77019.92,82389.45,44015.906,82429.45,69116.41,60515.35,77033.09,82402.84,77086.13,82402.85,69116.03,69090.2,73224.77,109661.37,87904.34,46153.027,48120.21,55010.76,71348.28,107716.03,49738.37,56290.594,82381.08,82421.19,77056.79,82394.43,82341.03,49339.684,69056.46,77028.734,82381.08,77068.555,82421.22,69056.695,62221.07,69056.695,43183.035,82145.19,55455.793,69017.305,69455.88,64713.2,89329.46,54151.69,69044.16,42274.875,57097.594,67207.336,67533.23,82424.21,47198.1,69066.62,69093.08,77067.92,99139.13,69066.94,77121.125,77068.3,69066.94,82374.57,82360.766,77121.66,63146.38,58099.453,79526.46,66504.38,82422.06,63146.344,69058.16,69084.625,82383.06,69041.24,69088.89,77069.016,89850.36,57274.098,69128.57,69062.445,39617.125,82396.53,69126.59,77081.34,77095.18,72142.66,63145.438
4800,85197.92,68853.34,82057.26,76878.99,82070.61,82040.28,76920.6,82040.28,82057.414,76958.59,68907.805,76907.51,82058.45,76905.86,82110.78,82040.46,89377.76,52521.13,76893.0,82080.43,82053.9,68881.3,76906.21,82044.15,68853.664,68868.305,53093.695,57081.64,62661.668,68853.9,68867.66,82040.67,82067.484,55127.547,82067.4,82107.66,66955.734,76959.32,76959.85,82107.57,68864.17,68864.17,82027.55,68877.4,76920.14,76906.945,63038.09,61361.9,68838.18,82067.67,68877.48,68851.414,70843.27,76959.31,76933.72,43971.55,56923.723,58693.12,48253.715,56081.457,82054.42,76933.984,39060.71,68909.336,52404.73,68882.89,43079.53,68909.57,40115.625,68883.28,76960.58,69277.45,59743.074,76894.89,56306.332,76934.52,66638.71,61026.145,76921.32,82054.51,65152.297,63034.496,47442.887,42144.504,83940.21,69217.75,49769.17,38212.207,63060.99,76908.63,76922.02,47631.008,82107.96,68893.914,76921.94,68867.49,89409.06,61632.137,51657.363,68867.65,76895.52,68867.805,82054.63,55310.88,65002.188,66617.016,68705.484,59762.652,89413.305,61228.13,60117.44,45603.36,83205.13,47445.477,96499.34,65040.62,40543.875,55588.19,64531.39,44208.97,76901.32,64036.04,82109.62,68832.37,68845.74,60362.766,82042.94,68819.484,47309.703,76875.08,76875.36,82109.734,68872.5,45595.273,69072.54,54919.23,54747.305,55067.508,68717.516,83503.85,69582.12,64862.074,88955.336,56174.516,63034.35,63062.54,59397.703,41585.3,43467.56,68571.59,55070.105,63255.918,63798.92,62832.773,53748.445,63061.902,40951.297,61807.434,62697.27,69080.01,44955.812,63894.797,84257.64,63035.28,64822.133,64318.44,54397.953,89386.08,63498.61,63061.977,58210.812,50532.812,61047.953,63036.297,59732.63,89412.93,65510.867,79915.97,91324.47,62124.293,40279.773,59104.766,82061.41,106400.5,68852.69,68839.57,82074.89,76996.22,82083.016,68852.54,76877.67,50418.918,84284.49,68892.49,68890.7,68839.8,82118.02,68826.51,67954.19,63054.45,65111.887,85681.586,75636.305,63100.855,64046.934,64379.36,69282.6,59770.25,82046.195,50949.37,76856.695,82072.9,44367.223,82112.89,68893.05,60542.69,76869.87,82086.29,76922.88,82086.3,68892.67,68866.84,73015.0,109074.86,87500.09,46384.312,48408.56,55069.81,71263.58,107075.78,50001.19,56496.52,82064.69,82104.79,76893.58,82078.03,82085.16,49486.7,68833.86,76865.375,82064.69,76905.18,82104.83,68834.086,62281.473,68834.086,43465.344,81833.86,55553.227,68794.67,69223.016,64753.523,88994.7,54272.324,68821.55,42487.938,57142.1,67061.445,67404.55,82107.766,47415.664,68844.195,68870.65,76904.234,98752.48,68844.516,76957.43,76904.6,68844.516,82058.05,82044.24,76957.95,63037.766,58145.56,79250.09,66428.23,82105.61,63037.793,68835.016,68861.47,82066.586,68818.83,68865.01,76905.31,89418.87,57244.49,68904.68,68838.57,39809.76,82080.055,68903.87,76916.77,76931.71,71928.375,63036.977
4860,84874.69,68636.13,81779.0,76676.51,81792.35,81762.17,76718.1,81762.17,81779.15,76756.09,68650.32,76705.01,81780.14,76703.37,81832.52,81762.35,88951.7,52665.75,76690.51,81802.31,81775.79,68664.07,76703.72,81765.89,68636.45,68651.08,53229.395,57054.945,62636.703,68636.69,68650.44,81762.56,81789.37,55164.418,81789.29,81829.53,66771.66,76756.81,76757.34,81829.45,68647.01,68647.016,81749.43,68660.234,76717.64,76704.44,62932.367,61235.496,68621.02,81789.56,68660.31,68634.25,70618.84,76757.04,76731.2,44230.176,57043.133,58620.555,48518.45,56090.875,81776.305,76731.47,39346.24,68692.16,52658.633,68665.71,43365.93,68692.39,40314.48,68666.11,76758.06,69049.24,59736.758,76692.38,56407.902,76732.01,66499.68,60981.887,76718.805,81776.39,65024.92,62928.965,47741.766,42358.24,83602.81,68989.59,49957.758,38500.46,62955.45,76706.12,76719.5,47942.727,81829.836,68677.13,76719.42,68650.66,88982.92,61809.23,51804.965,68650.81,76693.01,68650.97,81776.516,55362.97,64976.566,66478.32,68693.555,59721.383,88987.04,61096.883,60134.598,45938.926,82892.93,47720.688,96045.484,64950.625,40823.875,55618.74,64452.758,44444.098,76699.27,64071.855,81831.43,68616.4,68629.77,60284.684,81764.76,68603.5,47506.14,76673.04,76673.266,81831.55,68656.52,45826.145,68850.37,55065.723,54809.75,55124.04,68503.195,83176.0,69409.78,64861.18,88540.24,56225.816,62932.18,62956.863,59436.227,41758.47,43736.418,68662.414,55126.64,63260.08,63805.55,62799.8,53928.637,62956.29,41156.45,61718.207,62627.652,68857.81,45188.324,63919.33,83910.92,62929.68,64714.633,64266.44,54531.746,88959.84,63594.17,62956.363,58190.07,50794.79,61054.188,62937.582,59842.332,88986.7,65354.406,79846.32,91073.74,62060.97,40446.008,59117.582,81783.016,105783.55,68635.93,68649.61,81816.74,76695.48,81818.375,68635.78,76675.62,50568.605,83937.73,68675.73,68673.95,68649.83,81839.49,68609.76,67915.46,62949.004,65019.938,85323.82,75473.74,62992.035,64033.96,64430.69,69054.46,59672.082,81767.69,51070.99,76655.03,81794.38,44716.0,81834.38,68676.28,60564.465,76668.2,81807.77,76721.2,81807.78,68675.91,68650.08,72791.14,108500.266,87103.88,46656.824,48690.47,55126.348,71179.35,106444.75,50254.637,56695.723,81786.516,81826.62,76691.92,81799.87,81815.125,49634.844,68617.81,76663.63,81786.516,76703.42,81826.66,68618.05,62330.43,68618.05,43747.105,81547.22,55646.65,68578.625,68994.85,64787.2,88645.195,54388.887,68605.51,42690.094,57183.51,66916.66,67274.42,81815.52,47626.57,68628.33,68654.77,76702.21,98371.25,68642.055,76755.39,76702.58,68642.06,81779.21,81765.414,76755.92,62932.082,58189.367,78971.625,66345.74,81826.77,62945.61,68618.445,68644.9,81787.7,68602.95,68647.734,76703.28,88992.48,57214.8,68687.4,68621.3,40002.645,81801.17,68687.16,76725.07,76730.125,71710.46,62931.438
4920,84553.05,68411.36,81513.68,76588.125,81499.945,81503.69,76589.46,81503.69,81486.75,76594.0,68405.71,76576.36,81514.8,76601.58,81540.12,81470.02,88532.61,52770.906,76561.914,81509.984,81483.46,68439.28,76575.12,81507.34,68438.51,68446.414,53289.27,57003.754,62607.434,68411.91,68425.66,81470.234,81497.05,55203.44,81496.96,81537.21,66586.78,76628.19,76628.7,81537.13,68422.305,68422.305,81457.11,68435.52,76589.016,76575.81,62844.613,61093.32,68396.32,81497.24,68435.6,68409.54,70404.09,76628.516,76602.56,44458.598,57209.805,58536.508,48780.69,56086.9,81483.984,76602.82,39630.203,68467.45,52907.33,68441.01,43619.184,68467.69,40512.727,68441.41,76595.91,68821.46,59729.074,76563.73,56502.824,76603.34,66356.33,60938.17,76590.14,81484.07,64894.164,62827.797,48035.113,42570.215,83271.72,68762.78,50118.34,38791.41,62854.277,76577.445,76590.82,48249.996,81537.52,68452.83,76590.74,68439.734,88563.73,61977.082,51927.977,68426.47,76597.83,68426.625,81484.195,55404.594,64945.035,66335.53,68705.67,59677.05,88567.766,60945.51,60145.707,46270.08,82576.8,47976.91,95596.57,64857.773,41091.0,55643.14,64374.69,44670.418,76570.97,64100.63,81539.055,68392.875,68406.24,60199.098,81472.38,68379.97,47696.19,76544.734,76578.42,81539.18,68432.984,46040.88,68623.65,55205.457,54862.703,55184.277,68287.43,82853.99,69237.95,64846.66,88133.87,56271.48,62836.38,62855.555,59469.957,41923.016,43982.19,68748.25,55186.883,63256.812,63804.207,62762.516,54114.316,62855.06,41360.297,61620.453,62555.113,68632.58,45416.113,63933.973,83571.03,62828.46,64610.844,64209.7,54589.47,88540.625,63686.414,62855.13,58172.887,51045.65,61055.156,62839.875,59952.97,88567.48,65201.105,79774.2,90823.3,61994.473,40603.957,59126.434,81490.57,105175.26,68411.9,68438.766,81534.27,76463.26,81532.67,68411.74,76547.23,50713.812,83597.81,68451.69,68449.914,68438.984,81546.96,68385.72,67893.18,62847.93,64924.473,84966.02,75306.195,62881.695,64015.562,64474.074,68827.64,59566.074,81475.26,51192.203,76526.875,81501.95,45059.81,81541.945,68452.234,60581.066,76540.05,81515.34,76593.03,81515.35,68451.86,68426.04,72580.57,107911.57,86714.68,46918.535,48966.625,55186.605,71093.37,105823.33,50503.754,56887.19,81514.55,81534.34,76563.84,81507.586,81568.33,49783.254,68394.42,76535.32,81494.24,76575.1,81534.375,68394.65,62352.117,68394.65,43986.402,81257.55,55733.44,68355.23,68793.945,64814.73,88321.2,54483.055,68382.11,42874.97,57220.15,66773.73,67139.1,81516.44,47828.965,68405.11,68431.555,76600.27,97986.64,68425.445,76626.64,76573.836,68425.45,81513.81,81472.93,76627.15,62844.367,58229.777,78699.38,66260.9,81534.31,62850.98,68394.6,68421.05,81495.23,68379.74,68423.24,76574.516,88573.12,57144.215,68442.78,68396.82,40195.805,81508.695,68462.94,76605.58,76601.16,71493.58,62843.695
4980,84238.68,68193.125,81233.28,76477.15,81226.516,81226.664,76478.74,81226.664,81220.1,76446.734,68177.71,76472.34,81234.4,76483.99,81246.38,81176.33,88121.914,52865.832,76464.625,81216.28,81216.85,68234.45,76444.34,81230.29,68233.48,68238.086,53372.95,56949.707,62574.035,68220.5,68227.54,81176.55,81223.664,55244.367,81203.27,81243.52,66406.27,76497.39,76497.9,81243.44,68204.13,68204.13,81163.42,68217.35,76458.22,76445.02,62754.145,60969.59,68178.16,81223.86,68217.43,68191.375,70189.695,76497.766,76471.76,44688.582,57363.35,58451.613,49037.047,56080.305,81190.3,76472.01,39911.535,68249.27,53149.746,68222.84,43860.977,68249.51,40710.55,68223.234,76448.59,68596.875,59720.188,76466.4,56593.234,76472.516,66213.63,60895.168,76479.414,81190.39,64764.797,62730.723,48322.312,42780.125,82945.39,68538.2,50293.824,39082.703,62757.195,76446.62,76480.08,48552.56,81243.836,68235.0,76459.91,68228.5,88152.93,62137.02,52069.586,68208.63,76483.49,68208.79,81217.59,55447.023,64906.445,66193.484,68714.44,59631.504,88156.89,60805.582,60152.91,46597.37,82262.95,48223.85,95154.336,64762.562,41354.883,55663.12,64300.047,44894.383,76460.59,64126.91,81245.33,68175.81,68189.18,60116.336,81212.516,68162.91,47879.008,76447.76,76464.44,81245.45,68215.914,46248.375,68403.81,55339.926,54915.066,55236.13,68077.195,82535.81,69067.555,64821.83,87732.98,56313.977,62743.605,62758.344,59499.074,42081.57,44216.84,68828.29,55238.734,63246.363,63795.273,62720.207,54295.836,62757.934,41563.16,61525.05,62481.938,68411.734,45637.977,63950.727,83237.06,62731.344,64510.664,64158.855,54747.766,88129.8,63775.918,62758.004,58158.824,51284.84,61050.97,62744.61,60061.664,88156.65,65050.875,79698.87,90572.24,61924.754,40755.84,59133.734,81196.8,104576.08,68194.27,68227.64,81245.414,76225.02,81242.234,68214.24,76416.72,50856.766,83277.375,68234.055,68218.875,68227.85,81253.14,68201.63,67865.28,62750.945,64826.832,84534.85,75136.74,62777.54,63999.164,64509.77,68603.08,59461.645,81215.336,51310.48,76396.6,81228.49,45402.043,81248.17,68234.6,60592.836,76409.766,81221.57,76462.734,81235.12,68234.23,68208.414,72371.61,107353.086,86310.266,47171.37,49236.883,55238.473,71005.016,105211.46,50747.3,57071.035,81230.875,81240.66,76433.62,81213.9,81322.83,49930.613,68177.42,76438.35,81200.555,76458.02,81240.69,68177.65,62392.543,68177.65,44217.87,80962.21,55812.457,68178.46,68582.62,64839.81,87999.305,54570.844,68165.11,43055.004,57253.78,66632.336,67003.29,81232.92,48024.9,68188.27,68214.7,76482.61,97607.46,68211.85,76495.766,76469.76,68211.86,81233.35,81179.12,76496.266,62753.934,58265.934,78430.98,66171.47,81240.53,62757.09,68203.98,68203.59,81201.43,68189.73,68205.19,76470.43,88162.16,57091.355,68214.81,68178.766,40389.258,81228.445,68245.01,76467.555,76483.555,71278.84,62753.215
5040,83926.58,67980.99,80952.164,76353.07,80948.836,80947.22,76354.79,80947.23,80945.76,76338.26,67933.96,76351.68,80953.27,76356.66,80958.7,80922.53,87718.49,52957.39,76347.28,80928.625,80942.55,68002.09,76337.3,80950.83,68001.02,68004.0,53459.77,56896.99,62535.85,67994.75,67998.484,80922.76,80946.04,55285.812,80935.945,80955.88,66220.18,76363.55,76364.04,80955.8,67985.4,67985.4,80875.79,67991.91,76344.46,76311.19,62663.33,60851.516,67972.836,80946.234,67978.58,67952.53,69966.49,76363.945,76337.91,44913.105,57509.883,58368.06,49288.652,56072.566,80902.67,76338.16,40189.875,68010.46,53386.812,67984.03,44094.508,68010.69,40906.88,67997.83,76340.09,68368.79,59709.953,76349.02,56679.074,76352.04,66061.664,60852.61,76355.44,80929.84,64627.152,62636.684,48601.992,42987.8,82622.28,68342.75,50467.42,39371.67,62663.152,76339.53,76356.09,48850.395,80956.21,67996.59,76346.125,67993.34,87749.41,62289.848,52210.734,67983.64,76357.74,67983.79,80943.31,55486.41,64859.965,66042.23,68718.94,59585.594,87753.31,60675.88,60156.06,46920.367,81954.78,48461.977,94717.9,64662.863,41615.42,55679.79,64224.844,45114.688,76336.984,64146.766,80957.64,67958.22,67964.88,60036.742,80941.51,67952.016,48055.93,76330.74,76339.04,80957.77,67978.2,46451.023,68171.43,55469.64,54965.816,55282.555,67857.63,82248.5,68898.01,64787.703,87338.48,56352.863,62652.598,62664.195,59523.516,42236.168,44443.965,68902.086,55285.16,63229.133,63778.81,62673.383,54470.793,62663.855,41764.543,61431.777,62405.9,68178.04,45855.516,63958.066,82907.61,62637.277,64413.48,64102.63,54875.508,87726.24,63860.89,62663.92,58146.88,51514.195,61042.066,62651.566,60165.98,87753.086,64902.035,79619.3,90321.48,61852.97,40901.0,59137.53,80936.17,103985.28,67976.64,67993.086,80960.125,75988.76,80956.17,67986.4,76316.664,50999.527,82954.59,67996.305,67987.93,67993.305,80965.39,67980.4,67837.04,62656.996,64724.465,84212.54,74969.24,62675.066,63976.11,64540.8,68374.03,59359.92,80944.34,51426.527,76296.78,80950.83,45740.523,80960.49,67996.85,60599.83,76303.25,80933.9,76329.42,80954.12,67996.47,67970.664,72163.08,106808.55,85926.49,47417.71,49501.008,55284.91,70915.41,104608.61,50984.97,57246.84,80948.19,80953.05,76313.734,80939.83,81079.27,50075.844,67960.29,76321.36,80933.26,76331.125,80953.08,67960.52,62432.137,67960.516,44443.438,80684.73,55884.676,67961.04,68361.016,64859.77,87679.59,54653.86,67954.695,43231.664,57283.918,66491.93,66857.28,80950.336,48217.94,67964.64,67977.66,76355.23,97234.74,67976.414,76361.875,76349.07,67976.414,80952.28,80925.305,76362.375,62663.15,58297.453,78171.25,66075.54,80952.9,62664.586,67979.63,67979.45,80934.09,67965.9,67987.23,76349.734,87758.47,57041.74,67991.97,67974.23,40582.285,80947.47,68007.0,76328.35,76356.195,71063.055,62662.402
5100,83620.47,67794.016,80673.08,76220.49,80671.445,80668.97,76222.25,80668.98,80670.016,76213.36,67731.414,76220.77,80674.18,76222.47,80676.38,80656.914,87321.6,53045.86,76218.016,80646.336,80666.83,67805.16,76213.1,80672.555,67804.04,67806.21,53545.926,56845.113,62494.02,67801.07,67803.18,80657.15,80668.69,55327.75,80663.664,80673.61,66049.914,76226.15,76226.63,80673.516,67795.16,67795.16,80593.516,67798.37,76216.95,76173.79,62573.367,60737.86,67789.2,80668.89,67778.43,67752.39,69757.91,76226.555,76200.5,45132.1,57625.305,58286.938,49534.918,56064.047,80620.39,76200.74,40465.125,67810.28,53618.49,67783.86,44320.63,67810.51,41102.89,67804.26,76215.164,68147.266,59698.375,76219.73,56757.684,76221.22,65921.46,60810.305,76222.89,80660.91,64502.137,62545.184,48875.402,43193.633,82304.22,68136.97,50637.348,39658.91,62571.645,76215.3,76223.54,49143.63,80673.94,67796.68,76218.59,67795.02,87352.42,62436.043,52351.363,67790.32,76224.31,67790.48,80667.62,55523.336,64807.07,65903.01,68719.7,59539.824,87356.27,60554.02,60155.234,47239.484,81651.62,48691.863,94286.89,64562.742,41872.324,55693.938,64153.61,45331.66,76204.8,64164.375,80675.31,67768.91,67772.266,59959.906,80667.4,67766.01,48226.92,76201.805,76205.98,80675.445,67778.98,46647.605,67960.98,55571.46,55013.72,55325.1,67659.33,81952.11,68730.516,64745.582,86951.88,56389.758,62563.824,62572.6,59543.438,42388.8,44664.902,68969.94,55327.707,63205.426,63755.203,62622.742,54561.27,62572.32,41965.227,61340.324,62330.402,67967.01,46069.785,63967.246,82609.86,62545.754,64318.67,64052.29,54995.414,87329.234,63940.73,62572.383,58136.53,51733.9,61028.723,62560.664,60261.523,87356.08,64757.504,79537.05,90072.02,61780.13,41044.535,59138.42,80667.16,103403.2,67786.52,67794.63,80678.96,75751.76,80674.64,67791.25,76196.06,51143.633,82633.04,67796.27,67791.26,67794.85,80682.99,67788.51,67808.305,62565.59,64621.375,83885.59,74802.78,62576.824,63955.707,64567.953,68151.8,59261.26,80670.25,51538.977,76176.42,80673.45,46074.92,80678.19,67796.82,60602.27,76179.59,80651.59,76192.56,80675.1,67796.445,67770.64,71955.85,106275.086,85557.734,47658.285,49755.44,55327.47,70824.85,104014.88,51193.605,57414.96,80668.38,80670.805,76183.51,80664.266,80838.65,50221.652,67770.76,76192.45,80661.02,76197.35,80670.84,67770.984,62471.195,67770.984,44663.617,80409.39,55951.727,67771.36,68142.77,64876.34,87361.9,54734.305,67768.46,43405.777,57311.633,66353.984,66721.63,80670.57,48408.86,67771.93,67778.34,76221.02,96868.38,67777.88,76224.47,76218.164,67777.88,80673.24,80659.7,76224.96,62573.22,58325.16,77914.79,65976.914,80670.65,62573.81,67786.24,67786.16,80661.83,67773.086,67796.66,76218.81,87361.336,56994.234,67798.99,67790.26,40775.2,80668.484,67806.55,76186.4,76221.984,70850.14,62572.473
5160,83319.27,67601.516,80396.41,76083.52,80395.6,80392.73,76085.28,80392.73,80394.984,76080.17,67571.47,76084.6,80397.49,76084.7,80398.11,80386.9,86931.6,53133.062,76082.67,80368.09,80391.836,67607.75,76080.25,80396.29,67606.61,67608.38,53630.54,56795.082,62449.477,67605.27,67606.58,80387.13,80392.88,55368.855,80390.37,80395.375,65882.625,76086.8,76087.27,80395.29,67601.086,67601.086,80315.29,67602.664,76082.47,76034.445,62485.22,60627.91,67598.38,80393.086,67579.484,67553.445,69550.74,76087.195,76061.14,45345.76,57756.746,58208.098,49775.45,56054.72,80342.17,76061.375,40737.035,67611.305,53844.926,67584.89,44540.19,67611.53,41298.977,67608.52,76081.945,67932.19,59685.42,76084.35,56830.875,76085.086,65781.125,60768.273,76085.914,80389.26,64377.863,62456.336,49141.258,43397.89,81991.62,67929.96,50799.99,39943.535,62482.79,76082.414,76086.55,49432.25,80395.71,67597.96,76084.08,67597.09,86962.32,62575.97,52485.633,67594.86,76086.9,67595.01,80392.63,55557.906,64749.504,65763.85,68716.27,59494.37,86966.12,60438.184,60150.61,47554.25,81352.96,48913.574,93861.055,64462.336,42125.37,55706.08,64058.746,45545.71,76068.19,64177.27,80397.04,67575.734,67577.47,59885.453,80393.18,67574.47,48392.844,76066.79,76068.92,80397.18,67580.93,46838.45,67753.625,55690.59,55059.285,55364.605,67462.016,81653.664,68564.57,64697.13,86572.375,56423.88,62477.36,62483.668,59558.992,42540.637,44880.223,69031.98,55367.21,63175.746,63725.145,62568.977,54765.617,62483.438,42165.055,61249.914,62255.473,67760.266,46280.695,63965.984,82303.516,62456.88,64223.887,63917.29,55109.46,86939.12,64014.918,62483.496,58127.21,51944.45,61011.32,62472.21,60350.367,86965.96,64617.227,79452.39,89824.336,61706.188,41187.375,59136.453,80395.414,102829.36,67592.67,67596.68,80401.234,75516.086,80396.766,67594.92,76065.13,51285.49,82314.97,67597.55,67594.18,67596.89,80404.64,67593.78,67775.484,62476.83,64517.668,83559.5,74637.24,62482.44,63903.168,64591.242,67936.695,59165.664,80396.05,51649.004,76045.73,80397.63,46405.46,80399.94,67598.086,60600.527,76047.27,80373.34,76053.74,80398.47,67597.71,67571.91,71750.01,105751.68,85197.94,47893.387,50002.723,55366.98,70732.62,103429.96,51418.742,57575.137,80391.4,80392.63,76047.984,80389.375,80598.26,50367.605,67577.46,76057.48,80387.78,76059.97,80392.67,67577.69,62502.035,67577.69,44878.58,80136.516,56014.27,67577.984,67929.33,64888.367,87046.68,54811.176,67576.79,43577.938,57336.53,66217.84,66584.78,80393.61,48594.98,67577.125,67580.28,76083.26,96507.58,67580.21,76085.12,76082.016,67580.21,80396.625,80389.695,76085.59,62485.098,58349.145,77660.5,65876.12,80392.45,62485.285,67590.84,67590.805,80388.55,67578.23,67602.375,76082.65,86971.11,56947.855,67603.53,67599.234,40968.426,80391.9,67607.41,76042.69,76084.195,70639.79,62484.38
5220,83020.52,67407.31,80117.445,75942.96,80117.055,80113.99,75944.7,80113.99,80116.836,75941.47,67393.29,75944.42,80118.52,75943.75,80118.37,80111.23,86550.65,53218.844,75942.9,80088.38,80113.71,67411.125,75941.71,80117.52,67409.984,67411.555,53713.055,56746.684,62402.113,67409.44,67410.35,80111.47,80114.37,55409.418,80113.08,80115.664,65718.3,75945.055,75945.516,80115.57,67406.13,67406.13,80035.58,67406.914,75943.12,75892.7,62398.43,60521.31,67405.03,80114.57,67382.14,67356.11,69344.72,75945.45,75919.39,45554.406,57885.14,58131.5,50010.207,56044.637,80062.45,75919.62,41005.32,67413.92,54065.895,67387.516,44753.87,67414.15,41494.95,67412.75,75943.21,67722.67,59671.188,75944.555,56902.26,75944.914,65640.85,60726.195,75945.32,80112.78,64254.402,62369.25,49400.44,43600.465,81684.086,67724.27,50959.14,40224.92,62395.7,75943.836,75945.95,49716.14,80115.99,67400.84,75924.625,67400.37,86581.26,62709.977,52617.8,67399.34,75946.086,67399.49,80114.51,55590.08,64687.285,65624.945,68708.25,59449.195,86585.016,60327.01,60142.355,47864.566,81056.12,49127.473,93439.98,64361.3,42374.426,55716.46,63981.117,45756.66,75927.95,64186.625,80117.3,67381.664,67382.59,59812.99,80115.43,67381.19,48553.477,75927.35,75928.48,80117.43,67384.45,47023.82,67550.69,55808.0,55102.387,55401.383,67267.16,81355.86,68400.11,64643.12,86201.07,56455.266,62392.31,62396.516,59570.516,42692.37,45090.37,69088.93,55403.984,63140.59,63689.14,62512.383,54934.613,62396.324,42364.1,61161.344,62180.582,67557.06,46488.016,63965.273,81995.734,62369.777,64130.16,63888.87,55219.793,86558.03,64082.996,62396.38,58117.855,52146.285,60990.14,62385.426,60435.45,86584.87,64480.25,79365.39,89578.47,61631.906,41330.25,59132.38,80118.87,102263.62,67398.0,67399.984,80121.74,75281.22,80117.21,67399.03,75927.68,51425.344,82001.41,67400.47,67397.92,67400.195,80124.83,67398.67,67739.32,62389.84,64413.074,83233.73,74393.47,62391.047,63876.29,64610.344,67727.04,59072.97,80118.28,51755.26,75908.5,80119.06,46731.78,80120.17,67401.0,60594.832,75909.25,80093.586,75912.516,80119.5,67400.63,67374.836,71545.52,105237.66,84845.83,48123.59,50246.105,55403.766,70616.79,102853.66,51641.297,57727.438,80112.29,80112.93,75908.41,80097.76,80360.6,50511.87,67383.305,75918.08,80110.51,75919.38,80112.97,67363.44,62529.812,67383.53,45088.555,79854.24,56072.844,67383.8,67720.625,64893.82,86733.625,54884.605,67383.43,43748.594,57358.652,66082.98,66447.016,80114.484,48777.336,67382.29,67383.84,75942.305,96151.914,67383.96,75943.38,75941.86,67383.97,80117.66,80113.99,75943.85,62398.34,58370.074,77406.805,65772.99,80112.734,62398.332,67395.46,67395.445,80111.25,67383.37,67407.305,75942.484,86589.91,56902.52,67407.88,67405.766,41161.977,80112.97,67409.94,75897.016,75943.22,70430.98,62397.652
5280,82727.164,67213.83,79842.72,75798.945,79842.52,79839.38,75800.664,79839.38,79842.51,75798.37,67207.69,75800.56,79843.78,75799.53,79843.25,79838.13,86175.22,53302.996,75799.266,79813.29,79839.41,67216.445,75798.69,79842.89,67215.305,67216.77,53793.27,56699.73,62352.246,67215.15,67215.86,79838.375,79839.87,55448.074,79839.19,79840.58,65556.98,75800.445,75800.9,79840.484,67212.305,67192.22,79801.11,67212.695,75779.62,75748.09,62313.254,60417.71,67211.99,79840.08,67187.14,67161.11,69141.4,75800.836,75774.766,45758.28,58006.48,58057.08,50240.117,56033.87,79787.375,75774.99,41269.734,67218.89,54281.324,67192.49,44962.215,67219.12,41690.734,67218.5,75800.07,67517.63,59655.64,75800.88,56971.55,75801.06,65500.91,60684.07,75801.266,79839.3,64131.816,62283.977,49653.86,43801.48,81380.516,67521.02,51114.63,40502.617,62310.426,75800.76,75801.875,49995.11,79840.914,67206.07,75771.27,67205.78,86205.734,62838.293,52747.82,67205.35,75801.91,67205.51,79840.22,55619.906,64620.39,65486.418,68695.414,59404.312,86209.44,60219.72,60130.766,48170.285,80763.88,49333.938,93023.89,64259.152,42619.406,55725.258,63911.207,45964.637,75784.26,64190.074,79842.17,67188.68,67189.21,59742.25,79841.29,67188.6,48709.176,75784.04,75784.67,79842.31,67190.28,47203.758,67351.055,55920.797,55142.992,55435.605,67075.06,81059.83,68237.375,64583.863,85834.14,56483.973,62308.996,62311.188,59578.215,42844.34,45295.695,69141.086,55438.207,63100.418,63647.57,62453.246,55091.246,62311.027,42562.375,61073.848,62105.293,67357.266,46692.42,63957.332,81689.336,62284.49,64040.625,63845.773,55305.246,86182.48,64145.14,62311.08,58109.293,52339.785,60965.473,62300.41,60515.902,86209.305,64346.23,79276.055,89334.336,61557.18,41475.03,59126.383,79845.32,101705.51,67204.47,67205.45,79846.734,75047.63,79842.19,67204.9,75751.87,51565.2,81692.164,67205.75,67203.62,67205.664,79849.66,67204.93,67679.445,62304.668,64307.598,82911.51,74252.33,62302.31,63850.0,64624.79,67521.84,58983.023,79844.164,51858.566,75766.37,79844.555,47053.66,79845.08,67206.28,60585.484,75766.72,79818.49,75768.41,79831.266,67205.91,67180.12,71342.99,104732.59,84498.3,48349.31,50485.06,55437.992,70513.61,102285.47,51857.797,57872.0,79837.54,79837.89,75765.14,79816.84,80123.05,50657.395,67190.266,75774.81,79816.36,75775.53,79837.93,67160.51,62480.32,67190.49,45293.805,79587.47,56127.742,67190.734,67516.0,64895.348,86422.58,54954.72,67190.79,43917.992,57378.15,65950.17,66308.63,79839.74,48957.395,67188.97,67189.734,75798.1,95801.055,67189.945,75798.79,75798.04,67189.945,79842.984,79840.914,75799.25,62313.195,58387.86,77154.984,65667.5,79837.7,62313.105,67174.85,67201.63,79837.41,67190.03,67213.4,75798.66,86214.24,56858.168,67213.68,67212.64,41355.77,79838.31,67214.85,75746.52,75798.984,70225.17,62312.547
5340,82434.1,67021.8,79571.85,75601.13,79571.766,79534.76,75602.84,79568.6,79571.84,75601.01,67019.53,75602.836,79572.91,75601.625,79572.2,79568.09,85806.96,53385.32,75601.65,79542.27,79568.77,67010.42,75601.36,79572.08,67022.68,67024.09,53871.098,56654.082,62299.42,66995.94,67023.336,79568.336,79548.836,55486.04,79568.76,79569.56,65398.305,75602.34,75602.79,79569.47,67020.13,66990.16,79550.1,67006.94,75572.21,75550.0,62230.81,60316.9,67020.2,79569.35,66994.39,66968.36,68939.75,75602.73,75576.664,45957.758,58122.645,57984.74,50464.88,56022.465,79516.37,75576.89,41530.074,67026.11,54491.46,66999.72,45165.676,67026.336,41886.28,67026.11,75602.69,67316.36,59638.895,75603.24,57038.16,75603.336,65361.3,60642.273,75603.43,79569.06,64010.17,62201.55,49901.812,44001.047,81081.07,67320.57,51262.19,40776.258,62227.992,75603.414,75604.04,50269.113,79569.9,67013.54,75568.87,66999.95,85837.38,62961.125,52871.16,67013.21,75604.02,67013.36,79569.59,55647.08,64549.57,65348.453,68659.0,59359.707,85841.03,60115.78,60116.113,48471.26,80475.85,49533.33,92608.48,64156.766,42860.266,55732.453,63844.55,46169.855,75586.86,64189.13,79571.125,66977.23,66997.66,59673.055,79570.73,66997.43,48859.664,75586.83,75587.21,79571.266,66998.33,47378.945,67154.38,56028.89,55180.918,55467.043,66885.26,80767.0,68076.32,64519.992,85473.74,56509.973,62227.88,62228.68,59582.293,42997.426,45496.527,69188.43,55469.64,63055.58,63600.926,62391.605,55240.727,62228.56,42759.91,60987.33,62030.273,67160.484,46893.516,63948.527,81385.69,62202.03,63954.438,63799.55,55407.582,85814.086,64197.113,62228.61,58101.074,52525.184,60937.55,62218.195,60592.645,85840.91,64215.242,79184.6,89091.88,61482.008,41620.32,59118.62,79575.016,101154.375,66992.49,67013.086,79575.71,74814.92,79571.19,67012.72,75538.664,51701.375,81387.12,67013.28,67011.36,67013.3,79578.53,67012.94,67610.4,62222.32,64201.242,82592.58,74101.55,62216.605,63824.613,64634.824,67320.45,58895.68,79573.625,51957.695,75569.93,79573.82,47370.926,79574.055,67013.81,60572.504,75543.34,79547.47,75571.0,79553.766,67013.445,66987.65,71141.75,104236.13,84155.65,48570.465,50718.92,55469.434,70417.62,101725.03,52068.008,58008.004,79566.73,79566.94,75568.14,79543.0,79868.64,50801.125,66998.87,75577.81,79535.99,75578.25,79566.97,66964.234,62518.383,66979.0,45494.605,79322.31,56179.207,66999.32,67314.945,64894.99,86094.79,55021.64,66999.57,44086.566,57395.15,65819.35,66169.695,79568.93,49132.016,66997.48,66997.85,75600.56,95454.75,66998.11,75601.06,75600.69,66998.11,79572.19,79570.914,75601.516,62230.76,58402.75,76905.61,65559.83,79566.75,62230.652,66969.695,67009.67,79567.02,66971.734,67021.164,75601.3,85845.74,56814.75,67021.305,67020.8,41549.71,79567.54,67022.03,75550.05,75601.8,70021.28,62230.17
5400,82141.05,66831.77,79304.69,75411.3,79304.65,79250.98,75412.98,79267.66,79304.77,75411.39,66831.414,75413.02,79305.73,75411.734,79304.94,79301.35,85444.2,53465.66,75411.9,79275.05,79301.74,66813.51,75411.76,79304.94,66832.36,66813.66,53946.49,56609.617,62245.035,66792.53,66833.055,79301.59,79271.75,55522.555,79301.82,79302.336,65242.688,75412.36,75412.8,79302.24,66830.07,66795.23,79292.734,66810.18,75377.64,75360.016,62149.715,60218.688,66830.33,79302.27,66804.04,66778.016,68741.04,75379.305,75386.664,46153.01,58232.855,57914.383,50684.832,56010.5,79249.15,75386.89,41786.188,66835.734,54696.47,66809.34,45364.633,66835.95,42081.543,66835.92,75413.04,67118.4,59620.98,75413.47,57101.652,75413.516,65222.09,60600.336,75413.56,79302.234,63889.004,62120.508,50144.312,44198.953,80785.77,67122.98,51407.625,41045.59,62146.945,75413.77,75394.1,50538.12,79302.68,66823.4,75376.74,66803.266,85474.54,63078.7,52993.484,66823.266,75414.12,66823.414,79302.56,55672.605,64474.72,65211.07,68619.055,59315.33,85478.125,60014.84,60098.617,48767.387,80191.83,49725.94,92193.92,64053.777,43096.977,55738.402,63782.3,46371.992,75397.38,64187.9,79303.875,66778.05,66808.266,59605.254,79303.71,66808.23,49006.133,75397.445,75397.71,79304.01,66808.75,47549.46,66960.54,56132.168,55216.598,55496.52,66698.266,80477.9,67917.07,64451.684,85117.36,56533.617,62147.723,62147.574,59582.977,43151.105,45693.137,69231.234,55499.113,63006.42,63549.51,62327.688,55383.996,62147.48,42956.66,60901.703,61954.914,66966.57,47091.016,63943.21,81085.49,62120.96,63871.652,63756.875,55507.566,85451.19,64239.3,62147.53,58092.15,52702.61,60906.617,62137.35,60665.043,85478.01,64086.742,79091.195,88851.06,61406.41,41766.42,59109.03,79308.1,100609.32,66792.83,66823.06,79308.445,74583.805,79303.95,66802.71,75341.39,51834.81,81086.234,66783.05,66821.4,66823.27,79311.195,66823.11,67547.945,62141.363,64094.062,82279.305,73946.07,62132.996,63801.277,64641.3,67122.4,58810.785,79272.79,52054.406,75381.03,79286.43,47683.438,79306.82,66823.734,60556.38,75341.17,79280.234,75381.61,79283.336,66823.375,66797.586,70942.47,103747.945,83817.48,48787.656,50947.344,55498.914,70323.59,101171.67,52272.105,58134.902,79279.34,79299.78,75378.984,79274.42,79617.43,50942.72,66809.55,75388.59,79264.2,75388.88,79299.82,66772.52,62541.527,66779.79,45691.207,79059.37,56227.445,66809.99,67117.1,64892.883,85770.16,55085.49,66810.336,44254.38,57409.773,65690.1,66030.32,79301.83,49302.37,66808.16,66808.34,75410.92,95112.77,66808.62,75411.32,75411.14,66808.625,79305.08,79304.19,75411.77,62149.676,58414.93,76657.45,65450.06,79299.57,62149.57,66773.44,66819.91,79300.12,66769.22,66831.055,75411.734,85482.75,56772.215,66831.125,66830.875,41743.703,79300.445,66831.63,75373.07,75412.37,69819.09,62149.137
5460,81750.2,66654.164,79024.54,75295.164,79051.586,78989.766,75296.78,78997.984,79051.734,75295.36,66654.734,75296.84,79052.61,75295.57,79051.805,79014.695,85079.61,53580.234,75295.79,79021.99,79048.77,66632.5,75295.72,79051.86,66654.61,66625.99,54092.547,56590.418,62190.984,66608.336,66655.32,79048.77,79013.83,55559.77,79048.9,79049.27,65082.297,75296.12,75296.54,79049.18,66632.375,66615.21,79044.53,66629.27,75259.14,75243.78,62068.344,60143.11,66652.8,79049.27,66626.29,66600.266,68548.17,75246.59,75270.41,46257.71,58337.418,57859.188,50758.18,56008.332,78996.086,75270.625,42037.49,66657.92,54861.56,66631.54,45551.543,66658.15,42244.758,66658.2,75296.945,66926.89,59586.098,75297.3,57163.137,75297.32,65084.473,60505.27,75297.34,79049.35,63770.285,62039.113,50382.043,44183.47,80496.95,66931.27,51409.562,41316.68,62065.547,75297.66,75267.984,50796.992,79049.61,66645.79,75259.41,66622.44,85096.35,63184.887,53107.465,66645.74,75297.87,66645.89,79049.586,55666.8,64404.91,65072.645,68597.41,59274.082,85099.9,59941.64,60074.07,49058.363,79917.17,49891.297,91788.22,63944.93,43319.402,55735.91,63721.27,46224.97,75281.445,64180.55,79010.164,66596.25,66631.28,59548.195,79050.73,66631.34,49147.3,75281.55,75281.75,79050.91,66631.67,47701.887,66776.84,56231.695,55237.82,55498.984,66517.82,80168.234,67759.41,64385.434,84740.14,56546.105,62056.848,62066.1,59578.336,41980.785,45878.367,69269.25,55501.594,62955.062,63496.12,62265.402,55524.316,62065.984,43031.44,60825.87,61880.777,66782.164,47202.383,63927.332,80763.05,62039.477,63795.633,63708.82,55567.9,85086.38,64277.156,62066.03,58083.273,52830.754,60872.867,62056.086,60733.426,85099.695,63928.926,78998.27,88613.9,61332.64,40342.582,59097.414,79028.01,100073.92,66610.36,66645.34,79055.25,74344.945,79037.336,66615.16,75221.54,51967.13,80776.98,66585.52,66630.336,66645.55,79057.914,66645.48,67512.53,62059.96,63987.664,81973.8,73792.69,62056.4,63775.16,64651.25,66930.51,58739.05,79003.016,52155.19,75265.29,79023.27,47993.645,79053.6,66645.984,60537.684,75218.91,79027.016,75265.63,79028.55,66645.625,66619.836,70743.97,103292.92,83483.06,48762.242,51170.31,55501.42,70231.6,100628.984,52470.883,58244.125,79016.32,79046.73,75249.836,79020.664,79365.3,51088.96,66612.336,75272.586,79008.87,75272.8,79046.766,66594.21,62558.1,66597.79,45876.55,78802.23,56274.75,66632.85,66925.68,64890.895,85473.31,55164.613,66633.24,43819.47,57421.664,65561.01,65894.65,79048.6,49239.793,66631.05,66631.14,75294.44,94783.74,66631.42,75294.77,75294.69,66631.43,79024.73,79051.11,75295.21,62068.184,58421.668,76406.195,65341.473,79046.25,62068.04,66592.69,66642.35,79046.92,66585.61,66653.09,75295.266,85104.37,56771.383,66653.13,66653.016,41929.6,79047.15,66653.53,75255.375,75295.47,69620.35,62067.64
5520,81496.195,66444.766,78750.63,75166.07,78770.734,78759.07,75167.63,78763.125,78791.19,75132.89,66432.39,75167.71,78792.03,75166.45,78791.22,78771.45,84718.805,53699.848,75133.28,78761.48,78788.3,66448.18,75139.93,78791.3,66471.91,66438.39,54204.516,56575.37,62134.625,66422.46,66472.61,78788.36,78750.914,55590.168,78768.14,78748.13,64930.203,75166.96,75167.37,78788.65,66439.875,66431.42,78786.39,66445.04,75128.87,75114.625,61972.324,60055.195,66436.766,78788.78,66443.61,66417.586,68277.72,75109.33,75141.234,46239.332,58437.785,57808.355,50836.633,56006.69,78735.55,75141.445,42268.04,66475.14,54992.793,66448.766,45654.93,66448.59,42374.215,66462.08,75134.43,66739.22,59560.055,75168.16,57221.062,75154.8,64946.414,60478.492,75168.18,78761.84,63654.55,61956.703,50610.574,44277.492,80212.94,66744.06,51424.184,41576.277,61983.133,75168.54,75133.945,51034.637,78748.46,66463.22,75129.69,66438.29,84742.34,63267.707,53207.62,66449.836,75168.68,66463.37,78762.016,55704.68,64326.45,64939.2,68572.11,59234.234,84745.82,59863.586,60054.777,49338.215,79641.33,50001.46,91388.33,63844.77,43490.383,55745.51,63660.73,46239.61,75132.53,64172.594,78729.61,66411.88,66435.9,59491.14,78756.39,66422.62,49262.65,75152.7,75152.87,78790.35,66449.62,47803.035,66591.805,56327.203,55273.047,55519.12,66329.71,79876.234,67602.33,64301.508,84391.35,56567.32,61977.664,61983.684,59573.473,41181.215,45950.074,69293.62,55521.746,62900.438,63439.06,62199.96,55658.246,61983.543,43114.957,60750.113,61807.06,66598.32,47270.723,63915.297,80459.45,61957.04,63720.06,63661.26,55594.316,84725.48,64310.56,61983.586,58072.49,52980.293,60837.844,61973.867,60796.598,84745.625,63814.59,78897.02,88378.7,61261.23,39753.56,59084.402,78754.12,99540.16,66425.43,66462.75,78794.61,74109.71,78783.65,66427.73,75124.15,52092.316,80493.43,66393.195,66441.19,66462.945,78797.2,66462.92,67450.484,61977.64,63880.62,81613.85,73622.305,61978.98,63747.895,64653.51,66743.195,58670.645,78734.2,52229.74,75103.18,78757.73,48295.074,78792.94,66463.375,60516.473,75087.01,78766.36,75136.82,78767.12,66422.87,66437.22,70543.9,102826.484,83133.195,48857.688,51387.12,55521.543,70094.58,100087.86,52664.04,58346.28,78750.9,78786.21,75114.555,78759.805,79124.71,51226.19,66420.35,75143.67,78747.22,75143.84,78786.24,66411.53,62513.938,66413.3,45948.637,78530.94,56323.55,66450.74,66711.266,64870.656,85176.69,55243.55,66424.39,43203.47,57431.39,65432.61,65757.08,78787.95,49291.547,66449.01,66449.055,75165.125,94458.39,66449.336,75165.44,75165.4,66449.34,78750.69,78756.68,75165.86,61972.18,58427.15,76153.89,65231.555,78785.54,61985.59,66408.67,66446.516,78765.98,66400.375,66450.19,75165.95,84750.234,56753.492,66450.2,66436.766,42087.883,78786.45,66470.625,75107.43,75165.91,69401.12,61971.816
5580,81232.64,66250.66,78481.625,75028.22,78498.3,78511.375,75009.71,78513.375,78501.69,75012.02,66272.03,75003.11,78529.586,75028.59,78488.164,78517.586,84365.38,53815.87,75012.39,78499.086,78498.87,66266.4,74988.94,78528.86,66290.92,66255.0,54309.176,56559.39,62073.68,66239.92,66271.555,78526.03,78487.34,55617.914,78495.79,78465.74,64783.066,75029.086,75029.484,78526.26,66254.11,66249.945,78484.58,66263.34,74990.445,74976.75,61881.34,59966.965,66272.86,78506.1,66262.67,66236.66,68110.98,74967.46,75003.35,46182.363,58533.312,57759.02,50911.297,56005.21,78473.16,75003.56,42463.617,66294.14,55111.656,66267.77,45670.85,66254.414,42496.875,66274.51,74980.125,66553.46,59538.24,74996.875,57274.4,75010.34,64812.3,60442.895,75010.25,78486.16,63538.855,61872.54,50836.32,44399.734,79931.5,66559.1,51468.38,41810.61,61898.965,75003.95,74993.664,51257.03,78466.06,66282.43,74991.53,66256.73,84392.26,63334.418,53295.4,66262.484,75030.79,66269.22,78486.305,55728.113,64243.79,64796.504,68539.45,59193.438,84395.65,59781.043,60031.05,49604.523,79366.7,50059.547,90978.87,63740.37,43609.906,55755.785,63603.117,46330.805,74985.07,64163.926,78457.34,66230.44,66249.02,59433.156,78511.17,66229.17,49345.715,74981.71,74981.87,78514.4,66269.3,47850.715,66408.47,56418.297,55305.957,55543.47,66152.13,79592.79,67445.84,64219.27,84045.02,56586.203,61895.96,61899.55,59565.555,40718.45,45913.055,69304.57,55546.1,62842.61,63378.047,62133.016,55786.848,61899.375,43225.46,60673.54,61731.95,66416.05,47359.484,63905.938,80166.695,61872.88,63643.902,63618.758,55630.777,84371.93,64335.812,61899.414,58058.66,53086.73,60800.88,61889.934,60855.12,84395.445,63696.414,78792.32,88144.27,61189.816,39447.793,59067.55,78485.11,98964.22,66243.52,66281.984,78532.13,73885.76,78511.086,66244.586,75002.055,52207.355,80210.55,66207.64,66257.22,66282.19,78534.664,66282.18,67389.5,61893.617,63773.777,81325.96,73456.38,61899.363,63722.547,64650.29,66558.195,58603.94,78467.734,52306.914,74982.7,78492.86,48585.76,78530.484,66282.59,60492.383,74948.0,78503.9,74999.33,78504.27,66222.336,66256.45,70344.03,102363.016,82802.33,48971.574,51598.82,55545.87,70005.0,99511.19,52851.566,58433.62,78486.13,78523.87,74973.89,78497.29,78898.516,51359.7,66235.164,74972.64,78484.33,74992.836,78523.9,66230.92,62509.43,66231.79,45925.066,78269.17,56372.023,66230.27,66512.336,64859.535,84878.375,55319.312,66230.88,42731.504,57438.664,65305.535,65619.44,78512.01,49370.242,66255.36,66228.625,75000.42,94134.3,66269.05,75000.72,75000.695,66269.055,78481.66,78477.59,74994.445,61881.28,58433.086,75906.49,65119.57,78523.086,61901.438,66227.266,66259.29,78493.55,66218.52,66259.305,75001.24,84399.98,56732.184,66259.31,66272.766,42227.35,78524.0,66289.586,74956.58,75014.4,69196.67,61881.1
5640,80967.016,66065.93,78217.62,74840.91,78232.6,78257.9,74852.6,78258.88,78227.586,74873.15,66063.78,74842.71,78241.74,74854.625,78207.38,78261.06,84016.7,53927.574,74873.51,78238.37,78224.82,66087.734,74835.234,78234.26,66085.91,66075.54,54408.906,56542.168,62011.53,66060.9,66083.41,78265.336,78226.05,55634.777,78230.164,78195.17,64639.465,74881.836,74882.234,78265.54,66073.516,66071.47,78204.44,66084.75,74842.94,74829.51,61795.453,59879.95,66103.02,78235.39,66084.46,66058.445,67936.445,74818.26,74856.11,46133.914,58623.066,57710.574,51055.18,56003.418,78212.44,74856.31,42625.617,66115.89,55243.6,66089.53,45637.727,66069.68,42623.355,66093.02,74824.8,66369.84,59517.336,74833.18,57325.836,74859.86,64678.176,60403.34,74853.13,78218.89,63423.86,61790.117,51055.402,44536.055,79652.555,66376.37,51533.348,42019.78,61816.54,74843.555,74845.234,51470.582,78195.484,66064.26,74844.16,66078.31,84045.195,63393.06,53377.61,66081.22,74883.53,66084.6,78219.02,55747.93,64149.945,64666.09,68496.86,59153.62,84048.49,59696.58,60005.766,49858.83,79094.695,50085.977,90589.2,63632.977,43698.92,55765.074,63542.04,46465.027,74833.26,64151.555,78191.75,66052.32,66068.23,59374.816,78258.9,66045.15,49393.785,74851.71,74818.45,78246.99,66091.734,47866.984,66227.62,56504.637,55335.566,55566.36,65976.67,79314.664,67290.5,64130.23,83702.25,56602.918,61814.715,61817.105,59555.285,40483.926,45846.25,69305.35,55569.0,62779.992,63311.06,62060.797,55907.297,61816.92,43357.977,60596.29,61657.95,66236.04,47474.58,63888.457,79880.54,61790.438,63559.723,63569.98,55671.582,84023.12,64348.652,61816.965,58041.266,53153.297,60760.51,61794.305,60909.535,84048.29,63578.527,78672.44,87875.08,61116.523,39292.27,59053.08,78221.086,98474.39,66064.96,66103.98,78271.32,73664.266,78245.34,66065.414,74862.73,52314.176,79929.25,66027.29,66077.66,66104.18,78273.8,66104.19,67322.87,61811.31,63665.523,81034.12,73294.76,61819.71,63691.273,64643.258,66375.445,58538.57,78238.82,52350.973,74844.24,78230.91,48865.125,78269.71,66104.58,60465.523,74800.414,78243.13,74852.49,78243.32,66034.6,66078.44,70149.98,101904.73,82480.09,49108.293,51804.92,55568.75,69914.03,98991.32,53032.96,58497.54,78224.3,78263.22,74825.484,78236.56,78676.47,51487.043,66055.19,74809.22,78223.41,74839.27,78263.25,66053.21,62494.26,66053.63,45864.973,78011.62,56419.59,66032.92,66322.266,64845.992,84579.06,55392.125,66046.81,42449.58,57445.758,65179.223,65481.566,78244.63,49469.043,66071.26,66031.34,74839.98,93803.02,66091.516,74840.26,74840.25,66091.52,78217.664,78208.65,74830.695,61795.445,58438.906,75674.336,65003.742,78262.35,61805.582,66049.0,66078.15,78227.91,66040.23,66076.17,74840.79,84052.71,56710.074,66076.18,66102.875,42359.715,78249.734,66071.164,74800.516,74860.45,69003.586,61795.453
5700,80696.92,65886.195,77955.7,74670.9,77969.85,78001.195,74697.47,78001.69,77960.7,74726.99,65872.46,74685.96,77968.086,74691.195,77937.21,78002.86,83672.37,54034.883,74727.34,77978.1,77958.0,65910.984,74681.79,77957.27,65896.18,65898.39,54504.367,56523.867,61949.2,65883.97,65901.98,78005.086,77965.5,55640.297,77967.48,77930.055,64497.633,74731.555,74731.96,78005.27,65895.85,65894.84,77934.61,65908.07,74692.53,74679.24,61713.63,59794.43,65930.65,77970.2,65907.96,65881.945,67758.4,74667.02,74705.836,46100.15,58707.664,57662.832,51209.37,56001.098,77952.17,74706.05,42756.125,65939.375,55380.67,65913.016,45584.168,65889.97,42754.29,65914.91,74703.945,66188.414,59496.08,74674.82,57373.973,74708.0,64543.957,60362.02,74698.01,77955.4,63309.44,61710.082,51268.734,44687.76,79375.95,66195.74,51616.402,42197.16,61736.5,74686.81,74694.39,51679.664,77930.37,65868.195,74693.83,65901.81,83701.63,63448.523,53457.06,65903.31,74733.26,65905.055,77955.52,55766.285,64057.094,64532.246,68444.86,59113.344,83704.82,59611.836,59977.99,50103.707,78824.414,50094.098,90205.19,63530.168,43768.902,55773.438,63485.336,46624.0,74680.85,64127.34,77929.08,65876.21,65890.805,59316.53,78002.78,65866.13,49416.117,74710.05,74660.34,77983.42,65915.89,47866.473,66048.79,56586.836,55362.758,55587.812,65802.19,79040.1,67136.86,64039.406,83363.02,56617.16,61734.156,61736.98,59542.984,40402.42,45777.97,69298.445,55590.457,62714.12,63240.23,61989.06,56024.254,61736.824,43502.773,60518.61,61583.754,66057.84,47609.918,63870.707,79598.85,61710.34,63493.535,63526.09,55716.293,83678.63,64345.984,61736.863,58018.71,53189.29,60718.336,61707.812,60960.945,83704.62,63461.45,78556.0,87647.84,61042.684,39241.258,59036.242,77959.164,97966.625,65888.43,65900.96,77990.68,73445.82,77982.59,65888.58,74716.484,52415.043,79649.96,65849.875,65900.625,65901.16,78013.4,65927.92,67252.56,61731.332,63557.125,80741.64,73134.164,61740.887,63662.453,64635.15,66194.82,58474.37,77994.23,52377.11,74698.49,77970.03,49133.723,78009.42,65928.305,60436.434,74650.18,77982.85,74702.61,77982.945,65853.555,65902.164,69959.555,101450.23,82163.51,49262.008,52005.19,55590.2,69819.07,98481.47,53208.71,58533.902,77963.54,78003.04,74674.83,77976.34,78451.71,51607.93,65878.164,74651.1,77963.1,74686.01,78003.08,65877.29,62474.086,65877.5,45787.043,77755.3,56465.875,65847.34,66137.664,64830.633,84283.15,55462.24,65867.76,42317.31,57451.066,65054.18,65342.973,77981.15,49580.543,65892.23,65845.83,74683.17,93477.09,65902.34,74683.45,74683.445,65902.34,77955.82,77944.37,74705.66,61713.61,58443.895,75441.06,64886.15,78002.13,61718.86,65872.65,65900.38,77965.266,65864.055,65897.234,74683.984,83708.94,56687.598,65897.24,65930.445,42491.46,77982.85,65874.84,74643.766,74706.83,68815.7,61713.78
5760,80430.414,65710.08,77699.26,74504.15,77713.0,77747.34,74538.055,77747.586,77701.805,74571.984,65690.63,74525.75,77705.85,74527.68,77676.695,77748.27,83332.87,54137.88,74572.336,77722.5,77699.16,65736.32,74523.19,77693.4,65715.13,65723.54,54595.875,56504.676,61881.344,65709.23,65725.02,77749.484,77709.75,55634.33,77710.68,77672.055,64357.188,74574.516,74574.92,77749.664,65720.77,65720.28,77674.29,65733.484,74535.44,74522.22,61632.15,59710.496,65758.18,77712.164,65733.47,65707.45,67579.8,74509.52,74548.81,46084.926,58788.49,57615.695,51370.76,55997.766,77696.57,74549.016,42867.074,65764.86,55519.957,65738.51,45530.836,65713.89,42891.59,65739.61,74561.414,66009.08,59473.86,74547.2,57418.86,74550.195,64410.023,60318.85,74538.59,77698.2,63195.68,61629.52,51476.586,44847.297,79102.02,66017.09,51706.23,42341.64,61655.934,74526.62,74537.09,51885.477,77672.37,65684.164,74536.78,65727.414,83362.484,63502.58,53532.53,65728.22,74576.234,65729.15,77698.33,55782.77,63963.098,64403.39,68380.96,59072.527,83365.57,59527.723,59948.047,50341.26,78557.875,50093.492,89823.24,63426.426,43829.95,55780.574,63428.27,46797.18,74522.89,64114.984,77672.27,65702.24,65716.18,59258.42,77749.21,65690.73,49420.832,74557.37,74532.96,77726.17,65742.04,47857.992,65872.06,56665.168,55387.64,55607.31,65630.26,78769.055,66977.01,63947.46,83028.81,56629.816,61652.066,61656.367,59528.652,40423.71,45725.496,69288.19,55609.957,62645.445,63166.41,61916.23,56137.074,61656.207,43655.816,60440.83,61509.29,65881.59,47757.973,63843.883,79320.64,61629.727,63426.816,63475.57,55761.848,83338.98,64327.586,61656.242,57989.18,53204.523,60674.434,61624.13,61008.766,83365.36,63344.54,78438.07,87416.24,60968.36,39269.273,59017.92,77702.69,97458.71,65714.04,65713.54,77724.984,73229.1,77725.75,65714.055,74561.57,52510.176,79372.93,65675.06,65726.01,65713.734,77757.65,65753.664,67175.34,61650.82,63448.555,80450.81,72974.58,61661.508,63622.418,64624.855,66016.17,58411.27,77746.31,52386.46,74543.89,77714.1,49392.777,77753.77,65754.04,60404.26,74493.37,77727.2,74545.98,77727.25,65676.95,65727.91,69769.67,101000.16,81849.97,49426.03,52199.734,55609.69,69720.85,97973.21,53379.082,58551.24,77707.73,77747.516,74517.8,77720.805,78229.375,51722.44,65703.734,74523.72,77707.51,74527.625,77747.555,65703.41,62444.754,65703.51,45729.83,77502.9,56510.58,65668.7,65956.78,64814.406,83988.055,55529.773,65692.33,42289.97,57454.652,64927.4,65203.984,77723.95,49700.156,65716.836,65667.25,74522.92,93155.77,65721.96,74523.2,74523.2,65721.96,77699.4,77686.74,74561.06,61632.117,58447.617,75209.09,64767.35,77746.53,61634.957,65698.39,65725.42,77708.46,65690.07,65721.516,74523.74,83369.57,56664.723,65721.52,65757.93,42626.703,77723.96,65690.57,74481.65,74548.17,68630.08,61632.39
5820,80165.14,65536.77,77445.586,74341.95,77459.125,77494.98,74379.48,77495.1,77446.93,74415.56,65514.516,74366.79,77449.32,74367.08,77421.02,77495.54,82997.31,54236.715,74415.914,77469.266,77444.336,65563.73,74365.01,77436.07,65539.41,65550.85,54683.64,56483.86,61814.23,65536.59,65551.3,77496.26,77456.45,55617.457,77456.86,77417.65,64217.84,74417.1,74417.516,77496.43,65548.016,65547.77,77418.734,65560.96,74378.01,74364.82,61550.094,59628.14,65586.695,77457.74,65560.984,65534.98,67400.96,74351.89,74391.41,46082.824,58865.18,57569.105,51532.613,55994.215,77443.336,74391.62,42960.297,65592.35,55659.13,65566.01,45486.03,65540.625,43034.676,65566.73,74411.15,65831.85,59450.336,74404.3,57460.67,74392.414,64276.55,60274.03,74380.03,77444.19,63082.562,61547.95,51679.04,45012.28,78830.6,65840.41,51805.73,42464.363,61574.36,74367.664,74379.57,52088.23,77417.96,65507.082,74379.38,65555.07,83027.086,63555.977,53610.35,65555.54,74418.85,65556.06,77444.31,55798.16,63867.504,64273.996,68307.27,59031.207,83030.06,59444.723,59916.184,50572.812,78293.85,50088.445,89443.19,63322.516,43884.785,55786.867,63372.133,46978.074,74365.12,64100.66,77418.445,65530.332,65543.95,59200.56,77496.97,65518.117,49414.48,74402.195,74390.25,77472.125,65570.19,47847.145,65697.43,56739.758,55410.773,55625.516,65460.26,78501.15,66828.69,63854.223,82698.5,56640.312,61568.86,61574.766,59512.336,40513.312,45689.812,69276.195,55628.16,62574.27,63089.973,61842.188,56245.55,61574.594,43814.63,60363.145,61434.582,65707.305,47914.3,63825.145,79045.46,61548.117,63357.418,63429.996,55811.3,83003.28,64294.484,61574.633,57952.36,53205.953,60628.824,61541.07,61053.12,83029.86,63227.715,78317.72,87181.92,60893.56,39356.88,58998.2,77448.99,96954.5,65541.74,65534.82,77466.74,73013.984,77471.9,65541.68,74405.31,52601.855,79084.79,65502.555,65553.59,65535.016,77504.27,65581.42,67099.375,61569.277,63339.77,80161.68,72815.01,61581.22,63588.61,64612.418,65839.5,58349.203,77496.85,52381.965,74387.84,77460.69,49643.59,77500.51,65581.8,60370.29,74336.25,77473.94,74388.93,77473.96,65503.562,65555.664,69583.79,100555.37,81540.734,49595.273,52388.715,55627.89,69621.18,97466.76,53544.22,58550.97,77454.43,77494.37,74360.54,77467.64,78007.375,51825.49,65531.594,74381.01,77454.33,74369.65,77494.4,65531.54,62423.582,65531.586,45691.78,77252.67,56553.477,65494.496,65778.81,64795.844,83694.86,55594.754,65519.7,42331.008,57456.41,64802.5,65064.848,77469.95,49827.79,65544.26,65493.105,74363.89,92836.695,65546.914,74364.17,74364.17,65546.92,77445.76,77432.516,74409.734,61550.05,58449.777,74978.21,64647.566,77493.305,61551.7,65526.19,65552.875,77454.65,65518.184,65548.414,74364.73,83033.97,56641.492,65548.42,65586.41,42766.89,77469.11,65513.266,74319.66,74389.9,68446.195,61550.38
5880,79899.54,65365.754,77194.414,74178.74,77207.85,77244.47,74218.055,77244.53,77195.164,74255.19,65342.113,74205.18,77196.734,74204.65,77168.87,77244.85,82666.086,54331.54,74255.55,77218.336,77192.625,65393.047,74203.77,77183.1,65367.188,65380.13,54767.824,56463.53,61746.504,65365.91,65380.066,77245.32,77205.484,55590.863,77205.64,77166.14,64079.387,74256.24,74256.664,77245.49,65377.297,65377.176,77166.664,65390.35,74217.15,74203.98,61467.137,59547.336,65416.594,77206.22,65390.402,65364.4,67223.54,74190.94,74230.56,46101.863,58937.934,57523.035,51701.215,55989.906,77192.41,74230.78,43041.137,65421.75,55795.516,65395.41,45460.91,65369.645,43182.953,65395.934,74253.82,65656.67,59425.312,74250.586,57499.168,74231.39,64143.582,60227.656,74218.62,77192.875,62970.055,61465.26,51876.145,45181.05,78561.78,65665.65,51909.24,42568.28,61491.668,74206.07,74218.68,52286.805,77166.45,65334.324,74218.555,65384.64,82695.9,63607.76,53686.94,65384.94,74258.016,65385.27,77192.99,55811.836,63770.273,64144.492,68223.375,58989.418,82698.78,59363.05,59882.55,50798.957,78032.3,50086.17,89065.09,63218.383,43939.805,55792.094,63317.082,47162.82,74204.164,64084.39,77167.21,65360.336,65373.79,59142.98,77246.516,65347.773,49402.29,74242.52,74236.72,77220.78,65400.215,47840.387,65524.777,56810.598,55432.004,55641.945,65292.27,78236.05,66680.53,63759.52,82372.13,56649.445,61484.555,61492.062,59494.19,40644.254,45681.81,69262.92,55644.59,62500.84,63011.164,61766.977,56349.723,61491.87,43977.668,60285.676,61359.645,65534.906,48075.996,63804.42,78773.07,61465.4,63291.1,63383.6,55863.38,82671.91,64248.15,61491.91,57908.586,53199.145,60581.562,61457.68,61094.152,82698.58,63110.93,78195.445,86945.98,60818.33,39468.94,58977.055,77197.79,96454.98,65371.367,65361.29,77213.305,72800.46,77220.66,65371.273,74245.125,52691.09,78806.01,65332.082,65383.168,65361.48,77253.22,65411.074,67022.7,61486.598,63230.777,79874.98,72655.38,61499.855,63554.098,64597.926,65664.76,58288.13,77247.766,52366.81,74227.84,77209.664,49887.266,77249.55,65411.438,60334.797,74175.71,77222.98,74228.44,77222.99,65332.656,65385.312,69399.66,100115.664,81234.24,49768.938,52572.273,55644.316,69520.0,96963.28,53704.227,58536.344,77203.51,77243.516,74199.92,77216.78,77784.89,51926.406,65361.477,74227.484,77203.46,74208.62,77243.55,65361.55,62401.363,65361.574,45682.574,77004.79,56594.4,65323.363,65603.27,64775.105,83402.02,55657.164,65349.336,42419.438,57456.547,64678.758,64925.7,77218.664,49960.39,65373.95,65322.03,74202.21,92519.0,65375.39,74202.5,74202.5,65375.395,77194.625,77181.086,74251.86,61467.08,58450.223,74748.71,64526.918,77242.39,61468.13,65355.902,65382.41,77203.44,65348.215,65377.508,74203.06,82702.586,56618.184,65377.516,65416.27,42912.25,77217.39,65340.29,74153.81,74228.59,68264.3,61467.434
5940,79634.47,65197.133,76945.53,74013.49,76958.92,76995.93,74053.7,76995.97,76945.99,74091.33,65172.805,74040.734,76947.16,74039.79,76919.5,76996.23,82338.59,54422.51,74091.695,76969.586,76943.49,65224.586,74039.51,76933.336,65197.977,65211.645,54848.54,56442.652,61677.926,65197.45,65211.336,76996.58,76956.73,55556.035,76956.76,76917.11,63941.832,74092.15,74092.58,76996.75,65208.844,65208.785,76957.945,65221.957,74053.06,74039.91,61383.07,59468.023,65248.44,76957.19,65222.016,65196.02,67047.38,74060.18,74066.49,46131.94,59006.887,57477.477,51870.41,55984.863,76943.664,74066.71,43113.36,65253.34,55933.895,65227.004,45454.08,65201.06,43335.816,65227.434,74091.484,65483.58,59398.7,74090.04,57535.344,74067.24,64011.285,60179.742,74054.27,76943.94,62858.26,61381.36,52067.94,45352.293,78295.555,65492.875,52013.14,42657.02,61407.76,74041.64,74054.6,52482.434,76917.43,65164.957,74054.51,65216.414,82368.4,63659.062,53760.32,65216.63,74093.96,65216.86,76944.06,55824.28,63671.492,64015.293,68130.22,58947.227,82371.19,59282.8,59847.27,51020.14,77773.13,50086.668,88688.98,63114.016,43994.77,55796.344,63262.492,47348.91,74040.1,64065.42,76918.305,65192.523,65205.9,59085.72,76997.99,65179.793,49387.56,74079.09,74076.305,76971.82,65232.406,47837.984,65354.277,56877.98,55451.59,55656.977,65126.39,77973.53,66533.02,63663.285,82049.13,56656.867,61399.03,61408.156,59474.33,40803.074,45693.266,69248.52,55659.617,62425.355,62930.188,61690.676,56449.703,61407.94,44143.863,60208.492,61284.527,65364.582,48240.55,63782.05,78503.37,61381.473,63226.535,63336.78,55915.977,82344.27,64190.273,61407.984,57858.54,53187.527,60532.727,61373.453,61131.918,82370.99,62994.145,78071.74,86709.164,60742.723,39617.332,58954.7,76948.88,95960.414,65203.195,65191.562,76963.29,72588.445,76971.75,65203.086,74081.46,52776.848,78533.164,65163.867,65214.973,65191.754,77004.35,65242.91,66943.22,61402.688,63121.63,79590.96,72495.74,61417.293,63519.39,64581.336,65491.996,58228.004,76999.92,52343.89,74064.34,76960.86,50124.6,77000.77,65243.27,60297.867,74011.96,76974.2,74064.695,76974.22,65164.227,65217.15,69217.484,99680.87,80930.164,49944.65,52750.527,55659.344,69417.55,96463.67,53859.21,58510.4,76954.81,76994.84,74036.09,76968.12,77560.61,52023.867,65193.6,74067.1,76954.79,74044.54,76994.875,65193.74,62375.97,65193.75,45693.402,76759.25,56633.21,65154.992,65430.027,64752.047,83109.32,55716.98,65181.336,42536.58,57455.082,64555.523,64786.773,76969.766,50094.543,65206.0,65153.715,74037.695,92202.54,65206.848,74037.984,74037.984,65206.85,76945.78,76932.1,74089.21,61382.996,58448.887,74520.03,64405.55,76993.67,61383.742,65187.805,65214.227,76954.57,65180.434,65208.945,74038.56,82374.9,56594.664,65208.95,65248.08,43062.49,76968.27,65170.71,73984.77,74064.26,68083.9,61383.363
6000,79371.08,65030.527,76699.21,73844.98,76712.57,76749.8,73885.65,76749.82,76699.52,73923.49,65045.938,73872.63,76700.484,73871.47,76672.94,76750.055,82015.1,54509.76,73923.87,76723.35,76697.07,65058.05,73871.484,76686.57,65031.08,65045.1,54925.895,56421.297,61608.48,65030.92,65044.67,76750.34,76710.484,55514.547,76710.45,76670.74,63805.035,73924.21,73924.65,76750.51,65042.35,65042.324,76690.85,65055.49,73885.13,73871.984,61297.773,59390.145,65082.09,76710.81,65055.555,65029.56,66872.58,73908.66,73898.58,46171.895,59072.15,57432.406,52039.48,55979.11,76697.43,73898.8,43179.543,65086.85,56071.938,65060.523,45464.387,65034.49,43492.65,65060.902,73924.414,65312.523,59370.434,73923.86,57568.76,73899.29,63879.617,60130.277,73886.234,76697.62,62747.11,61296.168,52254.477,45525.035,78031.94,65322.06,52122.246,42733.992,61322.57,73873.56,73886.695,52675.22,76671.055,64998.098,73886.61,65050.11,82044.88,63709.855,53836.523,65050.285,73892.7,65050.465,76697.734,55835.414,63571.273,63886.49,68028.625,58904.668,82047.58,59203.984,59810.45,51236.848,77516.53,50090.883,88314.77,63009.445,44050.395,55799.62,63208.27,47534.74,73872.24,64043.992,76671.99,65026.617,65039.953,59028.79,76751.86,65013.805,49372.84,73911.53,73910.24,76725.48,65066.5,47839.812,65185.754,56941.984,55469.62,55670.66,64962.58,77713.59,66386.1,63565.54,81730.28,56662.68,61312.258,61322.973,59452.805,40979.617,45720.64,69233.234,55673.293,62348.0,62847.223,61613.375,56545.625,61322.74,44312.402,60131.64,61209.25,65196.184,48406.78,63758.07,78236.32,61296.266,63163.32,63289.836,55969.812,82020.66,64122.59,61322.78,57803.05,53174.375,60482.406,61288.12,61166.46,82047.39,62877.3,77947.06,86472.055,60666.812,39789.613,58931.09,76702.53,95470.87,65036.953,65024.555,76716.4,72377.98,76725.42,65036.836,73913.81,52862.152,78264.56,64997.61,65048.723,65024.746,76758.0,65076.664,66863.82,61317.473,63012.367,79309.484,72336.29,61333.445,63484.24,64562.582,65321.19,58168.797,76754.12,52315.797,73896.86,76714.586,50356.273,76754.516,65077.023,60259.53,73844.36,76727.945,73897.09,76727.96,64997.86,65050.906,69036.59,99250.86,80629.55,50120.84,52923.58,55673.023,69314.01,95968.48,54009.285,58476.01,76708.63,76748.68,73868.43,76721.95,77334.93,52118.312,65027.66,73901.08,76708.625,73876.7,76748.72,65027.83,62353.793,65027.832,45720.426,76515.945,56669.836,64988.81,65258.906,64726.71,82816.38,55774.17,65015.336,42671.52,57452.066,64432.453,64648.082,76723.47,50231.707,65040.047,64987.586,73869.52,91887.46,65040.598,73869.82,73869.82,65040.6,76699.49,76685.74,73921.96,61297.684,58445.727,74293.41,64283.566,76747.45,61298.266,65021.63,65048.0,76708.27,65014.562,65042.383,73870.41,82051.2,56570.92,65042.387,65081.695,43217.1,76721.86,65003.652,73812.1,73896.18,67904.87,61298.043
6060,79108.58,64865.773,76455.2,73673.914,76468.555,76505.91,73714.82,76505.914,76455.445,73752.766,64860.676,73701.79,76456.305,73700.5,76428.82,76506.14,81694.625,54593.426,73753.14,76479.414,76453.03,64893.33,73700.664,76442.35,64866.184,64880.37,54999.973,56399.535,61538.195,64866.207,64879.887,76506.4,76466.54,55467.52,76466.48,76426.734,63668.906,73753.43,73753.875,76506.57,64877.68,64877.664,76436.625,64890.83,73714.37,73701.23,61211.19,59313.637,64917.48,76466.8,64890.895,64864.902,66699.17,73745.97,73727.81,46219.94,59133.387,57387.797,52207.684,55972.652,76453.49,73728.04,43241.61,64922.16,56208.797,64895.84,45489.848,64869.766,43652.867,64896.195,73754.08,65143.438,59340.473,73753.96,57599.547,73728.52,63748.562,60079.25,73715.42,76453.625,62636.562,61209.676,52435.805,45698.695,77770.9,65153.145,52231.855,42802.152,61236.07,73702.74,73715.95,52865.06,76427.05,64833.324,73715.875,64885.605,81724.375,63759.88,53911.277,64885.758,73705.54,64885.914,76453.75,55845.234,63469.734,63758.145,67920.016,58861.785,81726.984,59126.574,59772.168,51449.41,77262.38,50099.023,87942.484,62904.72,44107.098,55801.93,63154.45,47719.49,73701.555,64021.344,76428.0,64862.496,64875.805,58972.203,76507.96,64849.64,49359.93,73741.0,73740.44,76481.47,64902.367,47846.773,65019.11,57002.68,55486.145,55683.008,64800.58,77456.17,66239.7,63466.348,81414.19,56666.957,61224.254,61236.49,59429.66,41166.54,45760.773,69217.14,55685.633,62268.93,62762.438,61535.164,56637.473,61236.234,44482.707,60055.15,61133.832,65029.63,48573.734,63732.465,77971.88,61209.76,63101.3,63242.88,56024.66,81700.06,64046.836,61236.277,57742.92,53160.71,60430.69,61201.566,61197.65,81726.805,62760.355,77821.74,86235.086,60590.652,39976.824,58906.27,76458.5,94986.31,64872.51,64859.74,76472.1,72169.336,76481.43,64872.387,73743.26,52946.246,77999.37,64873.227,64884.28,64859.926,76513.945,64912.215,66783.76,61230.94,62903.04,79030.4,72177.0,61248.27,63448.41,64541.508,65152.297,58110.47,76510.37,52284.51,73726.47,76470.61,50582.844,76510.55,64912.574,60219.832,73673.914,76483.984,73726.65,76483.99,64833.363,64886.46,68857.05,98825.58,80331.15,50296.613,53091.52,55685.363,69209.414,95477.96,54154.543,58435.3,76464.75,76504.805,73697.93,76478.08,77109.15,52210.387,64863.52,73731.33,76464.75,73706.06,76504.836,64863.703,62331.246,64863.703,45760.348,76275.03,56704.203,64824.55,65089.8,64699.176,82523.484,55828.723,64851.164,42817.19,57447.55,64309.35,64509.668,76479.516,50370.055,64875.92,64823.38,73698.61,91573.984,64876.33,73698.91,73698.91,64876.33,76455.52,76441.74,73751.5,61211.086,58440.71,74069.51,64161.066,76503.53,61211.58,64857.25,64883.594,76464.31,64850.48,64877.664,73699.51,81730.53,56546.96,64877.67,64917.062,43375.523,76477.836,64838.695,73637.37,73725.305,67727.164,61211.434
6120,78846.2,64703.34,76213.555,73500.3,76226.9,76264.32,73541.33,76264.33,76213.76,73579.3,64688.14,73528.29,76214.555,73526.93,76187.11,76264.55,81377.984,54673.6,73579.68,76237.805,76211.38,64730.902,73527.164,76234.414,64703.676,64717.945,55070.86,56377.41,61467.133,64703.79,64717.434,76264.79,76224.93,55416.78,76224.86,76185.1,63533.605,73579.945,73580.4,76264.96,64715.305,64715.3,76189.96,64728.46,73540.91,73527.766,61123.164,59238.434,64755.137,76225.164,64728.527,64702.54,66526.93,73576.48,73554.35,46274.465,59191.367,57343.625,52374.46,55965.508,76211.89,73554.586,43301.02,64759.766,56342.766,64733.45,45528.16,64707.355,43815.93,64733.79,73580.82,64976.41,59308.797,73580.92,57627.766,73555.06,63618.336,60024.098,73541.94,76212.0,62526.812,61121.715,52611.98,45872.754,77512.414,64986.246,52341.668,42863.97,61148.105,73529.26,73542.516,53051.87,76185.414,64670.977,73542.44,64723.387,81407.68,63799.227,53985.39,64723.527,73524.01,64723.67,76212.125,55853.664,63367.004,63630.535,67805.47,58818.598,81410.22,59050.53,59732.508,51658.062,77010.69,50110.99,87572.14,62799.94,44165.047,55803.27,63101.07,47902.58,73528.164,63996.668,76186.36,64700.64,64713.938,58915.96,76266.36,64687.766,49348.957,73567.68,73567.484,76239.82,64740.504,47858.902,64854.63,57060.04,55501.19,55694.004,64640.5,77201.24,66093.766,63365.812,81101.945,56669.375,61134.637,61148.543,59405.703,41358.656,45810.914,69165.22,55696.617,62188.293,62675.98,61456.133,56725.137,61148.27,44654.31,59979.04,61058.324,64865.207,48740.496,63705.324,77710.04,61121.797,63040.38,63195.945,56079.65,81383.3,63964.574,61148.316,57679.06,53147.55,60377.676,61113.582,61225.53,81410.05,62643.277,77685.89,85997.71,60514.305,40172.535,58880.266,76216.83,94506.7,64710.344,64697.387,76230.29,71962.3,76239.79,64710.22,73569.945,53028.97,77737.15,64690.727,64722.117,64697.574,76272.234,64750.04,66702.46,61142.934,62793.727,78753.94,72017.99,61161.656,63411.9,64518.42,64985.41,58052.984,76268.85,52251.465,73553.336,76228.984,50804.754,76268.92,64750.395,60178.914,73500.766,76242.36,73553.484,76242.37,64671.168,64724.285,68678.77,98406.055,80036.19,50471.26,53254.42,55696.35,69104.06,94992.26,54294.977,58390.016,76223.21,76263.266,73524.73,76236.54,76882.84,52300.26,64701.645,73558.445,76223.21,73532.74,76263.3,64701.832,62307.99,64701.832,45810.355,76036.47,56737.062,64662.62,64922.78,64669.824,82230.664,55880.746,64689.27,42968.863,57441.477,64186.05,64371.78,76237.92,50508.46,64714.074,64661.496,73525.04,91261.49,64714.406,73525.34,73525.34,64714.41,76213.91,76200.11,73578.16,61123.04,58436.41,73846.91,64038.19,76261.95,61123.473,64695.137,64721.47,76222.71,64688.65,64715.25,73525.96,81413.69,56522.797,64715.254,64754.684,43537.2,76236.195,64676.164,73460.39,73551.76,67550.71,61123.367
6180,78582.95,64543.03,75974.016,73290.28,75987.36,76024.836,73331.41,76024.84,75974.2,73369.35,64522.855,73318.37,75974.98,73316.94,75947.55,76025.055,81064.25,54750.402,73369.75,75998.31,75971.87,64570.586,73317.22,76011.48,64543.332,64557.633,55138.66,56354.96,61395.383,64543.484,64557.11,76025.3,75985.44,55363.69,75985.35,75945.59,63399.062,73370.01,73370.48,76025.47,64555.047,64555.047,75947.98,64568.203,73330.984,73317.84,61034.008,59164.47,64594.883,75985.65,64568.27,64542.285,66356.05,73368.51,73344.44,46333.637,59245.926,57299.88,52528.44,55957.676,75972.4,73344.67,43358.52,64599.477,56472.31,64573.168,45577.043,64547.066,43981.355,64573.5,73371.016,64811.46,59275.934,73371.23,57653.523,73345.16,63488.812,59971.06,73332.03,75972.5,62417.83,61032.625,52783.062,46045.89,77256.42,64821.387,52451.184,42923.324,61059.01,73319.36,73332.63,53235.2,75945.91,64510.805,73332.56,64563.27,81093.914,63842.453,54059.145,64563.406,73310.15,64563.543,75972.62,55860.723,63263.207,63503.67,67673.555,58775.125,81096.375,58975.797,59691.543,51862.945,76761.32,50126.492,87200.52,62695.207,44222.49,55803.633,63048.145,48082.117,73318.38,63970.055,75946.84,64540.875,64554.164,58860.06,76026.86,64527.992,49340.66,73357.92,73357.91,76000.3,64580.727,47875.03,64692.234,57114.383,55514.773,55703.625,64482.426,76948.73,65948.22,63264.04,80791.82,56670.09,61044.566,61059.473,59380.17,41552.387,45868.75,69156.49,55706.227,62106.215,62588.004,61376.277,56809.605,61059.18,44826.79,59903.32,60982.76,64702.848,48896.953,63676.707,77450.75,61032.71,62980.465,63149.055,56133.98,81069.46,63874.63,61059.23,57612.504,53135.484,60323.43,61024.48,61250.566,81096.2,62526.176,77558.07,85759.61,60437.805,40372.152,58853.117,75977.266,94034.38,64550.273,64537.23,75990.664,71756.93,76000.266,64550.15,73360.234,53110.52,77477.67,64520.65,64562.05,64537.414,76032.64,64589.96,66607.3,61053.793,62684.117,78479.266,71859.266,61073.77,63374.703,64493.207,64820.57,57996.3,76029.39,52217.566,73343.87,75989.47,51022.367,76029.41,64590.312,60136.86,73291.29,76002.84,73344.01,76002.85,64511.09,64564.207,68501.695,97993.27,79741.23,50607.676,53412.387,55705.965,68997.94,94510.65,54430.906,58341.22,75983.77,76023.83,73315.18,75997.1,76643.4,52388.176,64541.855,73349.06,75983.77,73323.16,76023.87,64542.047,62281.03,64542.047,45868.098,75799.945,56767.598,64502.812,64757.85,64638.383,81925.24,55930.273,64529.473,43123.33,57433.855,64062.586,64234.44,75998.45,50645.44,64554.32,64501.73,73315.27,90950.91,64554.613,73315.586,73315.586,64554.617,75974.41,75960.6,73368.516,61033.867,58428.76,73626.516,63915.043,76022.484,61034.266,64535.12,64561.44,75983.23,64528.902,64554.945,73316.22,81099.77,56498.43,64554.953,64594.395,43701.598,75996.695,64515.81,73251.336,73342.266,67375.49,61034.176
6240,78309.4,64384.523,75736.67,73114.93,75750.01,75787.53,73156.086,75787.54,75736.85,73194.02,64361.9,73143.05,75737.6,73141.6,75710.19,75787.75,80724.09,54823.918,73194.43,75761.0,75734.55,64412.07,73141.9,75782.31,64384.805,64399.117,55203.438,56332.215,61322.992,64384.98,64398.59,75787.984,75748.13,55308.56,75748.05,75708.28,63265.2,73194.68,73195.16,75788.16,64396.586,64396.586,75709.445,64409.74,73155.67,73142.54,60943.918,59091.68,64436.418,75748.336,64409.805,64383.824,66186.88,73194.15,73169.125,46396.805,59297.113,57256.53,52686.066,55949.188,75735.086,73169.37,43415.97,64440.98,56599.57,64414.676,45634.13,64388.58,44148.605,64415.004,73195.75,64648.508,59241.566,73196.02,57676.9,73169.85,63359.99,59916.3,73156.73,75735.19,62309.51,60942.605,52949.133,46218.12,77002.914,64658.5,52556.863,42980.305,60968.99,73144.055,73157.34,53414.684,75708.59,64352.457,73157.266,64404.94,80753.88,63887.395,54126.67,64405.074,73132.9,64405.21,75735.305,55866.83,63158.46,63377.5,67547.67,58731.383,80756.17,58902.31,59649.324,52063.98,76514.31,50145.008,86831.664,62590.555,44283.605,55803.145,62995.664,48258.336,73143.125,63941.63,75709.516,64382.883,64396.164,58804.484,75789.54,64369.996,49335.605,73182.67,73182.75,75762.97,64422.723,47895.562,64531.723,57165.703,55527.09,55712.19,64326.207,76698.66,65801.65,63161.15,80459.53,56669.58,60953.7,60969.47,59352.973,41745.234,45932.04,69142.81,55714.785,62022.83,62498.64,61295.77,56890.21,60969.164,44999.44,59827.996,60907.14,64542.363,49061.266,63646.676,77193.984,60942.695,62921.492,63102.21,56183.816,80729.484,63780.277,60969.215,57543.875,53124.71,60268.035,60947.84,61272.766,80756.23,62409.11,77432.086,85522.95,60361.203,40572.445,58824.8,75739.89,93569.79,64391.992,64378.906,75753.26,71500.0,75762.94,64391.87,73185.01,53188.668,77220.81,64357.44,64403.777,64379.09,75795.234,64431.668,66481.52,60963.715,62574.74,78205.48,71700.914,60984.77,63336.848,64465.89,64657.7,57940.383,75792.086,52184.68,73168.77,75752.13,51235.9,75792.07,64432.02,60093.617,73116.2,75765.51,73168.91,75765.516,64352.81,64405.918,68312.66,97585.86,79441.31,50788.48,53565.508,55714.523,68891.14,94035.625,54562.324,58289.742,75746.52,75786.57,73140.055,75759.85,76412.15,52473.81,64383.848,73173.93,75746.52,73147.92,75786.61,64384.04,62238.785,64384.04,45931.316,75564.195,56795.695,64344.793,64594.92,64605.008,81631.72,55977.23,64371.46,43278.258,57424.484,63938.926,64097.6,75761.164,50779.47,64396.34,64343.754,73139.805,90642.836,64396.617,73140.12,73140.125,64396.62,75737.086,75757.086,73193.09,60943.76,58418.92,73392.64,63791.7,75785.19,60944.14,64376.895,64403.203,75745.92,64370.93,64396.45,73140.76,80759.84,56473.87,64396.457,64435.902,43868.234,75759.38,64357.29,73073.3,73166.68,67200.39,60944.05
6300,78049.414,64226.324,75500.74,72937.82,75514.08,75517.83,72979.01,75551.64,75500.92,73016.92,64202.49,72965.98,75501.66,72964.49,75474.25,75551.85,80425.305,54891.555,73017.336,75525.1,75498.65,64253.86,72964.81,75550.414,64226.598,64240.906,55247.395,56309.2,61249.902,64226.78,64240.38,75552.086,75512.234,55252.656,75512.15,75472.38,63099.94,73017.586,73018.06,75552.26,64238.402,64238.402,75472.945,64251.55,72978.59,72965.46,60867.555,59020.016,64278.227,75512.44,64251.617,64225.64,66018.61,73017.54,72992.055,46454.438,59344.414,57213.562,52844.746,55940.03,75499.195,72992.3,43473.633,64282.76,56726.18,64256.465,45696.203,64230.367,44317.18,64256.79,73018.7,64487.28,59205.395,73019.0,57657.04,72992.79,63231.508,59860.043,72979.66,75499.29,62201.32,60852.777,53112.29,46390.133,76751.79,64497.312,52664.195,43035.754,60879.152,72967.0,72980.29,53590.688,75472.695,64194.402,72980.22,64246.895,80454.89,63931.9,54198.61,64247.027,72954.89,64247.156,75499.414,55871.434,63054.812,63251.535,67421.266,58686.582,80457.27,58830.01,59605.12,52261.11,76269.22,50126.652,86466.75,62485.97,44344.84,55801.633,62943.613,48428.305,72966.09,63911.42,75473.6,64225.152,64238.43,58749.223,75553.625,64212.266,49333.5,73005.65,73005.77,75527.05,64264.98,47918.37,64372.195,57201.38,55537.89,55719.207,64168.3,76450.84,65655.016,63071.23,80177.266,56668.3,60864.812,60879.65,59322.15,41935.46,45996.703,69125.945,55721.785,61938.28,62408.23,61214.78,56963.418,60879.355,45172.12,59753.082,60830.6,64382.848,49224.12,63615.28,76939.7,60852.887,62863.395,63055.414,56233.11,80430.53,63684.027,60879.41,57474.188,53103.58,60211.566,60864.598,61292.023,80457.28,62282.93,77306.21,85288.19,60284.547,40771.152,58787.66,75503.945,93111.84,64233.992,64247.574,75537.58,71312.195,75540.54,64233.87,73008.02,53264.688,76966.48,64197.02,64245.78,64247.758,75559.25,64273.66,66408.19,60873.824,62465.9,77909.74,71542.67,60894.566,63298.34,64436.03,64496.52,57885.195,75556.17,52152.633,72991.945,75516.21,51445.43,75556.14,64274.008,60048.605,72939.38,75529.586,72992.08,75529.59,64194.812,64247.914,68137.555,97183.44,79149.2,50962.215,53714.01,55721.527,68783.6,93567.86,54688.72,58235.19,75510.65,75550.695,72963.19,75523.98,76182.56,52556.805,64226.1,72997.0,75510.66,72970.95,75550.734,64226.293,62207.766,64226.293,46008.53,75330.03,56805.29,64187.047,64433.71,64569.516,81339.1,55967.332,64213.71,43431.27,57412.97,63815.016,63960.812,75525.266,50913.883,64238.63,64186.05,72962.61,90337.734,64252.24,72962.93,72962.94,64252.242,75501.17,75537.83,72982.61,60853.836,58404.168,73168.99,63668.383,75549.29,60867.6,64218.945,64245.25,75510.016,64213.223,64238.254,72963.58,80460.8,56449.13,64238.258,64277.7,44036.594,75523.48,64199.086,72893.875,72989.43,67025.7,60854.117
6360,77786.51,64060.45,75285.11,72783.32,75271.41,75258.5,72784.58,75308.96,75258.24,72822.45,64036.035,72771.555,75286.02,72796.68,75231.58,75309.17,80129.27,54917.598,72822.875,75282.43,75255.97,64087.99,72770.36,75309.72,64087.4,64095.05,55231.418,56262.027,61176.01,64060.91,64074.508,75309.41,75269.56,55196.668,75269.47,75229.71,62973.02,72823.125,72823.625,75309.586,64072.582,64072.582,75229.98,64085.73,72784.16,72771.03,60784.5,58929.65,64112.402,75269.766,64085.797,64059.83,65847.766,72823.33,72797.62,46502.203,59388.777,57157.848,53002.223,55918.207,75256.52,72797.87,43529.848,64116.934,56851.523,64090.64,45747.97,64064.55,44486.746,64090.97,72824.28,64324.797,59167.176,72824.6,57686.26,72798.37,63100.21,59803.066,72785.24,75256.625,62089.473,60763.047,53271.043,46561.64,76501.586,64334.76,52769.19,43090.2,60789.418,72772.6,72785.89,53763.477,75230.03,64028.78,72785.81,64094.61,80158.75,63975.18,54268.54,64081.4,72793.33,64081.53,75256.74,55871.02,62950.316,63122.645,67286.85,58638.297,80161.16,58734.375,59558.19,52453.855,76021.73,50152.887,86104.39,62380.445,44398.246,55795.44,62891.965,48596.93,72771.74,63879.81,75230.92,64059.82,64073.094,58684.71,75310.945,64046.934,49332.91,72811.29,72811.44,75284.37,64099.64,47936.06,64208.605,57241.945,55540.53,55732.63,64012.73,76202.86,65507.67,62974.387,79884.68,56662.625,60775.57,60789.938,59291.74,42119.95,46053.26,69106.88,55735.188,61852.758,62316.957,61132.914,57035.19,60789.66,45344.785,59669.39,60750.96,64218.94,49385.266,63582.633,76687.45,60763.19,62806.11,63008.652,56282.016,80134.4,63584.71,60789.72,57404.027,53089.523,60153.535,60778.105,61309.06,80161.14,62162.348,77180.31,85054.3,60206.188,40966.395,58756.758,75261.28,92659.72,64068.637,64095.348,75304.89,71039.51,75304.52,64068.51,72813.71,53343.164,76714.2,64030.477,64080.414,64095.53,75316.58,64108.293,66323.01,60784.023,62356.117,77646.84,71381.52,60799.723,63259.21,64399.664,64333.96,57820.08,75313.6,52121.863,72797.85,75273.63,51649.086,75313.56,64108.645,60002.703,72745.3,75287.01,72797.98,75287.016,64029.465,64082.56,67944.98,96761.26,78863.61,51131.13,53858.1,55734.953,68674.78,93107.0,54810.96,58178.785,75288.33,75308.09,72769.04,75281.375,75947.35,52639.35,64060.953,72802.8,75268.055,72776.734,75308.13,64061.145,62177.523,64061.145,46058.625,75097.39,56819.645,64021.906,64297.938,64532.902,81042.11,56005.445,64048.566,43573.184,57398.426,63691.105,63821.13,75282.82,51047.043,64073.535,64020.96,72794.84,90027.19,64093.707,72768.52,72768.53,64093.71,75285.8,75303.6,72771.81,60777.56,58386.72,72927.22,63544.22,75306.89,60784.37,64053.64,64079.938,75267.625,64048.137,64072.727,72769.19,80164.586,56383.65,64072.73,64112.168,44206.242,75281.08,64033.56,72699.555,72795.11,66850.17,60777.65
6420,77528.164,63901.46,75062.46,72560.945,75055.71,75048.11,72562.555,75072.98,75049.31,72580.4,63883.434,72556.195,75063.37,72567.75,75002.37,75073.19,79838.12,54937.34,72580.83,75046.445,75047.03,63942.332,72528.33,75074.73,63941.543,63945.914,55243.523,56212.04,61101.293,63928.6,63935.523,75073.43,75053.87,55141.492,75033.49,75000.5,62844.863,72581.086,72548.29,75073.6,63913.645,63913.645,75034.42,63926.79,72542.13,72529.01,60697.773,58854.69,63953.457,75054.08,63926.855,63900.895,65679.66,72581.41,72555.6,46561.86,59428.574,57099.965,53155.875,55894.523,75020.56,72555.85,43585.113,63957.973,56974.305,63931.684,45800.715,63905.598,44657.02,63932.01,72582.27,64162.95,59126.48,72582.61,57708.07,72556.37,62970.69,59744.527,72563.23,75020.66,61979.246,60673.03,53424.883,46732.25,76252.96,64172.695,52872.79,43143.707,60699.395,72530.625,72563.9,53933.03,75000.83,63876.668,72543.836,63942.387,79867.5,64016.824,54337.42,63922.61,72567.52,63922.742,75047.82,55872.344,62844.586,62995.85,67132.76,58589.0,79869.914,58647.055,59511.09,52643.074,75778.42,50176.703,85740.84,62274.598,44454.05,55786.18,62840.715,48764.97,72549.84,63846.258,75001.695,63901.29,63914.562,58621.477,75074.95,63888.406,49333.17,72569.414,72569.58,75061.9,63941.1,47956.934,64048.82,57282.87,55546.41,55739.812,63862.06,75956.414,65359.43,62873.523,79597.516,56656.293,60685.76,60699.945,59259.11,42298.34,46112.727,69086.11,55742.344,61766.355,62224.77,61050.094,57103.39,60699.684,45517.26,59587.79,60671.844,64058.727,49544.227,63548.85,76436.79,60673.215,62749.582,62962.086,56331.24,79843.14,63479.043,60699.742,57333.137,53078.957,60094.25,60689.676,61321.35,79869.88,62045.258,77053.97,84820.375,60126.246,41156.438,58726.105,75025.305,92212.25,63910.008,63943.18,75073.836,70864.93,75071.81,63929.89,72571.91,53420.03,76463.53,63877.938,63921.773,63943.363,75080.6,63949.656,66216.51,60693.93,62245.953,77382.23,71221.63,60706.773,63220.176,64363.62,64171.902,57754.48,75077.7,52092.305,72556.34,75058.02,51850.664,75077.664,63950.01,59955.54,72503.805,75051.11,72556.48,75064.64,63877.51,63923.926,67771.86,96362.984,78581.73,51295.242,53997.715,55742.137,68564.17,92652.3,54928.844,58121.848,75062.41,75072.18,72527.46,75045.46,75694.94,52720.848,63902.51,72561.23,75032.13,72548.484,75072.21,63902.707,62144.2,63902.703,46114.9,74870.59,56832.58,63903.484,64149.258,64493.625,80729.016,56031.22,63890.133,43713.824,57384.14,63564.066,63683.47,75060.52,51178.504,63915.137,63869.242,72566.28,89720.24,63938.54,72553.49,72553.5,63938.543,75063.32,75071.836,72555.38,60694.215,58367.715,72702.62,63419.734,75071.086,60697.51,63921.727,63921.344,75031.81,63916.42,63913.938,72554.18,79873.26,56335.543,63913.94,63953.37,44376.832,75058.79,63881.445,72467.234,72567.2,66675.734,60694.094
6480,77272.62,63774.668,74839.33,72390.72,74836.0,74831.016,72392.5,74843.266,74832.945,72400.48,63766.457,72389.42,74840.23,72394.3,74809.81,74843.484,79548.71,54954.26,72400.914,74816.74,74830.66,63795.438,72375.06,74845.516,63794.543,63797.3,55259.68,56162.617,61025.1,63788.273,63791.914,74843.734,74834.164,55086.41,74824.08,74807.945,62716.594,72401.18,72385.29,74843.91,63760.23,63780.234,74824.64,63786.703,72382.21,72349.12,60609.24,58782.85,63800.035,74834.375,63773.438,63747.48,65512.81,72401.56,72375.7,46623.76,59465.637,57042.203,53308.37,55870.508,74790.875,72375.96,43640.254,63771.184,57095.316,63778.24,45858.742,63778.824,44826.78,63791.9,72402.375,64002.9,59083.973,72402.72,57725.758,72389.8,62843.5,59684.74,72393.18,74818.016,61870.594,60582.9,53573.184,46901.58,76005.086,64012.582,52974.613,43195.594,60609.254,72377.38,72393.86,54099.504,74774.48,63760.0,72383.94,63792.32,79578.03,64056.684,54400.883,63782.65,72395.6,63782.777,74831.46,55872.254,62737.598,62870.836,66997.51,58539.49,79580.43,58567.207,59463.402,52828.79,75539.016,50200.33,85380.47,62168.41,44511.8,55774.99,62789.555,48930.777,72379.82,63811.47,74809.12,63768.227,63774.83,58560.184,74845.24,63762.01,49335.42,72389.55,72389.72,74838.84,63754.695,47982.32,63892.035,57323.305,55550.37,55743.96,63715.44,75739.83,65212.707,62770.016,79311.69,56648.633,60596.195,60609.84,59223.582,42470.82,46175.434,69063.54,55746.46,61678.934,62131.59,60966.21,57168.68,60609.594,45689.094,59508.156,60593.58,63901.734,49700.793,63513.613,76213.94,60583.13,62692.742,62915.33,56378.098,79553.664,63372.59,60609.656,57263.027,53070.668,60033.91,60600.32,61332.508,79580.41,61930.176,76926.37,84587.21,60045.742,41339.246,58693.855,74822.64,91768.54,63776.82,63793.168,74846.55,70681.01,74843.71,63786.547,72392.06,53467.562,76227.14,63761.086,63781.91,63793.35,74850.89,63796.457,66128.19,60603.73,62135.676,77123.555,71063.695,60613.55,63179.38,64326.027,63978.445,57689.688,74848.06,52063.547,72376.67,74838.375,52048.016,74848.02,63796.812,59906.652,72350.78,74821.48,72376.81,74841.664,63760.95,63770.74,67600.51,95973.125,78306.41,51456.715,54132.55,55746.277,68453.55,92202.414,55042.45,58064.28,74837.68,74842.52,72347.76,74829.33,75466.16,52682.918,63769.49,72381.42,74822.766,72375.234,74808.766,63769.684,62110.2,63769.68,46176.023,74648.836,56841.137,63770.164,63995.71,64452.484,80437.74,56050.75,63763.785,43852.195,57368.344,63439.926,63547.46,74837.59,51307.785,63775.48,63752.883,72392.695,89417.734,63787.14,72386.58,72386.586,63787.14,74840.305,74844.24,72387.77,60607.37,58343.543,72491.57,63294.688,74807.7,60608.89,63781.703,63781.516,74822.5,63776.574,63780.6,72387.27,79583.73,56290.64,63780.61,63800.027,44547.44,74835.86,63731.402,72299.92,72393.625,66502.66,60607.082
6540,77020.17,63638.67,74618.17,72216.516,74616.54,74612.84,72218.4,74618.88,74615.125,72221.51,63635.293,72216.94,74619.06,72218.516,74603.72,74619.1,79262.39,54969.277,72221.95,74592.36,74612.836,63649.535,72209.22,74621.37,63648.594,63650.555,55276.742,56114.87,60947.92,63645.61,63647.633,74619.35,74614.7,55031.867,74609.69,74601.86,62589.105,72188.94,72214.66,74619.53,63631.14,63640.992,74610.08,63644.18,72213.1,72170.18,60519.887,58712.82,63650.938,74614.92,63624.348,63598.4,65349.258,72222.63,72196.76,46686.7,59500.547,56985.496,53457.867,55846.273,74566.51,72197.016,43695.953,63638.973,57213.75,63629.113,45920.75,63642.836,44997.03,63649.34,72223.43,63845.223,59038.96,72223.77,57740.27,72217.414,62718.0,59623.17,72219.08,74606.96,61764.227,60492.797,53716.38,47069.6,75760.414,63854.44,53072.406,43247.98,60519.15,72211.57,72219.77,54262.89,74551.75,63629.05,72214.84,63644.92,79291.66,64094.6,54384.504,63640.223,72220.59,63640.355,74613.66,55870.65,62629.12,62747.355,66862.33,58490.035,79294.04,58492.43,59414.758,53011.203,75303.25,50224.246,85024.84,62062.31,44570.91,55762.387,62738.65,49094.395,72205.74,63774.793,74603.016,63629.297,63632.613,58500.49,74620.84,63626.37,49339.867,72210.625,72210.8,74617.73,63589.504,48010.133,63738.074,57361.375,55553.87,55745.87,63570.887,75512.836,65068.184,62664.09,79029.39,56640.258,60506.42,60519.76,59185.78,42637.754,46240.223,69039.48,55748.344,61590.344,62037.164,60881.45,57231.27,60519.53,45860.246,59430.043,60515.766,63747.1,49855.41,63477.227,75979.33,60493.066,62636.953,62868.406,56401.523,79267.28,63267.18,60519.594,57193.57,53063.273,59972.496,60510.598,61340.844,79294.016,61816.18,76799.07,84355.984,59965.15,41516.312,58660.195,74611.555,91330.03,63637.742,63645.8,74623.336,70494.39,74620.11,63642.465,72213.17,53512.96,75985.87,63630.05,63639.543,63645.984,74626.484,63647.523,66038.68,60513.566,62026.117,76868.97,70907.79,60520.285,63138.027,64286.996,63837.266,57626.047,74623.71,52036.402,72197.96,74618.94,52242.207,74623.664,63647.88,59855.906,72185.19,74597.12,72198.09,74620.586,63630.055,63621.81,67430.65,95588.72,78034.766,51614.94,54263.008,55748.18,68343.38,91757.516,55152.055,58007.12,74615.76,74618.19,72182.336,74611.65,75240.02,52799.715,63630.562,72202.57,74608.414,72199.62,74601.57,63630.758,62074.7,63630.758,46240.023,74430.266,56846.164,63631.094,63841.25,64409.707,80148.78,56066.566,63628.15,43987.72,57351.996,63316.47,63413.22,74616.56,51434.9,63633.3,63622.176,72216.805,89120.266,63639.176,72213.98,72213.98,63639.18,74619.23,74620.9,72214.836,60518.867,58318.617,72286.09,63170.707,74566.74,60519.496,63639.266,63639.18,74608.164,63634.297,63641.39,72214.67,79297.3,56247.223,63641.395,63650.96,44718.367,74614.81,63583.965,72118.266,72217.71,66333.016,60518.46
6600,76689.766,63498.95,74398.836,72037.55,74398.04,74394.98,72039.48,74397.95,74397.44,72040.19,63497.95,72038.81,74399.72,72038.766,74391.805,74398.18,78973.25,54984.555,72040.63,74371.44,74395.15,63504.938,72034.37,74400.56,63503.973,63505.54,55292.59,56068.742,60870.215,63502.605,63503.83,74398.43,74396.21,54978.32,74393.69,74389.96,62462.535,71991.234,72037.44,74398.61,63494.832,63499.688,74393.99,63501.254,72036.63,71988.875,60430.03,58644.01,63504.78,74396.43,63478.195,63452.25,65188.047,72041.33,72015.46,46750.547,59533.008,56929.812,53604.21,55821.832,74345.59,72015.72,43752.547,63501.11,57329.434,63482.926,45985.938,63503.11,45167.336,63506.38,72042.125,63690.934,58992.715,72042.48,57752.113,72039.34,62593.7,59560.93,72040.164,74392.62,61659.23,60402.605,53855.207,47236.25,75519.52,63699.832,53166.547,43301.145,60428.953,72036.734,72040.87,54423.06,74331.66,63491.87,72038.4,63499.64,79002.52,64130.527,54465.098,63497.395,72041.23,63497.527,74395.98,55867.56,62520.547,62625.387,66726.4,58441.016,79004.836,58420.895,59365.36,53190.375,75070.6,50248.43,84673.43,61957.617,44631.277,55748.676,62688.113,49255.74,72026.86,63736.9,74391.086,63488.28,63489.98,58442.035,74399.91,63486.973,49345.92,72029.35,72029.53,74398.41,63435.562,48039.27,63588.152,57396.938,55557.04,55745.906,63428.2,75282.38,64924.797,62557.023,78730.95,56630.6,60416.344,60429.594,59146.7,42799.39,46306.79,69014.07,55748.35,61500.99,61941.812,60796.934,57291.395,60429.375,46030.625,59353.098,60438.613,63596.832,50007.777,63439.414,75740.92,60402.914,62582.23,62821.473,56443.285,78978.05,63162.63,60429.44,57123.777,53056.67,59910.44,60420.59,61346.484,79004.77,61702.945,76672.01,84126.82,59885.03,41687.53,58625.78,74397.17,90896.555,63496.57,63500.55,74402.98,70306.24,74399.56,63498.832,72031.93,53576.164,75744.18,63492.844,63496.754,63500.734,74405.52,63501.5,65947.04,60423.32,61917.188,76616.93,70753.18,60427.71,63096.383,64246.684,63657.67,57563.58,74402.805,52011.04,72016.9,74400.45,52433.27,74402.76,63501.855,59803.64,72010.59,74376.22,71983.766,74401.3,63492.914,63475.79,67261.86,95209.69,77765.484,51770.3,54389.1,55748.203,68233.27,91317.66,55257.89,57951.24,74396.07,74397.305,72007.805,74394.05,74992.18,52885.395,63489.54,72021.39,74392.45,72020.02,74389.14,63489.734,62036.98,63489.734,46306.19,74213.69,56847.934,63490.0,63688.56,64365.582,79862.01,56079.055,63488.746,44120.35,57334.6,63193.02,63280.33,74397.305,51558.93,63490.688,63485.21,72036.98,88826.77,63493.715,72035.766,72035.766,63493.72,74399.945,74400.51,72036.46,60429.43,58291.867,72083.11,63047.12,74337.68,60429.613,63496.453,63483.086,74392.21,63491.637,63500.094,72036.48,79008.03,56204.844,63500.1,63504.812,44889.484,74395.555,63438.63,71931.95,72037.86,66165.25,60428.94
6660,76464.61,63358.14,74146.414,71854.06,74146.02,74143.2,71856.04,74144.67,74145.82,71855.555,63358.31,71855.766,74147.32,71854.91,74143.04,74144.9,78685.84,55000.457,71856.01,74118.16,74143.46,63361.727,71852.92,74147.41,63360.75,63362.12,55306.5,56024.465,60792.51,63360.18,63361.01,74145.16,74144.13,54926.027,74142.84,74141.125,62336.52,71798.55,71854.836,74145.336,63355.723,63358.113,74143.1,63358.887,71854.4,71804.27,60339.867,58576.2,63360.816,74144.36,63334.24,63308.297,65028.453,71856.72,71830.84,46814.57,59562.59,56875.21,53747.34,55797.215,74092.33,71831.11,43810.156,63361.215,57442.4,63338.934,46052.97,63362.297,45337.43,63363.973,71857.516,63539.71,58945.023,71857.87,57761.23,71856.33,62470.625,59497.43,71856.734,74142.58,61555.297,60312.316,53989.316,47401.406,75277.05,63548.406,53259.53,43355.344,60338.656,71855.31,71857.445,54580.277,74078.79,63352.37,71856.19,63356.152,78715.09,64164.46,54536.83,63355.113,71857.58,63355.242,74144.305,55863.18,62411.727,62504.383,66589.6,58392.375,78717.375,58351.516,59315.215,53366.25,74822.47,50273.477,84325.56,61853.227,44692.465,55734.047,62637.844,49414.67,71843.46,63697.93,74108.48,63346.984,63334.562,58384.582,74146.65,63346.473,49354.652,71844.78,71844.96,74145.945,63287.906,48071.04,63440.746,57429.49,55559.31,55744.312,63287.07,75043.62,64782.387,62449.285,78453.93,56620.36,60326.184,60339.32,59105.832,42955.793,46373.78,68987.41,55746.734,61410.875,61845.707,60712.098,57348.29,60339.113,46200.1,59277.117,60361.625,63449.496,50157.54,63400.977,75501.09,60312.66,62528.32,62774.2,56486.68,78690.63,63058.656,60339.184,57055.07,53050.992,59847.73,60330.387,61349.914,78717.35,61590.223,76545.414,83900.38,59805.363,41852.96,58590.402,74147.24,90467.88,63355.12,63357.09,74150.11,70115.57,74146.5,63356.168,71847.38,53646.055,75502.734,63353.34,63354.51,63357.273,74152.42,63357.656,65852.8,60332.977,61808.84,76354.375,70586.43,60335.625,63054.11,64205.094,63527.305,57502.23,74149.875,51987.63,71832.55,74148.73,52621.02,74149.83,63358.01,59750.14,71829.42,74123.29,71783.04,74149.17,63353.45,63331.953,67093.95,94835.195,77495.01,51922.316,54510.926,55746.598,68120.266,90882.766,55359.94,57896.45,74143.58,74110.43,71826.65,74142.58,74759.1,52963.656,63348.234,71836.91,74141.8,71836.33,74140.22,63348.43,61999.555,63348.426,46372.973,73976.14,56846.664,63348.656,63538.133,64319.86,79576.33,56088.414,63348.234,44249.438,57316.316,63070.277,63148.566,74145.5,51679.535,63348.61,63345.914,71853.06,88537.016,63350.23,71852.66,71852.66,63350.23,74148.18,74148.19,71853.27,60339.473,58263.08,71869.664,62924.035,74081.17,60339.438,63354.207,63334.3,74142.18,63349.527,63358.523,71853.37,78720.6,56163.496,63358.53,63360.85,45060.58,74143.9,63295.074,71744.47,71853.945,65999.69,60338.93
6720,76230.4,63217.71,73904.05,71669.01,73903.86,73901.164,71671.016,73901.89,73876.81,71669.93,63218.45,71670.94,73904.95,71669.664,73902.47,73902.12,78406.52,55016.46,71670.39,73875.375,73901.46,63206.785,71642.266,73870.89,63219.133,63220.4,55319.94,55981.42,60715.24,63218.953,63219.586,73902.37,73901.94,54874.87,73901.25,73900.53,62211.973,71608.98,71670.22,73902.555,63216.14,63217.316,73901.484,63217.7,71650.01,71618.67,60249.023,58509.258,63218.844,73902.164,63192.273,63166.336,64871.75,71671.11,71645.24,46881.223,59589.22,56821.664,53887.027,55772.44,73849.555,71645.51,43872.06,63221.227,57552.46,63196.93,46129.46,63221.855,45507.1,63222.746,71671.91,63391.246,58896.527,71672.266,57768.297,71671.51,62348.86,59433.11,71671.71,73874.36,61452.4,60221.44,54118.09,47564.938,75033.95,63399.926,53351.234,43411.945,60247.773,71671.29,71652.48,54734.395,73836.21,63179.33,71671.766,63214.457,78435.71,64196.113,54603.82,63214.008,71672.45,63200.816,73902.305,55857.625,62303.016,62384.9,66453.086,58343.91,78438.0,58283.656,59264.207,53539.066,74579.766,50304.26,83980.86,61749.84,44759.203,55718.688,62587.883,49571.043,71658.48,63657.664,73851.234,63186.477,63187.082,58327.914,73903.86,63206.332,49368.6,71659.23,71659.41,73903.555,63144.25,48108.855,63295.656,57459.805,55560.14,55741.395,63147.273,74801.84,64640.953,62341.316,78182.0,56609.156,60235.73,60248.473,59063.46,43109.832,46448.76,68959.625,55743.797,61320.14,61749.043,60627.152,57402.164,60248.273,46368.54,59201.957,60285.086,63304.61,50304.97,63361.582,75259.805,60221.82,62474.76,62727.414,56528.59,78411.266,62955.402,60248.344,56987.188,53049.8,59784.4,60239.562,61351.297,78437.984,61478.004,76419.85,83676.43,59726.15,42014.484,58553.977,73906.086,90043.75,63194.445,63215.406,73907.5,69923.016,73903.81,63214.88,71661.86,53717.355,75260.65,63180.305,63213.434,63215.59,73909.7,63215.79,65757.69,60242.06,61701.152,76095.195,70422.1,60243.57,63011.867,64162.13,63389.2,57441.957,73907.27,51966.87,71647.21,73906.71,52805.254,73907.234,63216.137,59695.66,71645.65,73880.695,71589.64,73893.445,63213.73,63190.082,66926.875,94465.32,77226.73,52071.07,54628.395,55743.67,68005.29,90452.67,55458.2,57843.527,73901.21,73851.125,71642.875,73887.2,74534.95,53040.0,63207.688,71651.445,73900.33,71651.26,73899.61,63187.9,61961.02,63207.88,46447.805,73746.336,56842.74,63208.09,63390.07,64272.406,79292.37,56095.266,63208.074,44379.426,57296.82,62948.24,63017.9,73903.49,51798.61,63194.367,63206.363,71667.79,88250.836,63208.617,71667.77,71667.77,63208.62,73906.195,73905.93,71668.36,60248.74,58232.875,71658.555,62801.566,73836.87,60248.59,63186.492,63190.016,73901.06,63208.586,63217.723,71668.5,78441.195,56122.94,63217.727,63218.87,45231.44,73901.98,63153.3,71558.37,71668.67,65836.1,60248.152
6780,75994.36,63078.043,73668.375,71482.87,73668.29,73665.664,71464.95,73666.02,73628.02,71483.516,63079.06,71484.914,73669.28,71483.44,73667.69,73666.24,78130.35,55031.28,71483.98,73639.51,73665.98,63059.965,71443.53,73618.41,63078.88,63080.09,55331.637,55939.395,60637.19,63052.25,63079.426,73666.5,73666.36,54826.02,73665.97,73665.734,62088.332,71420.625,71484.305,73632.9,63076.9,63057.5,73666.195,63064.348,71454.36,71432.28,60159.164,58443.176,63078.42,73666.58,63051.86,63025.926,64716.44,71484.7,71458.85,46953.69,59613.41,56769.074,54023.883,55747.48,73613.69,71459.12,43941.62,63081.766,57659.6,63056.48,46220.164,63082.17,45676.176,63082.676,71485.51,63245.207,58846.7,71485.875,57773.703,71485.5,62228.047,59368.332,71485.6,73625.95,61350.03,60131.62,54243.418,47726.816,74791.73,63253.99,53441.89,43473.465,60157.945,71485.67,71456.555,54885.31,73600.44,63023.66,71466.01,63074.21,78159.48,64226.195,54667.676,63074.06,71486.3,63054.305,73666.82,55850.61,62194.35,62266.414,66316.49,58295.715,78161.76,58217.047,59212.555,53708.582,74340.625,50344.195,83639.2,61646.96,44834.523,55702.586,62538.17,49724.875,71472.414,63616.047,73608.234,63037.062,63044.082,58271.92,73667.984,63066.945,49390.85,71472.875,71473.055,73667.87,63003.14,48156.355,63152.527,57487.78,55559.484,55737.008,63008.7,74560.734,64500.273,62233.266,77910.34,56596.754,60146.137,60158.645,59019.598,43265.58,46535.516,68930.78,55739.39,61228.914,61651.934,60542.164,57453.668,60158.465,46535.81,59127.543,60208.92,63161.7,50450.168,63321.176,75017.95,60132.02,62421.66,62680.562,56568.824,78135.05,62853.36,60158.535,56920.543,53056.6,59720.516,60149.754,61350.21,78161.76,61366.79,76294.54,83454.77,59647.38,42174.562,58517.098,73670.99,89624.234,63044.863,63075.18,73671.695,69731.08,73667.984,63054.867,71475.53,53788.188,75018.4,63024.637,63073.508,63075.36,73673.836,63075.465,65661.195,60152.188,61594.086,75839.5,70259.14,60153.125,62968.918,64117.574,63248.383,57382.715,73671.5,51950.668,71461.07,73671.234,52986.04,73671.46,63075.812,59640.03,71433.69,73644.92,71399.55,73651.21,63074.47,63049.76,66760.54,94099.73,76961.14,52217.418,54741.87,55739.277,67889.305,90027.375,55552.887,57794.08,73665.57,73607.15,71457.49,73645.16,74315.71,53115.7,63068.094,71465.21,73644.87,71465.21,73664.836,63038.465,61922.305,63048.305,46534.414,73519.66,56836.312,63068.484,63244.234,64223.13,79010.086,56099.727,63042.027,44513.523,57276.72,62826.992,62888.2,73668.05,51915.3,63048.035,63067.26,71481.54,87968.03,63068.5,71481.73,71481.73,63068.504,73670.75,73670.36,71482.3,60158.918,58200.695,71450.18,62679.723,73600.305,60158.734,63033.46,63048.52,73666.06,63042.16,63057.895,71482.46,78164.93,56082.926,63077.88,63078.445,45401.875,73666.58,63012.98,71372.59,71482.445,65674.04,60158.316
6840,75756.38,62939.49,73438.22,71258.15,73438.18,73435.59,71270.31,73435.77,73391.41,71298.54,62940.633,71300.14,73439.11,71271.97,73437.96,73436.0,77858.42,55044.547,71299.01,73409.266,73435.92,62917.887,71252.5,73413.75,62940.035,62941.21,55341.5,55898.246,60558.66,62900.387,62940.62,73436.25,73415.98,54780.535,73436.01,73436.016,61965.41,71234.71,71299.586,73386.01,62938.562,62909.035,73436.23,62919.066,71264.85,71247.33,60069.23,58377.742,62939.504,73436.47,62912.95,62887.02,64563.04,71299.74,71273.9,47031.844,59635.055,56717.367,54157.812,55722.312,73383.44,71274.164,44016.906,62943.305,57764.633,62917.535,46317.027,62943.6,45844.484,62943.914,71300.55,63101.28,58795.613,71300.914,57777.18,71300.734,62108.18,59302.754,71300.79,73389.53,61249.13,60041.74,54363.543,47886.977,74551.11,63110.223,53530.438,43540.98,60068.055,71301.1,71266.91,55033.22,73370.234,62877.277,71271.52,62922.105,77887.49,64254.477,54729.266,62935.41,71301.46,62912.434,73436.76,55842.273,62085.445,62148.863,66181.89,58247.66,77889.76,58151.348,59160.24,53874.81,74104.664,50388.703,83300.555,61544.508,44914.39,55685.777,62488.664,49876.137,71287.65,63573.11,73374.47,62893.848,62904.023,58216.45,73437.72,62928.664,49419.883,71287.97,71288.16,73424.19,62864.016,48208.86,63011.195,57513.316,55557.375,55731.195,62871.902,74321.69,64360.008,62124.973,77641.875,56583.176,60056.35,60068.76,58974.26,43421.33,46626.39,68900.9,55733.562,61137.305,61554.39,60457.184,57501.914,60068.594,46701.816,59053.76,60133.54,63020.56,50593.07,63279.74,74776.49,60042.152,62369.0,62633.62,56607.62,77863.05,62753.52,60068.668,56855.44,53069.32,59656.152,60059.887,61346.797,77889.766,61256.113,76169.68,83235.33,59569.03,42333.95,58479.496,73441.1,89208.85,62901.496,62909.773,73441.445,69538.77,73437.74,62906.355,71290.64,53857.797,74776.75,62878.273,62934.895,62936.586,73443.56,62936.645,65565.36,60062.266,61487.61,75586.91,70098.08,60062.742,62925.355,64071.414,63107.145,57324.4,73441.3,51939.805,71276.37,73420.9,53163.4,73441.26,62936.99,59583.27,71236.27,73414.72,71212.9,73417.82,62936.176,62910.945,66594.74,93738.4,76698.484,52360.723,54851.215,55733.453,67773.016,89606.49,55643.887,57749.56,73415.19,73372.93,71273.16,73411.89,74097.9,53190.28,62929.703,71280.414,73404.99,71280.51,73435.15,62895.234,61882.793,62900.082,46625.19,73295.99,56827.53,62930.086,63100.418,64172.305,78730.195,56101.863,62890.617,44648.254,57255.6,62705.707,62759.445,73438.02,52030.293,62906.336,62929.125,71296.65,87688.44,62929.86,71296.93,71296.94,62916.547,73440.73,73440.266,71297.49,60069.0,58166.73,71243.09,62558.4,73369.74,60068.797,62888.406,62909.14,73436.26,62890.566,62909.426,71297.67,77892.88,56043.44,62939.246,62939.527,45571.707,73436.58,62874.12,71188.86,71297.555,65513.316,60068.387
6900,75520.18,62802.387,73185.16,71054.41,73212.17,73209.62,71081.375,73209.71,73162.195,71114.36,62803.586,71116.055,73213.06,71074.74,73212.15,73209.93,77587.54,55056.152,71114.83,73183.2,73209.95,62779.047,71065.34,73200.28,62802.785,62783.973,55349.477,55857.863,60479.715,62756.734,62803.39,73210.19,73180.0,54738.098,73210.086,73210.21,61843.8,71050.07,71115.52,73151.74,62801.574,62767.062,73210.3,62778.66,71078.44,71063.164,59979.242,58312.94,62802.227,73210.47,62775.68,62749.754,64410.816,71115.56,71089.73,47113.016,59654.41,56666.477,54288.777,55696.94,73157.375,71089.99,44097.023,62806.234,57866.89,62780.23,46415.832,62806.477,46012.367,62793.38,71116.375,62959.316,58743.2,71116.74,57778.8,71116.66,61989.3,59236.016,71116.69,73160.42,61149.086,59951.812,54479.633,48045.4,74312.484,62968.426,53617.57,43614.688,59978.12,71117.12,71080.44,55178.06,73144.195,62736.375,71082.664,62778.38,77616.58,64280.95,54788.875,62798.31,71117.34,62773.742,73210.78,55832.69,61976.47,62032.25,66049.164,58199.676,77618.82,58086.414,59107.305,54037.77,73871.42,50435.934,82964.89,61442.46,44997.42,55668.29,62439.312,50024.855,71103.59,63528.902,73146.664,62754.58,62766.31,58161.41,73211.64,62791.82,49453.047,71103.85,71104.04,73191.49,62726.76,48264.938,62871.66,57536.45,55553.855,55724.023,62736.754,74085.13,64220.637,62016.496,77373.92,56568.44,59966.668,59978.836,58927.5,43575.934,46718.1,68870.016,55726.375,61045.375,61456.496,60372.23,57547.28,59978.684,46866.574,58980.55,60058.363,62881.17,50733.645,63237.277,74536.164,59952.246,62316.754,62586.566,56644.863,77592.12,62657.043,59978.758,56792.035,53085.812,59591.35,59969.973,61340.87,77618.83,61146.074,76045.33,83018.016,59491.082,42492.574,58441.176,73215.18,88797.63,62762.08,62759.508,73195.086,69348.85,73211.67,62764.41,71106.53,53925.926,74536.33,62737.383,62797.82,62799.426,73217.44,62799.465,65469.21,59972.305,61381.715,75337.32,69938.16,59972.023,62881.215,64023.676,62966.598,57266.934,73215.25,51933.42,71092.445,73184.93,53337.367,73215.2,62799.805,59525.41,71046.1,73188.67,71028.03,73190.2,62799.254,62773.766,66430.35,93381.27,76437.79,52501.086,54956.555,55726.273,67656.63,89189.9,55731.215,57708.96,73179.23,73144.93,71089.414,73184.36,73881.2,53263.715,62792.805,71096.414,73174.2,71096.555,73209.38,62755.957,61842.453,62758.34,46716.85,73074.84,56816.51,62793.18,62958.516,64120.01,78452.46,56101.734,62747.305,44782.32,57233.465,62585.37,62631.668,73212.09,52143.215,62767.816,62792.35,71112.51,87411.945,62779.527,71112.836,71112.84,62772.973,73214.77,73214.29,71113.4,59979.02,58131.066,71037.85,62437.598,73143.55,59978.812,62748.17,62771.7,73210.42,62747.17,62767.453,71113.58,77621.914,56004.445,62802.11,62802.25,45741.086,73210.65,62736.883,71006.25,71113.42,65354.062,59978.4
6960,75284.555,62673.434,72957.836,70874.37,72998.17,72995.68,70908.62,72995.734,72946.62,70943.94,62674.652,70945.69,72999.02,70897.914,72998.24,72995.95,77322.3,55102.438,70944.41,72969.23,72968.984,62649.234,70893.47,72992.45,62673.76,62645.1,55427.637,55843.043,60400.473,62624.56,62674.37,72996.195,72961.125,54698.984,72996.17,72996.34,61725.664,70879.44,70945.164,72933.72,62652.707,62635.715,72996.375,62648.082,70906.92,70892.766,59888.42,58268.52,62673.184,72996.51,62646.65,62620.723,64263.49,70945.14,70919.31,47215.98,59658.13,56629.543,54416.42,55683.5,72943.38,70919.586,44182.605,62643.99,57966.426,62651.15,46532.72,62677.477,46179.06,62657.78,70945.96,62821.58,58689.69,70946.33,57780.12,70946.29,61873.867,59168.816,70946.305,72944.93,61052.605,59861.035,54592.79,48202.027,74077.38,62830.504,53702.695,43694.133,59887.34,70946.79,70908.89,55319.93,72930.21,62605.555,70909.945,62646.164,77351.28,64305.64,54846.67,62656.04,70946.95,62644.004,72996.83,55830.344,61867.52,61919.023,65881.73,58154.89,77353.5,58046.773,59055.348,54198.223,73645.305,50493.31,82633.29,61341.406,45091.383,55654.535,62390.09,50174.766,70933.23,63482.51,72931.805,62624.652,62637.145,58116.07,72997.625,62636.46,49491.42,70933.445,70933.63,72974.23,62597.83,48331.652,62738.996,57557.086,55555.332,55722.707,62606.52,73853.47,64080.434,61907.918,77110.17,56555.45,59874.18,59888.06,58879.36,43730.32,46832.777,68838.15,55725.043,60953.203,61358.33,60287.6,57587.0,59887.9,47029.91,58916.82,59985.54,62748.008,50872.38,63193.773,74297.81,59861.465,62264.88,62539.39,56680.598,77326.77,62552.14,59887.973,56730.617,53106.316,59526.473,59879.21,61290.875,77353.484,61037.043,75921.53,82803.87,59415.125,42650.09,58403.586,73001.17,88390.67,62631.87,62623.96,72971.01,69106.12,72997.664,62632.957,70936.125,53992.504,74297.93,62606.453,62668.77,62670.33,73003.3,62670.355,65377.492,59881.508,61277.008,75094.39,69782.5,59886.645,62836.508,63977.016,62829.312,57220.945,73001.13,51931.28,70922.195,72965.94,53510.43,73001.09,62670.688,59466.496,70872.77,72974.555,70890.55,72975.31,62636.992,62644.652,66253.664,93052.89,76181.164,52638.19,55057.527,55724.94,67539.92,88777.52,55812.434,57670.176,72960.35,72929.97,70905.97,72969.63,73670.484,53335.934,62663.918,70926.086,72957.875,70926.25,72995.52,62625.902,61801.996,62627.074,46831.508,72855.56,56806.11,62664.29,62820.824,64057.613,78181.67,56117.56,62615.26,44923.77,57212.297,62465.105,62505.363,72997.96,52253.99,62638.13,62663.523,70941.984,87147.07,62644.02,70942.34,70942.34,62640.797,73000.586,73000.09,70942.9,59874.67,58094.035,70821.89,62317.367,72929.24,59887.97,62617.562,62642.46,72996.28,62615.08,62635.914,70943.086,77356.516,56006.83,62672.95,62673.02,45909.6,72996.45,62607.676,70830.09,70942.77,65195.773,59874.21
7020,75049.0,62517.61,72769.2,70664.49,72795.83,72813.74,70702.336,72813.766,72763.76,70738.79,62545.45,70740.58,72816.89,70689.61,72816.21,72813.984,77056.91,55152.816,70739.266,72787.26,72773.73,62519.6,70687.61,72813.414,62544.52,62511.008,55476.547,55830.5,60321.03,62493.77,62545.13,72814.23,72776.74,54659.75,72814.234,72814.43,61604.945,70674.2,70706.84,72749.76,62513.707,62505.34,72814.43,62518.082,70701.25,70687.64,59756.465,58210.188,62543.934,72794.28,62517.406,62491.49,64115.54,70740.0,70714.19,47310.15,59667.332,56595.83,54531.125,55671.258,72761.41,70714.46,44272.805,62498.38,58062.098,62521.867,46647.71,62548.234,46344.56,62525.29,70740.82,62686.73,58632.11,70741.195,57778.844,70741.18,61759.09,59085.508,70721.26,72762.21,60956.78,59728.74,54699.125,48356.07,73850.805,62695.33,53785.785,43778.93,59755.035,70741.71,70703.22,55458.91,72748.234,62475.473,70703.69,62515.39,77085.87,64328.62,54902.703,62520.316,70741.84,62514.453,72814.86,55823.89,61757.156,61806.355,65758.914,58111.195,77088.04,58000.42,59002.324,54355.44,73437.555,50550.664,82302.57,61241.13,45185.066,55642.785,62338.75,50320.08,70728.2,63432.438,72749.37,62495.086,62507.953,58069.895,72815.6,62494.37,49533.664,70728.41,70728.59,72804.11,62468.754,48399.332,62606.95,57575.504,55554.047,55719.676,62476.76,73632.89,63937.46,61798.81,76842.59,56541.72,59753.117,59756.684,58830.062,43883.957,46941.92,68805.414,55721.996,60860.918,61259.797,60203.703,57623.945,59756.06,47191.742,58852.26,59912.723,62615.504,50999.49,63143.887,74036.92,59729.633,62212.81,62487.44,56714.6,77061.29,62455.96,59756.133,56656.156,53129.176,59461.543,59747.402,61292.48,77087.984,60913.52,75798.836,82593.734,59341.25,42806.535,58363.86,72819.01,87987.64,62502.09,62491.55,72783.88,68937.15,72802.125,62502.562,70731.11,54057.51,74064.055,62476.32,62539.562,62541.086,72787.19,62541.11,65273.2,59749.73,61173.35,74865.86,69638.76,59774.203,62787.742,63927.57,62661.152,57176.81,72818.734,51932.625,70717.41,72781.13,53678.27,72818.695,62541.44,59406.598,70666.484,72792.16,70701.89,72792.54,62491.43,62515.41,66091.54,92709.43,75929.984,52736.344,55154.848,55721.89,67426.47,88369.34,55892.805,57633.5,72775.84,72747.4,70694.664,72787.17,73447.516,53406.875,62534.848,70721.25,72774.625,70721.43,72813.484,62496.26,61759.438,62496.84,46940.64,72657.88,56797.977,62535.22,62659.367,64003.82,77900.484,56134.395,62484.645,45062.89,57190.133,62329.215,62382.207,72815.29,52361.84,62508.67,62501.22,70737.02,86884.625,62511.7,70737.39,70710.83,62510.113,72817.78,72817.3,70737.95,59736.746,58056.51,70628.05,62198.254,72746.34,59756.33,62487.598,62513.168,72813.42,62484.438,62505.43,70738.14,77090.98,55991.855,62543.63,62543.668,46077.06,72813.57,62478.344,70628.86,70738.01,65038.406,59735.934
7080,74813.34,62375.26,72574.336,70497.14,72594.21,72622.195,70536.734,72622.21,72571.74,70573.76,62416.2,70548.984,72625.23,70523.03,72624.59,72622.42,76791.125,55201.023,70574.23,72595.7,72575.625,62390.14,70522.234,72623.27,62415.25,62379.35,55515.773,55816.945,60241.375,62363.746,62415.86,72622.664,72584.0,54623.598,72622.69,72622.9,61485.5,70509.125,70525.47,72557.23,62379.64,62375.52,72622.89,62388.45,70535.95,70522.62,59660.926,58149.9,62414.668,72592.75,62388.15,62362.234,63969.9,70574.96,70549.16,47363.406,59677.723,56562.63,54649.156,55658.574,72569.84,70549.42,44363.355,62361.047,58153.08,62392.566,46731.074,62418.95,46508.74,62394.41,70575.78,62553.6,58574.223,70576.15,57775.66,70576.15,61644.953,59018.195,70546.42,72570.3,60861.34,59647.1,54801.227,48507.82,73629.27,62561.832,53866.15,43865.875,59673.39,70550.125,70537.9,55594.574,72556.69,62345.84,70538.09,62385.414,76820.08,64339.945,54957.14,62387.902,70543.6,62385.074,72623.31,55815.664,61646.766,61694.176,65645.54,58067.613,76822.18,57947.836,58948.613,54509.26,73227.52,50591.168,81976.69,61141.367,45265.336,55631.785,62288.973,50461.395,70563.22,63383.547,72557.57,62365.78,62378.83,58022.203,72624.01,62358.9,49575.113,70563.414,70563.6,72618.38,62339.69,48450.633,62475.594,57591.246,55550.71,55701.63,62347.95,73418.18,63796.95,61675.87,76575.78,56526.875,59672.22,59674.46,58779.68,44032.31,47000.28,68736.805,55716.867,60768.605,61160.94,60120.34,57658.99,59674.188,47351.67,58786.438,59839.953,62483.773,51133.58,63099.418,73795.11,59647.77,62160.848,62441.195,56747.2,76795.41,62367.44,59674.266,56599.73,53150.88,59396.48,59652.26,61287.188,76822.09,60807.543,75667.17,82385.86,59268.273,42961.066,58323.953,72627.32,87585.4,62372.613,62360.78,72589.76,68765.586,72603.88,62372.79,70566.11,54120.973,73835.555,62346.676,62410.37,62411.875,72578.76,62411.895,65181.98,59667.87,61070.562,74636.84,69493.21,59686.91,62742.92,63876.68,62511.426,57132.992,72626.93,51936.16,70552.55,72588.15,53842.207,72626.89,62412.223,59345.812,70500.89,72600.36,70544.98,72600.555,62354.184,62386.195,65932.54,92366.01,75681.9,52878.633,55248.07,55703.83,67315.24,87965.6,55968.887,57600.355,72583.06,72555.57,70526.625,72595.4,73239.51,53476.5,62405.78,70556.31,72582.46,70556.49,72621.92,62366.918,61716.945,62367.2,46986.56,72455.55,56790.742,62366.234,62513.145,63949.71,77635.0,56149.258,62354.816,45182.062,57167.094,62210.684,62259.312,72623.35,52466.62,62379.42,62355.797,70545.32,86623.25,62381.035,70572.25,70532.61,62380.254,72625.76,72625.27,70572.805,59651.016,58018.086,70440.11,62079.793,72554.27,59660.977,62358.043,62383.94,72621.375,62354.6,62375.562,70572.99,76825.05,55973.23,62414.332,62414.35,46243.344,72608.0,62349.043,70470.0,70572.73,64883.617,59650.75
7140,74579.734,62270.62,72375.61,70329.83,72392.16,72391.36,70370.27,72425.14,72374.42,70407.57,62291.4,70369.73,72428.08,70382.64,72427.47,72425.35,76524.74,55245.676,70408.04,72398.64,72375.336,62265.242,70355.88,72426.88,62290.445,62253.37,55550.12,55801.992,60159.297,62265.176,62291.055,72425.59,72386.35,54570.082,72425.625,72425.84,61366.87,70342.93,70351.25,72359.68,62252.477,62250.45,72425.83,62263.47,70369.65,70382.99,59567.734,58089.316,62289.863,72390.766,62263.35,62237.44,63826.836,70408.77,70382.98,47469.824,59686.293,56529.348,54767.133,55645.344,72372.78,70383.24,44457.633,62232.254,58245.13,62267.727,46837.992,62294.113,46673.125,62268.79,70409.59,62422.562,58517.168,70376.77,57768.984,70409.96,61533.17,58949.418,70375.41,72373.05,60766.633,59560.785,54899.31,48659.395,73411.52,62430.715,53944.992,43962.195,59587.066,70397.42,70371.586,55727.727,72359.625,62220.875,70371.63,62260.277,76540.164,64355.473,55005.92,62261.562,70361.07,62260.23,72426.25,55802.605,61545.508,61583.953,65531.06,58023.508,76542.266,57891.676,58894.42,54659.727,73016.84,50642.477,81655.88,61041.72,45363.28,55620.445,62241.44,50602.31,70397.1,63332.88,72360.38,62241.05,62254.188,57973.4,72426.914,62257.734,49618.848,70397.29,70397.48,72424.18,62215.082,48516.367,62347.375,57599.637,55545.258,55687.15,62222.17,73178.734,63659.496,61565.65,76310.0,56510.535,59570.613,59587.83,58728.297,44179.33,47095.617,68712.72,55695.91,60677.42,61064.293,60039.46,57693.273,59587.645,47510.402,58719.984,59763.73,62355.527,51268.676,63053.91,73565.05,59561.234,62113.535,62395.54,56776.35,76528.94,62284.547,59587.72,56468.38,53171.996,59332.04,59559.17,61278.156,76542.18,60700.66,75547.44,82180.27,59196.336,43130.414,58282.75,72403.15,87187.0,62247.664,62235.195,72391.4,68584.77,72403.516,62247.69,70399.98,54183.02,73598.52,62221.64,62272.258,62260.44,72373.32,62287.062,65089.613,59581.305,60969.652,74407.59,69347.0,59598.945,62700.797,63826.277,62372.336,57089.2,72429.72,51945.496,70386.56,72390.36,54002.7,72429.68,62287.39,59283.6,70361.11,72403.15,70382.914,72403.25,62225.41,62261.367,65775.29,92024.16,75436.35,53010.43,55337.375,55689.336,67205.86,87567.76,56042.086,57572.164,72385.414,72358.4,70359.086,72398.24,73029.07,53550.414,62261.145,70390.26,72385.12,70390.445,72424.87,62242.098,61671.406,62242.234,47088.21,72251.77,56783.367,62221.9,62402.305,63896.71,77372.195,56161.926,62229.754,45308.816,57143.055,62091.355,62138.645,72426.08,52571.402,62254.64,62223.06,70365.99,86363.875,62255.56,70405.99,70359.93,62255.176,72401.4,72427.93,70406.555,59562.56,57979.496,70244.52,61964.41,72356.92,59567.72,62233.05,62259.11,72424.02,62229.535,62250.35,70406.74,76558.53,55953.363,62269.45,62289.41,46409.402,72403.99,62224.117,70301.25,70406.39,64731.53,59562.52
7200,74343.664,62155.746,72199.89,70158.85,72187.79,72172.82,70199.71,72223.234,72172.375,70237.14,62166.582,70192.86,72226.125,70224.914,72225.52,72223.445,76258.99,55285.95,70237.6,72196.734,72171.84,62140.383,70211.92,72225.29,62165.637,62127.977,55576.938,55785.73,60085.004,62153.285,62166.24,72223.69,72184.164,54530.93,72203.46,72223.945,61253.1,70172.5,70176.875,72157.54,62126.516,62125.52,72223.93,62138.58,70199.164,70225.65,59475.04,58028.85,62165.055,72186.445,62138.555,62139.24,63684.176,70238.34,70212.55,47564.406,59696.8,56495.82,54885.523,55631.473,72197.9,70212.82,44555.58,62105.47,58334.555,62142.883,46943.848,62142.668,46835.55,62143.555,70205.98,62293.94,58456.754,70190.0,57761.934,70226.25,61422.402,58878.49,70202.6,72171.06,60673.0,59471.523,54993.71,48809.504,73195.445,62301.56,54021.867,44059.81,59497.8,70233.625,70201.086,55857.61,72157.73,62096.02,70201.06,62135.332,76281.23,64373.496,55057.34,62136.023,70182.59,62135.43,72197.336,55788.406,61441.375,61474.44,65415.664,57978.758,76283.26,57833.707,58840.03,54806.848,72805.43,50701.777,81335.71,60944.57,45462.2,55608.3,62194.42,50741.137,70206.84,63284.938,72158.42,62116.37,62129.55,57923.773,72225.0,62144.656,49664.547,70226.945,70193.945,72210.18,62090.47,48586.426,62221.188,57614.0,55537.79,55673.258,62096.184,72953.6,63522.977,61459.07,76045.805,56492.613,59481.906,59498.445,58676.305,44327.84,47193.64,68682.77,55678.79,60587.44,60968.29,59959.688,57726.28,59498.277,47667.836,58653.38,59692.71,62228.35,51400.64,63004.35,73368.71,59471.875,62065.168,62349.64,56805.516,76263.11,62204.453,59498.355,56430.99,53196.69,59268.05,59466.633,61266.52,76283.164,60594.414,75425.07,81975.7,59125.07,43291.254,58241.996,72214.89,86784.95,62122.805,62136.62,72188.84,68401.94,72199.984,62122.758,70229.62,54240.062,73385.234,62096.746,62140.926,62149.14,72167.27,62162.258,64993.594,59491.96,60870.348,74178.13,69199.58,59509.61,62654.914,63775.273,62239.266,57045.355,72193.98,51948.59,70216.37,72188.1,54159.887,72227.71,62162.582,59222.605,70203.805,72201.19,70214.64,72201.234,62098.668,62136.562,65614.98,91683.67,75191.33,53143.37,55422.977,55675.434,67096.58,87165.9,56111.9,57542.637,72183.26,72156.48,70188.13,72196.33,72817.44,53619.137,62126.65,70220.0,72183.11,70220.18,72223.01,62117.355,61629.297,62117.426,47189.344,72047.4,56775.223,62087.55,62283.633,63840.066,77110.08,56172.15,62131.49,45444.25,57117.953,61972.617,62019.0,72210.6,52674.07,62129.92,62094.426,70215.66,86105.6,62130.492,70209.0,70212.86,62130.305,72213.086,72192.13,70236.1,59472.27,57939.688,70051.44,61850.152,72154.9,59475.055,62134.785,62134.324,72201.75,62131.273,62125.34,70209.74,76292.664,55932.69,62134.746,62164.527,46574.18,72198.7,62099.246,70128.75,70222.64,64577.855,59472.344
7260,74110.555,62034.625,72012.016,69991.22,71985.8,71963.875,70032.27,72022.48,71971.54,70069.766,62040.562,70022.32,72025.33,70063.8,72024.73,71988.93,75994.8,55322.17,70070.234,71995.984,71970.31,62014.34,70057.586,71990.91,62013.03,62001.67,55603.79,55768.31,60004.47,62033.633,62020.273,72022.94,71983.27,54502.586,71992.734,72023.195,61136.08,70005.15,70007.57,71956.67,61999.94,61999.453,72023.17,62012.53,70031.766,70064.71,59381.133,57968.668,62039.043,71984.5,62012.55,62026.332,63542.418,70037.8,70045.18,47656.312,59704.723,56461.996,55066.207,55616.87,72010.45,70045.45,44655.86,61978.477,58439.566,62016.844,47047.188,62003.527,47008.934,62017.324,70022.27,62166.688,58399.85,70014.586,57754.176,70052.34,61312.008,58806.93,70034.06,71970.27,60579.566,59379.33,55084.566,49054.184,72981.62,62173.59,54157.43,44159.676,59405.594,70069.516,70033.68,55987.402,71956.984,61970.03,70033.625,62009.293,76020.4,64393.85,55110.285,62009.695,70011.266,62009.46,72010.3,55773.633,61336.504,61364.082,65301.76,57933.457,76022.34,57774.94,58783.773,54951.18,72596.23,50759.395,81017.75,60843.816,45561.38,55595.367,62144.918,51037.887,70029.766,63228.258,71957.64,61990.555,62003.75,57873.566,72024.234,62024.543,49704.965,70059.66,70010.336,72003.47,61964.68,48653.562,62094.902,57625.75,55528.77,55659.26,61968.613,72736.305,63387.47,61353.652,75783.95,56473.38,59392.027,59406.242,58623.965,44475.03,47290.344,68650.83,55663.184,60497.64,60872.58,59877.64,57756.977,59406.055,47876.742,58586.773,59621.312,62101.258,51566.016,62953.094,73136.28,59379.66,62013.55,62298.715,56849.457,75998.84,62126.137,59406.133,56393.438,53222.8,59197.758,59372.914,61250.97,76022.26,60487.316,75306.73,81773.0,59053.555,43446.625,58200.777,72020.836,86388.766,61996.824,62023.582,71987.75,68230.72,71998.43,61996.742,70062.31,54302.074,73157.97,61970.75,62011.766,62029.832,71964.43,62036.3,64903.36,59399.797,60771.484,73949.65,69050.9,59417.73,62605.625,63720.07,62109.375,57001.44,71976.54,51954.66,70049.22,71987.16,54313.887,72026.9,62036.62,59160.88,70043.016,72000.375,70048.445,72000.41,61971.766,62010.605,65459.984,91345.86,74947.72,53378.004,55505.02,55661.43,66977.69,86766.09,56178.566,57517.707,71982.4,71955.734,70020.625,71995.59,72611.63,53687.086,61995.992,70019.625,71982.33,70039.71,72022.29,61991.504,61589.78,61991.54,47287.58,71845.85,56765.934,61956.973,62161.277,63777.83,76850.47,56180.176,62018.668,45576.27,57091.867,61853.523,61893.613,72003.14,52876.652,62004.082,61966.66,70058.164,85848.36,62004.48,70055.08,70056.984,62004.39,72018.984,71974.65,70035.53,59379.64,57900.246,69866.21,61734.617,71954.06,59381.23,62021.906,62008.383,71990.93,62018.453,61999.23,70029.28,76014.914,55911.293,62003.863,62038.477,46740.945,71996.24,61973.203,69961.4,70048.67,64429.47,59379.758
7320,73880.586,61910.97,71815.78,69823.12,71782.61,71757.28,69864.25,71819.914,71768.92,69901.77,61914.492,69852.77,71795.72,69898.88,71822.125,71769.73,75733.51,55355.15,69902.24,71793.42,71767.37,61888.266,69896.016,71771.76,61900.46,61875.473,55628.527,55749.84,59926.06,61910.7,61884.39,71820.37,71780.64,54473.832,71785.25,71820.63,61023.105,69837.164,69838.63,71754.055,61873.617,61873.38,71820.61,61886.465,69863.766,69899.89,59289.54,57908.79,61912.992,71781.35,61886.508,61906.734,63401.547,69853.48,69877.195,47746.555,59708.83,56427.85,55253.15,55601.527,71814.445,69877.46,44757.72,61851.934,58558.434,61890.766,47147.848,61897.59,47201.555,61891.15,69846.24,62040.133,58342.2,69842.63,57745.2,69881.125,61201.832,58735.977,69865.49,71794.7,60486.336,59288.63,55171.96,49265.71,72768.64,62046.32,54295.67,44261.777,59314.887,69903.12,69865.67,56122.664,71754.43,61844.04,69865.6,61883.273,75760.766,64422.883,55168.953,61883.53,69841.32,61883.477,71814.484,55758.37,61223.37,61251.0,65188.05,57887.625,75762.625,57715.94,58728.195,55095.59,72387.125,50815.88,80702.2,60746.984,45660.67,55581.7,62095.973,51287.617,69857.05,63178.64,71755.06,61864.727,61877.93,57822.953,71821.664,61901.523,49751.664,69891.75,69867.555,71797.96,61838.87,48720.504,61968.85,57634.445,55518.52,55644.945,61842.438,72523.06,63253.266,61242.69,75525.66,56453.07,59303.195,59315.504,58571.2,44619.562,47385.094,68621.27,55648.062,60406.19,60774.617,59793.133,57782.0,59315.33,48094.457,58519.92,59549.6,61974.58,51754.887,62907.203,72940.49,59288.938,61957.023,62253.26,56904.516,75737.484,62046.695,59315.406,56349.684,53250.168,59133.566,59281.51,61233.504,75762.55,60381.848,75189.96,81571.97,58980.457,43597.746,58159.113,71821.56,85996.34,61870.844,61903.97,71785.01,68059.945,71795.47,61870.746,69894.4,54364.824,72937.695,61844.76,61884.215,61907.133,71760.81,61910.324,64815.445,59309.145,60671.508,73722.2,68902.73,59327.406,62560.31,63663.484,61981.168,56957.457,71765.76,51957.21,69881.47,71784.5,54465.734,71824.31,61910.645,59098.453,69878.4,71797.79,69881.164,71797.81,61845.332,61884.633,65306.605,91011.164,74706.08,53575.844,55583.527,55647.1,66868.59,86369.45,56241.26,57494.227,71779.81,71753.2,69852.7,71793.06,72404.0,53754.5,61867.777,69835.49,71779.77,69865.37,71819.77,61865.66,61557.32,61865.676,47383.086,71644.78,56755.465,61828.8,62037.137,63719.574,76592.08,56186.438,61899.23,45705.184,57064.824,61735.598,61776.418,71797.31,53041.99,61878.246,61839.883,69895.05,85592.58,61878.56,69893.72,69894.66,61878.52,71819.73,71797.63,69851.21,59288.695,57860.324,69684.086,61618.49,71751.5,59289.72,61902.38,61882.43,71783.45,61899.027,61873.12,69854.85,75746.89,55889.19,61875.406,61912.39,46919.727,71792.89,61847.133,69793.53,69877.445,64281.78,59288.87
7380,73648.766,61786.504,71618.97,69656.234,71582.375,71555.38,69697.39,71620.0,71568.97,69734.93,61788.836,69685.17,71582.47,69733.56,71622.18,71561.625,75472.695,55385.137,69735.4,71593.51,71567.266,61762.61,69732.336,71563.664,61781.457,61749.754,55650.645,55730.418,59846.46,61786.59,61753.91,71620.445,71580.69,54450.992,71582.914,71620.72,60910.27,69670.34,69671.33,71554.12,61747.85,61747.734,71620.695,61760.824,69696.93,69734.61,59199.676,57849.184,61787.355,71581.15,61760.88,61784.277,63262.562,69678.6,69710.35,47835.3,59710.57,56393.383,55428.363,55585.45,71617.76,69710.62,44857.707,61726.047,58678.715,61765.105,47245.992,61781.844,47399.625,61765.445,69675.445,61914.082,58284.156,69673.84,57734.8,69712.695,61091.887,58665.445,69698.37,71608.09,60393.293,59199.242,55255.906,49463.59,72557.82,61919.645,54427.44,44364.582,59225.496,69737.055,69698.81,56261.65,71554.52,61718.48,69698.734,61757.7,75500.766,64457.887,55231.875,61757.883,69673.52,61757.918,71617.9,55742.63,61114.125,61142.63,65075.934,57841.34,75502.55,57656.97,58672.742,55241.73,72180.49,50871.3,80389.07,60646.68,45759.1,55567.332,62047.664,51502.613,69687.93,63121.047,71555.13,61739.332,61752.54,57772.04,71621.734,61777.508,49797.855,69725.0,69680.03,71596.59,61713.492,48786.75,61843.21,57641.07,55507.24,55630.22,61717.242,72312.88,63120.41,61132.02,75265.95,56431.832,59214.957,59226.062,58517.965,44760.93,47477.945,68596.055,55632.93,60314.523,60676.215,59710.598,57805.97,59225.906,48302.293,58452.83,59477.676,61848.465,51938.863,62858.027,72709.875,59199.527,61907.46,62206.848,56962.5,75476.59,61971.523,59225.984,56304.047,53276.89,59068.516,59191.82,61214.062,75502.47,60277.586,75075.74,81372.8,58907.434,43745.05,58117.016,71623.24,85607.38,61745.305,61781.562,71584.98,67889.875,71595.35,61745.2,69727.63,54429.79,72722.05,61719.223,61757.902,61783.203,71560.34,61784.785,64731.426,59219.805,60571.99,73494.95,68751.53,59237.086,62513.137,63606.12,61854.043,56913.402,71561.77,51966.6,69714.875,71584.516,54617.105,71624.35,61785.105,59035.547,69713.34,71597.836,69714.8,71597.85,61719.57,61759.098,65154.676,90679.73,74458.53,53758.008,55658.53,55632.367,66757.14,85976.14,56300.824,57469.426,71579.9,71553.32,69686.05,71593.18,72197.38,53822.26,61741.21,69660.81,71579.88,69695.51,71619.89,61740.254,61530.246,61740.26,47476.31,71445.57,56743.793,61702.258,61912.277,63659.203,76335.54,56190.99,61776.98,45831.156,57036.91,61618.895,61658.406,71595.766,53197.223,61752.855,61714.03,69730.62,85338.43,61753.13,69730.15,69730.62,61753.11,71621.39,71576.5,69676.34,59199.152,57819.75,69502.89,61503.062,71551.56,59199.914,61780.02,61756.91,71581.09,61776.793,61747.457,69684.85,75482.7,55866.414,61748.586,61786.734,47108.59,71592.555,61721.49,69627.67,69709.016,64135.812,59199.39
7440,73420.76,61661.95,71421.53,69491.01,71383.26,71355.45,69532.164,71421.05,71369.984,69569.71,61663.695,69519.57,71376.93,69569.086,71423.195,71358.64,75214.76,55412.246,69570.17,71394.555,71368.22,61637.473,69568.664,71360.67,61659.59,61624.59,55670.113,55710.117,59763.414,61662.21,61626.395,71421.49,71381.73,54426.664,71382.77,71421.766,60797.82,69505.13,69505.88,71355.16,61622.67,61622.613,71421.74,61635.703,69531.7,69570.15,59110.22,57789.875,61662.234,71382.06,61635.76,61660.72,63124.586,69509.43,69545.125,47922.652,59710.2,56358.59,55591.28,55568.652,71420.4,69545.39,44960.95,61600.797,58796.133,61639.96,47341.785,61661.58,47598.867,61640.277,69508.27,61788.5,58225.848,69507.664,57723.0,69546.68,60982.305,58594.914,69533.0,71415.69,60300.406,59110.047,55336.43,49651.793,72348.06,61793.55,54548.62,44463.87,59136.29,69572.195,69533.57,56401.64,71355.58,61593.44,69533.49,61632.65,75243.21,64495.26,55292.77,61632.797,69507.82,61632.875,71420.59,55726.395,61006.434,61034.79,64965.277,57794.652,75244.94,57598.152,58617.125,55389.285,71975.086,50925.656,80078.42,60550.53,45857.832,55552.293,61999.65,51692.57,69521.64,63071.54,71356.18,61614.46,61627.664,57720.902,71422.77,61653.31,49844.14,69559.87,69504.67,71396.92,61588.625,48852.215,61718.03,57645.86,55495.062,55615.04,61592.695,72104.92,62988.84,61022.664,75011.68,56409.773,59125.914,59136.824,58464.035,44898.96,47568.977,68574.44,55617.55,60222.863,60577.973,59628.36,57827.895,59136.68,48501.01,58385.68,59405.582,61722.934,52111.258,62804.71,72516.555,59110.305,61859.543,62158.57,57017.293,75218.59,61897.164,59136.754,56249.91,53303.523,59003.05,59102.51,61192.875,75244.87,60173.91,74964.445,81175.95,58834.562,43888.7,58074.434,71425.055,85221.914,61620.29,61658.082,71385.95,67720.01,71396.3,61620.18,69562.48,54495.625,72509.06,61594.21,61632.504,61658.977,71361.086,61659.76,64649.44,59130.65,60472.95,73270.31,68607.02,59147.965,62459.91,63548.168,61727.734,56869.27,71394.56,51978.19,69549.9,71385.516,54768.953,71425.375,61660.082,58971.027,69549.125,71398.86,69549.94,71398.87,61594.45,61634.082,65003.953,90351.61,74221.63,53928.645,55730.176,55617.18,66646.13,85586.21,56357.43,57447.09,71380.97,71354.41,69521.055,71394.26,71994.52,53890.754,61615.758,69491.84,71380.96,69528.9,71420.98,61615.375,61501.594,61615.38,47567.523,71248.375,56730.89,61576.82,61787.28,63599.79,76081.055,56193.8,61653.65,45954.246,57008.2,61503.086,61540.168,71396.02,53342.035,61627.99,61588.94,69566.59,85086.87,61628.24,69566.555,69566.78,61628.23,71423.22,71367.1,69507.18,59109.86,57778.496,69321.48,61388.336,71352.61,59110.496,61656.574,61631.91,71380.945,61653.473,61622.316,69544.6,75223.055,55842.98,61622.875,61661.594,47303.145,71393.41,61596.363,69464.266,69543.03,63991.05,59110.14
7500,73195.94,61537.72,71224.81,69327.24,71185.71,71157.53,69368.375,71223.6,71172.516,69405.94,61539.18,69355.6,71176.23,69405.68,71225.72,71159.21,74959.35,55436.56,69406.39,71197.11,71170.734,61512.957,69405.66,71161.23,61536.684,61500.062,55687.0,55689.0,59682.215,61538.07,61500.71,71224.05,71184.27,54404.305,71184.74,71224.32,60685.785,69341.37,69342.0,71157.7,61498.15,61498.12,71224.3,61511.21,69367.93,69406.734,59021.824,57730.883,61537.734,71184.55,61511.27,61536.992,62987.605,69343.71,69381.34,48006.996,59708.152,56323.477,55739.324,55551.164,71223.74,69381.6,45063.902,61476.23,58908.363,61515.44,47435.09,61539.46,47796.508,61515.746,69343.53,61663.402,58166.977,69343.41,57709.86,69382.5,60873.17,58524.51,69369.14,71221.48,60207.69,59021.805,55413.586,49831.727,72140.09,61668.047,54660.863,44566.375,59048.043,69408.586,69369.77,56540.78,71158.14,61469.03,69369.695,61508.227,74987.98,64532.82,55359.383,61508.36,69343.8,61508.457,71223.95,55709.656,60899.605,60927.234,64855.855,57747.605,74989.66,57539.566,58561.23,55537.36,71771.28,50978.848,79770.34,60453.984,45956.113,55536.6,61950.38,51864.152,69357.39,63020.465,71158.73,61490.21,61503.414,57669.598,71225.32,61529.387,49890.35,69396.18,69335.96,71199.12,61464.383,48916.742,61593.387,57648.887,55482.082,55599.387,61468.926,71898.836,62858.477,60914.523,74759.8,56386.965,59039.05,59048.543,58409.363,45031.156,47657.723,68555.02,55601.793,60131.312,60480.043,59546.26,57847.715,59048.414,48692.27,58318.6,59333.355,61598.027,52272.75,62755.586,72315.516,59022.047,61807.758,62109.4,57072.3,74963.125,61823.76,59048.49,56205.68,53329.957,58937.316,59014.26,61170.242,74989.59,60070.664,74855.85,80981.62,58761.816,44028.285,58031.34,71227.96,84840.0,61495.9,61534.445,71188.45,67551.25,71198.8,61495.79,69398.76,54562.086,72298.35,61469.83,61507.93,61534.97,71163.45,61535.367,64570.47,59042.457,60374.324,73047.77,68462.51,59058.727,62409.133,63489.777,61602.137,56825.06,71178.984,51990.684,69386.375,71188.04,54921.426,71227.9,61535.684,58906.117,69385.98,71201.38,69386.47,71201.4,61470.01,61509.69,64854.504,90027.37,73985.695,54087.777,55798.57,55601.516,66535.516,85199.75,56411.145,57425.69,71183.55,71157.0,69357.55,71196.84,71793.0,53953.758,61491.223,69326.34,71183.55,69364.555,71223.56,61491.12,61480.02,61491.12,47656.36,71052.62,56716.723,61452.297,61662.473,63539.734,75828.625,56194.86,61530.152,46066.63,56978.758,61388.395,61422.082,71198.19,53477.62,61503.746,61464.594,69403.42,84837.75,61503.984,69403.586,69403.7,61503.984,71226.15,71164.49,69341.484,59021.55,57736.426,69141.11,61274.184,71155.17,59022.137,61532.96,61507.535,71182.914,61529.99,61497.81,69393.13,74966.766,55818.926,61498.086,61537.082,47499.42,71195.87,61471.863,69302.46,69378.89,63847.44,59021.88
7560,72975.17,61414.07,71028.61,69165.35,70989.1,70960.75,69206.46,71027.05,71002.945,69244.03,61415.387,69193.6,70978.06,69243.95,71029.14,70995.44,74706.625,55458.164,69244.484,71000.56,70974.164,61389.17,69244.12,70963.68,61413.688,61376.27,55701.402,55667.12,59601.32,61414.46,61376.35,71027.5,70987.73,54383.086,70987.91,71027.77,60574.44,69179.48,69180.04,70961.16,61374.367,61374.355,71027.75,61387.44,69206.016,69245.0,58934.516,57672.207,61413.96,70987.97,61387.504,61413.598,62851.625,69180.84,69219.42,48198.85,59704.13,56288.047,55882.08,55533.0,71027.58,69219.68,45169.4,61352.418,59013.19,61391.645,47548.863,61416.844,47991.227,61391.945,69181.15,61538.83,58108.332,69181.26,57695.414,69220.38,60764.54,58454.46,69207.18,71026.516,60115.188,58934.605,55487.44,50004.344,71933.72,61543.164,54765.676,44671.008,58960.836,69246.734,69207.84,56676.887,70961.6,61345.348,69207.76,61384.53,74735.31,64568.16,55424.99,61384.656,69181.76,61384.76,71027.81,55692.39,60793.406,60819.92,64747.734,57700.23,74736.95,57481.254,58505.01,55684.87,71568.78,51047.848,79464.94,60357.387,46069.68,55520.27,61900.777,52021.87,69195.3,62968.156,70962.17,61366.68,61379.883,57618.168,71028.766,61406.01,49939.004,69234.36,69171.67,71002.39,61340.86,48996.7,61469.355,57650.2,55468.355,55583.234,61346.02,71694.33,62728.902,60807.35,74510.87,56363.465,58952.914,58961.293,58354.082,46598.016,47776.062,68536.414,55585.582,60039.938,60382.457,59464.29,57865.355,58961.184,48877.17,58251.65,59261.008,61473.8,52424.805,62705.527,72111.53,58934.824,61757.605,62059.83,57124.96,74710.336,61751.31,58961.258,56160.57,53358.88,58871.363,58927.098,61146.152,74736.9,59968.582,74749.54,80789.945,58689.19,45907.938,57987.742,71031.58,84461.72,61372.234,61411.15,70991.87,67382.85,71002.22,61372.12,69236.91,54629.36,72089.6,61346.168,61384.17,61411.492,70966.79,61411.695,64493.445,58955.305,60276.074,72826.836,68318.02,58970.48,62359.01,63430.88,61477.215,56780.773,70973.51,52004.293,69224.72,70991.47,55074.203,71031.33,61412.01,58840.973,69224.5,71004.82,69224.836,71004.836,61346.324,61386.02,64706.043,89706.586,73751.445,54238.062,55863.81,55585.355,66424.97,84816.82,56462.02,57405.156,70987.03,70960.49,69195.92,71000.336,71592.09,54020.11,61367.55,69163.7,70987.03,69202.48,71027.05,61367.586,61458.21,61367.586,47774.64,70858.19,56701.254,61328.633,61538.047,63478.953,75578.45,56194.16,61406.984,46823.207,56948.625,61274.47,61304.363,71001.47,53604.92,61380.22,61341.023,69241.83,84591.79,61380.457,69242.086,69242.15,61380.457,71029.79,70965.414,69178.65,58934.293,57693.727,68961.195,61160.547,70958.65,58934.863,61409.684,61383.883,70986.09,61406.836,61374.03,69237.29,74713.555,55794.27,61374.17,61413.297,47694.793,70999.29,61348.094,69142.43,69216.81,63704.94,58934.664
7620,72753.88,61290.95,70834.04,69005.48,70794.336,70765.91,69046.55,70832.32,70821.49,69084.125,61292.19,69060.14,70782.53,69084.14,70834.39,70783.11,74456.29,55477.137,69084.58,70805.836,70779.44,61265.98,69084.4,70768.45,61290.887,61253.08,55713.4,55644.52,59520.44,61291.36,61252.883,70832.77,70793.0,54363.04,70793.05,70833.05,60463.773,69019.586,69020.12,70766.44,61251.195,61251.19,70833.02,61264.273,69046.11,69085.18,58848.24,57613.848,61290.785,70793.23,61264.336,61290.61,62716.55,69020.48,69059.516,48503.8,59698.23,56252.32,56005.78,55514.188,70833.05,69059.766,45288.367,61229.215,59080.08,61268.45,47732.027,61294.227,48182.297,61268.746,69021.01,61414.785,58049.516,69021.234,57679.707,69060.37,60656.363,58384.74,69047.25,70832.58,60022.844,58848.41,55558.062,50170.48,71728.92,61418.887,54863.95,44779.113,58874.633,69086.85,69047.914,56800.504,70766.88,61222.26,69047.836,61261.438,74484.99,64591.9,55489.31,61261.555,69021.79,61261.668,70833.28,55674.594,60687.734,60712.812,64641.07,57652.555,74486.59,57423.234,58448.473,55829.594,71368.0,51162.906,79146.5,60260.812,46227.348,55503.305,61851.07,52168.89,69035.36,62914.785,70767.445,61243.746,61256.94,57566.645,70834.02,61283.15,50001.94,69074.55,69010.66,70807.57,61217.93,49121.637,61345.875,57649.836,55453.934,55566.566,61223.91,71491.46,62600.8,60700.94,74263.67,56339.305,58867.652,58875.047,58298.293,47756.188,47987.785,68516.375,55568.883,59948.77,60285.21,59382.45,57880.85,58874.957,49056.387,58184.855,59188.543,61350.184,52568.707,62654.676,71906.9,58848.61,61707.785,62010.066,57174.67,74459.945,61680.41,58875.03,56115.367,53402.69,58805.223,58854.266,61120.61,74486.55,59867.227,74644.86,80600.48,58616.69,46827.242,57943.637,70836.91,84038.0,61249.17,61288.26,70797.1,67215.58,70807.48,61249.06,69077.06,54696.99,71882.62,61223.11,61261.062,61288.51,70771.98,61288.62,64417.48,58869.156,60178.176,72607.67,68174.04,58883.23,62308.848,63371.4,61352.926,56736.418,70774.37,52021.977,69065.07,70796.73,55226.594,70836.586,61288.938,58775.586,69064.945,70810.08,69065.195,70810.086,61223.254,61262.953,64558.613,89391.28,73518.695,54378.586,55925.97,55568.676,66314.414,84393.91,56510.105,57388.727,70792.34,70765.8,69036.305,70805.64,71395.14,54088.145,61244.543,69003.56,70792.34,69042.61,70832.35,61244.65,61435.703,61244.65,47986.082,70665.26,56684.492,61205.637,61414.08,63417.41,75328.13,56191.703,61284.223,47779.5,56917.836,61161.82,61187.062,70806.66,53724.895,61257.29,61218.074,69082.09,84347.72,61257.523,69082.4,69055.945,61257.523,70835.14,70769.43,69018.305,58848.043,57650.375,68782.305,61047.387,70763.94,58848.617,61286.812,61260.832,70791.23,61284.082,61250.86,69080.38,74462.94,55769.04,61250.93,61290.117,47887.67,70804.55,61224.93,68984.41,69056.84,63563.426,58848.46
7680,72533.95,61168.812,70637.94,68847.01,70598.13,70569.68,68888.05,70636.14,70631.84,68925.63,61170.016,68914.66,70585.945,68925.69,70638.195,70578.266,74208.68,55493.566,68926.08,70609.664,70583.26,61143.812,68925.99,70572.02,61168.906,61130.91,55723.082,55621.242,59439.527,61169.234,61130.58,70636.59,70596.82,54345.56,70596.8,70636.87,60353.938,68861.1,68861.62,70570.266,61129.047,61129.043,70636.84,61142.125,68887.62,68926.72,58762.88,57555.79,61168.63,70597.05,61142.188,61168.547,62582.223,68861.76,68901.01,48827.168,59690.527,56216.305,56131.793,55494.742,70636.95,68901.26,45427.47,61107.043,59197.95,61146.273,47969.973,61172.33,48369.31,61146.566,68862.4,61291.395,57990.58,68862.67,57662.766,68901.81,60548.793,58315.31,68888.73,70636.78,59930.824,58763.113,55625.52,50330.754,71525.58,61295.316,54917.82,44903.312,58789.33,68928.34,68889.4,56930.99,70570.71,61100.19,68889.31,61139.36,74237.375,64622.742,55551.15,61139.477,68863.25,61139.59,70637.195,55656.246,60582.54,60606.086,64536.18,57604.598,74238.94,57365.51,58391.617,55971.754,71167.64,51309.754,78846.33,60164.34,46416.31,55485.723,61801.31,52307.31,68876.9,62860.484,70571.266,61121.816,61135.01,57515.043,70637.84,61161.25,50084.035,68916.15,68851.664,70611.35,61096.008,49278.04,61223.22,57647.832,55438.836,55549.37,61102.797,71317.01,62473.668,60595.16,74017.21,56314.508,58783.316,58789.703,58242.05,48543.984,48263.28,68494.66,55551.66,59857.836,60188.305,59300.75,57894.25,58789.633,49230.402,58118.242,59116.004,61227.42,52703.67,62603.086,71702.73,58763.293,61658.055,61960.168,57210.742,74212.26,61612.18,58789.707,56070.95,53465.598,58738.918,58775.59,61093.625,74238.88,59766.63,74540.77,80413.06,58544.33,47443.285,57899.04,70640.75,83701.67,61127.12,61166.293,70600.89,67048.5,70624.79,61127.008,68918.625,54764.465,71677.29,61101.062,61138.99,61166.5,70575.74,61166.562,64341.81,58783.906,60080.652,72337.06,68029.484,58796.926,62258.402,63311.28,61229.363,56692.004,70575.99,52047.91,68906.83,70600.51,55377.45,70640.36,61166.88,58709.934,68906.75,70613.86,68906.96,70613.87,61101.203,61140.9,64412.39,89081.555,73272.21,54510.816,55985.117,55551.465,66203.73,84025.12,56555.457,57378.47,70596.164,70569.625,68878.11,70609.46,71198.37,54157.164,61122.58,68845.07,70596.164,68884.24,70636.17,61122.72,61411.18,61122.72,48261.285,70466.02,56666.434,61083.68,61290.727,63355.11,75078.91,56187.51,61162.37,48568.266,56886.426,61050.57,61070.375,70610.4,53827.117,61135.367,61096.145,68923.695,84107.2,61135.598,68924.02,68884.516,61135.6,70638.95,70572.59,68859.62,58762.7,57606.387,68603.19,60934.73,70567.734,58776.59,61164.855,61138.793,70594.96,61162.242,61128.707,68923.37,74215.12,55743.26,61128.742,61167.953,48077.145,70608.33,61102.78,68827.18,68898.33,63422.95,58763.156
7740,72318.41,61047.54,70444.64,68689.734,70404.8,70376.34,68730.74,70442.82,70441.734,68768.34,61048.723,68763.76,70392.42,68768.414,70444.86,70380.68,73962.375,55507.43,68768.78,70416.35,70389.945,61022.523,68768.74,70378.58,61047.71,61009.625,55729.79,55597.324,59358.594,61047.965,61009.223,70443.28,70403.51,54331.625,70403.45,70443.555,60242.984,68703.81,68704.31,70376.95,61007.777,61007.777,70443.53,61020.855,68730.32,68769.43,58691.32,57497.934,61047.35,70403.734,61020.914,61047.312,62449.293,68704.35,68743.7,49124.375,59680.06,56180.008,56253.02,55474.66,70443.69,68743.95,45583.17,60985.75,59298.383,61024.977,48230.324,61051.168,48552.043,61025.27,68705.04,61168.715,57878.336,68738.44,57632.6,68744.47,60441.79,58230.367,68731.414,70443.66,59839.105,58678.12,55691.91,50485.27,71323.55,61172.508,55013.63,45040.35,58704.332,68771.02,68732.08,57060.348,70377.41,60978.996,68731.99,61018.156,73991.05,64653.04,55610.73,61018.273,68705.92,61018.387,70443.93,55637.31,60479.734,60499.734,64433.723,57556.35,73992.58,57307.99,58334.42,56112.66,70969.445,51457.03,78552.27,60068.02,46618.223,55467.418,61751.625,52437.33,68719.68,62805.31,70377.945,61000.76,61013.953,57463.363,70444.516,61040.203,50181.145,68758.945,68694.18,70418.01,60974.953,49446.664,61101.35,57603.11,55422.926,55544.24,60982.562,71130.086,62347.402,60503.824,73776.6,56289.008,58698.05,58704.68,58184.023,49075.836,48566.4,68472.72,55533.62,59767.164,60091.945,59219.207,57893.746,58704.613,49399.48,58051.785,59043.383,61105.477,52831.5,62550.812,71499.44,58678.28,61608.812,61910.164,57253.47,73965.92,61548.02,58704.688,56028.023,53504.754,58672.473,58693.9,61065.21,73992.555,59666.074,74437.375,80227.805,58472.113,47894.953,57852.617,70447.43,83349.914,61005.94,61045.152,70427.8,66882.586,70438.11,61005.832,68761.4,54831.05,71473.44,60979.89,61017.805,61045.336,70382.375,61045.375,64265.598,58698.965,59983.51,72136.51,67885.78,58711.242,62207.617,63245.85,61106.57,56647.496,70381.59,52082.945,68749.8,70407.17,55526.598,70447.02,61045.69,58644.016,68749.734,70420.52,68749.93,70420.53,60980.027,61019.715,64267.027,88776.555,73036.26,54636.906,56041.52,55546.324,66092.78,83667.02,56597.1,57368.55,70402.87,70376.336,68721.11,70416.17,71002.61,54226.65,61001.5,68687.9,70402.87,68727.125,70442.875,61001.656,61384.676,61001.656,48564.207,70277.11,56645.04,60962.61,61168.07,63292.086,74833.75,56179.293,61041.348,49139.688,56854.363,60940.035,60954.312,70417.07,53929.44,61014.312,60975.094,68766.47,83870.234,61027.812,68766.805,68747.34,61027.816,70445.65,70378.97,68702.24,58677.68,57546.285,68425.49,60822.812,70374.44,58698.12,61043.73,61017.625,70401.62,61041.227,61007.43,68766.81,73968.7,55716.953,61007.453,61046.67,48262.727,70415.02,60981.51,68671.6,68741.04,63283.53,58691.465
7800,72102.1,60890.71,70245.17,68557.91,70205.305,70176.82,68559.19,70243.31,70243.836,68596.78,60891.902,68595.34,70219.84,68596.87,70245.37,70179.08,73719.63,55482.195,68597.22,70216.84,70217.43,60865.707,68597.2,70179.04,60890.926,60872.715,55663.098,55549.023,59277.09,60891.14,60852.37,70243.78,70204.016,54322.348,70203.94,70244.055,60121.316,68532.27,68532.766,70177.46,60851.035,60851.035,70244.03,60864.11,68558.766,68597.875,58614.457,57420.883,60890.61,70204.234,60864.17,60890.59,62303.547,68532.74,68572.14,49368.93,59667.227,56130.38,56368.344,55442.043,70244.22,68572.38,45753.74,60829.055,59391.836,60868.273,48483.8,60867.99,48730.355,60868.566,68533.45,61036.08,57834.594,68550.06,57607.26,68572.89,60321.805,58156.18,68559.84,70244.26,59733.863,58594.58,55755.703,50634.773,71121.85,61040.055,55102.215,45191.44,58620.78,68599.445,68560.5,57186.6,70177.92,60822.527,68560.42,60874.945,73748.26,64680.934,55669.02,60861.793,68567.43,60861.91,70244.47,55613.965,60376.93,60380.117,64328.316,57504.516,73749.8,57226.457,58275.207,56251.266,70768.164,51611.367,78260.695,59968.566,46820.457,55444.836,61701.906,52556.695,68548.25,62749.555,70178.445,60844.38,60857.57,57402.4,70245.016,60883.83,50291.215,68587.516,68522.625,70218.5,60818.582,49614.73,60956.15,57608.93,55399.71,55527.004,60845.562,70935.47,62221.883,60406.94,73542.06,56260.715,58616.684,58621.1,58125.49,49433.09,48836.83,68450.32,55522.812,59676.81,59996.16,59137.227,57902.383,58621.06,49563.793,57976.4,58965.734,60961.105,52954.54,62497.934,71270.195,58594.734,61559.402,61860.055,57294.71,73723.18,61487.14,58621.133,55987.645,53607.156,58605.555,58612.027,61035.195,73749.82,59563.168,74334.76,80043.73,58398.344,48225.727,57804.168,70247.97,82998.31,60850.19,60889.414,70238.3,66717.07,70241.88,60850.08,68589.945,54896.695,71270.93,60824.15,60862.027,60889.59,70182.914,60889.617,64183.047,58615.473,59883.484,71927.78,67739.7,58621.04,62156.48,63180.312,61007.26,56592.363,70181.69,52127.375,68578.56,70207.78,55672.133,70247.63,60889.934,58577.41,68578.516,70221.13,68578.695,70221.15,60824.28,60863.97,64122.277,88451.59,72807.516,54757.684,56094.973,55529.094,65981.164,83312.12,56635.547,57377.848,70223.69,70176.91,68549.914,70216.74,70803.13,54296.723,60845.74,68516.6,70203.44,68555.85,70243.445,60845.902,61355.734,60845.902,48834.484,70088.68,56620.004,60806.86,61035.37,63228.45,74586.766,56153.902,60885.613,49532.953,56819.65,60828.098,60825.67,70217.79,54030.83,60858.63,60819.414,68595.07,83628.13,60878.668,68595.41,68585.83,60878.67,70246.41,70179.56,68530.78,58607.57,57502.492,68245.836,60708.43,70175.22,58617.785,60888.05,60861.93,70202.38,60885.57,60851.715,68595.74,73739.336,55649.81,60851.727,60890.945,48444.15,70215.8,60858.977,68504.08,68569.734,63141.426,58614.46
7860,71886.39,60746.812,70052.65,68411.62,70033.016,69984.27,68413.17,70050.766,70052.086,68430.93,60748.004,68431.03,70040.555,68431.02,70052.836,69985.51,73481.266,55450.766,68431.36,70024.305,70038.19,60735.082,68431.35,69986.49,60747.047,60738.625,55622.082,55497.58,59194.516,60747.246,60728.363,70051.234,70031.73,54318.562,70011.39,70051.52,60002.934,68399.51,68399.984,69984.93,60707.19,60707.195,70051.49,60720.266,68392.91,68432.016,58536.266,57358.418,60746.758,70031.945,60720.33,60746.75,62161.348,68366.87,68406.27,49599.02,59652.69,56078.008,56477.727,55407.66,70051.695,68406.516,45940.117,60685.223,59480.51,60724.438,48746.844,60711.117,48904.21,60724.727,68367.586,60865.574,57783.84,68375.92,57585.094,68407.01,60205.004,58088.156,68413.82,70051.77,59631.215,58513.082,55816.25,50779.777,70920.31,60903.445,55183.523,45357.83,58539.277,68433.57,68414.47,57309.44,69985.4,60678.855,68394.55,60737.797,73509.84,64706.23,55725.92,60718.113,68417.84,60718.23,70051.945,55593.438,60273.273,60263.562,64227.562,57451.082,73511.41,57152.49,58215.95,56387.71,70570.7,51778.195,77971.6,59867.312,47031.945,55419.688,61652.125,52673.613,68402.37,62693.004,69985.91,60700.785,60713.973,57342.402,70052.46,60740.23,50414.863,68421.79,68356.84,70039.44,60708.16,49790.844,60815.773,57607.312,55380.69,55507.99,60716.594,70738.65,62097.39,60306.98,73310.734,56231.992,58538.21,58539.58,58067.23,49674.016,49102.19,68427.01,55506.99,59586.59,59900.656,59054.242,57910.273,58539.57,49723.594,57902.883,58886.543,60822.113,53073.523,62444.465,71081.75,58513.258,61509.938,61809.824,57333.004,73484.83,61431.887,58539.645,55950.434,53718.688,58537.99,58531.406,61003.312,73511.47,59459.633,74232.29,79859.945,58322.992,48462.32,57756.79,70055.44,82649.695,60706.9,60746.12,70050.68,66550.664,70050.945,60726.684,68424.19,54961.316,71082.15,60714.027,60718.723,60746.293,70024.13,60746.312,64100.32,58534.03,59781.867,71717.58,67595.625,58535.867,62105.004,63116.168,60886.992,56536.08,70022.695,52181.77,68413.01,70035.555,55817.48,70055.16,60746.633,58510.184,68412.97,70028.664,68380.07,70042.17,60680.992,60720.67,63977.293,88149.516,72583.56,54873.137,56145.547,55510.07,65868.766,82959.97,56672.04,57398.9,70041.164,69984.42,68384.4,70024.24,70604.625,54366.324,60702.46,68351.01,70010.945,68403.49,70050.945,60702.63,61324.902,60702.63,49099.69,69904.805,56590.58,60703.387,60898.05,63163.61,74344.0,56123.41,60742.348,49812.816,56784.336,60720.945,60700.29,70038.88,54128.75,60715.4,60709.355,68429.32,83389.8,60738.65,68429.664,68424.945,60738.652,70054.03,69987.11,68365.01,58532.77,57457.96,68067.76,60592.82,69982.86,58537.88,60744.797,60718.67,70010.01,60742.348,60708.426,68430.16,73507.57,55599.63,60708.434,60747.65,48621.285,70036.92,60732.023,68345.586,68417.28,62998.613,58536.184
7920,71675.34,60612.12,69865.82,68260.516,69856.16,69797.44,68262.19,69863.92,69865.64,68270.195,60613.31,68271.03,69860.24,68270.28,69866.0,69798.16,73248.24,55417.074,68270.62,69837.46,69857.9,60606.92,68270.62,69799.65,60612.36,60608.758,55586.16,55447.21,59110.496,60612.555,60603.465,69864.4,69854.86,54321.086,69844.8,69864.69,59887.914,68255.055,68255.53,69831.836,60572.535,60592.434,69864.66,60598.87,68252.01,68271.266,58458.996,57298.51,60612.098,69855.086,60585.668,60612.094,62021.55,68206.12,68245.52,49811.32,59637.54,56025.21,56582.684,55373.008,69864.87,68245.766,46138.0,60583.723,59565.016,60589.766,49005.004,60596.562,49073.652,60603.324,68206.83,60744.0,57731.11,68211.09,57563.227,68259.48,60090.703,58023.37,68262.83,69864.96,59530.8,58434.207,55872.19,50920.57,70721.71,60766.543,55259.652,45538.562,58460.395,68272.8,68263.47,57428.855,69798.57,60577.477,68253.625,60606.46,73276.76,64728.87,55780.188,60596.832,68265.1,60596.95,69865.125,55571.637,60168.758,60149.42,64131.836,57397.15,73278.34,57085.418,58156.414,56521.66,70377.23,51946.44,77685.35,59765.44,47245.14,55392.758,61602.164,52786.652,68251.53,62635.395,69832.79,60586.2,60592.754,57283.97,69865.61,60605.746,50546.996,68261.18,68196.21,69859.234,60590.01,49967.38,60678.367,57602.492,55361.32,55487.746,60592.38,70542.85,61974.32,60205.043,73083.69,56202.8,58462.06,58460.656,58008.68,49835.168,49350.66,68402.32,55488.33,59496.07,59805.12,58970.01,57916.547,58460.7,49879.11,57831.12,58807.098,60686.64,53188.273,62390.133,70860.875,58434.395,61460.156,61759.22,57367.49,73251.8,61383.184,58460.77,55917.984,53836.953,58469.63,58453.01,60969.574,73278.43,59358.29,74129.53,79677.39,58246.902,48626.15,57708.676,69868.59,82303.81,60592.45,60611.773,69866.25,66386.695,69864.89,60602.133,68263.55,55022.13,70888.11,60596.01,60597.633,60611.94,69853.91,60611.96,64018.71,58455.207,59679.73,71511.0,67453.54,58452.76,62052.246,63051.285,60758.152,56479.992,69852.38,52244.08,68252.555,69858.73,55960.637,69868.35,60612.28,58442.312,68252.516,69841.87,68203.33,69862.016,60579.81,60586.324,63832.062,87855.2,72363.42,54984.363,56193.043,55489.816,65756.79,82610.24,56706.508,57428.695,69859.26,69831.34,68237.2,69850.92,70413.02,54434.113,60588.027,68190.52,69844.375,68249.516,69864.13,60588.2,61292.168,60588.2,49348.06,69724.375,56557.566,60588.664,60759.64,63097.27,74105.14,56091.152,60608.023,50013.832,56748.535,60614.76,60577.367,69858.77,54222.59,60594.36,60591.387,68268.664,83156.23,60605.93,68269.0,68266.68,60605.934,69867.3,69800.33,68204.33,58457.2,57411.137,67893.6,60476.492,69796.13,58459.773,60610.47,60597.605,69843.5,60608.047,60593.965,68269.56,73277.77,55552.465,60593.973,60613.285,48794.11,69856.83,60605.707,68191.484,68263.164,62855.375,58458.88
7980,71467.445,60483.348,69682.81,68109.38,69678.06,69614.43,68111.1,69680.914,69682.83,68114.31,60484.535,68115.51,69680.445,68114.41,69683.0,69614.91,73018.914,55381.984,68114.73,69654.45,69678.12,60481.367,68114.73,69650.375,60483.59,60482.363,55552.1,55397.29,59026.3,60483.777,60479.51,69681.39,69676.766,54329.395,69671.76,69681.68,59775.543,68107.19,68107.66,69665.45,60463.684,60473.484,69681.66,60476.652,68105.88,68115.37,58383.07,57239.492,60483.344,69676.99,60456.92,60483.344,61884.703,68050.234,68089.625,50006.832,59620.805,55972.777,56683.21,55338.316,69681.87,68089.87,46343.195,60471.285,59646.062,60461.0,49249.64,60477.695,49238.766,60481.086,68050.94,60615.805,57676.246,68053.19,57541.043,68110.07,59978.273,57959.918,68111.73,69681.97,59432.15,58357.51,55925.035,51057.59,70524.82,60631.08,55331.16,45731.83,58383.69,68116.87,68112.36,57544.766,69615.58,60465.14,68107.48,60479.375,73047.37,64748.996,55830.47,60474.69,68113.125,60474.81,69682.125,55549.12,60063.21,60037.07,64041.598,57343.285,73048.984,57022.543,58096.504,56652.84,70186.516,52111.184,77402.57,59663.785,47456.445,55364.79,61552.004,52896.51,68100.59,62577.227,69666.38,60467.387,60470.676,57226.67,69682.59,60477.13,50683.21,68105.43,68040.45,69679.49,60469.445,50140.008,60545.48,57594.71,55341.4,55466.863,60470.484,70349.22,61852.92,60101.242,72859.01,56173.223,58387.758,58383.92,57949.52,49941.56,49578.336,68376.125,55468.22,59405.414,59709.184,58885.92,57920.703,58384.01,50030.57,57760.555,58727.99,60554.13,53299.625,62335.15,70678.695,58357.715,61410.246,61708.39,57398.676,73022.45,61340.887,58384.08,55889.594,53957.984,58400.832,58376.617,60934.465,73049.086,59258.65,74026.91,79496.79,58170.92,48735.957,57660.06,69685.57,81962.14,60473.68,60483.203,69684.42,66224.45,69682.26,60478.387,68107.75,55084.06,70692.15,60475.484,60475.594,60483.37,69679.08,60483.387,63938.066,58378.574,59577.977,71305.945,67312.91,58372.395,61999.51,62986.332,60626.676,56424.32,69677.516,52314.133,68096.94,69680.65,56101.56,69685.36,60483.707,58373.844,68096.91,69658.875,68039.7,69682.3,60467.57,60457.758,63689.344,87565.74,72146.266,55091.43,56238.01,55468.92,65645.58,82264.05,56738.855,57465.383,69678.68,69664.97,68088.15,69674.58,70223.984,54501.844,60469.28,68034.89,69671.35,68097.07,69681.14,60469.457,61258.105,60469.453,49575.695,69545.58,56521.96,60469.773,60623.17,63031.04,73870.14,56057.88,60479.48,50161.297,56712.297,60510.51,60456.58,69679.086,54312.832,60472.363,60470.902,68112.84,82927.016,60478.184,68113.17,68112.03,60478.188,69684.34,69617.37,68048.51,58382.137,57362.527,67721.77,60361.348,69613.195,58383.46,60481.91,60475.582,69670.516,60479.52,60475.18,68113.766,73050.016,55506.688,60475.184,60484.695,48962.664,69677.15,60481.082,68040.89,68110.57,62714.297,58382.953
8040,71263.05,60358.77,69502.03,67959.83,69499.695,69433.65,67961.55,69500.125,69502.14,67962.414,60359.953,67963.766,69501.234,67962.51,69502.22,69434.0,72793.14,55346.85,67962.82,69473.67,69498.914,60358.367,67962.82,69486.21,60359.01,60358.95,55517.387,55348.76,58941.75,60359.195,60357.3,69500.61,69498.41,54343.035,69495.88,69500.9,59665.61,67959.23,67959.69,69492.85,60348.92,60353.746,69500.875,60355.31,67958.78,67963.45,58308.836,57181.05,60358.78,69498.63,60332.367,60358.78,61749.97,67898.33,67937.71,50186.65,59602.527,55921.223,56779.758,55303.473,69501.09,67937.945,46552.51,60354.74,59723.9,60336.414,49480.754,60357.984,49399.684,60359.71,67899.016,60486.45,57620.723,67900.28,57517.68,67961.34,59867.492,57897.273,67962.16,69501.195,59335.066,58282.92,55975.355,51191.07,70330.32,60498.82,55398.33,45935.312,58309.094,67964.92,67962.78,57657.863,69434.805,60348.684,67960.336,60355.652,72821.54,64766.703,55882.332,60353.406,67963.125,60353.523,69501.34,55525.258,59958.06,59926.266,63956.67,57289.74,72823.17,56962.164,58036.297,56781.2,69997.71,52269.09,77123.16,59562.61,47663.84,55335.914,61501.58,53003.516,67951.2,62518.33,69493.77,60347.766,60349.445,57170.234,69501.8,60352.684,50819.758,67953.664,67888.695,69500.305,60348.96,50306.17,60416.414,57584.594,55320.93,55444.83,60350.668,70157.68,61732.758,59996.812,72636.914,56143.035,58315.336,58309.293,57889.676,50010.707,49785.1,68348.41,55446.562,59314.703,59613.105,58802.152,57922.61,58309.42,50178.203,57690.89,58649.51,60426.203,53407.453,62279.383,70489.836,58283.137,61359.992,61657.133,57428.168,72796.66,61304.754,58309.49,55865.73,54078.45,58331.82,58302.234,60899.223,72823.28,59161.004,73924.46,79318.45,58095.4,48806.176,57611.06,69504.77,81624.68,60334.16,60358.75,69504.2,66063.46,69501.65,60356.31,67955.945,55144.676,70496.5,60354.992,60354.36,60358.914,69502.305,60358.93,63857.715,58304.055,59477.008,71102.43,67173.24,58294.594,61945.62,62920.94,60496.4,56369.266,69500.74,52389.074,67945.29,69502.29,56239.793,69504.586,60359.25,58305.08,67945.266,69478.1,67884.125,69503.13,60351.16,60333.305,63547.387,87280.19,71929.89,55194.68,56280.2,55446.875,65534.707,81921.94,56768.594,57507.64,69499.1,69492.38,67939.766,69497.086,70038.95,54568.78,60349.684,67916.28,69495.49,67946.984,69500.375,60349.86,61223.34,60349.86,49782.465,69367.78,56484.344,60350.1,60489.76,62964.156,73638.71,56023.363,60355.06,50272.51,56675.67,60407.715,60337.57,69499.95,54398.86,60351.168,60350.45,67961.0,82701.805,60354.152,67961.32,67960.76,60354.156,69503.6,69436.62,67896.66,58308.34,57312.535,67551.266,60246.867,69432.47,58309.062,60357.47,60354.355,69494.68,60355.105,60355.527,67961.92,72824.984,55461.58,60355.535,60360.223,49127.04,69498.016,60358.56,67893.67,67960.305,62574.53,58308.742
8100,71063.21,60237.254,69322.7,67812.43,69321.56,69261.07,67814.13,69320.8,69322.86,67813.86,60238.434,67815.266,69322.68,67813.945,69322.89,69288.336,72570.5,55311.88,67814.26,69294.34,69320.37,60237.63,67814.26,69315.06,60237.496,60238.004,55482.836,55300.887,58857.613,60237.68,60236.953,69321.28,69320.266,54361.344,69318.98,69321.57,59557.934,67812.6,67813.055,69317.56,60232.246,60234.625,69321.55,60235.395,67812.57,67814.875,58236.215,57123.062,60237.28,69320.5,60210.87,60237.28,61617.16,67756.375,67789.13,50353.332,59582.9,55870.07,56872.69,55268.344,69321.766,67789.36,46763.105,60237.17,59798.58,60214.89,49688.844,60238.855,49556.555,60239.766,67757.05,60358.285,57561.707,67757.82,57493.164,67814.33,59758.188,57834.016,67814.73,69321.875,59239.367,58210.15,56022.848,51321.285,70137.914,60369.71,55462.008,46145.535,58236.316,67816.32,67815.336,57767.684,69255.484,60231.195,67814.1,60234.59,72598.85,64782.03,55932.137,60233.543,67815.48,60233.66,69322.016,55500.805,59853.19,59816.688,63876.598,57236.406,72600.49,56903.35,57975.695,56906.617,69810.58,52419.715,76847.75,59461.71,47866.24,55306.426,61451.133,53107.996,67803.96,62458.75,69318.46,60228.75,60229.633,57114.457,69322.45,60231.29,50954.79,67805.25,67773.33,69321.76,60229.516,50465.004,60290.56,57573.426,55299.94,55422.113,60232.715,69968.05,61613.766,59892.223,72418.25,56112.34,58244.348,58236.48,57829.06,50054.97,49972.812,68318.95,55424.023,59223.906,59516.98,58718.43,57923.137,58236.645,50322.21,57621.957,58571.613,60301.137,53512.305,62223.258,70298.82,58210.367,61310.38,61605.863,57455.66,72573.984,61273.81,58236.707,55845.547,54196.625,58262.56,58229.637,60862.086,72600.61,59065.383,73822.14,79142.305,58020.31,48848.29,57561.45,69325.42,81291.16,60205.32,60237.32,69325.15,65903.61,69322.41,60236.05,67807.484,55203.86,70302.14,60235.51,60234.52,60237.484,69324.945,60237.5,63778.266,58231.363,59376.86,70901.3,67034.625,58219.086,61892.74,62855.043,60368.273,56314.78,69296.414,52468.06,67796.99,69324.164,56375.36,69325.266,60237.812,58235.98,67796.96,69298.78,67733.89,69324.61,60233.688,60211.875,63407.023,86998.54,71719.27,55294.484,56320.13,55424.145,65424.203,81583.805,56796.562,57552.805,69320.37,69317.1,67793.09,69319.375,69856.65,54634.727,60230.664,67757.805,69318.59,67799.43,69287.336,60230.84,61187.652,60230.84,49970.203,69190.92,56445.02,60231.05,60359.613,62896.53,73410.82,55987.777,60233.664,50359.3,56638.523,60305.875,60220.1,69321.445,54481.582,60231.363,60231.01,67812.5,82479.914,60232.95,67812.81,67812.54,60232.953,69324.31,69264.06,67754.76,58235.953,57260.58,67381.61,60133.246,69253.19,58236.383,60236.047,60234.516,69317.805,60233.71,60236.453,67813.41,72602.68,55416.727,60236.457,60238.766,49287.35,69319.516,60238.062,67749.44,67812.58,62436.395,58236.156
8160,70864.734,60117.887,69144.42,67667.9,69143.86,69113.086,67669.57,69142.51,69144.59,67668.76,60119.06,67670.17,69144.766,67668.84,69144.6,69099.664,72350.82,55276.832,67669.14,69116.055,69142.47,60118.637,67669.14,69113.836,60118.13,60118.914,55447.645,55254.297,58773.85,60118.31,60118.156,69142.99,69142.57,54383.207,69141.88,69109.57,59452.297,67668.44,67668.88,69141.26,60115.27,60096.562,69143.266,60116.82,67648.8,67669.75,58165.47,57065.273,60117.926,69142.805,60091.523,60117.926,61486.004,67640.94,67644.01,50507.78,59562.13,55819.387,56961.957,55233.01,69143.484,67644.23,46973.723,60119.74,59870.227,60095.51,49879.164,60120.652,49709.53,60121.16,67641.6,60232.168,57504.145,67615.7,57467.38,67669.95,59649.645,57771.84,67670.16,69143.59,59144.83,58139.348,56067.605,51448.293,69947.75,60243.465,55523.266,46360.074,58165.508,67671.16,67670.75,57874.547,69077.2,60080.703,67650.29,60115.47,72379.13,64795.195,55979.953,60115.01,67670.78,60115.13,69143.734,55475.258,59748.953,59708.434,63800.86,57183.332,72380.77,56845.38,57914.83,57028.93,69625.08,52562.098,76576.29,59362.375,48063.137,55276.29,61400.61,53209.934,67659.58,62398.613,69108.43,60090.79,60111.16,57059.137,69144.15,60112.03,51086.297,67660.29,67618.22,69143.84,60111.22,50615.926,60167.32,57560.477,55278.168,55398.402,60115.92,69780.22,61496.48,59787.926,72201.68,56081.008,58175.285,58165.637,57766.785,50083.195,50143.625,68288.49,55400.39,59133.223,59420.973,58635.227,57921.934,58165.836,50462.758,57553.59,58494.36,60178.44,53613.9,62166.793,70081.04,58139.57,61260.52,61554.605,57481.254,72354.27,61246.895,58165.9,55828.863,54311.11,58193.227,58158.992,60824.613,72380.89,58971.836,73720.336,78968.266,57945.78,48871.848,57511.527,69147.12,80961.4,60082.367,60118.01,69146.984,65745.61,69144.15,60117.32,67662.48,55261.47,70109.71,60117.164,60116.0,60118.176,69147.62,60118.19,63699.28,58160.65,59277.52,70701.95,66897.02,58145.84,61839.848,62788.633,60242.52,56260.75,69105.82,52548.203,67652.13,69146.47,56507.973,69146.984,60085.37,58166.402,67652.11,69120.51,67588.086,69146.72,60116.332,60092.566,63268.316,86720.52,71509.836,55390.723,56357.594,55400.42,65314.12,81249.47,56822.32,57600.26,69142.38,69140.81,67649.06,69128.414,69677.29,54699.5,60112.574,67607.94,69121.28,67654.94,69092.45,60112.746,61151.582,60092.867,50141.05,69014.76,56403.324,60112.938,60232.527,62828.52,73186.61,55950.918,60114.4,50429.598,56600.91,60206.234,60103.957,69143.58,54561.195,60112.883,60112.71,67667.44,82261.05,60113.78,67667.75,67667.62,60113.785,69146.055,69089.13,67639.38,58165.33,57205.043,67214.65,60020.61,69074.95,58165.633,60116.75,60116.0,69140.74,60114.445,60118.293,67668.336,72383.13,55372.395,60118.297,60119.438,49443.742,69141.66,60119.207,67608.28,67667.91,62299.67,58165.457
8220,70668.57,60000.34,68967.49,67526.59,68967.22,68951.086,67528.23,68965.586,68967.67,67527.164,60001.5,67528.57,68968.02,67527.25,68967.67,68917.625,72133.31,55241.562,67527.54,68939.13,68965.734,60001.273,67527.54,68925.61,60000.582,60001.496,55411.8,55208.656,58688.96,60000.76,60000.887,68966.07,68945.7,54407.65,68965.55,68916.04,59348.375,67494.28,67527.734,68965.31,59998.91,59969.824,68966.336,59986.426,67497.99,67528.13,58096.523,57007.66,60000.39,68966.164,59973.996,60000.39,61356.42,67513.945,67502.38,50651.695,59540.4,55769.2,57048.477,55197.516,68966.555,67502.6,47182.473,60003.133,59939.117,59977.953,50053.094,60003.67,49858.766,60003.98,67514.586,60108.277,57446.29,67501.98,57440.32,67528.695,59543.01,57710.14,67528.8,68966.664,59051.055,58070.39,56109.707,51572.05,69758.56,60119.746,55581.594,46576.605,58096.547,67529.51,67509.56,57978.36,68900.28,59947.863,67499.45,59998.066,72161.58,64806.31,56025.81,59997.902,67529.36,59998.016,68966.805,55448.773,59645.28,59601.316,63728.996,57130.4,72163.22,56787.914,57853.68,57148.316,69440.47,52696.184,76308.47,59263.297,48254.22,55245.582,61349.99,53309.11,67518.42,62337.977,68915.86,59964.145,59994.105,57004.156,68967.21,59994.594,51213.4,67518.84,67471.78,68967.1,59994.254,50759.742,60046.36,57545.84,55255.535,55373.688,60000.664,69593.7,61380.895,59684.066,71987.04,56049.0,58107.875,58096.64,57703.97,50101.434,50299.86,68256.68,55375.707,59042.6,59325.152,58552.11,57918.97,58096.867,50599.957,57485.69,58417.566,60057.86,53712.12,62109.855,69904.445,58070.613,61210.55,61503.18,57504.734,72136.73,61223.406,58096.926,55815.29,54420.723,58123.742,58090.19,60786.09,72163.336,58880.22,73618.65,78796.16,57871.66,48882.76,57461.15,68970.164,80635.44,59963.082,60000.52,68970.1,65589.0,68967.234,59980.24,67520.98,55317.496,69918.61,60000.145,59998.902,60000.68,68971.14,60000.695,63621.383,58091.785,59179.11,70504.7,66760.12,58074.707,61786.27,62721.734,60119.055,56207.14,68922.83,52628.137,67510.78,68969.83,56637.32,68970.055,59951.566,58095.973,67510.76,68943.586,67446.27,68956.5,59999.797,59975.07,63130.938,86445.98,71303.11,55484.035,56392.62,55375.695,65204.383,80918.94,56845.86,57648.33,68965.62,68931.164,67508.16,68945.25,69501.055,54763.297,59995.703,67464.12,68935.0,67513.75,68907.36,59976.0,61114.97,59966.21,50297.332,68839.695,56360.54,59996.055,60108.17,62760.043,72966.06,55912.812,59996.945,50488.875,56562.76,60108.18,59989.074,68966.87,54637.85,59995.816,59995.734,67525.89,82044.984,59996.38,67526.195,67526.125,59996.38,68969.14,68913.87,67512.44,58096.453,57150.938,67048.83,59908.965,68898.06,58096.707,59999.26,59998.9,68964.43,59996.992,60001.348,67526.766,72165.66,55328.51,60001.35,60001.918,49596.355,68964.945,60001.918,67470.12,67526.53,62164.875,58096.56
8280,70476.54,59884.47,68791.3,67387.99,68791.17,68782.25,67389.58,68789.4,68791.49,67388.414,59885.617,67389.8,68791.914,67388.5,68791.484,68738.92,71918.26,55205.95,67388.78,68762.95,68789.65,59872.24,67388.78,68770.83,59884.707,59865.81,55375.285,55163.77,58605.3,59884.883,59885.145,68789.88,68759.7,54433.758,68789.65,68731.67,59246.613,67339.49,67389.19,68789.61,59883.63,59849.438,68790.15,59864.234,67354.7,67389.35,58029.094,56950.188,59884.527,68790.125,59858.145,59884.53,61227.902,67382.37,67363.61,50786.227,59517.266,55719.473,57132.06,55161.867,68790.37,67363.82,47388.24,59887.715,60005.316,59862.066,50212.24,59888.066,50004.387,59888.277,67383.0,59986.58,57388.96,67376.93,57411.883,67390.09,59437.47,57649.06,67390.14,68790.48,58958.68,58002.97,56149.22,51692.996,69571.484,59998.297,55637.426,46793.176,58029.12,67390.7,67361.14,58079.156,68724.1,59824.492,67356.125,59869.047,71946.49,64815.38,56069.957,59882.27,67390.664,59882.383,68790.62,55421.414,59541.867,59495.336,63660.18,57077.54,71948.12,56730.77,57792.258,57264.527,69257.47,52822.113,76044.28,59165.29,48439.305,55214.355,61299.254,53406.125,67379.98,62276.86,68731.97,59843.85,59878.53,56949.414,68791.01,59878.83,51335.453,67380.26,67357.15,68790.99,59878.72,50896.184,59927.45,57529.58,55232.027,55348.016,59886.895,69408.664,61266.453,59580.48,71775.07,56016.305,58041.973,58029.18,57640.695,50113.926,50443.516,68223.26,55350.043,58952.098,59229.484,58469.254,57914.25,58029.43,50733.938,57418.18,58341.33,59939.223,53808.266,62052.434,69695.37,58003.188,61160.496,61451.54,57526.953,71921.64,61202.094,58029.49,55804.19,54524.81,58054.133,58022.926,60746.527,71948.24,58790.477,73516.805,78625.76,57797.906,48886.094,57410.344,68793.95,80313.29,59846.38,59884.69,68793.93,65433.72,68791.05,59854.77,67382.33,55371.848,69729.375,59884.55,59883.277,59884.855,68795.17,59884.87,63544.53,58024.465,59081.57,70309.19,66623.67,58006.152,61732.215,62654.36,59997.74,56153.93,68743.664,52706.777,67372.27,68773.56,56763.38,68793.875,59827.71,58025.285,67372.25,68767.4,67307.55,68773.766,59884.44,59859.246,62994.73,86174.93,71098.234,55574.605,56425.246,55350.016,65094.887,80592.21,56867.21,57695.473,68769.29,68738.87,67369.9,68766.0,69327.78,54825.52,59880.21,67324.4,68754.21,67375.32,68727.164,59850.723,61078.18,59845.902,50441.035,68665.61,56316.83,59880.55,59986.25,62691.11,72748.914,55873.633,59881.16,50540.836,56524.047,60011.54,59875.418,68790.8,54711.875,59880.227,59880.188,67387.19,81831.58,59880.62,67387.484,67387.45,59880.62,68792.98,68738.51,67380.914,58029.07,57096.57,66883.74,59798.227,68721.92,58029.31,59883.445,59883.27,68788.56,59881.207,59885.777,67361.63,71950.59,55285.008,59885.785,59886.062,49745.33,68788.88,59886.176,67334.54,67387.914,62030.816,58029.18
8340,70286.49,59770.242,68616.39,67252.03,68616.33,68610.97,67253.586,68614.49,68616.586,67252.38,59771.383,67253.73,68617.05,67252.46,68616.57,68589.75,71705.375,55169.906,67252.74,68588.055,68614.79,59751.527,67252.74,68606.46,59770.477,59741.824,55338.113,55119.49,58521.414,59770.652,59770.98,68614.984,68579.96,54460.156,68614.89,68552.75,59146.65,67195.56,67253.24,68614.945,59769.7,59733.0,68615.25,59746.91,67216.42,67253.3,57963.395,56892.812,59770.316,68615.29,59743.938,59770.316,61101.855,67249.86,67227.55,50912.73,59492.754,55670.17,57212.836,55126.07,68615.47,67227.75,47590.254,59773.703,60068.82,59747.832,50358.566,59773.96,50146.543,59774.125,67250.47,59866.96,57331.586,67247.62,57382.4,67254.1,59333.04,57588.633,67254.125,68615.58,58867.234,57937.285,56186.207,51811.23,69385.65,59878.926,55690.66,47008.484,57963.43,67254.61,67220.31,58176.957,68549.21,59706.605,67217.81,59748.375,71733.57,64822.34,56112.38,59768.184,67254.625,59768.3,68615.72,55393.234,59438.87,59390.48,63593.78,57024.703,71735.19,56673.84,57730.59,57377.56,69076.46,52940.375,75783.69,59067.953,48618.535,55182.66,61248.375,53501.227,67244.18,62215.266,68553.266,59727.508,59764.504,56894.836,68616.09,59764.71,51451.85,67244.38,67233.07,68616.125,59764.715,51024.773,59810.473,57511.54,55207.65,55321.438,59774.727,69225.48,61153.9,59477.215,71565.03,55982.926,57977.477,57963.453,57577.145,50123.676,50576.824,68188.96,55323.46,58861.746,59134.004,58386.625,57907.734,57963.727,50864.867,57350.91,58265.59,59822.434,53901.926,61994.535,69524.71,57937.492,61110.344,61399.668,57547.477,71708.72,61182.113,57963.78,55794.51,54623.098,57984.43,57957.395,60705.934,71735.32,58702.617,73415.52,78457.06,57724.203,48885.516,57359.195,68619.03,79994.94,59731.77,59770.51,68619.02,65279.7,68616.13,59735.848,67246.41,55424.504,69541.49,59770.484,59769.2,59770.67,68620.36,59770.688,63468.47,57958.883,58984.848,70115.77,66487.875,57938.56,61677.76,62586.52,59878.438,56101.082,68594.266,52783.574,67236.48,68588.77,56886.125,68618.98,59709.586,57954.277,67236.46,68592.51,67171.66,68595.65,59770.492,59745.066,62860.14,85907.03,70895.266,55662.37,56455.508,55323.426,64985.598,80269.31,56886.4,57740.98,68584.48,68556.05,67234.26,68589.6,69157.46,54886.156,59766.22,67188.0,68577.055,67239.555,68550.305,59731.92,61041.195,59729.547,50574.387,68493.1,56272.402,59766.56,59866.53,62621.723,72535.07,55833.535,59767.027,50588.234,56484.77,59916.53,59762.965,68615.97,54783.383,59766.188,59766.17,67251.2,81620.62,59753.254,67251.49,67251.48,59766.5,68618.1,68564.03,67248.46,57963.4,57042.156,66719.79,59688.37,68547.06,57963.64,59769.273,59769.188,68613.83,59767.07,59771.707,67212.625,71737.67,55241.82,59771.715,59771.85,49890.797,68614.06,59772.023,67201.484,67251.96,61899.074,57963.53
8400,70098.43,59694.66,68452.22,67131.46,68452.195,68448.625,67132.95,68450.36,68452.414,67131.766,59695.78,67133.07,68452.88,67131.84,68452.4,68438.29,71495.64,55169.684,67132.11,68423.93,68450.68,59672.742,67132.11,68447.484,59694.895,59681.29,55372.125,55101.348,58438.06,59695.066,59695.42,68450.85,68413.45,54484.32,68450.83,68386.63,59059.176,67104.05,67132.65,68450.93,59674.348,59656.277,68451.12,59669.746,67094.69,67132.65,57858.027,56855.13,59694.68,68451.19,59668.316,59694.68,60991.18,67130.95,67106.9,51053.266,59424.684,55634.39,57291.125,55102.242,68451.33,67107.09,47789.555,59698.094,60130.16,59672.11,50512.656,59698.3,50285.367,59685.2,67131.55,59760.652,57271.207,67130.27,57353.816,67133.47,59243.457,57513.527,67133.484,68451.44,58790.695,57831.535,56221.832,51926.71,69203.47,59772.082,55742.21,47221.387,57857.67,67133.914,67117.09,58271.965,68385.08,59662.094,67115.83,59682.625,71523.8,64827.707,56153.207,59679.2,67133.96,59679.312,68451.58,55372.848,59335.805,59300.426,63492.812,56974.977,71525.41,56641.527,57670.21,57488.04,68901.89,53060.062,75527.73,58974.57,48800.785,55154.684,61197.426,53593.863,67123.695,62153.12,68387.25,59650.73,59688.863,56849.633,68451.94,59689.023,51564.4,67123.87,67118.36,68451.99,59689.082,51155.2,59720.73,57491.797,55189.31,55301.277,59683.137,69046.4,61037.625,59374.18,71356.016,55951.785,57882.992,57858.594,57513.33,50134.664,50725.64,68153.47,55303.29,58771.617,59038.72,58304.977,57886.855,57858.418,50992.83,57292.887,58195.09,59731.38,53992.99,61936.254,69320.67,57832.19,61060.375,61347.652,57566.863,71498.914,61151.594,57858.465,55770.7,54716.68,57914.992,57852.258,60651.555,71525.51,58604.48,73314.36,78291.0,57652.85,48883.918,57309.367,68454.81,79680.52,59655.07,59694.02,68454.805,65074.02,68451.984,59676.883,67125.82,55475.473,69355.97,59694.047,59692.773,59694.176,68456.16,59694.19,63397.496,57853.766,58892.223,69926.445,66356.05,57852.39,61623.28,62522.242,59771.71,56059.188,68442.56,52857.766,67116.0,68439.86,57007.473,68454.71,59631.15,57883.047,67115.984,68441.73,67084.13,68429.8,59661.008,59681.81,62713.758,85666.45,70692.05,55747.81,56482.93,55303.246,64877.277,79950.24,56899.87,57782.582,68435.66,68387.984,67100.695,68424.7,68992.54,54945.17,59689.957,67093.62,68411.78,67119.07,68385.17,59653.29,61004.19,59652.12,50723.242,68321.586,56230.055,59690.29,59760.258,62550.78,72329.22,55810.68,59690.688,50642.293,56446.855,59807.254,59655.54,68451.66,54852.56,59689.83,59689.82,67130.5,81420.33,59683.57,67130.77,67130.77,59690.098,68453.71,68399.85,67129.484,57858.83,56987.38,66544.71,59578.035,68382.68,57858.62,59692.727,59679.445,68449.5,59690.652,59675.234,67111.9,71527.84,55239.95,59695.098,59695.17,50032.887,68449.68,59695.363,67076.164,67131.125,61771.086,57845.184
8460,69912.9,59609.72,68283.97,66976.42,68263.74,68281.305,66977.9,68282.164,68284.164,66976.71,59610.832,66977.99,68284.64,66976.79,68284.16,68276.336,71287.13,55174.484,66977.05,68255.73,68282.49,59586.227,66977.055,68281.8,59609.953,59603.76,55378.047,55084.93,58355.76,59610.125,59610.492,68282.65,68244.08,54505.527,68282.664,68217.46,58968.668,66963.33,66944.61,68249.08,59579.684,59570.785,68282.91,59584.04,66939.086,66977.58,57762.918,56803.203,59609.72,68262.77,59583.363,59609.723,60878.977,66976.74,66951.83,51177.207,59408.23,55601.688,57356.27,55079.78,68283.12,66952.016,47985.074,59580.03,60187.6,59587.09,50655.94,59613.312,50420.99,59593.676,66977.33,59662.418,57208.324,66976.83,57323.11,66978.41,59152.793,57440.348,66958.62,68283.23,58713.098,57736.37,56252.492,52038.664,69023.02,59672.863,55790.984,47431.03,57762.508,66978.82,66970.6,58364.2,68216.875,59592.47,66969.945,59602.543,71315.27,64831.715,56192.26,59587.676,66978.875,59587.785,68283.37,55348.77,59220.73,59209.42,63434.69,56926.473,71316.84,56602.01,57609.297,57595.348,68726.19,53172.242,75273.46,58883.95,48974.812,55129.344,61146.336,53681.305,66968.87,62090.305,68218.125,59565.258,59590.71,56803.383,68283.72,59604.082,51672.848,66969.016,66966.37,68283.78,59604.168,51278.582,59629.535,57470.113,55168.574,55279.848,59588.07,68869.414,60920.598,59262.348,71145.82,55920.29,57800.953,57763.758,57449.145,50148.176,50861.395,68117.05,55281.844,58681.42,58940.418,58224.793,57876.355,57763.49,51117.91,57233.848,58126.516,59638.727,54071.66,61877.5,69155.164,57737.273,61010.19,61295.43,57584.1,71290.33,61127.047,57763.535,55749.367,54806.22,57845.957,57757.52,60604.16,71316.91,58511.293,73213.914,78128.39,57583.582,48883.812,57258.293,68286.54,79369.836,59569.59,59608.633,68266.32,64938.035,68270.29,59600.133,66970.93,55524.746,69172.586,59575.594,59607.42,59608.79,68254.17,59608.805,63314.312,57759.027,58802.47,69738.05,66223.65,57766.234,61568.3,62456.227,59639.42,56018.773,68280.45,52928.58,66961.29,68279.13,57123.793,68286.42,59544.816,57811.76,66961.27,6