keys,corridor_constructionYardNorth_squareNorth,home_c65,home_c113,home_c66,home_c114,home_c63,home_c115,home_c64,home_c116,home_c69,home_c117,home_c118,home_Sasha,home_c67,home_c119,home_c68,home_Rui,bioengineeringHeadquarters,home_c72,home_Boulos,home_c73,home_c110,home_c70,home_c111,home_c71,home_c112,farm,industryHeadquarters,electrolysisStationSouth,home_c76,home_c102,home_c77,home_c103,corridor_rescueStationWest_mainControlRoom,home_c74,home_c104,corridor_squareSouth_mainControlRoom,home_c75,home_c105,home_c106,home_c107,home_c78,home_c108,home_c79,home_c109,home_c80,home_Evan,excavationShaftB,home_c83,home_c84,home_c100,home_c81,corridor_squareSouth_securityCheckCenter,home_c101,home_c82,excavationShaftA,corridor_securityCheckEast_rescueStationNorth,corridor_constructionYardSouth_excavationShaftB,corridor_outerBarrierCenter_outerBarrierWest,corridor_constructionYardSouth_techSchool,home_c87,home_c88,corridor_reservoirWest_excavationShaftA,home_c85,outerBarrierCenter,home_c86,miningHeadquarters,home_c89,observatory,home_c90,home_c91,home_AmmServer,corridor_reservoirEast_mainControlRoom,home_c94,corridor_miningSchool_securityCheckEast,home_c95,corridor_squareSouth_rescueStationSouth,corridor_mainControlRoom_reservoirEast,home_c92,home_c93,corridor_squareSouth_miningSchool,home_Peiyu,cemetery,corridor_outerBarrierWest_observatory,fineFoodStore-1,home_JwlServer,corridor_recycleFacilityWest_outerBarrierWest,reservoirWest,home_Kasem,home_c98,home_c124,corridor_outerBarrierCenter_spacePort,home_c99,home_c125,home_c96,home_c97,home_Yuhoa,corridor_outerBarrierCenter_outerBarrierEast,corridor_recycleFacilityWest_electrolysisStationNorth,home_c120,home_c121,home_c122,home_c123,techSchool,welfareStationEast,corridor_squareSouth_electrolysisStationSouth,corridor_squareNorth_securityCheckWest,corridor_miningSchool_excavationShaftB,home_Vaeme,home_Dion,corridor_miningSchool_rescueStationSouth,corridor_spacePort_outerBarrierCenter,tavern,corridor_excavationShaftA_securityCheckWest,corridor_welfareStationWest_squareNorth,corridor_electrolysisStationSouth_squareSouth,corridor_excavationShaftA_reservoirWest,corridor_techSchool_constructionYardSouth,corridor_tankArray_recycleFacilityEast,infrastructureHeadquarters,home_c0,corridor_rescueStationNorth_recycleFacilityEast,home_c2,home_c1,home_c4,corridor_excavationShaftB_miningSchool,home_c3,home_c6,corridor_rescueStationWest_excavationShaftA,home_c5,home_c8,home_c7,home_c9,corridor_excavationShaftA_rescueStationWest,ammoniaShop,corridor_securityCheckEast_miningSchool,educationHeadquarters,home_Eugene,squareSouth,home_RstSupplier,corridor_securityCheckCenter_mainControlRoom,home_DrHess,constructionYardNorth,corridor_techSchool_miningSchool,mainControlRoom,home_Charles,corridor_reservoirEast_electrolysisStationSouth,corridor_theEngine_excavationShaftA,home_Maisarah,corridor_outerBarrierEast_outerBarrierCenter,home_teacher2,corridor_rescueStationSouth_welfareStationEast,corridor_welfareStationEast_rescueStationSouth,rescueStationSouth,securityCheckEast,home_ctrler,corridor_observatory_outerBarrierWest,corridor_excavationShaftB_rescueStationSouth,corridor_miningSchool_squareSouth,diamondShop,outerBarrierWest,corridor_recycleFacilityEast_rescueStationNorth,home_RstServer,home_Muos,tankArray,corridor_recycleFacilityEast_tankArray,recycleFacilityWest,home_Megaros,corridor_securityCheckWest_squareNorth,home_Kae,corridor_mainControlRoom_rescueStationWest,corridor_securityCheckWest_excavationShaftA,corridor_rescueStationSouth_miningSchool,home_Alina,corridor_rescueStationNorth_securityCheckEast,home_Krailin,corridor_mainControlRoom_squareSouth,outerBarrierEast,corridor_outerBarrierEast_asteroidMine,corridor_rescueStationSouth_excavationShaftB,theEngine,miningSchool,home_c18,welfareStationWest,home_c19,home_c16,home_c17,corridor_securityCheckCenter_market,home_Agros,home_c10,home_c11,corridor_electrolysisStationNorth_recycleFacilityWest,home_Chef,home_c14,home_JwlSupplier,home_c15,home_c12,home_c13,corridor_squareNorth_recycleFacilityWest,home_Bahriye,corridor_rescueStationSouth_squareSouth,corridor_market_constructionYardNorth,corridor_market_rescueStationNorth,interiorHeadquarters,recycleFacilityEast,safetyHeadquarters,home_Jeweler,corridor_excavationShaftB_constructionYardSouth,home_c29,rescueStationWest,home_c27,home_c28,spacePort,home_c21,home_c22,corridor_electrolysisStationSouth_reservoirEast,home_c20,home_c25,home_c26,home_c23,home_AmmSupplier,home_c24,securityCheckCenter,asteroidMine,corridor_constructionYardNorth_market,corridor_outerBarrierWest_outerBarrierCenter,corridor_cemetery_securityCheckEast,home_Jan,corridor_rescueStationNorth_market,home_DrPaik,corridor_securityCheckEast_cemetery,securityCheckWest,home_Lynn,home_c38,home_c39,home_c32,corridor_squareNorth_constructionYardNorth,electrolysisStationNorth,home_c33,home_c30,home_c31,home_c36,home_c37,home_c34,corridor_recycleFacilityWest_squareNorth,home_c35,home_Metros,market,corridor_reservoirEast_farm,home_c40,home_Chemist,rescueStationNorth,corridor_squareNorth_welfareStationWest,corridor_farm_reservoirEast,home_c49,corridor_excavationShaftA_theEngine,corridor_miningSchool_techSchool,corridor_mainControlRoom_securityCheckCenter,corridor_squareSouth_welfareStationEast,home_c43,corridor_outerBarrierWest_recycleFacilityWest,home_c44,home_c41,home_c42,corridor_asteroidMine_outerBarrierEast,home_c47,home_c48,home_c45,home_c46,home_Hans,home_c50,home_c51,home_Indu,reservoirEast,corridor_market_securityCheckCenter,corridor_welfareStationEast_squareSouth,home_Yuri,home_Hiroshi,home_c54,home_c55,home_c52,home_c53,home_c58,home_c59,home_Salvor,constructionYardSouth,home_c56,home_c57,home_observer,home_c61,home_c62,squareNorth,home_c60,corridor_securityCheckCenter_squareSouth,home_Astinomis
2940,0.0,10.0,10.0,10.0,10.0,10.0,10.0,10.0,10.0,10.0,10.0,10.0,10.0,10.0,10.0,10.0,10.0,422.62875,10.0,10.0,10.0,10.0,10.0,10.0,10.0,10.0,16.75088,422.62875,0.0,10.0,10.0,10.0,10.0,0.0,10.0,10.0,0.0,10.0,10.0,10.0,10.0,10.0,10.0,10.0,10.0,10.0,30.0,21.53156,10.0,10.0,10.0,10.0,0.0,10.0,10.0,18.425592,0.0,0.0,0.0,0.0,10.0,10.0,0.0,10.0,0.0,10.0,422.62875,10.0,0.0,10.0,10.0,10.0,0.0,10.0,0.0,10.0,0.0,0.0,10.0,10.0,0.0,10.0,0.0,0.0,30.0,10.0,0.0,2.1931086,10.0,10.0,10.0,0.0,10.0,10.0,10.0,10.0,20.0,0.0,0.0,10.0,10.0,10.0,10.0,128.61797,2.6388905,0.0,0.0,0.0,10.0,10.0,0.0,0.0,1000.0,0.0,0.0,0.0,0.0,0.0,0.0,430.3663,10.0,0.0,10.0,10.0,10.0,0.0,10.0,10.0,0.0,10.0,10.0,10.0,10.0,0.0,0.0,0.0,430.3663,30.0,30.688782,10.0,0.0,30.0,0.0,0.0,233.99931,30.0,0.0,0.0,10.0,0.0,30.0,0.0,0.0,405.7714,717.7414,10.0,0.0,0.0,0.0,0.0,0.0,0.0,10.0,10.0,0.0,0.0,1.5745295,10.0,0.0,10.0,0.0,0.0,0.0,10.0,0.0,10.0,0.0,0.0,0.0,0.0,0.0,165.75821,10.0,3.2562585,10.0,10.0,10.0,0.0,10.0,10.0,10.0,0.0,10.0,10.0,10.0,10.0,10.0,10.0,0.0,10.0,0.0,0.0,0.0,422.62875,0.95669395,430.3663,10.0,0.0,10.0,405.7714,10.0,10.0,0.0,10.0,10.0,0.0,10.0,10.0,10.0,10.0,10.0,10.0,705.97955,28.9591,0.0,0.0,0.0,30.0,0.0,10.0,0.0,717.7414,10.0,10.0,10.0,10.0,0.0,0.0,10.0,10.0,10.0,10.0,10.0,10.0,0.0,10.0,10.0,94.761826,0.0,10.0,10.0,381.00955,0.0,0.0,10.0,0.0,0.0,0.0,0.0,10.0,0.0,10.0,10.0,10.0,0.0,10.0,10.0,10.0,10.0,10.0,10.0,10.0,30.0,1.5768595,0.0,0.0,10.0,10.0,10.0,10.0,10.0,10.0,10.0,10.0,10.0,0.0,10.0,10.0,10.0,10.0,10.0,888.5862,10.0,0.0,10.0
3000,0.0,10.0,10.0,10.0,10.0,10.0,10.0,10.0,10.0,10.0,10.0,10.0,10.0,10.0,10.0,10.0,10.0,422.62875,10.0,10.0,10.0,10.0,10.0,10.0,10.0,10.0,16.75088,422.62875,0.0,10.0,10.0,10.0,10.0,0.0,10.0,10.0,0.0,10.0,10.0,10.0,10.0,10.0,10.0,10.0,10.0,10.0,30.0,21.53156,10.0,10.0,10.0,10.0,0.0,10.0,10.0,18.425592,0.0,0.0,0.0,0.0,10.0,10.0,0.0,10.0,0.0,10.0,422.62875,10.0,0.0,10.0,10.0,10.0,0.0,10.0,0.0,10.0,0.0,0.0,10.0,10.0,0.0,10.0,0.0,0.0,30.0,10.0,0.0,2.1931086,10.0,10.0,10.0,0.0,10.0,10.0,10.0,10.0,20.0,0.0,0.0,10.0,10.0,10.0,10.0,128.61797,2.6388905,0.0,0.0,0.0,10.0,10.0,0.0,0.0,1000.0,0.0,0.0,0.0,0.0,0.0,0.0,430.3663,10.0,0.0,10.0,10.0,10.0,0.0,10.0,10.0,0.0,10.0,10.0,10.0,10.0,0.0,0.0,0.0,430.3663,30.0,30.688782,10.0,0.0,30.0,0.0,0.0,203.36072,30.0,0.0,0.0,10.0,0.0,30.0,0.0,0.0,381.01294,705.98114,10.0,0.0,0.0,0.0,0.0,0.0,0.0,10.0,10.0,0.0,0.0,1.5745295,10.0,0.0,10.0,0.0,0.0,0.0,10.0,0.0,10.0,0.0,0.0,0.0,0.0,0.0,165.75821,10.0,3.2562585,10.0,10.0,10.0,0.0,10.0,10.0,10.0,0.0,10.0,10.0,10.0,10.0,10.0,10.0,0.0,10.0,0.0,0.0,0.0,422.62875,0.95669395,430.3663,10.0,0.0,10.0,381.01294,10.0,10.0,0.0,10.0,10.0,0.0,10.0,10.0,10.0,10.0,10.0,10.0,694.21924,28.9591,0.0,0.0,0.0,30.0,0.0,10.0,0.0,705.98114,10.0,10.0,10.0,10.0,0.0,0.0,10.0,10.0,10.0,10.0,10.0,10.0,0.0,10.0,10.0,94.761826,0.0,10.0,10.0,356.2511,0.0,0.0,10.0,0.0,0.0,0.0,0.0,10.0,0.0,10.0,10.0,10.0,0.0,10.0,10.0,10.0,10.0,10.0,10.0,10.0,30.0,1.5768595,0.0,0.0,10.0,10.0,10.0,10.0,10.0,10.0,10.0,10.0,10.0,0.0,10.0,10.0,10.0,10.0,10.0,888.5862,10.0,0.0,10.0
3060,0.0,10.0,10.0,10.0,10.0,10.0,10.0,10.0,10.0,10.0,10.0,10.0,10.0,10.0,10.0,10.0,10.0,422.62875,10.0,10.0,10.0,10.0,10.0,10.0,10.0,10.0,16.75088,422.62875,0.0,10.0,10.0,10.0,10.0,0.0,10.0,10.0,0.0,10.0,10.0,10.0,10.0,10.0,10.0,10.0,10.0,10.0,30.0,21.53156,10.0,10.0,10.0,10.0,0.0,10.0,10.0,18.425592,0.0,0.0,0.0,0.0,10.0,10.0,0.0,10.0,0.0,10.0,422.62875,10.0,0.0,10.0,10.0,10.0,0.0,10.0,0.0,10.0,0.0,0.0,10.0,10.0,0.0,10.0,0.0,0.0,30.0,10.0,0.0,2.1931086,10.0,10.0,10.0,0.0,10.0,10.0,10.0,10.0,20.0,0.0,0.0,10.0,10.0,10.0,10.0,128.61797,2.6388905,0.0,0.0,0.0,10.0,10.0,0.0,0.0,1000.0,0.0,0.0,0.0,0.0,0.0,0.0,430.3663,10.0,0.0,10.0,10.0,10.0,0.0,10.0,10.0,0.0,10.0,10.0,10.0,10.0,0.0,0.0,0.0,430.3663,30.0,30.688782,10.0,0.0,30.0,0.0,0.0,172.72212,30.0,0.0,0.0,10.0,0.0,30.0,0.0,0.0,356.2545,694.2209,10.0,0.0,0.0,0.0,0.0,0.0,0.0,10.0,10.0,0.0,0.0,1.5745295,10.0,0.0,10.0,0.0,0.0,0.0,10.0,0.0,10.0,0.0,0.0,0.0,0.0,0.0,165.75821,10.0,3.2562585,10.0,10.0,10.0,0.0,10.0,10.0,10.0,0.0,10.0,10.0,10.0,10.0,10.0,10.0,0.0,10.0,0.0,0.0,0.0,422.62875,0.95669395,430.3663,10.0,0.0,10.0,356.2545,10.0,10.0,0.0,10.0,10.0,0.0,10.0,10.0,10.0,10.0,10.0,10.0,682.459,28.9591,0.0,0.0,0.0,30.0,0.0,10.0,0.0,694.2209,10.0,10.0,10.0,10.0,0.0,0.0,10.0,10.0,10.0,10.0,10.0,10.0,0.0,10.0,10.0,94.761826,0.0,10.0,10.0,331.4926,0.0,0.0,10.0,0.0,0.0,0.0,0.0,10.0,0.0,10.0,10.0,10.0,0.0,10.0,10.0,10.0,10.0,10.0,10.0,10.0,30.0,1.5768595,0.0,0.0,10.0,10.0,10.0,10.0,10.0,10.0,10.0,10.0,10.0,0.0,10.0,10.0,10.0,10.0,10.0,888.5862,10.0,0.0,10.0
3120,0.0,10.0,10.0,10.0,10.0,10.0,10.0,10.0,10.0,10.0,10.0,10.0,10.0,10.0,10.0,10.0,10.0,422.62875,10.0,10.0,10.0,10.0,10.0,10.0,10.0,10.0,16.75088,422.62875,0.0,10.0,10.0,10.0,10.0,0.0,10.0,10.0,0.0,10.0,10.0,10.0,10.0,10.0,10.0,10.0,10.0,10.0,30.0,21.53156,10.0,10.0,10.0,10.0,0.0,10.0,10.0,18.425592,0.0,0.0,0.0,0.0,10.0,10.0,0.0,10.0,0.0,10.0,422.62875,10.0,0.0,10.0,10.0,10.0,0.0,10.0,0.0,10.0,0.0,0.0,10.0,10.0,0.0,10.0,0.0,0.0,30.0,10.0,0.0,2.1931086,10.0,10.0,10.0,0.0,10.0,10.0,10.0,10.0,20.0,0.0,0.0,10.0,10.0,10.0,10.0,128.61797,2.6388905,0.0,0.0,0.0,10.0,10.0,0.0,0.0,1000.0,0.0,0.0,0.0,0.0,0.0,0.0,430.3663,10.0,0.0,10.0,10.0,10.0,0.0,10.0,10.0,0.0,10.0,10.0,10.0,10.0,0.0,0.0,0.0,430.3663,30.0,30.688782,10.0,0.0,30.0,0.0,0.0,142.08353,30.0,0.0,0.0,10.0,0.0,30.0,0.0,0.0,331.49603,682.46063,10.0,0.0,0.0,0.0,0.0,0.0,0.0,10.0,10.0,0.0,0.0,1.5745295,10.0,0.0,10.0,0.0,0.0,0.0,10.0,0.0,10.0,0.0,0.0,0.0,0.0,0.0,165.75821,10.0,3.2562585,10.0,10.0,10.0,0.0,10.0,10.0,10.0,0.0,10.0,10.0,10.0,10.0,10.0,10.0,0.0,10.0,0.0,0.0,0.0,422.62875,0.95669395,430.3663,10.0,0.0,10.0,331.49603,10.0,10.0,0.0,10.0,10.0,0.0,10.0,10.0,10.0,10.0,10.0,10.0,670.6987,28.9591,0.0,0.0,0.0,30.0,0.0,10.0,0.0,682.46063,10.0,10.0,10.0,10.0,0.0,0.0,10.0,10.0,10.0,10.0,10.0,10.0,0.0,10.0,10.0,94.761826,0.0,10.0,10.0,306.73416,0.0,0.0,10.0,0.0,0.0,0.0,0.0,10.0,0.0,10.0,10.0,10.0,0.0,10.0,10.0,10.0,10.0,10.0,10.0,10.0,30.0,1.5768595,0.0,0.0,10.0,10.0,10.0,10.0,10.0,10.0,10.0,10.0,10.0,0.0,10.0,10.0,10.0,10.0,10.0,888.5862,10.0,0.0,10.0
3180,0.0,10.0,10.0,10.0,10.0,10.0,10.0,10.0,10.0,10.0,10.0,10.0,10.0,10.0,10.0,10.0,10.0,422.62875,10.0,10.0,10.0,10.0,10.0,10.0,10.0,10.0,16.75088,422.62875,0.0,10.0,10.0,10.0,10.0,0.0,10.0,10.0,0.0,10.0,10.0,10.0,10.0,10.0,10.0,10.0,10.0,10.0,30.0,21.53156,10.0,10.0,10.0,10.0,0.0,10.0,10.0,18.425592,0.0,0.0,0.0,0.0,10.0,10.0,0.0,10.0,0.0,10.0,422.62875,10.0,0.0,10.0,10.0,10.0,0.0,10.0,0.0,10.0,0.0,0.0,10.0,10.0,0.0,10.0,0.0,0.0,30.0,10.0,0.0,2.1931086,10.0,10.0,10.0,0.0,10.0,10.0,10.0,10.0,20.0,0.0,0.0,10.0,10.0,10.0,10.0,128.61797,2.6388905,0.0,0.0,0.0,10.0,10.0,0.0,0.0,1000.0,0.0,0.0,0.0,0.0,0.0,0.0,430.3663,10.0,0.0,10.0,10.0,10.0,0.0,10.0,10.0,0.0,10.0,10.0,10.0,10.0,0.0,0.0,0.0,430.3663,30.0,30.688782,10.0,0.0,30.0,0.0,0.0,111.44492,30.0,0.0,0.0,10.0,0.0,30.0,0.0,0.0,306.73755,670.7003,10.0,0.0,0.0,0.0,0.0,0.0,0.0,10.0,10.0,0.0,0.0,1.5745295,10.0,0.0,10.0,0.0,0.0,0.0,10.0,0.0,10.0,0.0,0.0,0.0,0.0,0.0,165.75821,10.0,3.2562585,10.0,10.0,10.0,0.0,10.0,10.0,10.0,0.0,10.0,10.0,10.0,10.0,10.0,10.0,0.0,10.0,0.0,0.0,0.0,422.62875,0.95669395,430.3663,10.0,0.0,10.0,306.73755,10.0,10.0,0.0,10.0,10.0,0.0,10.0,10.0,10.0,10.0,10.0,10.0,658.9385,28.9591,0.0,0.0,0.0,30.0,0.0,10.0,0.0,670.7003,10.0,10.0,10.0,10.0,0.0,0.0,10.0,10.0,10.0,10.0,10.0,10.0,0.0,10.0,10.0,94.761826,0.0,10.0,10.0,281.9757,0.0,0.0,10.0,0.0,0.0,0.0,0.0,10.0,0.0,10.0,10.0,10.0,0.0,10.0,10.0,10.0,10.0,10.0,10.0,10.0,30.0,1.5768595,0.0,0.0,10.0,10.0,10.0,10.0,10.0,10.0,10.0,10.0,10.0,0.0,10.0,10.0,10.0,10.0,10.0,888.5862,10.0,0.0,10.0
3240,0.0,10.0,10.0,10.0,10.0,10.0,10.0,10.0,10.0,10.0,10.0,10.0,10.0,10.0,10.0,10.0,10.0,422.62875,10.0,10.0,10.0,10.0,10.0,10.0,10.0,10.0,16.75088,422.62875,0.0,10.0,10.0,10.0,10.0,0.0,10.0,10.0,0.0,10.0,10.0,10.0,10.0,10.0,10.0,10.0,10.0,10.0,30.0,21.53156,10.0,10.0,10.0,10.0,0.0,10.0,10.0,18.425592,0.0,0.0,0.0,0.0,10.0,10.0,0.0,10.0,0.0,10.0,422.62875,10.0,0.0,10.0,10.0,10.0,0.0,10.0,0.0,10.0,0.0,0.0,10.0,10.0,0.0,10.0,0.0,0.0,30.0,10.0,0.0,2.1931086,10.0,10.0,10.0,0.0,10.0,10.0,10.0,10.0,20.0,0.0,0.0,10.0,10.0,10.0,10.0,128.61797,2.6388905,0.0,0.0,0.0,10.0,10.0,0.0,0.0,1000.0,0.0,0.0,0.0,0.0,0.0,0.0,430.3663,10.0,0.0,10.0,10.0,10.0,0.0,10.0,10.0,0.0,10.0,10.0,10.0,10.0,0.0,0.0,0.0,430.3663,30.0,30.688782,10.0,0.0,30.0,0.0,0.0,80.80633,30.0,0.0,0.0,10.0,0.0,30.0,0.0,0.0,281.9791,658.94006,10.0,0.0,0.0,0.0,0.0,0.0,0.0,10.0,10.0,0.0,0.0,1.5745295,10.0,0.0,10.0,0.0,0.0,0.0,10.0,0.0,10.0,0.0,0.0,0.0,0.0,0.0,165.75821,10.0,3.2562585,10.0,10.0,10.0,0.0,10.0,10.0,10.0,0.0,10.0,10.0,10.0,10.0,10.0,10.0,0.0,10.0,0.0,0.0,0.0,422.62875,0.95669395,430.3663,10.0,0.0,10.0,281.9791,10.0,10.0,0.0,10.0,10.0,0.0,10.0,10.0,10.0,10.0,10.0,10.0,647.17816,28.9591,0.0,0.0,0.0,30.0,0.0,10.0,0.0,658.94006,10.0,10.0,10.0,10.0,0.0,0.0,10.0,10.0,10.0,10.0,10.0,10.0,0.0,10.0,10.0,94.761826,0.0,10.0,10.0,257.21722,0.0,0.0,10.0,0.0,0.0,0.0,0.0,10.0,0.0,10.0,10.0,10.0,0.0,10.0,10.0,10.0,10.0,10.0,10.0,10.0,30.0,1.5768595,0.0,0.0,10.0,10.0,10.0,10.0,10.0,10.0,10.0,10.0,10.0,0.0,10.0,10.0,10.0,10.0,10.0,888.5862,10.0,0.0,10.0
3300,0.0,10.0,10.0,10.0,10.0,10.0,10.0,10.0,10.0,10.0,10.0,10.0,10.0,10.0,10.0,10.0,10.0,422.62875,10.0,10.0,10.0,10.0,10.0,10.0,10.0,10.0,16.75088,422.62875,0.0,10.0,10.0,10.0,10.0,0.0,10.0,10.0,0.0,10.0,10.0,10.0,10.0,10.0,10.0,10.0,10.0,10.0,30.0,21.53156,10.0,10.0,10.0,10.0,0.0,10.0,10.0,18.425592,0.0,0.0,0.0,0.0,10.0,10.0,0.0,10.0,0.0,10.0,422.62875,10.0,0.0,10.0,10.0,10.0,0.0,10.0,0.0,10.0,0.0,0.0,10.0,10.0,0.0,10.0,0.0,0.0,30.0,10.0,0.0,2.1931086,10.0,10.0,10.0,0.0,10.0,10.0,10.0,10.0,20.0,0.0,0.0,10.0,10.0,10.0,10.0,128.61797,2.6388905,0.0,0.0,0.0,10.0,10.0,0.0,0.0,1000.0,0.0,0.0,0.0,0.0,0.0,0.0,430.3663,10.0,0.0,10.0,10.0,10.0,0.0,10.0,10.0,0.0,10.0,10.0,10.0,10.0,0.0,0.0,0.0,430.3663,30.0,30.688782,10.0,0.0,30.0,0.0,0.0,50.167732,30.0,0.0,0.0,10.0,0.0,30.0,0.0,0.0,257.22064,647.1798,10.0,0.0,0.0,0.0,0.0,0.0,0.0,10.0,10.0,0.0,0.0,1.5745295,10.0,0.0,10.0,0.0,0.0,0.0,10.0,0.0,10.0,0.0,0.0,0.0,0.0,0.0,165.75821,10.0,3.2562585,10.0,10.0,10.0,0.0,10.0,10.0,10.0,0.0,10.0,10.0,10.0,10.0,10.0,10.0,0.0,10.0,0.0,0.0,0.0,422.62875,0.95669395,430.3663,10.0,0.0,10.0,257.22064,10.0,10.0,0.0,10.0,10.0,0.0,10.0,10.0,10.0,10.0,10.0,10.0,635.4179,28.9591,0.0,0.0,0.0,30.0,0.0,10.0,0.0,647.1798,10.0,10.0,10.0,10.0,0.0,0.0,10.0,10.0,10.0,10.0,10.0,10.0,0.0,10.0,10.0,94.761826,0.0,10.0,10.0,232.45877,0.0,0.0,10.0,0.0,0.0,0.0,0.0,10.0,0.0,10.0,10.0,10.0,0.0,10.0,10.0,10.0,10.0,10.0,10.0,10.0,30.0,1.5768595,0.0,0.0,10.0,10.0,10.0,10.0,10.0,10.0,10.0,10.0,10.0,0.0,10.0,10.0,10.0,10.0,10.0,888.5862,10.0,0.0,10.0
3360,0.0,10.0,10.0,10.0,10.0,10.0,10.0,10.0,10.0,10.0,10.0,10.0,10.0,10.0,10.0,10.0,10.0,422.62875,10.0,10.0,10.0,10.0,10.0,10.0,10.0,10.0,16.75088,422.62875,0.0,10.0,10.0,10.0,10.0,0.0,10.0,10.0,0.0,10.0,10.0,10.0,10.0,10.0,10.0,10.0,10.0,10.0,30.0,21.53156,10.0,10.0,10.0,10.0,0.0,10.0,10.0,18.425592,0.0,0.0,0.0,0.0,10.0,10.0,0.0,10.0,0.0,10.0,422.62875,10.0,0.0,10.0,10.0,10.0,0.0,10.0,0.0,10.0,0.0,0.0,10.0,10.0,0.0,10.0,0.0,0.0,30.0,10.0,0.0,2.1931086,10.0,10.0,10.0,0.0,10.0,10.0,10.0,10.0,20.0,0.0,0.0,10.0,10.0,10.0,10.0,128.61797,2.6388905,0.0,0.0,0.0,10.0,10.0,0.0,0.0,1000.0,0.0,0.0,0.0,0.0,0.0,0.0,430.3663,10.0,0.0,10.0,10.0,10.0,0.0,10.0,10.0,0.0,10.0,10.0,10.0,10.0,0.0,0.0,0.0,430.3663,30.0,30.688782,10.0,0.0,30.0,0.0,0.0,19.529137,30.0,0.0,0.0,10.0,0.0,30.0,0.0,0.0,232.46217,635.41956,10.0,0.0,0.0,0.0,0.0,0.0,0.0,10.0,10.0,0.0,0.0,1.5745295,10.0,0.0,10.0,0.0,0.0,0.0,10.0,0.0,10.0,0.0,0.0,0.0,0.0,0.0,165.75821,10.0,3.2562585,10.0,10.0,10.0,0.0,10.0,10.0,10.0,0.0,10.0,10.0,10.0,10.0,10.0,10.0,0.0,10.0,0.0,0.0,0.0,422.62875,0.95669395,430.3663,10.0,0.0,10.0,232.46217,10.0,10.0,0.0,10.0,10.0,0.0,10.0,10.0,10.0,10.0,10.0,10.0,623.65765,28.9591,0.0,0.0,0.0,30.0,0.0,10.0,0.0,635.41956,10.0,10.0,10.0,10.0,0.0,0.0,10.0,10.0,10.0,10.0,10.0,10.0,0.0,10.0,10.0,94.761826,0.0,10.0,10.0,207.70032,0.0,0.0,10.0,0.0,0.0,0.0,0.0,10.0,0.0,10.0,10.0,10.0,0.0,10.0,10.0,10.0,10.0,10.0,10.0,10.0,30.0,1.5768595,0.0,0.0,10.0,10.0,10.0,10.0,10.0,10.0,10.0,10.0,10.0,0.0,10.0,10.0,10.0,10.0,10.0,888.5862,10.0,0.0,10.0
3420,0.0,10.0,10.0,10.0,10.0,10.0,10.0,10.0,10.0,10.0,10.0,10.0,10.0,10.0,10.0,10.0,10.0,422.62875,10.0,10.0,10.0,10.0,10.0,10.0,10.0,10.0,16.75088,422.62875,0.0,10.0,10.0,10.0,10.0,0.0,10.0,10.0,0.0,10.0,10.0,10.0,10.0,10.0,10.0,10.0,10.0,10.0,30.0,21.53156,10.0,10.0,10.0,10.0,0.0,10.0,10.0,18.425592,0.0,0.0,0.0,0.0,10.0,10.0,0.0,10.0,0.0,10.0,422.62875,10.0,0.0,10.0,10.0,10.0,0.0,10.0,0.0,10.0,0.0,0.0,10.0,10.0,0.0,10.0,45.051582,0.0,30.0,10.0,0.0,2.1931086,10.0,10.0,10.0,0.0,10.0,10.0,10.0,10.0,20.0,0.0,0.0,10.0,10.0,10.0,10.0,128.61797,2.6388905,0.0,0.0,0.0,10.0,10.0,0.0,0.0,1000.0,0.0,0.0,0.0,0.0,0.0,0.0,430.3663,10.0,0.0,10.0,10.0,10.0,0.0,10.0,10.0,0.0,10.0,10.0,10.0,10.0,0.0,0.0,0.0,430.3663,30.0,80.22814,10.0,0.0,30.0,0.0,0.0,50.262325,30.0,0.0,0.0,10.0,0.0,30.0,0.0,0.0,207.7037,623.65924,10.0,0.0,0.0,0.0,0.0,0.0,0.0,10.0,10.0,0.0,0.0,1.5745295,10.0,0.0,10.0,0.0,0.0,0.0,10.0,0.0,10.0,0.0,0.0,0.0,0.0,0.0,165.75821,10.0,3.2562585,10.0,10.0,10.0,0.0,10.0,10.0,10.0,0.0,10.0,10.0,10.0,10.0,10.0,10.0,0.0,10.0,0.0,0.0,0.0,182.4425,0.95669395,430.3663,10.0,0.0,10.0,207.7037,10.0,10.0,0.0,10.0,10.0,0.0,10.0,10.0,10.0,10.0,10.0,10.0,611.8974,28.9591,0.0,0.0,0.0,30.0,0.0,10.0,0.0,623.65924,10.0,10.0,10.0,10.0,0.0,0.0,10.0,10.0,10.0,10.0,10.0,10.0,0.0,10.0,10.0,143.26952,0.0,10.0,10.0,182.94185,0.0,0.0,10.0,0.0,0.0,0.0,0.0,10.0,0.0,10.0,10.0,10.0,0.0,10.0,10.0,10.0,10.0,10.0,10.0,10.0,30.0,1.5768595,0.0,0.0,10.0,10.0,10.0,10.0,10.0,10.0,10.0,10.0,10.0,0.0,10.0,10.0,10.0,10.0,10.0,936.99066,10.0,0.0,10.0
3480,0.0,10.0,10.0,10.0,10.0,10.0,10.0,10.0,10.0,10.0,10.0,10.0,10.0,10.0,10.0,10.0,10.0,275.35184,10.0,10.0,10.0,10.0,10.0,10.0,10.0,10.0,68.76626,326.38712,0.0,10.0,10.0,10.0,10.0,0.0,10.0,10.0,0.0,10.0,10.0,10.0,10.0,10.0,10.0,10.0,10.0,10.0,30.0,21.53156,10.0,10.0,10.0,10.0,0.0,10.0,10.0,18.425592,0.0,0.0,0.0,0.0,10.0,10.0,0.0,10.0,0.0,10.0,422.62875,10.0,0.0,10.0,10.0,10.0,0.0,10.0,0.0,10.0,0.0,0.0,10.0,10.0,0.0,10.0,45.051582,0.0,30.0,10.0,0.0,2.1931086,10.0,10.0,10.0,0.0,10.0,10.0,10.0,10.0,20.0,0.0,0.0,10.0,10.0,10.0,10.0,137.82146,50.424408,0.0,0.0,0.0,10.0,10.0,0.0,0.0,1000.0,0.0,0.0,0.0,0.0,0.0,0.0,422.62927,10.0,0.0,10.0,10.0,10.0,0.0,10.0,10.0,0.0,10.0,10.0,10.0,10.0,0.0,0.0,0.0,337.5292,30.0,39.68616,10.0,0.0,30.0,45.619003,0.0,19.62373,30.0,0.0,0.0,10.0,0.0,30.0,0.0,0.0,182.94525,611.899,10.0,0.0,0.0,0.0,0.0,0.0,0.0,10.0,10.0,0.0,0.0,1.5745295,10.0,0.0,10.0,0.0,0.0,0.0,10.0,0.0,10.0,0.0,0.0,0.0,0.0,0.0,212.25414,10.0,50.732273,10.0,10.0,10.0,0.0,10.0,10.0,10.0,0.0,10.0,10.0,10.0,10.0,10.0,10.0,0.0,10.0,0.0,0.0,0.0,182.4425,0.95669395,422.62927,10.0,0.0,10.0,182.94525,10.0,10.0,0.0,10.0,10.0,0.0,10.0,10.0,10.0,10.0,10.0,10.0,600.1371,28.9591,0.0,0.0,0.0,30.0,0.0,10.0,0.0,611.899,10.0,10.0,10.0,10.0,0.0,0.0,10.0,10.0,10.0,10.0,10.0,10.0,0.0,10.0,10.0,143.26952,0.0,10.0,10.0,158.1834,0.0,0.0,10.0,0.0,0.0,0.0,0.0,10.0,0.0,10.0,10.0,10.0,0.0,10.0,10.0,10.0,10.0,10.0,10.0,10.0,30.0,1.5768595,0.0,0.0,10.0,10.0,10.0,10.0,10.0,10.0,10.0,10.0,10.0,50.62262,10.0,10.0,10.0,10.0,10.0,841.05164,10.0,0.0,10.0
3540,0.0,10.0,10.0,10.0,10.0,10.0,10.0,10.0,10.0,10.0,10.0,10.0,10.0,10.0,10.0,10.0,10.0,267.6148,10.0,10.0,10.0,10.0,10.0,10.0,10.0,10.0,16.464008,318.6501,0.0,10.0,10.0,10.0,10.0,0.0,10.0,10.0,0.0,10.0,10.0,10.0,10.0,10.0,10.0,10.0,10.0,10.0,30.0,21.53156,10.0,10.0,10.0,10.0,0.0,10.0,10.0,18.425592,0.0,0.0,0.0,0.0,10.0,10.0,0.0,10.0,0.0,10.0,414.89172,10.0,0.0,10.0,10.0,10.0,0.0,10.0,0.0,10.0,0.0,0.0,10.0,10.0,0.0,10.0,45.051582,0.0,30.0,10.0,0.0,2.1931086,10.0,10.0,10.0,0.0,10.0,10.0,10.0,10.0,20.0,0.0,0.0,10.0,10.0,10.0,10.0,100.683754,25.665947,0.0,0.0,0.0,10.0,10.0,0.0,0.0,1000.0,0.0,0.0,0.0,0.0,0.0,0.0,414.89224,10.0,0.0,10.0,10.0,10.0,0.0,10.0,10.0,0.0,10.0,10.0,10.0,10.0,0.0,0.0,0.0,329.79218,30.0,27.925894,10.0,0.0,30.0,30.144966,0.0,1.6738441,30.0,0.0,0.0,10.0,0.0,30.0,0.0,0.0,158.18678,600.13873,10.0,0.0,0.0,0.0,0.0,0.0,0.0,10.0,10.0,0.0,0.0,1.5745295,10.0,0.0,10.0,0.0,0.0,0.0,10.0,0.0,10.0,0.0,0.0,0.0,0.0,0.0,175.11644,10.0,27.521217,10.0,10.0,10.0,0.0,10.0,10.0,10.0,0.0,10.0,10.0,10.0,10.0,10.0,10.0,0.0,10.0,0.0,0.0,0.0,174.70549,0.95669395,414.89224,10.0,0.0,10.0,158.18678,10.0,10.0,0.0,10.0,10.0,0.0,10.0,10.0,10.0,10.0,10.0,10.0,588.37683,28.9591,0.0,0.0,0.0,30.0,0.0,10.0,0.0,600.13873,10.0,10.0,10.0,10.0,0.0,0.0,10.0,10.0,10.0,10.0,10.0,10.0,0.0,10.0,10.0,42.688263,0.0,10.0,10.0,133.42493,0.0,0.0,10.0,0.0,0.0,0.0,0.0,10.0,0.0,10.0,10.0,10.0,0.0,10.0,10.0,10.0,10.0,10.0,10.0,10.0,30.0,1.5768595,0.0,0.0,10.0,10.0,10.0,10.0,10.0,10.0,10.0,10.0,10.0,32.363255,10.0,10.0,10.0,10.0,10.0,745.1126,10.0,0.0,10.0
3600,0.0,10.0,10.0,10.0,10.0,10.0,10.0,10.0,10.0,10.0,10.0,10.0,10.0,10.0,10.0,10.0,10.0,259.87778,10.0,10.0,10.0,10.0,10.0,10.0,10.0,10.0,16.464008,310.9131,0.0,10.0,10.0,10.0,10.0,0.0,10.0,10.0,0.0,10.0,10.0,10.0,10.0,10.0,10.0,10.0,10.0,10.0,30.0,21.53156,10.0,10.0,10.0,10.0,0.0,10.0,10.0,18.425592,0.0,0.0,0.0,0.0,10.0,10.0,0.0,10.0,0.0,10.0,407.1547,10.0,0.0,10.0,10.0,10.0,0.0,10.0,0.0,10.0,0.0,0.0,10.0,10.0,0.0,10.0,45.051582,0.0,30.0,10.0,0.0,2.1931086,10.0,10.0,10.0,0.0,10.0,10.0,10.0,10.0,20.0,0.0,0.0,10.0,10.0,10.0,10.0,63.546066,6.1686583,0.0,0.0,0.0,10.0,10.0,0.0,0.0,1000.0,0.0,0.0,0.0,0.0,0.0,0.0,407.15524,10.0,0.0,10.0,10.0,10.0,0.0,10.0,10.0,0.0,10.0,10.0,10.0,10.0,0.0,0.0,0.0,322.05515,30.0,27.925894,10.0,0.0,30.0,14.670927,0.0,1.6738441,30.0,0.0,0.0,10.0,0.0,30.0,0.0,0.0,133.42833,588.3785,10.0,0.0,0.0,0.0,0.0,0.0,0.0,10.0,10.0,0.0,0.0,1.5745295,10.0,0.0,10.0,0.0,0.0,0.0,10.0,0.0,10.0,0.0,0.0,0.0,0.0,0.0,137.97876,10.0,11.428216,10.0,10.0,10.0,0.0,10.0,10.0,10.0,0.0,10.0,10.0,10.0,10.0,10.0,10.0,0.0,10.0,0.0,0.0,0.0,166.96848,0.95669395,407.15524,10.0,0.0,10.0,133.42833,10.0,10.0,0.0,10.0,10.0,0.0,10.0,10.0,10.0,10.0,10.0,10.0,576.6166,28.9591,0.0,0.0,0.0,30.0,0.0,10.0,0.0,588.3785,10.0,10.0,10.0,10.0,0.0,0.0,10.0,10.0,10.0,10.0,10.0,10.0,0.0,10.0,10.0,33.09436,0.0,10.0,10.0,108.666466,0.0,0.0,10.0,0.0,0.0,0.0,0.0,10.0,0.0,10.0,10.0,10.0,0.0,10.0,10.0,10.0,10.0,10.0,10.0,10.0,30.0,1.5768595,0.0,0.0,10.0,10.0,10.0,10.0,10.0,10.0,10.0,10.0,10.0,32.363255,10.0,10.0,10.0,10.0,10.0,649.1736,10.0,0.0,10.0
3660,0.0,10.0,10.0,10.0,10.0,10.0,10.0,10.0,10.0,10.0,10.0,10.0,10.0,10.0,10.0,10.0,10.0,252.14078,10.0,10.0,10.0,10.0,10.0,10.0,10.0,10.0,16.464008,303.17606,0.0,10.0,10.0,10.0,10.0,0.0,10.0,10.0,0.0,10.0,10.0,10.0,10.0,10.0,10.0,10.0,10.0,10.0,30.0,21.53156,10.0,10.0,10.0,10.0,0.0,10.0,10.0,18.425592,0.0,0.0,0.0,0.0,10.0,10.0,0.0,10.0,0.0,10.0,399.4177,10.0,0.0,10.0,10.0,10.0,0.0,10.0,0.0,10.0,0.0,0.0,10.0,10.0,0.0,10.0,45.051582,0.0,30.0,10.0,0.0,2.1931086,10.0,10.0,10.0,0.0,10.0,10.0,10.0,10.0,20.0,0.0,0.0,10.0,10.0,10.0,10.0,26.408371,3.0738504,0.0,0.0,0.0,10.0,10.0,0.0,0.0,1000.0,0.0,0.0,0.0,0.0,0.0,0.0,399.4182,10.0,0.0,10.0,10.0,10.0,0.0,10.0,10.0,0.0,10.0,10.0,10.0,10.0,0.0,0.0,0.0,314.31815,30.0,27.925894,10.0,0.0,30.0,2.2916956,0.0,1.6738441,30.0,0.0,0.0,10.0,0.0,30.0,0.0,0.0,108.66986,576.61816,10.0,0.0,0.0,0.0,0.0,0.0,0.0,10.0,10.0,0.0,0.0,1.5745295,10.0,0.0,10.0,0.0,0.0,0.0,10.0,0.0,10.0,0.0,0.0,0.0,0.0,0.0,100.84106,10.0,4.000678,10.0,10.0,10.0,0.0,10.0,10.0,10.0,0.0,10.0,10.0,10.0,10.0,10.0,10.0,0.0,10.0,0.0,0.0,0.0,159.23145,0.95669395,399.4182,10.0,0.0,10.0,108.66986,10.0,10.0,0.0,10.0,10.0,0.0,10.0,10.0,10.0,10.0,10.0,10.0,564.8563,28.9591,0.0,0.0,0.0,30.0,0.0,10.0,0.0,576.61816,10.0,10.0,10.0,10.0,0.0,0.0,10.0,10.0,10.0,10.0,10.0,10.0,0.0,10.0,10.0,23.500454,0.0,10.0,10.0,83.908005,0.0,0.0,10.0,0.0,0.0,0.0,0.0,10.0,0.0,10.0,10.0,10.0,0.0,10.0,10.0,10.0,10.0,10.0,10.0,10.0,30.0,1.5768595,0.0,0.0,10.0,10.0,10.0,10.0,10.0,10.0,10.0,10.0,10.0,32.363255,10.0,10.0,10.0,10.0,10.0,553.2345,10.0,0.0,10.0
3720,0.0,7.0,10.0,5.0,8.0,10.0,8.0,10.0,7.0,10.0,10.0,10.0,10.0,7.0,10.0,10.0,9.0,244.40375,10.0,9.0,10.0,10.0,10.0,10.0,10.0,10.0,16.464008,295.43906,0.0,10.0,10.0,10.0,10.0,0.0,10.0,10.0,0.0,10.0,10.0,10.0,10.0,8.0,10.0,10.0,8.0,7.0,30.0,21.53156,10.0,10.0,9.0,7.0,0.0,10.0,9.0,18.425592,0.0,0.0,0.0,0.0,7.0,9.0,0.0,10.0,0.0,9.0,391.68066,10.0,0.0,10.0,10.0,10.0,0.0,10.0,0.0,10.0,0.0,0.0,10.0,10.0,0.0,9.0,45.051582,0.0,30.0,10.0,0.0,2.1931086,10.0,10.0,10.0,0.0,5.0,10.0,10.0,10.0,20.0,0.0,0.0,9.0,6.0,9.0,10.0,17.74291,3.0738504,0.0,0.0,0.0,10.0,9.0,0.0,0.0,1000.0,0.0,0.0,0.0,0.0,0.0,0.0,391.68118,10.0,0.0,10.0,8.0,10.0,0.0,10.0,10.0,0.0,10.0,10.0,10.0,10.0,0.0,0.0,0.0,306.58112,30.0,27.925894,10.0,0.0,30.0,2.2916956,0.0,1.6738441,30.0,0.0,0.0,10.0,0.0,30.0,0.0,0.0,83.9114,564.8579,10.0,0.0,0.0,0.0,0.0,0.0,0.0,10.0,9.0,0.0,0.0,1.5745295,9.0,0.0,10.0,0.0,0.0,0.0,10.0,0.0,10.0,0.0,0.0,0.0,0.0,0.0,63.703365,10.0,4.000678,8.0,10.0,10.0,0.0,10.0,10.0,6.0,0.0,10.0,10.0,10.0,10.0,10.0,10.0,0.0,10.0,0.0,0.0,0.0,151.49443,0.95669395,391.68118,10.0,0.0,10.0,83.9114,10.0,10.0,0.0,10.0,10.0,0.0,10.0,9.0,5.0,10.0,10.0,9.0,553.096,28.9591,0.0,0.0,0.0,30.0,0.0,9.0,0.0,564.8579,10.0,10.0,9.0,10.0,0.0,0.0,10.0,10.0,10.0,10.0,10.0,8.0,0.0,8.0,10.0,23.500454,0.0,10.0,10.0,59.14954,0.0,0.0,7.0,0.0,0.0,0.0,0.0,10.0,0.0,10.0,10.0,10.0,0.0,10.0,10.0,10.0,10.0,10.0,6.0,10.0,30.0,1.5768595,0.0,0.0,5.0,10.0,10.0,10.0,10.0,10.0,10.0,10.0,10.0,32.363255,10.0,10.0,10.0,10.0,10.0,457.29547,10.0,0.0,10.0
3780,0.0,7.0,10.0,5.0,8.0,10.0,8.0,10.0,7.0,6.0,5.0,10.0,10.0,7.0,10.0,6.0,9.0,244.4101,6.0,9.0,10.0,10.0,7.0,10.0,10.0,10.0,14.4578905,295.44077,0.0,7.0,10.0,6.0,10.0,0.0,8.0,5.0,0.0,5.0,10.0,5.0,8.0,8.0,10.0,9.0,8.0,7.0,27.0,21.53156,6.0,10.0,9.0,7.0,0.0,6.0,9.0,18.425592,0.0,0.0,0.0,0.0,7.0,9.0,0.0,5.0,0.0,9.0,391.6906,7.0,0.0,9.0,6.0,5.0,0.0,10.0,0.0,9.0,0.0,0.0,10.0,10.0,0.0,9.0,45.051582,0.0,30.0,6.0,0.0,2.1931086,9.0,10.0,8.0,0.0,5.0,5.0,10.0,10.0,20.0,0.0,0.0,9.0,6.0,9.0,10.0,17.74291,3.0738504,0.0,0.0,0.0,9.0,9.0,0.0,0.0,1000.0,0.0,0.0,0.0,0.0,0.0,0.0,391.78125,10.0,0.0,5.0,8.0,10.0,0.0,10.0,7.0,0.0,10.0,10.0,10.0,10.0,0.0,0.0,0.0,306.59216,27.0,27.925894,7.0,0.0,27.0,2.2916956,0.0,1.6738441,27.0,0.0,0.0,10.0,0.0,30.0,0.0,0.0,83.9114,564.8579,10.0,0.0,0.0,0.0,0.0,0.0,0.0,7.0,9.0,0.0,0.0,1.5745295,9.0,0.0,9.0,0.0,0.0,0.0,9.0,0.0,10.0,0.0,0.0,0.0,0.0,0.0,63.703365,7.0,4.000678,8.0,10.0,10.0,0.0,9.0,10.0,6.0,0.0,9.0,10.0,9.0,10.0,10.0,10.0,0.0,9.0,0.0,0.0,0.0,151.50006,0.95669395,393.55255,5.0,0.0,10.0,83.9114,6.0,8.0,0.0,10.0,5.0,0.0,10.0,9.0,5.0,9.0,5.0,9.0,553.096,28.9591,0.0,0.0,0.0,30.0,0.0,9.0,0.0,564.8579,10.0,10.0,9.0,9.0,0.0,0.0,8.0,10.0,8.0,10.0,5.0,8.0,0.0,8.0,10.0,23.500454,0.0,10.0,7.0,59.14954,0.0,0.0,7.0,0.0,0.0,0.0,0.0,10.0,0.0,10.0,10.0,10.0,0.0,10.0,10.0,10.0,10.0,10.0,6.0,10.0,27.0,1.5768595,0.0,0.0,5.0,9.0,7.0,9.0,8.0,7.0,8.0,10.0,10.0,32.363255,8.0,6.0,10.0,10.0,10.0,457.29547,10.0,0.0,9.0
3840,0.0,7.0,10.0,5.0,8.0,10.0,8.0,10.0,7.0,6.0,5.0,10.0,10.0,7.0,5.0,6.0,9.0,244.4101,6.0,9.0,7.0,9.0,7.0,10.0,10.0,10.0,14.4578905,287.70374,0.0,7.0,8.0,6.0,8.0,0.0,8.0,5.0,0.0,5.0,5.0,5.0,8.0,8.0,5.0,9.0,8.0,7.0,27.0,21.53156,6.0,8.0,9.0,7.0,0.0,6.0,9.0,18.425592,0.0,0.0,0.0,0.0,7.0,9.0,0.0,5.0,0.0,9.0,383.9536,7.0,0.0,9.0,6.0,5.0,0.0,6.0,0.0,9.0,0.0,0.0,8.0,7.0,0.0,9.0,45.051582,0.0,30.0,6.0,0.0,2.1931086,9.0,7.0,8.0,0.0,5.0,5.0,8.0,10.0,18.0,0.0,0.0,9.0,6.0,9.0,7.0,11.553295,3.0738504,0.0,0.0,0.0,9.0,9.0,0.0,0.0,1000.0,0.0,0.0,0.0,0.0,0.0,0.0,391.78125,8.0,0.0,5.0,8.0,9.0,0.0,6.0,7.0,0.0,10.0,10.0,9.0,5.0,0.0,0.0,0.0,298.85513,27.0,27.925894,7.0,0.0,27.0,2.2916956,0.0,1.6738441,27.0,0.0,0.0,9.0,0.0,27.0,0.0,0.0,83.9114,564.8579,10.0,0.0,0.0,0.0,0.0,0.0,0.0,7.0,9.0,0.0,0.0,1.5745295,9.0,0.0,9.0,0.0,0.0,0.0,9.0,0.0,9.0,0.0,0.0,0.0,0.0,0.0,26.565674,7.0,4.000678,8.0,10.0,10.0,0.0,9.0,8.0,6.0,0.0,9.0,5.0,9.0,10.0,5.0,6.0,0.0,9.0,0.0,0.0,0.0,151.50006,0.95669395,385.81552,5.0,0.0,6.0,83.9114,6.0,8.0,0.0,5.0,5.0,0.0,7.0,9.0,5.0,9.0,5.0,9.0,553.096,28.9591,0.0,0.0,0.0,27.0,0.0,9.0,0.0,564.8579,8.0,5.0,9.0,9.0,0.0,0.0,8.0,6.0,8.0,9.0,5.0,8.0,0.0,8.0,9.0,23.500454,0.0,5.0,7.0,59.14954,0.0,0.0,7.0,0.0,0.0,0.0,0.0,9.0,0.0,9.0,5.0,10.0,0.0,10.0,7.0,7.0,10.0,7.0,6.0,6.0,27.0,1.5768595,0.0,0.0,5.0,9.0,7.0,9.0,8.0,7.0,8.0,7.0,9.0,32.363255,8.0,6.0,10.0,10.0,10.0,457.29547,9.0,0.0,9.0
3900,0.0,7.0,7.0,95.0,8.0,6.0,8.0,6.0,7.0,6.0,5.0,7.0,7.0,7.0,5.0,6.0,9.0,154.4101,6.0,9.0,7.0,9.0,7.0,6.0,7.0,8.0,14.4578905,279.96674,0.0,7.0,8.0,6.0,8.0,0.0,8.0,5.0,0.0,5.0,5.0,5.0,8.0,8.0,5.0,9.0,8.0,7.0,27.0,21.53156,6.0,8.0,9.0,7.0,0.0,6.0,9.0,18.425592,0.0,0.0,0.0,0.0,7.0,9.0,0.0,5.0,0.0,9.0,376.21658,7.0,0.0,9.0,6.0,5.0,0.0,6.0,0.0,9.0,0.0,0.0,8.0,7.0,0.0,9.0,45.051582,0.0,30.0,6.0,0.0,2.1931086,9.0,7.0,8.0,0.0,5.0,5.0,8.0,10.0,18.0,0.0,0.0,9.0,6.0,9.0,7.0,11.553295,3.0738504,0.0,0.0,0.0,9.0,9.0,0.0,0.0,1000.0,0.0,0.0,0.0,0.0,0.0,0.0,391.78125,8.0,0.0,5.0,8.0,9.0,0.0,6.0,7.0,0.0,6.0,6.0,9.0,5.0,0.0,0.0,0.0,291.11813,27.0,27.925894,7.0,0.0,27.0,2.2916956,0.0,1.6738441,27.0,0.0,0.0,9.0,0.0,27.0,0.0,0.0,83.9114,564.8579,10.0,0.0,0.0,0.0,0.0,0.0,0.0,7.0,9.0,0.0,0.0,1.5745295,9.0,0.0,9.0,0.0,0.0,0.0,9.0,0.0,9.0,0.0,0.0,0.0,0.0,0.0,14.805405,7.0,4.000678,8.0,10.0,10.0,0.0,9.0,8.0,6.0,0.0,9.0,5.0,9.0,10.0,5.0,6.0,0.0,9.0,0.0,0.0,0.0,151.50006,0.95669395,378.07852,5.0,0.0,6.0,83.9114,6.0,8.0,0.0,5.0,5.0,0.0,7.0,9.0,5.0,9.0,5.0,9.0,541.33575,28.9591,0.0,0.0,0.0,27.0,0.0,9.0,0.0,564.8579,8.0,5.0,9.0,9.0,0.0,0.0,8.0,6.0,8.0,9.0,5.0,8.0,0.0,8.0,9.0,23.500454,0.0,5.0,7.0,34.39108,0.0,0.0,7.0,0.0,0.0,0.0,0.0,9.0,0.0,9.0,5.0,7.0,0.0,10.0,7.0,7.0,10.0,7.0,6.0,6.0,27.0,1.5768595,0.0,0.0,5.0,9.0,7.0,9.0,8.0,7.0,8.0,7.0,9.0,32.363255,8.0,6.0,10.0,9.0,5.0,361.35645,9.0,0.0,9.0
3960,0.0,7.0,7.0,95.0,8.0,6.0,8.0,6.0,7.0,6.0,5.0,7.0,7.0,7.0,5.0,6.0,9.0,146.67308,6.0,9.0,7.0,9.0,7.0,6.0,7.0,8.0,14.4578905,272.2297,0.0,7.0,8.0,6.0,8.0,0.0,8.0,5.0,0.0,5.0,5.0,5.0,8.0,8.0,5.0,9.0,8.0,7.0,27.0,21.53156,6.0,8.0,9.0,7.0,0.0,6.0,9.0,18.425592,0.0,0.0,0.0,0.0,7.0,9.0,0.0,5.0,0.0,9.0,368.47955,7.0,0.0,9.0,6.0,5.0,0.0,6.0,0.0,9.0,0.0,0.0,8.0,7.0,0.0,9.0,45.051582,0.0,30.0,6.0,0.0,2.1931086,9.0,7.0,8.0,0.0,5.0,5.0,8.0,9.0,18.0,0.0,0.0,9.0,6.0,9.0,7.0,11.553295,3.0738504,0.0,0.0,0.0,9.0,9.0,0.0,0.0,1000.0,0.0,0.0,0.0,0.0,0.0,0.0,391.78125,8.0,0.0,5.0,8.0,9.0,0.0,6.0,7.0,0.0,6.0,6.0,9.0,5.0,0.0,0.0,0.0,283.3811,27.0,27.925894,7.0,0.0,27.0,2.2916956,0.0,1.6738441,27.0,0.0,0.0,9.0,0.0,27.0,0.0,0.0,59.15294,564.8579,10.0,0.0,0.0,0.0,0.0,0.0,0.0,7.0,9.0,0.0,0.0,1.5745295,9.0,0.0,9.0,0.0,0.0,0.0,9.0,0.0,9.0,0.0,0.0,0.0,0.0,0.0,4.90202,7.0,4.000678,8.0,7.0,8.0,0.0,9.0,8.0,6.0,0.0,9.0,5.0,9.0,7.0,5.0,6.0,0.0,9.0,0.0,0.0,0.0,151.50006,0.95669395,370.3415,5.0,0.0,6.0,59.15294,6.0,8.0,0.0,5.0,5.0,0.0,7.0,9.0,5.0,9.0,5.0,9.0,529.5755,28.9591,0.0,0.0,0.0,27.0,0.0,9.0,0.0,564.8579,8.0,5.0,9.0,9.0,0.0,0.0,8.0,6.0,8.0,9.0,5.0,8.0,0.0,8.0,9.0,23.500454,0.0,95.0,7.0,9.632616,0.0,0.0,7.0,0.0,0.0,0.0,0.0,9.0,0.0,9.0,5.0,7.0,0.0,9.0,7.0,7.0,9.0,7.0,6.0,6.0,27.0,1.5768595,0.0,0.0,5.0,9.0,7.0,9.0,8.0,7.0,8.0,7.0,9.0,32.363255,8.0,6.0,10.0,9.0,5.0,175.4174,9.0,0.0,9.0
4020,0.0,7.0,7.0,95.0,8.0,6.0,8.0,6.0,7.0,6.0,5.0,7.0,7.0,7.0,5.0,6.0,9.0,138.93607,6.0,9.0,7.0,9.0,7.0,6.0,7.0,8.0,14.4578905,264.49268,0.0,7.0,8.0,6.0,8.0,0.0,8.0,5.0,0.0,5.0,5.0,5.0,8.0,8.0,5.0,9.0,8.0,7.0,27.0,21.53156,6.0,8.0,9.0,7.0,0.0,6.0,9.0,18.425592,0.0,0.0,0.0,0.0,7.0,9.0,0.0,5.0,0.0,9.0,360.74268,7.0,0.0,9.0,6.0,5.0,0.0,6.0,0.0,9.0,0.0,0.0,8.0,7.0,0.0,9.0,45.051582,0.0,30.0,6.0,0.0,2.1931086,9.0,7.0,8.0,0.0,5.0,5.0,8.0,9.0,18.0,0.0,0.0,9.0,6.0,9.0,7.0,11.553295,3.0738504,0.0,0.0,0.0,9.0,9.0,0.0,0.0,1000.0,0.0,0.0,0.0,0.0,0.0,0.0,391.78125,8.0,0.0,5.0,8.0,9.0,0.0,6.0,7.0,0.0,6.0,6.0,9.0,5.0,0.0,0.0,0.0,275.64426,27.0,27.925894,7.0,0.0,27.0,2.2916956,0.0,1.6738441,27.0,0.0,0.0,9.0,0.0,27.0,0.0,0.0,34.395046,553.0979,10.0,0.0,0.0,0.0,0.0,0.0,0.0,7.0,9.0,0.0,0.0,1.5745295,9.0,0.0,9.0,0.0,0.0,0.0,9.0,0.0,9.0,0.0,0.0,0.0,0.0,0.0,4.90202,7.0,4.000678,8.0,7.0,8.0,0.0,9.0,8.0,6.0,0.0,9.0,5.0,9.0,7.0,5.0,6.0,0.0,9.0,0.0,0.0,0.0,143.76321,0.95669395,362.60464,5.0,0.0,6.0,34.395046,6.0,8.0,0.0,5.0,5.0,0.0,7.0,9.0,5.0,9.0,5.0,9.0,517.8155,28.9591,0.0,0.0,0.0,27.0,0.0,9.0,0.0,553.0979,8.0,5.0,9.0,9.0,0.0,0.0,8.0,6.0,8.0,9.0,5.0,8.0,0.0,8.0,9.0,23.500454,0.0,95.0,7.0,1.8957744,0.0,0.0,7.0,0.0,0.0,0.0,0.0,9.0,0.0,9.0,5.0,7.0,0.0,9.0,7.0,7.0,9.0,7.0,6.0,6.0,27.0,1.5768595,0.0,0.0,5.0,9.0,7.0,9.0,8.0,7.0,8.0,7.0,9.0,32.363255,8.0,6.0,10.0,9.0,5.0,79.48055,9.0,0.0,9.0
4080,0.0,7.0,7.0,95.0,8.0,6.0,8.0,6.0,7.0,6.0,5.0,7.0,7.0,7.0,5.0,6.0,9.0,138.93607,6.0,9.0,7.0,9.0,7.0,6.0,7.0,8.0,14.4578905,264.49268,0.0,7.0,8.0,6.0,8.0,0.0,8.0,5.0,0.0,5.0,5.0,5.0,8.0,8.0,5.0,9.0,8.0,7.0,27.0,21.53156,6.0,8.0,9.0,7.0,0.0,6.0,9.0,18.425592,0.0,0.0,0.0,0.0,7.0,9.0,0.0,5.0,0.0,9.0,360.74268,7.0,0.0,9.0,6.0,5.0,0.0,6.0,0.0,9.0,0.0,0.0,8.0,7.0,0.0,9.0,45.051582,0.0,30.0,6.0,0.0,2.1931086,9.0,7.0,8.0,0.0,5.0,5.0,8.0,9.0,18.0,0.0,0.0,9.0,6.0,9.0,7.0,11.553295,3.0738504,0.0,0.0,0.0,9.0,9.0,0.0,0.0,1000.0,0.0,0.0,0.0,0.0,0.0,0.0,391.78125,8.0,0.0,5.0,8.0,9.0,0.0,6.0,7.0,0.0,6.0,6.0,9.0,5.0,0.0,0.0,0.0,275.64426,27.0,27.925894,7.0,0.0,27.0,2.2916956,0.0,1.6738441,27.0,0.0,0.0,9.0,0.0,27.0,0.0,0.0,9.637151,541.3379,10.0,0.0,0.0,0.0,0.0,0.0,0.0,7.0,9.0,0.0,0.0,1.5745295,9.0,0.0,9.0,0.0,0.0,0.0,9.0,0.0,9.0,0.0,0.0,0.0,0.0,0.0,4.90202,7.0,4.000678,8.0,7.0,8.0,0.0,9.0,8.0,6.0,0.0,9.0,5.0,9.0,7.0,5.0,6.0,0.0,9.0,0.0,0.0,0.0,143.76321,0.95669395,362.60464,5.0,0.0,6.0,9.637151,6.0,8.0,0.0,5.0,5.0,0.0,7.0,9.0,5.0,9.0,5.0,9.0,506.05548,28.9591,0.0,0.0,0.0,27.0,0.0,9.0,0.0,541.3379,8.0,5.0,9.0,9.0,0.0,0.0,8.0,6.0,8.0,9.0,5.0,8.0,0.0,8.0,9.0,23.500454,0.0,95.0,7.0,1.8957744,0.0,0.0,7.0,0.0,0.0,0.0,0.0,9.0,0.0,9.0,5.0,7.0,0.0,9.0,7.0,7.0,9.0,7.0,6.0,6.0,27.0,1.5768595,0.0,0.0,5.0,9.0,7.0,9.0,8.0,7.0,8.0,7.0,9.0,32.363255,8.0,6.0,10.0,9.0,5.0,79.48055,9.0,0.0,9.0
4140,0.0,7.0,7.0,95.0,8.0,6.0,8.0,6.0,7.0,6.0,5.0,7.0,7.0,7.0,5.0,6.0,9.0,138.93607,6.0,9.0,7.0,9.0,7.0,6.0,7.0,8.0,14.4578905,264.49268,0.0,7.0,8.0,6.0,8.0,0.0,8.0,5.0,0.0,5.0,5.0,5.0,8.0,8.0,5.0,9.0,8.0,7.0,27.0,21.53156,6.0,8.0,9.0,7.0,0.0,6.0,9.0,18.425592,0.0,0.0,0.0,0.0,7.0,9.0,0.0,5.0,0.0,9.0,360.74268,7.0,0.0,9.0,6.0,5.0,0.0,6.0,0.0,9.0,0.0,0.0,8.0,7.0,0.0,9.0,45.051582,0.0,30.0,6.0,0.0,2.1931086,9.0,7.0,8.0,0.0,5.0,5.0,8.0,9.0,18.0,0.0,0.0,9.0,6.0,9.0,7.0,11.553295,3.0738504,0.0,0.0,0.0,9.0,9.0,0.0,0.0,1000.0,0.0,0.0,0.0,0.0,0.0,0.0,391.78125,8.0,0.0,5.0,8.0,9.0,0.0,6.0,7.0,0.0,6.0,6.0,9.0,5.0,0.0,0.0,0.0,275.64426,27.0,27.925894,7.0,0.0,27.0,2.2916956,0.0,1.6738441,27.0,0.0,0.0,9.0,0.0,27.0,0.0,0.0,1.9003088,529.57794,10.0,0.0,0.0,0.0,0.0,0.0,0.0,7.0,9.0,0.0,0.0,1.5745295,9.0,0.0,9.0,0.0,0.0,0.0,9.0,0.0,9.0,0.0,0.0,0.0,0.0,0.0,4.90202,7.0,4.000678,8.0,7.0,8.0,0.0,9.0,8.0,6.0,0.0,9.0,5.0,9.0,7.0,5.0,6.0,0.0,9.0,0.0,0.0,0.0,143.76321,0.95669395,362.60464,5.0,0.0,6.0,4.9950457,6.0,8.0,0.0,5.0,5.0,0.0,7.0,9.0,5.0,9.0,5.0,9.0,494.2955,28.9591,0.0,0.0,0.0,27.0,0.0,9.0,0.0,529.57794,8.0,5.0,9.0,9.0,0.0,0.0,8.0,6.0,8.0,9.0,5.0,8.0,0.0,8.0,9.0,23.500454,0.0,95.0,7.0,1.8957744,0.0,0.0,7.0,0.0,0.0,0.0,0.0,9.0,0.0,9.0,5.0,7.0,0.0,9.0,7.0,7.0,9.0,7.0,6.0,6.0,27.0,1.5768595,0.0,0.0,5.0,9.0,7.0,9.0,8.0,7.0,8.0,7.0,9.0,32.363255,8.0,6.0,10.0,9.0,5.0,79.48055,9.0,0.0,9.0
4200,0.0,7.0,7.0,95.0,8.0,6.0,8.0,6.0,7.0,6.0,5.0,7.0,7.0,7.0,5.0,6.0,9.0,138.93607,6.0,9.0,7.0,9.0,7.0,6.0,7.0,8.0,14.4578905,264.49268,0.0,7.0,8.0,6.0,8.0,0.0,8.0,5.0,0.0,5.0,5.0,5.0,8.0,8.0,5.0,9.0,8.0,7.0,27.0,21.53156,6.0,8.0,9.0,7.0,0.0,6.0,9.0,18.425592,0.0,0.0,0.0,0.0,7.0,9.0,0.0,5.0,0.0,9.0,360.74268,7.0,0.0,9.0,6.0,5.0,0.0,6.0,0.0,9.0,0.0,0.0,8.0,7.0,0.0,9.0,45.051582,0.0,30.0,6.0,0.0,2.1931086,9.0,7.0,8.0,0.0,5.0,5.0,8.0,9.0,18.0,0.0,0.0,9.0,6.0,9.0,7.0,11.553295,3.0738504,0.0,0.0,0.0,9.0,9.0,0.0,0.0,1000.0,0.0,0.0,0.0,0.0,0.0,0.0,391.78125,8.0,0.0,5.0,8.0,9.0,0.0,6.0,7.0,0.0,6.0,6.0,9.0,5.0,0.0,0.0,0.0,275.64426,27.0,27.925894,7.0,0.0,27.0,2.2916956,0.0,1.6738441,27.0,0.0,0.0,9.0,0.0,27.0,0.0,0.0,1.9003088,517.81793,10.0,0.0,0.0,0.0,0.0,0.0,0.0,7.0,9.0,0.0,0.0,1.5745295,9.0,0.0,9.0,0.0,0.0,0.0,9.0,0.0,9.0,0.0,0.0,0.0,0.0,0.0,4.90202,7.0,4.000678,8.0,7.0,8.0,0.0,9.0,8.0,6.0,0.0,9.0,5.0,9.0,7.0,5.0,6.0,0.0,9.0,0.0,0.0,0.0,143.76321,0.95669395,362.60464,5.0,0.0,6.0,4.9950457,6.0,8.0,0.0,5.0,5.0,0.0,7.0,9.0,5.0,9.0,5.0,9.0,482.5355,28.9591,0.0,0.0,0.0,27.0,0.0,9.0,0.0,517.81793,8.0,5.0,9.0,9.0,0.0,0.0,8.0,6.0,8.0,9.0,5.0,8.0,0.0,8.0,9.0,23.500454,0.0,95.0,7.0,1.8957744,0.0,0.0,7.0,0.0,0.0,0.0,0.0,9.0,0.0,9.0,5.0,7.0,0.0,9.0,7.0,7.0,9.0,7.0,6.0,6.0,27.0,1.5768595,0.0,0.0,5.0,9.0,7.0,9.0,8.0,7.0,8.0,7.0,9.0,32.363255,8.0,6.0,10.0,9.0,5.0,79.48055,9.0,0.0,9.0
4260,0.0,7.0,7.0,95.0,8.0,6.0,8.0,6.0,7.0,6.0,5.0,7.0,7.0,7.0,5.0,6.0,9.0,138.93607,6.0,9.0,7.0,9.0,7.0,6.0,7.0,8.0,14.4578905,264.49268,0.0,7.0,8.0,6.0,8.0,0.0,8.0,5.0,0.0,5.0,5.0,5.0,8.0,8.0,5.0,9.0,8.0,7.0,27.0,21.53156,6.0,8.0,9.0,7.0,0.0,6.0,9.0,18.425592,0.0,0.0,0.0,0.0,7.0,9.0,0.0,5.0,0.0,9.0,360.74268,7.0,0.0,9.0,6.0,5.0,0.0,6.0,0.0,9.0,0.0,0.0,8.0,7.0,0.0,9.0,45.051582,0.0,30.0,6.0,0.0,2.1931086,9.0,7.0,8.0,0.0,5.0,5.0,8.0,9.0,18.0,0.0,0.0,9.0,6.0,9.0,7.0,11.553295,3.0738504,0.0,0.0,0.0,9.0,9.0,0.0,0.0,1000.0,0.0,0.0,0.0,0.0,0.0,0.0,391.78125,8.0,0.0,5.0,8.0,9.0,0.0,6.0,7.0,0.0,6.0,6.0,9.0,5.0,0.0,0.0,0.0,275.64426,27.0,27.925894,7.0,0.0,27.0,2.2916956,0.0,1.6738441,27.0,0.0,0.0,9.0,0.0,27.0,0.0,0.0,1.9003088,506.05792,10.0,0.0,0.0,0.0,0.0,0.0,0.0,7.0,9.0,0.0,0.0,1.5745295,9.0,0.0,9.0,0.0,0.0,0.0,9.0,0.0,9.0,0.0,0.0,0.0,0.0,0.0,4.90202,7.0,4.000678,8.0,7.0,8.0,0.0,9.0,8.0,6.0,0.0,9.0,5.0,9.0,7.0,5.0,6.0,0.0,9.0,0.0,0.0,0.0,143.76321,0.95669395,362.60464,5.0,0.0,6.0,4.9950457,6.0,8.0,0.0,5.0,5.0,0.0,7.0,9.0,5.0,9.0,5.0,9.0,470.77548,28.9591,0.0,0.0,0.0,27.0,0.0,9.0,0.0,506.05792,8.0,5.0,9.0,9.0,0.0,0.0,8.0,6.0,8.0,9.0,5.0,8.0,0.0,8.0,9.0,23.500454,0.0,95.0,7.0,1.8957744,0.0,0.0,7.0,0.0,0.0,0.0,0.0,9.0,0.0,9.0,5.0,7.0,0.0,9.0,7.0,7.0,9.0,7.0,6.0,6.0,27.0,1.5768595,0.0,0.0,5.0,9.0,7.0,9.0,8.0,7.0,8.0,7.0,9.0,32.363255,8.0,6.0,10.0,9.0,5.0,79.48055,9.0,0.0,9.0
4320,0.0,7.0,7.0,95.0,8.0,6.0,8.0,6.0,7.0,6.0,5.0,7.0,7.0,7.0,5.0,6.0,9.0,138.93607,6.0,9.0,7.0,9.0,7.0,6.0,7.0,8.0,14.4578905,264.49268,0.0,7.0,8.0,6.0,8.0,0.0,8.0,5.0,0.0,5.0,5.0,5.0,8.0,8.0,5.0,9.0,8.0,7.0,27.0,21.53156,6.0,8.0,9.0,7.0,0.0,6.0,9.0,18.425592,0.0,0.0,0.0,0.0,7.0,9.0,0.0,5.0,0.0,9.0,360.74268,7.0,0.0,9.0,6.0,5.0,0.0,6.0,0.0,9.0,0.0,0.0,8.0,7.0,0.0,9.0,45.051582,0.0,30.0,6.0,0.0,2.1931086,9.0,7.0,8.0,0.0,5.0,5.0,8.0,9.0,18.0,0.0,0.0,9.0,6.0,9.0,7.0,11.553295,3.0738504,0.0,0.0,0.0,9.0,9.0,0.0,0.0,1000.0,0.0,0.0,0.0,0.0,0.0,0.0,391.78125,8.0,0.0,5.0,8.0,9.0,0.0,6.0,7.0,0.0,6.0,6.0,9.0,5.0,0.0,0.0,0.0,275.64426,27.0,27.925894,7.0,0.0,27.0,2.2916956,0.0,1.6738441,27.0,0.0,0.0,9.0,0.0,27.0,0.0,0.0,1.9003088,494.2979,10.0,0.0,0.0,0.0,0.0,0.0,0.0,7.0,9.0,0.0,0.0,1.5745295,9.0,0.0,9.0,0.0,0.0,0.0,9.0,0.0,9.0,0.0,0.0,0.0,0.0,0.0,4.90202,7.0,4.000678,8.0,7.0,8.0,0.0,9.0,8.0,6.0,0.0,9.0,5.0,9.0,7.0,5.0,6.0,0.0,9.0,0.0,0.0,0.0,143.76321,0.95669395,362.60464,5.0,0.0,6.0,4.9950457,6.0,8.0,0.0,5.0,5.0,0.0,7.0,9.0,5.0,9.0,5.0,9.0,459.0155,28.9591,0.0,0.0,0.0,27.0,0.0,9.0,0.0,494.2979,8.0,5.0,9.0,9.0,0.0,0.0,8.0,6.0,8.0,9.0,5.0,8.0,0.0,8.0,9.0,23.500454,0.0,95.0,7.0,1.8957744,0.0,0.0,7.0,0.0,0.0,0.0,0.0,9.0,0.0,9.0,5.0,7.0,0.0,9.0,7.0,7.0,9.0,7.0,6.0,6.0,27.0,1.5768595,0.0,0.0,5.0,9.0,7.0,9.0,8.0,7.0,8.0,7.0,9.0,32.363255,8.0,6.0,10.0,9.0,5.0,79.48055,9.0,0.0,9.0
4380,0.0,7.0,7.0,95.0,8.0,6.0,8.0,6.0,7.0,6.0,5.0,7.0,7.0,7.0,5.0,6.0,9.0,138.93607,6.0,9.0,7.0,9.0,7.0,6.0,7.0,8.0,14.4578905,264.49268,0.0,7.0,8.0,6.0,8.0,0.0,8.0,5.0,0.0,5.0,5.0,5.0,8.0,8.0,5.0,9.0,8.0,7.0,27.0,21.53156,6.0,8.0,9.0,7.0,0.0,6.0,9.0,18.425592,0.0,0.0,0.0,0.0,7.0,9.0,0.0,5.0,0.0,9.0,360.74268,7.0,0.0,9.0,6.0,5.0,0.0,6.0,0.0,9.0,0.0,0.0,8.0,7.0,0.0,9.0,45.051582,0.0,30.0,6.0,0.0,2.1931086,9.0,7.0,8.0,0.0,5.0,5.0,8.0,9.0,18.0,0.0,0.0,9.0,6.0,9.0,7.0,11.553295,3.0738504,0.0,0.0,0.0,9.0,9.0,0.0,0.0,1000.0,0.0,0.0,0.0,0.0,0.0,0.0,391.78125,8.0,0.0,5.0,8.0,9.0,0.0,6.0,7.0,0.0,6.0,6.0,9.0,5.0,0.0,0.0,0.0,275.64426,27.0,27.925894,7.0,0.0,27.0,2.2916956,0.0,1.6738441,27.0,0.0,0.0,9.0,0.0,27.0,0.0,0.0,1.9003088,482.5379,10.0,0.0,0.0,0.0,0.0,0.0,0.0,7.0,9.0,0.0,0.0,1.5745295,9.0,0.0,9.0,0.0,0.0,0.0,9.0,0.0,9.0,0.0,0.0,0.0,0.0,0.0,4.90202,7.0,4.000678,8.0,7.0,8.0,0.0,9.0,8.0,6.0,0.0,9.0,5.0,9.0,7.0,5.0,6.0,0.0,9.0,0.0,0.0,0.0,143.76321,0.95669395,362.60464,5.0,0.0,6.0,4.9950457,6.0,8.0,0.0,5.0,5.0,0.0,7.0,9.0,5.0,9.0,5.0,9.0,447.2555,28.9591,0.0,0.0,0.0,27.0,0.0,9.0,0.0,482.5379,8.0,5.0,9.0,9.0,0.0,0.0,8.0,6.0,8.0,9.0,5.0,8.0,0.0,8.0,9.0,23.500454,0.0,95.0,7.0,1.8957744,0.0,0.0,7.0,0.0,0.0,0.0,0.0,9.0,0.0,9.0,5.0,7.0,0.0,9.0,7.0,7.0,9.0,7.0,6.0,6.0,27.0,1.5768595,0.0,0.0,5.0,9.0,7.0,9.0,8.0,7.0,8.0,7.0,9.0,32.363255,8.0,6.0,10.0,9.0,5.0,79.48055,9.0,0.0,9.0
4440,0.0,7.0,7.0,95.0,8.0,6.0,8.0,6.0,7.0,6.0,5.0,7.0,7.0,7.0,5.0,6.0,9.0,138.93607,6.0,9.0,7.0,9.0,7.0,6.0,7.0,8.0,14.4578905,264.49268,0.0,7.0,8.0,6.0,8.0,0.0,8.0,5.0,0.0,5.0,5.0,5.0,8.0,8.0,5.0,9.0,8.0,7.0,27.0,21.53156,6.0,8.0,9.0,7.0,0.0,6.0,9.0,18.425592,0.0,0.0,0.0,0.0,7.0,9.0,0.0,5.0,0.0,9.0,360.74268,7.0,0.0,9.0,6.0,5.0,0.0,6.0,0.0,9.0,0.0,0.0,8.0,7.0,0.0,9.0,45.051582,0.0,30.0,6.0,0.0,2.1931086,9.0,7.0,8.0,0.0,5.0,5.0,8.0,9.0,18.0,0.0,0.0,9.0,6.0,9.0,7.0,11.553295,3.0738504,0.0,0.0,0.0,9.0,9.0,0.0,0.0,1000.0,0.0,0.0,0.0,0.0,0.0,0.0,391.78125,8.0,0.0,5.0,8.0,9.0,0.0,6.0,7.0,0.0,6.0,6.0,9.0,5.0,0.0,0.0,0.0,275.64426,27.0,27.925894,7.0,0.0,27.0,2.2916956,0.0,1.6738441,27.0,0.0,0.0,9.0,0.0,27.0,0.0,0.0,1.9003088,470.77792,10.0,0.0,0.0,0.0,0.0,0.0,0.0,7.0,9.0,0.0,0.0,1.5745295,9.0,0.0,9.0,0.0,0.0,0.0,9.0,0.0,9.0,0.0,0.0,0.0,0.0,0.0,4.90202,7.0,4.000678,8.0,7.0,8.0,0.0,9.0,8.0,6.0,0.0,9.0,5.0,9.0,7.0,5.0,6.0,0.0,9.0,0.0,0.0,0.0,143.76321,0.95669395,362.60464,5.0,0.0,6.0,4.9950457,6.0,8.0,0.0,5.0,5.0,0.0,7.0,9.0,5.0,9.0,5.0,9.0,435.49548,28.9591,0.0,0.0,0.0,27.0,0.0,9.0,0.0,470.77792,8.0,5.0,9.0,9.0,0.0,0.0,8.0,6.0,8.0,9.0,5.0,8.0,0.0,8.0,9.0,23.500454,0.0,95.0,7.0,1.8957744,0.0,0.0,7.0,0.0,0.0,0.0,0.0,9.0,0.0,9.0,5.0,7.0,0.0,9.0,7.0,7.0,9.0,7.0,6.0,6.0,27.0,1.5768595,0.0,0.0,5.0,9.0,7.0,9.0,8.0,7.0,8.0,7.0,9.0,32.363255,8.0,6.0,10.0,9.0,5.0,79.48055,9.0,0.0,9.0
4500,0.0,7.0,7.0,95.0,8.0,6.0,8.0,6.0,7.0,6.0,5.0,7.0,7.0,7.0,5.0,6.0,9.0,138.93607,6.0,9.0,7.0,9.0,7.0,6.0,7.0,8.0,14.4578905,264.49268,0.0,7.0,8.0,6.0,8.0,0.0,8.0,5.0,0.0,5.0,5.0,5.0,8.0,8.0,5.0,9.0,8.0,7.0,27.0,21.53156,6.0,8.0,9.0,7.0,0.0,6.0,9.0,18.425592,0.0,0.0,0.0,0.0,7.0,9.0,0.0,5.0,0.0,9.0,360.74268,7.0,0.0,9.0,6.0,5.0,0.0,6.0,0.0,9.0,0.0,0.0,8.0,7.0,0.0,9.0,45.051582,0.0,30.0,6.0,0.0,2.1931086,9.0,7.0,8.0,0.0,5.0,5.0,8.0,9.0,18.0,0.0,0.0,9.0,6.0,9.0,7.0,11.553295,3.0738504,0.0,0.0,0.0,9.0,9.0,0.0,0.0,1000.0,0.0,0.0,0.0,0.0,0.0,0.0,391.78125,8.0,0.0,5.0,8.0,9.0,0.0,6.0,7.0,0.0,6.0,6.0,9.0,5.0,0.0,0.0,0.0,275.64426,27.0,27.925894,7.0,0.0,27.0,2.2916956,0.0,1.6738441,27.0,0.0,0.0,9.0,0.0,27.0,0.0,0.0,1.9003088,459.0179,10.0,0.0,0.0,0.0,0.0,0.0,0.0,7.0,9.0,0.0,0.0,1.5745295,9.0,0.0,9.0,0.0,0.0,0.0,9.0,0.0,9.0,0.0,0.0,0.0,0.0,0.0,4.90202,7.0,4.000678,8.0,7.0,8.0,0.0,9.0,8.0,6.0,0.0,9.0,5.0,9.0,7.0,5.0,6.0,0.0,9.0,0.0,0.0,0.0,143.76321,0.95669395,362.60464,5.0,0.0,6.0,4.9950457,6.0,8.0,0.0,5.0,5.0,0.0,7.0,9.0,5.0,9.0,5.0,9.0,423.7355,28.9591,0.0,0.0,0.0,27.0,0.0,9.0,0.0,459.0179,8.0,5.0,9.0,9.0,0.0,0.0,8.0,6.0,8.0,9.0,5.0,8.0,0.0,8.0,9.0,23.500454,0.0,95.0,7.0,1.8957744,0.0,0.0,7.0,0.0,0.0,0.0,0.0,9.0,0.0,9.0,5.0,7.0,0.0,9.0,7.0,7.0,9.0,7.0,6.0,6.0,27.0,1.5768595,0.0,0.0,5.0,9.0,7.0,9.0,8.0,7.0,8.0,7.0,9.0,32.363255,8.0,6.0,10.0,9.0,5.0,79.48055,9.0,0.0,9.0
4560,0.0,7.0,7.0,95.0,8.0,6.0,8.0,6.0,7.0,6.0,5.0,7.0,7.0,7.0,5.0,6.0,9.0,138.93607,6.0,9.0,7.0,9.0,7.0,6.0,7.0,8.0,14.4578905,264.49268,0.0,7.0,8.0,6.0,8.0,0.0,8.0,5.0,0.0,5.0,5.0,5.0,8.0,8.0,5.0,9.0,8.0,7.0,27.0,21.53156,6.0,8.0,9.0,7.0,0.0,6.0,9.0,18.425592,0.0,0.0,0.0,0.0,7.0,9.0,0.0,5.0,0.0,9.0,360.74268,7.0,0.0,9.0,6.0,5.0,0.0,6.0,0.0,9.0,0.0,0.0,8.0,7.0,0.0,9.0,45.051582,0.0,30.0,6.0,0.0,2.1931086,9.0,7.0,8.0,0.0,5.0,5.0,8.0,9.0,18.0,0.0,0.0,9.0,6.0,9.0,7.0,11.553295,3.0738504,0.0,0.0,0.0,9.0,9.0,0.0,0.0,1000.0,0.0,0.0,0.0,0.0,0.0,0.0,391.78125,8.0,0.0,5.0,8.0,9.0,0.0,6.0,7.0,0.0,6.0,6.0,9.0,5.0,0.0,0.0,0.0,275.64426,27.0,27.925894,7.0,0.0,27.0,2.2916956,0.0,1.6738441,27.0,0.0,0.0,9.0,0.0,27.0,0.0,0.0,1.9003088,447.2579,10.0,0.0,0.0,0.0,0.0,0.0,0.0,7.0,9.0,0.0,0.0,1.5745295,9.0,0.0,9.0,0.0,0.0,0.0,9.0,0.0,9.0,0.0,0.0,0.0,0.0,0.0,4.90202,7.0,4.000678,8.0,7.0,8.0,0.0,9.0,8.0,6.0,0.0,9.0,5.0,9.0,7.0,5.0,6.0,0.0,9.0,0.0,0.0,0.0,143.76321,0.95669395,362.60464,5.0,0.0,6.0,4.9950457,6.0,8.0,0.0,5.0,5.0,0.0,7.0,9.0,5.0,9.0,5.0,9.0,411.9755,28.9591,0.0,0.0,0.0,27.0,0.0,9.0,0.0,447.2579,8.0,5.0,9.0,9.0,0.0,0.0,8.0,6.0,8.0,9.0,5.0,8.0,0.0,8.0,9.0,23.500454,0.0,95.0,7.0,1.8957744,0.0,0.0,7.0,0.0,0.0,0.0,0.0,9.0,0.0,9.0,5.0,7.0,0.0,9.0,7.0,7.0,9.0,7.0,6.0,6.0,27.0,1.5768595,0.0,0.0,5.0,9.0,7.0,9.0,8.0,7.0,8.0,7.0,9.0,32.363255,8.0,6.0,10.0,9.0,5.0,79.48055,9.0,0.0,9.0
4620,0.0,7.0,7.0,95.0,8.0,6.0,8.0,6.0,7.0,6.0,5.0,7.0,7.0,7.0,5.0,6.0,9.0,138.93607,6.0,9.0,7.0,9.0,7.0,6.0,7.0,8.0,14.4578905,264.49268,0.0,7.0,8.0,6.0,8.0,0.0,8.0,5.0,0.0,5.0,5.0,5.0,8.0,8.0,5.0,9.0,8.0,7.0,27.0,21.53156,6.0,8.0,9.0,7.0,0.0,6.0,9.0,18.425592,0.0,0.0,0.0,0.0,7.0,9.0,0.0,5.0,0.0,9.0,360.74268,7.0,0.0,9.0,6.0,5.0,0.0,6.0,0.0,9.0,0.0,0.0,8.0,7.0,0.0,9.0,45.051582,0.0,30.0,6.0,0.0,2.1931086,9.0,7.0,8.0,0.0,5.0,5.0,8.0,9.0,18.0,0.0,0.0,9.0,6.0,9.0,7.0,11.553295,3.0738504,0.0,0.0,0.0,9.0,9.0,0.0,0.0,1000.0,0.0,0.0,0.0,0.0,0.0,0.0,391.78125,8.0,0.0,5.0,8.0,9.0,0.0,6.0,7.0,0.0,6.0,6.0,9.0,5.0,0.0,0.0,0.0,275.64426,27.0,27.925894,7.0,0.0,27.0,2.2916956,0.0,1.6738441,27.0,0.0,0.0,9.0,0.0,27.0,0.0,0.0,1.9003088,435.49792,10.0,0.0,0.0,0.0,0.0,0.0,0.0,7.0,9.0,0.0,0.0,1.5745295,9.0,0.0,9.0,0.0,0.0,0.0,9.0,0.0,9.0,0.0,0.0,0.0,0.0,0.0,4.90202,7.0,4.000678,8.0,7.0,8.0,0.0,9.0,8.0,6.0,0.0,9.0,5.0,9.0,7.0,5.0,6.0,0.0,9.0,0.0,0.0,0.0,143.76321,0.95669395,362.60464,5.0,0.0,6.0,4.9950457,6.0,8.0,0.0,5.0,5.0,0.0,7.0,9.0,5.0,9.0,5.0,9.0,400.21548,28.9591,0.0,0.0,0.0,27.0,0.0,9.0,0.0,435.49792,8.0,5.0,9.0,9.0,0.0,0.0,8.0,6.0,8.0,9.0,5.0,8.0,0.0,8.0,9.0,23.500454,0.0,95.0,7.0,1.8957744,0.0,0.0,7.0,0.0,0.0,0.0,0.0,9.0,0.0,9.0,5.0,7.0,0.0,9.0,7.0,7.0,9.0,7.0,6.0,6.0,27.0,1.5768595,0.0,0.0,5.0,9.0,7.0,9.0,8.0,7.0,8.0,7.0,9.0,32.363255,8.0,6.0,10.0,9.0,5.0,79.48055,9.0,0.0,9.0
4680,0.0,7.0,7.0,95.0,8.0,6.0,8.0,6.0,7.0,6.0,5.0,7.0,7.0,7.0,5.0,6.0,9.0,138.93607,6.0,9.0,7.0,9.0,7.0,6.0,7.0,8.0,14.4578905,264.49268,0.0,7.0,8.0,6.0,8.0,0.0,8.0,5.0,0.0,5.0,5.0,5.0,8.0,8.0,5.0,9.0,8.0,7.0,27.0,21.53156,6.0,8.0,9.0,7.0,0.0,6.0,9.0,18.425592,0.0,0.0,0.0,0.0,7.0,9.0,0.0,5.0,0.0,9.0,360.74268,7.0,0.0,9.0,6.0,5.0,0.0,6.0,0.0,9.0,0.0,0.0,8.0,7.0,0.0,9.0,45.051582,0.0,30.0,6.0,0.0,2.1931086,9.0,7.0,8.0,0.0,5.0,5.0,8.0,9.0,18.0,0.0,0.0,9.0,6.0,9.0,7.0,11.553295,3.0738504,0.0,0.0,0.0,9.0,9.0,0.0,0.0,1000.0,0.0,0.0,0.0,0.0,0.0,0.0,391.78125,8.0,0.0,5.0,8.0,9.0,0.0,6.0,7.0,0.0,6.0,6.0,9.0,5.0,0.0,0.0,0.0,275.64426,27.0,27.925894,7.0,0.0,27.0,2.2916956,0.0,1.6738441,27.0,0.0,0.0,9.0,0.0,27.0,0.0,0.0,1.9003088,423.7379,10.0,0.0,0.0,0.0,0.0,0.0,0.0,7.0,9.0,0.0,0.0,1.5745295,9.0,0.0,9.0,0.0,0.0,0.0,9.0,0.0,9.0,0.0,0.0,0.0,0.0,0.0,4.90202,7.0,4.000678,8.0,7.0,8.0,0.0,9.0,8.0,6.0,0.0,9.0,5.0,9.0,7.0,5.0,6.0,0.0,9.0,0.0,0.0,0.0,143.76321,0.95669395,362.60464,5.0,0.0,6.0,4.9950457,6.0,8.0,0.0,5.0,5.0,0.0,7.0,9.0,5.0,9.0,5.0,9.0,388.4555,28.9591,0.0,0.0,0.0,27.0,0.0,9.0,0.0,423.7379,8.0,5.0,9.0,9.0,0.0,0.0,8.0,6.0,8.0,9.0,5.0,8.0,0.0,8.0,9.0,23.500454,0.0,95.0,7.0,1.8957744,0.0,0.0,7.0,0.0,0.0,0.0,0.0,9.0,0.0,9.0,5.0,7.0,0.0,9.0,7.0,7.0,9.0,7.0,6.0,6.0,27.0,1.5768595,0.0,0.0,5.0,9.0,7.0,9.0,8.0,7.0,8.0,7.0,9.0,32.363255,8.0,6.0,10.0,9.0,5.0,79.48055,9.0,0.0,9.0
4740,0.0,7.0,7.0,95.0,8.0,6.0,8.0,6.0,7.0,6.0,5.0,7.0,7.0,7.0,5.0,6.0,9.0,138.93607,6.0,9.0,7.0,9.0,7.0,6.0,7.0,8.0,14.4578905,264.49268,0.0,7.0,8.0,6.0,8.0,0.0,8.0,5.0,0.0,5.0,5.0,5.0,8.0,8.0,5.0,9.0,8.0,7.0,27.0,21.53156,6.0,8.0,9.0,7.0,0.0,6.0,9.0,18.425592,0.0,0.0,0.0,0.0,7.0,9.0,0.0,5.0,0.0,9.0,360.74268,7.0,0.0,9.0,6.0,5.0,0.0,6.0,0.0,9.0,0.0,0.0,8.0,7.0,0.0,9.0,45.051582,0.0,30.0,6.0,0.0,2.1931086,9.0,7.0,8.0,0.0,5.0,5.0,8.0,9.0,18.0,0.0,0.0,9.0,6.0,9.0,7.0,11.553295,3.0738504,0.0,0.0,0.0,9.0,9.0,0.0,0.0,1000.0,0.0,0.0,0.0,0.0,0.0,0.0,391.78125,8.0,0.0,5.0,8.0,9.0,0.0,6.0,7.0,0.0,6.0,6.0,9.0,5.0,0.0,0.0,0.0,275.64426,27.0,27.925894,7.0,0.0,27.0,2.2916956,0.0,1.6738441,27.0,0.0,0.0,9.0,0.0,27.0,0.0,0.0,1.9003088,411.9779,10.0,0.0,0.0,0.0,0.0,0.0,0.0,7.0,9.0,0.0,0.0,1.5745295,9.0,0.0,9.0,0.0,0.0,0.0,9.0,0.0,9.0,0.0,0.0,0.0,0.0,0.0,4.90202,7.0,4.000678,8.0,7.0,8.0,0.0,9.0,8.0,6.0,0.0,9.0,5.0,9.0,7.0,5.0,6.0,0.0,9.0,0.0,0.0,0.0,143.76321,0.95669395,362.60464,5.0,0.0,6.0,4.9950457,6.0,8.0,0.0,5.0,5.0,0.0,7.0,9.0,5.0,9.0,5.0,9.0,376.6955,28.9591,0.0,0.0,0.0,27.0,0.0,9.0,0.0,411.9779,8.0,5.0,9.0,9.0,0.0,0.0,8.0,6.0,8.0,9.0,5.0,8.0,0.0,8.0,9.0,23.500454,0.0,95.0,7.0,1.8957744,0.0,0.0,7.0,0.0,0.0,0.0,0.0,9.0,0.0,9.0,5.0,7.0,0.0,9.0,7.0,7.0,9.0,7.0,6.0,6.0,27.0,1.5768595,0.0,0.0,5.0,9.0,7.0,9.0,8.0,7.0,8.0,7.0,9.0,32.363255,8.0,6.0,10.0,9.0,5.0,79.48055,9.0,0.0,9.0
4800,0.0,7.0,7.0,95.0,8.0,6.0,8.0,6.0,7.0,6.0,5.0,7.0,7.0,7.0,5.0,6.0,9.0,138.93607,6.0,9.0,7.0,9.0,7.0,6.0,7.0,8.0,14.4578905,264.49268,0.0,7.0,8.0,6.0,8.0,0.0,8.0,5.0,0.0,5.0,5.0,5.0,8.0,8.0,5.0,9.0,8.0,7.0,27.0,21.53156,6.0,8.0,9.0,7.0,0.0,6.0,9.0,18.425592,0.0,0.0,0.0,0.0,7.0,9.0,0.0,5.0,0.0,9.0,360.74268,7.0,0.0,9.0,6.0,5.0,0.0,6.0,0.0,9.0,0.0,0.0,8.0,7.0,0.0,9.0,45.051582,0.0,30.0,6.0,0.0,2.1931086,9.0,7.0,8.0,0.0,5.0,5.0,8.0,9.0,18.0,0.0,0.0,9.0,6.0,9.0,7.0,11.553295,3.0738504,0.0,0.0,0.0,9.0,9.0,0.0,0.0,1000.0,0.0,0.0,0.0,0.0,0.0,0.0,391.78125,8.0,0.0,5.0,8.0,9.0,0.0,6.0,7.0,0.0,6.0,6.0,9.0,5.0,0.0,0.0,0.0,275.64426,27.0,27.925894,7.0,0.0,27.0,2.2916956,0.0,1.6738441,27.0,0.0,0.0,9.0,0.0,27.0,0.0,0.0,1.9003088,400.21793,10.0,0.0,0.0,0.0,0.0,0.0,0.0,7.0,9.0,0.0,0.0,1.5745295,9.0,0.0,9.0,0.0,0.0,0.0,9.0,0.0,9.0,0.0,0.0,0.0,0.0,0.0,4.90202,7.0,4.000678,8.0,7.0,8.0,0.0,9.0,8.0,6.0,0.0,9.0,5.0,9.0,7.0,5.0,6.0,0.0,9.0,0.0,0.0,0.0,143.76321,0.95669395,362.60464,5.0,0.0,6.0,4.9950457,6.0,8.0,0.0,5.0,5.0,0.0,7.0,9.0,5.0,9.0,5.0,9.0,364.9355,28.9591,0.0,0.0,0.0,27.0,0.0,9.0,0.0,400.21793,8.0,5.0,9.0,9.0,0.0,0.0,8.0,6.0,8.0,9.0,5.0,8.0,0.0,8.0,9.0,23.500454,0.0,95.0,7.0,1.8957744,0.0,0.0,7.0,0.0,0.0,0.0,0.0,9.0,0.0,9.0,5.0,7.0,0.0,9.0,7.0,7.0,9.0,7.0,6.0,6.0,27.0,1.5768595,0.0,0.0,5.0,9.0,7.0,9.0,8.0,7.0,8.0,7.0,9.0,32.363255,8.0,6.0,10.0,9.0,5.0,79.48055,9.0,0.0,9.0
4860,0.0,7.0,7.0,95.0,8.0,6.0,8.0,6.0,7.0,6.0,5.0,7.0,7.0,7.0,5.0,6.0,9.0,138.93607,6.0,9.0,7.0,9.0,7.0,6.0,7.0,8.0,14.4578905,264.49268,0.0,7.0,8.0,6.0,8.0,0.0,8.0,5.0,0.0,5.0,5.0,5.0,8.0,8.0,5.0,9.0,8.0,7.0,27.0,21.53156,6.0,8.0,9.0,7.0,0.0,6.0,9.0,18.425592,0.0,0.0,0.0,0.0,7.0,9.0,0.0,5.0,0.0,9.0,360.74268,7.0,0.0,9.0,6.0,5.0,0.0,6.0,0.0,9.0,0.0,0.0,8.0,7.0,0.0,9.0,45.051582,0.0,30.0,6.0,0.0,2.1931086,9.0,7.0,8.0,0.0,5.0,5.0,8.0,9.0,18.0,0.0,0.0,9.0,6.0,9.0,7.0,11.553295,3.0738504,0.0,0.0,0.0,9.0,9.0,0.0,0.0,1000.0,0.0,0.0,0.0,0.0,0.0,0.0,391.78125,8.0,0.0,5.0,8.0,9.0,0.0,6.0,7.0,0.0,6.0,6.0,9.0,5.0,0.0,0.0,0.0,275.64426,27.0,27.925894,7.0,0.0,27.0,2.2916956,0.0,1.6738441,27.0,0.0,0.0,9.0,0.0,27.0,0.0,0.0,1.9003088,388.45792,10.0,0.0,0.0,0.0,0.0,0.0,0.0,7.0,9.0,0.0,0.0,1.5745295,9.0,0.0,9.0,0.0,0.0,0.0,9.0,0.0,9.0,0.0,0.0,0.0,0.0,0.0,4.90202,7.0,4.000678,8.0,7.0,8.0,0.0,9.0,8.0,6.0,0.0,9.0,5.0,9.0,7.0,5.0,6.0,0.0,9.0,0.0,0.0,0.0,143.76321,0.95669395,362.60464,5.0,0.0,6.0,4.9950457,6.0,8.0,0.0,5.0,5.0,0.0,7.0,9.0,5.0,9.0,5.0,9.0,353.1755,28.9591,0.0,0.0,0.0,27.0,0.0,9.0,0.0,388.45792,8.0,5.0,9.0,9.0,0.0,0.0,8.0,6.0,8.0,9.0,5.0,8.0,0.0,8.0,9.0,23.500454,0.0,95.0,7.0,1.8957744,0.0,0.0,7.0,0.0,0.0,0.0,0.0,9.0,0.0,9.0,5.0,7.0,0.0,9.0,7.0,7.0,9.0,7.0,6.0,6.0,27.0,1.5768595,0.0,0.0,5.0,9.0,7.0,9.0,8.0,7.0,8.0,7.0,9.0,32.363255,8.0,6.0,10.0,9.0,5.0,79.48055,9.0,0.0,9.0
4920,0.0,7.0,7.0,95.0,8.0,6.0,8.0,6.0,7.0,6.0,5.0,7.0,7.0,7.0,5.0,6.0,9.0,131.19922,6.0,9.0,7.0,9.0,7.0,6.0,7.0,8.0,14.4578905,256.75586,0.0,7.0,8.0,6.0,8.0,0.0,8.0,5.0,0.0,5.0,5.0,5.0,8.0,8.0,5.0,9.0,8.0,7.0,27.0,21.53156,6.0,8.0,9.0,7.0,0.0,6.0,9.0,18.425592,0.0,0.0,0.0,0.0,7.0,9.0,0.0,5.0,0.0,9.0,353.3153,7.0,0.0,9.0,6.0,5.0,0.0,6.0,0.0,9.0,0.0,0.0,8.0,7.0,0.0,9.0,45.051582,0.0,30.0,6.0,0.0,2.1931086,9.0,7.0,8.0,0.0,5.0,5.0,8.0,9.0,18.0,0.0,0.0,9.0,6.0,9.0,7.0,2.8880315,3.0738504,0.0,0.0,0.0,9.0,9.0,0.0,0.0,1000.0,0.0,0.0,0.0,0.0,0.0,0.0,384.0444,8.0,0.0,5.0,8.0,9.0,0.0,6.0,7.0,0.0,6.0,6.0,9.0,5.0,0.0,0.0,0.0,267.9074,27.0,27.925894,7.0,0.0,27.0,2.2916956,0.0,1.6738441,27.0,0.0,0.0,9.0,0.0,27.0,0.0,0.0,1.9003088,376.6979,10.0,0.0,0.0,0.0,0.0,0.0,0.0,7.0,9.0,0.0,0.0,1.5745295,9.0,0.0,9.0,0.0,0.0,0.0,9.0,0.0,9.0,0.0,0.0,0.0,0.0,0.0,4.90202,7.0,4.000678,8.0,7.0,8.0,0.0,9.0,8.0,6.0,0.0,9.0,5.0,9.0,7.0,5.0,6.0,0.0,9.0,0.0,0.0,0.0,136.02638,0.95669395,362.60464,5.0,0.0,6.0,4.9950457,6.0,8.0,0.0,5.0,5.0,0.0,7.0,9.0,5.0,9.0,5.0,9.0,341.4155,28.9591,0.0,0.0,0.0,27.0,0.0,9.0,0.0,376.6979,8.0,5.0,9.0,9.0,0.0,0.0,8.0,6.0,8.0,9.0,5.0,8.0,0.0,8.0,9.0,23.500454,0.0,95.0,7.0,1.8957744,0.0,0.0,7.0,0.0,0.0,0.0,0.0,9.0,0.0,9.0,5.0,7.0,0.0,9.0,7.0,7.0,9.0,7.0,6.0,6.0,27.0,1.5768595,0.0,0.0,5.0,9.0,7.0,9.0,8.0,7.0,8.0,7.0,9.0,32.363255,8.0,6.0,10.0,9.0,5.0,41.10582,9.0,0.0,9.0
4980,0.0,7.0,7.0,95.0,8.0,6.0,8.0,6.0,7.0,6.0,5.0,7.0,7.0,7.0,5.0,6.0,9.0,123.46238,6.0,9.0,7.0,9.0,7.0,6.0,7.0,8.0,14.4578905,249.01901,0.0,7.0,8.0,6.0,8.0,0.0,8.0,5.0,0.0,5.0,5.0,5.0,8.0,8.0,5.0,9.0,8.0,7.0,27.0,21.53156,6.0,8.0,9.0,7.0,0.0,6.0,9.0,18.425592,0.0,0.0,0.0,0.0,7.0,9.0,0.0,5.0,0.0,9.0,345.88794,7.0,0.0,9.0,6.0,5.0,0.0,6.0,0.0,9.0,0.0,0.0,8.0,7.0,0.0,9.0,45.051582,0.0,30.0,6.0,0.0,2.1931086,9.0,7.0,8.0,0.0,5.0,5.0,8.0,9.0,18.0,0.0,0.0,9.0,6.0,9.0,7.0,2.8880315,3.0738504,0.0,0.0,0.0,9.0,9.0,0.0,0.0,1000.0,0.0,0.0,0.0,0.0,0.0,0.0,376.3076,8.0,0.0,5.0,8.0,9.0,0.0,6.0,7.0,0.0,6.0,6.0,9.0,5.0,0.0,0.0,0.0,260.17056,27.0,27.925894,7.0,0.0,27.0,2.2916956,0.0,1.6738441,27.0,0.0,0.0,9.0,0.0,27.0,0.0,0.0,1.9003088,364.93793,10.0,0.0,0.0,0.0,0.0,0.0,0.0,7.0,9.0,0.0,0.0,1.5745295,9.0,0.0,9.0,0.0,0.0,0.0,9.0,0.0,9.0,0.0,0.0,0.0,0.0,0.0,4.90202,7.0,4.000678,8.0,7.0,8.0,0.0,9.0,8.0,6.0,0.0,9.0,5.0,9.0,7.0,5.0,6.0,0.0,9.0,0.0,0.0,0.0,128.28954,0.95669395,354.8678,5.0,0.0,6.0,4.9950457,6.0,8.0,0.0,5.0,5.0,0.0,7.0,9.0,5.0,9.0,5.0,9.0,329.6555,28.9591,0.0,0.0,0.0,27.0,0.0,9.0,0.0,364.93793,8.0,5.0,9.0,9.0,0.0,0.0,8.0,6.0,8.0,9.0,5.0,8.0,0.0,8.0,9.0,23.500454,0.0,95.0,7.0,1.8957744,0.0,0.0,7.0,0.0,0.0,0.0,0.0,9.0,0.0,9.0,5.0,7.0,0.0,9.0,7.0,7.0,9.0,7.0,6.0,6.0,27.0,1.5768595,0.0,0.0,5.0,9.0,7.0,9.0,8.0,7.0,8.0,7.0,9.0,32.363255,8.0,6.0,10.0,9.0,5.0,31.512135,9.0,0.0,9.0
5040,0.0,7.0,7.0,95.0,8.0,6.0,8.0,6.0,7.0,6.0,5.0,7.0,7.0,7.0,5.0,6.0,9.0,115.72553,6.0,9.0,7.0,9.0,7.0,6.0,7.0,8.0,14.4578905,241.28217,0.0,7.0,8.0,6.0,8.0,0.0,8.0,5.0,0.0,5.0,5.0,5.0,8.0,8.0,5.0,9.0,8.0,7.0,27.0,21.53156,6.0,8.0,9.0,7.0,0.0,6.0,9.0,18.425592,0.0,0.0,0.0,0.0,7.0,9.0,0.0,5.0,0.0,9.0,338.46057,7.0,0.0,9.0,6.0,5.0,0.0,6.0,0.0,9.0,0.0,0.0,8.0,7.0,0.0,9.0,45.051582,0.0,30.0,6.0,0.0,2.1931086,9.0,7.0,8.0,0.0,5.0,5.0,8.0,9.0,18.0,0.0,0.0,9.0,6.0,9.0,7.0,2.8880315,3.0738504,0.0,0.0,0.0,9.0,9.0,0.0,0.0,1000.0,0.0,0.0,0.0,0.0,0.0,0.0,368.57074,8.0,0.0,5.0,8.0,9.0,0.0,6.0,7.0,0.0,6.0,6.0,9.0,5.0,0.0,0.0,0.0,252.43373,27.0,27.925894,7.0,0.0,27.0,2.2916956,0.0,1.6738441,27.0,0.0,0.0,9.0,0.0,27.0,0.0,0.0,1.9003088,353.17792,10.0,0.0,0.0,0.0,0.0,0.0,0.0,7.0,9.0,0.0,0.0,1.5745295,9.0,0.0,9.0,0.0,0.0,0.0,9.0,0.0,9.0,0.0,0.0,0.0,0.0,0.0,4.90202,7.0,4.000678,8.0,7.0,8.0,0.0,9.0,8.0,6.0,0.0,9.0,5.0,9.0,7.0,5.0,6.0,0.0,9.0,0.0,0.0,0.0,120.5527,0.95669395,347.13095,5.0,0.0,6.0,4.9950457,6.0,8.0,0.0,5.0,5.0,0.0,7.0,9.0,5.0,9.0,5.0,9.0,317.8955,28.9591,0.0,0.0,0.0,27.0,0.0,9.0,0.0,353.17792,8.0,5.0,9.0,9.0,0.0,0.0,8.0,6.0,8.0,9.0,5.0,8.0,0.0,8.0,9.0,23.500454,0.0,95.0,7.0,1.8957744,0.0,0.0,7.0,0.0,0.0,0.0,0.0,9.0,0.0,9.0,5.0,7.0,0.0,9.0,7.0,7.0,9.0,7.0,6.0,6.0,27.0,1.5768595,0.0,0.0,5.0,9.0,7.0,9.0,8.0,7.0,8.0,7.0,9.0,32.363255,8.0,6.0,10.0,9.0,5.0,31.512135,9.0,0.0,9.0
5100,0.0,7.0,7.0,95.0,8.0,6.0,8.0,6.0,7.0,6.0,5.0,7.0,7.0,7.0,5.0,6.0,9.0,107.98869,6.0,9.0,7.0,9.0,7.0,6.0,7.0,8.0,14.4578905,233.54532,0.0,7.0,8.0,6.0,8.0,0.0,8.0,5.0,0.0,5.0,5.0,5.0,8.0,8.0,5.0,9.0,8.0,7.0,27.0,21.53156,6.0,8.0,9.0,7.0,0.0,6.0,9.0,18.425592,0.0,0.0,0.0,0.0,7.0,9.0,0.0,5.0,0.0,9.0,331.0332,7.0,0.0,9.0,6.0,5.0,0.0,6.0,0.0,9.0,0.0,0.0,8.0,7.0,0.0,9.0,45.051582,0.0,30.0,6.0,0.0,2.1931086,9.0,7.0,8.0,0.0,5.0,5.0,8.0,9.0,18.0,0.0,0.0,9.0,6.0,9.0,7.0,2.8880315,3.0738504,0.0,0.0,0.0,9.0,9.0,0.0,0.0,1000.0,0.0,0.0,0.0,0.0,0.0,0.0,360.8339,8.0,0.0,5.0,8.0,9.0,0.0,6.0,7.0,0.0,6.0,6.0,9.0,5.0,0.0,0.0,0.0,244.6969,27.0,27.925894,7.0,0.0,27.0,2.2916956,0.0,1.6738441,27.0,0.0,0.0,9.0,0.0,27.0,0.0,0.0,1.9003088,341.4179,10.0,0.0,0.0,0.0,0.0,0.0,0.0,7.0,9.0,0.0,0.0,1.5745295,9.0,0.0,9.0,0.0,0.0,0.0,9.0,0.0,9.0,0.0,0.0,0.0,0.0,0.0,4.90202,7.0,4.000678,8.0,7.0,8.0,0.0,9.0,8.0,6.0,0.0,9.0,5.0,9.0,7.0,5.0,6.0,0.0,9.0,0.0,0.0,0.0,112.81585,0.95669395,339.39413,5.0,0.0,6.0,4.9950457,6.0,8.0,0.0,5.0,5.0,0.0,7.0,9.0,5.0,9.0,5.0,9.0,306.1355,28.9591,0.0,0.0,0.0,27.0,0.0,9.0,0.0,341.4179,8.0,5.0,9.0,9.0,0.0,0.0,8.0,6.0,8.0,9.0,5.0,8.0,0.0,8.0,9.0,23.500454,0.0,95.0,7.0,1.8957744,0.0,0.0,7.0,0.0,0.0,0.0,0.0,9.0,0.0,9.0,5.0,7.0,0.0,9.0,7.0,7.0,9.0,7.0,6.0,6.0,27.0,1.5768595,0.0,0.0,5.0,9.0,7.0,9.0,8.0,7.0,8.0,7.0,9.0,32.363255,8.0,6.0,10.0,9.0,5.0,31.512135,9.0,0.0,9.0
5160,0.0,7.0,7.0,95.0,8.0,6.0,8.0,6.0,7.0,6.0,5.0,7.0,7.0,7.0,5.0,6.0,9.0,100.251854,6.0,9.0,7.0,9.0,7.0,6.0,7.0,8.0,14.4578905,225.80847,0.0,7.0,8.0,6.0,8.0,0.0,8.0,5.0,0.0,5.0,5.0,5.0,8.0,8.0,5.0,9.0,8.0,7.0,27.0,21.53156,6.0,8.0,9.0,7.0,0.0,6.0,9.0,18.425592,0.0,0.0,0.0,0.0,7.0,9.0,0.0,5.0,0.0,9.0,323.60583,7.0,0.0,9.0,6.0,5.0,0.0,6.0,0.0,9.0,0.0,0.0,8.0,7.0,0.0,9.0,45.051582,0.0,30.0,6.0,0.0,2.1931086,9.0,7.0,8.0,0.0,5.0,5.0,8.0,9.0,18.0,0.0,0.0,9.0,6.0,9.0,7.0,2.8880315,3.0738504,0.0,0.0,0.0,9.0,9.0,0.0,0.0,1000.0,0.0,0.0,0.0,0.0,0.0,0.0,353.09705,8.0,0.0,5.0,8.0,9.0,0.0,6.0,7.0,0.0,6.0,6.0,9.0,5.0,0.0,0.0,0.0,236.96005,27.0,27.925894,7.0,0.0,27.0,2.2916956,0.0,1.6738441,27.0,0.0,0.0,9.0,0.0,27.0,0.0,0.0,1.9003088,329.65793,10.0,0.0,0.0,0.0,0.0,0.0,0.0,7.0,9.0,0.0,0.0,1.5745295,9.0,0.0,9.0,0.0,0.0,0.0,9.0,0.0,9.0,0.0,0.0,0.0,0.0,0.0,4.90202,7.0,4.000678,8.0,7.0,8.0,0.0,9.0,8.0,6.0,0.0,9.0,5.0,9.0,7.0,5.0,6.0,0.0,9.0,0.0,0.0,0.0,105.07901,0.95669395,331.6573,5.0,0.0,6.0,4.9950457,6.0,8.0,0.0,5.0,5.0,0.0,7.0,9.0,5.0,9.0,5.0,9.0,294.3755,28.9591,0.0,0.0,0.0,27.0,0.0,9.0,0.0,329.65793,8.0,5.0,9.0,9.0,0.0,0.0,8.0,6.0,8.0,9.0,5.0,8.0,0.0,8.0,9.0,23.500454,0.0,95.0,7.0,1.8957744,0.0,0.0,7.0,0.0,0.0,0.0,0.0,9.0,0.0,9.0,5.0,7.0,0.0,9.0,7.0,7.0,9.0,7.0,6.0,6.0,27.0,1.5768595,0.0,0.0,5.0,9.0,7.0,9.0,8.0,7.0,8.0,7.0,9.0,32.363255,8.0,6.0,10.0,9.0,5.0,31.512135,9.0,0.0,9.0
5220,0.0,7.0,7.0,95.0,8.0,6.0,8.0,6.0,7.0,6.0,5.0,7.0,7.0,7.0,5.0,6.0,9.0,92.51501,6.0,9.0,7.0,9.0,7.0,6.0,7.0,8.0,14.4578905,218.07164,0.0,7.0,8.0,6.0,8.0,0.0,8.0,5.0,0.0,5.0,5.0,5.0,8.0,8.0,5.0,9.0,8.0,7.0,27.0,21.53156,6.0,8.0,9.0,7.0,0.0,6.0,9.0,18.425592,0.0,0.0,0.0,0.0,7.0,9.0,0.0,5.0,0.0,9.0,316.17847,7.0,0.0,9.0,6.0,5.0,0.0,6.0,0.0,9.0,0.0,0.0,8.0,7.0,0.0,9.0,45.051582,0.0,30.0,6.0,0.0,2.1931086,9.0,7.0,8.0,0.0,5.0,5.0,8.0,9.0,18.0,0.0,0.0,9.0,6.0,9.0,7.0,2.8880315,3.0738504,0.0,0.0,0.0,9.0,9.0,0.0,0.0,1000.0,0.0,0.0,0.0,0.0,0.0,0.0,345.3602,8.0,0.0,5.0,8.0,9.0,0.0,6.0,7.0,0.0,6.0,6.0,9.0,5.0,0.0,0.0,0.0,229.2232,27.0,27.925894,7.0,0.0,27.0,2.2916956,0.0,1.6738441,27.0,0.0,0.0,9.0,0.0,27.0,0.0,0.0,1.9003088,317.89792,10.0,0.0,0.0,0.0,0.0,0.0,0.0,7.0,9.0,0.0,0.0,1.5745295,9.0,0.0,9.0,0.0,0.0,0.0,9.0,0.0,9.0,0.0,0.0,0.0,0.0,0.0,4.90202,7.0,4.000678,8.0,7.0,8.0,0.0,9.0,8.0,6.0,0.0,9.0,5.0,9.0,7.0,5.0,6.0,0.0,9.0,0.0,0.0,0.0,97.34217,0.95669395,323.92044,5.0,0.0,6.0,4.9950457,6.0,8.0,0.0,5.0,5.0,0.0,7.0,9.0,5.0,9.0,5.0,9.0,282.61548,28.9591,0.0,0.0,0.0,27.0,0.0,9.0,0.0,317.89792,8.0,5.0,9.0,9.0,0.0,0.0,8.0,6.0,8.0,9.0,5.0,8.0,0.0,8.0,9.0,23.500454,0.0,95.0,7.0,1.8957744,0.0,0.0,7.0,0.0,0.0,0.0,0.0,9.0,0.0,9.0,5.0,7.0,0.0,9.0,7.0,7.0,9.0,7.0,6.0,6.0,27.0,1.5768595,0.0,0.0,5.0,9.0,7.0,9.0,8.0,7.0,8.0,7.0,9.0,32.363255,8.0,6.0,10.0,9.0,5.0,31.512135,9.0,0.0,9.0
5280,0.0,7.0,7.0,95.0,8.0,6.0,8.0,6.0,7.0,6.0,5.0,7.0,7.0,7.0,5.0,6.0,9.0,84.77817,6.0,9.0,7.0,9.0,7.0,6.0,7.0,8.0,14.4578905,210.3348,0.0,7.0,8.0,6.0,8.0,0.0,8.0,5.0,0.0,5.0,5.0,5.0,8.0,8.0,5.0,9.0,8.0,7.0,27.0,21.53156,6.0,8.0,9.0,7.0,0.0,6.0,9.0,18.425592,0.0,0.0,0.0,0.0,7.0,9.0,0.0,5.0,0.0,9.0,308.7511,7.0,0.0,9.0,6.0,5.0,0.0,6.0,0.0,9.0,0.0,0.0,8.0,7.0,0.0,9.0,45.051582,0.0,30.0,6.0,0.0,2.1931086,9.0,7.0,8.0,0.0,5.0,5.0,8.0,9.0,18.0,0.0,0.0,9.0,6.0,9.0,7.0,2.8880315,3.0738504,0.0,0.0,0.0,9.0,9.0,0.0,0.0,1000.0,0.0,0.0,0.0,0.0,0.0,0.0,337.62335,8.0,0.0,5.0,8.0,9.0,0.0,6.0,7.0,0.0,6.0,6.0,9.0,5.0,0.0,0.0,0.0,221.48637,27.0,27.925894,7.0,0.0,27.0,2.2916956,0.0,1.6738441,27.0,0.0,0.0,9.0,0.0,27.0,0.0,0.0,1.9003088,306.1379,10.0,0.0,0.0,0.0,0.0,0.0,0.0,7.0,9.0,0.0,0.0,1.5745295,9.0,0.0,9.0,0.0,0.0,0.0,9.0,0.0,9.0,0.0,0.0,0.0,0.0,0.0,4.90202,7.0,4.000678,8.0,7.0,8.0,0.0,9.0,8.0,6.0,0.0,9.0,5.0,9.0,7.0,5.0,6.0,0.0,9.0,0.0,0.0,0.0,89.60532,0.95669395,316.1836,5.0,0.0,6.0,4.9950457,6.0,8.0,0.0,5.0,5.0,0.0,7.0,9.0,5.0,9.0,5.0,9.0,270.8555,28.9591,0.0,0.0,0.0,27.0,0.0,9.0,0.0,306.1379,8.0,5.0,9.0,9.0,0.0,0.0,8.0,6.0,8.0,9.0,5.0,8.0,0.0,8.0,9.0,23.500454,0.0,95.0,7.0,1.8957744,0.0,0.0,7.0,0.0,0.0,0.0,0.0,9.0,0.0,9.0,5.0,7.0,0.0,9.0,7.0,7.0,9.0,7.0,6.0,6.0,27.0,1.5768595,0.0,0.0,5.0,9.0,7.0,9.0,8.0,7.0,8.0,7.0,9.0,32.363255,8.0,6.0,10.0,9.0,5.0,31.512135,9.0,0.0,9.0
5340,0.0,7.0,7.0,95.0,8.0,6.0,8.0,6.0,7.0,6.0,5.0,7.0,7.0,7.0,5.0,6.0,9.0,77.04132,6.0,9.0,7.0,9.0,7.0,6.0,7.0,8.0,14.4578905,202.59795,0.0,7.0,8.0,6.0,8.0,0.0,8.0,5.0,0.0,5.0,5.0,5.0,8.0,8.0,5.0,9.0,8.0,7.0,27.0,21.53156,6.0,8.0,9.0,7.0,0.0,6.0,9.0,18.425592,0.0,0.0,0.0,0.0,7.0,9.0,0.0,5.0,0.0,9.0,301.32373,7.0,0.0,9.0,6.0,5.0,0.0,6.0,0.0,9.0,0.0,0.0,8.0,7.0,0.0,9.0,45.051582,0.0,30.0,6.0,0.0,2.1931086,9.0,7.0,8.0,0.0,5.0,5.0,8.0,9.0,18.0,0.0,0.0,9.0,6.0,9.0,7.0,2.8880315,3.0738504,0.0,0.0,0.0,9.0,9.0,0.0,0.0,1000.0,0.0,0.0,0.0,0.0,0.0,0.0,329.8865,8.0,0.0,5.0,8.0,9.0,0.0,6.0,7.0,0.0,6.0,6.0,9.0,5.0,0.0,0.0,0.0,213.74953,27.0,27.925894,7.0,0.0,27.0,2.2916956,0.0,1.6738441,27.0,0.0,0.0,9.0,0.0,27.0,0.0,0.0,1.9003088,294.37793,10.0,0.0,0.0,0.0,0.0,0.0,0.0,7.0,9.0,0.0,0.0,1.5745295,9.0,0.0,9.0,0.0,0.0,0.0,9.0,0.0,9.0,0.0,0.0,0.0,0.0,0.0,4.90202,7.0,4.000678,8.0,7.0,8.0,0.0,9.0,8.0,6.0,0.0,9.0,5.0,9.0,7.0,5.0,6.0,0.0,9.0,0.0,0.0,0.0,81.868484,0.95669395,308.44675,5.0,0.0,6.0,4.9950457,6.0,8.0,0.0,5.0,5.0,0.0,7.0,9.0,5.0,9.0,5.0,9.0,259.0955,28.9591,0.0,0.0,0.0,27.0,0.0,9.0,0.0,294.37793,8.0,5.0,9.0,9.0,0.0,0.0,8.0,6.0,8.0,9.0,5.0,8.0,0.0,8.0,9.0,23.500454,0.0,95.0,7.0,1.8957744,0.0,0.0,7.0,0.0,0.0,0.0,0.0,9.0,0.0,9.0,5.0,7.0,0.0,9.0,7.0,7.0,9.0,7.0,6.0,6.0,27.0,1.5768595,0.0,0.0,5.0,9.0,7.0,9.0,8.0,7.0,8.0,7.0,9.0,32.363255,8.0,6.0,10.0,9.0,5.0,31.512135,9.0,0.0,9.0
5400,0.0,7.0,4.0,95.0,8.0,2.0,8.0,2.0,7.0,6.0,5.0,7.0,7.0,7.0,5.0,2.0,8.0,69.30448,6.0,8.0,7.0,8.0,7.0,6.0,7.0,6.0,14.4578905,194.86111,0.0,4.0,8.0,6.0,6.0,0.0,8.0,5.0,0.0,5.0,5.0,5.0,6.0,6.0,5.0,8.0,6.0,4.0,27.0,21.53156,6.0,8.0,8.0,4.0,0.0,2.0,8.0,18.425592,0.0,0.0,0.0,0.0,4.0,8.0,0.0,5.0,0.0,8.0,293.89636,7.0,0.0,9.0,6.0,5.0,0.0,6.0,0.0,9.0,0.0,0.0,8.0,7.0,0.0,8.0,45.051582,0.0,30.0,6.0,0.0,2.1931086,9.0,7.0,6.0,0.0,5.0,5.0,6.0,8.0,18.0,0.0,0.0,9.0,6.0,9.0,7.0,2.8880315,3.0738504,0.0,0.0,0.0,8.0,8.0,0.0,0.0,1000.0,0.0,0.0,0.0,0.0,0.0,0.0,322.1497,8.0,0.0,5.0,6.0,9.0,0.0,6.0,7.0,0.0,6.0,6.0,9.0,5.0,0.0,0.0,0.0,206.01268,27.0,27.925894,4.0,0.0,27.0,2.2916956,0.0,1.6738441,27.0,0.0,0.0,9.0,0.0,27.0,0.0,0.0,1.9003088,282.61792,10.0,0.0,0.0,0.0,0.0,0.0,0.0,4.0,8.0,0.0,0.0,1.5745295,8.0,0.0,9.0,0.0,0.0,0.0,9.0,0.0,8.0,0.0,0.0,0.0,0.0,0.0,4.90202,4.0,4.000678,6.0,7.0,8.0,0.0,8.0,6.0,2.0,0.0,8.0,5.0,8.0,7.0,5.0,6.0,0.0,9.0,0.0,0.0,0.0,74.131645,0.95669395,300.7099,5.0,0.0,2.0,4.9950457,6.0,6.0,0.0,5.0,5.0,0.0,4.0,8.0,5.0,8.0,5.0,8.0,247.3355,28.9591,0.0,0.0,0.0,27.0,0.0,8.0,0.0,282.61792,6.0,5.0,8.0,8.0,0.0,0.0,6.0,6.0,6.0,9.0,5.0,6.0,0.0,6.0,9.0,23.500454,0.0,95.0,7.0,1.8957744,0.0,0.0,7.0,0.0,0.0,0.0,0.0,9.0,0.0,9.0,5.0,7.0,0.0,9.0,7.0,7.0,9.0,4.0,6.0,6.0,27.0,1.5768595,0.0,0.0,5.0,9.0,4.0,9.0,8.0,4.0,8.0,7.0,9.0,32.363255,8.0,6.0,10.0,9.0,5.0,31.512135,9.0,0.0,9.0
5460,0.0,4.0,4.0,95.0,6.0,2.0,8.0,2.0,7.0,2.0,5.0,7.0,7.0,7.0,5.0,2.0,8.0,69.30448,2.0,8.0,7.0,8.0,4.0,6.0,7.0,6.0,14.4578905,194.86111,0.0,4.0,8.0,2.0,6.0,0.0,6.0,5.0,0.0,5.0,5.0,5.0,6.0,6.0,5.0,8.0,6.0,4.0,24.0,21.53156,2.0,8.0,8.0,4.0,0.0,2.0,8.0,18.425592,0.0,0.0,0.0,0.0,4.0,8.0,0.0,5.0,0.0,8.0,286.469,4.0,0.0,8.0,2.0,5.0,0.0,6.0,0.0,8.0,0.0,0.0,8.0,7.0,0.0,8.0,45.051582,0.0,30.0,2.0,0.0,2.1931086,8.0,7.0,6.0,0.0,5.0,5.0,6.0,8.0,16.0,0.0,0.0,8.0,6.0,9.0,4.0,2.8880315,3.0738504,0.0,0.0,0.0,8.0,8.0,0.0,0.0,1000.0,0.0,0.0,0.0,0.0,0.0,0.0,322.1497,6.0,0.0,5.0,6.0,8.0,0.0,6.0,4.0,0.0,6.0,6.0,9.0,5.0,0.0,0.0,0.0,206.01268,24.0,27.925894,4.0,0.0,24.0,2.2916956,0.0,1.6738441,24.0,0.0,0.0,9.0,0.0,24.0,0.0,0.0,1.9003088,282.61792,10.0,0.0,0.0,0.0,0.0,0.0,0.0,4.0,8.0,0.0,0.0,1.5745295,8.0,0.0,8.0,0.0,0.0,0.0,8.0,0.0,8.0,0.0,0.0,0.0,0.0,0.0,4.90202,4.0,4.000678,6.0,7.0,8.0,0.0,8.0,6.0,2.0,0.0,8.0,5.0,8.0,7.0,5.0,6.0,0.0,8.0,0.0,0.0,0.0,74.131645,0.95669395,300.7099,5.0,0.0,2.0,4.9950457,2.0,6.0,0.0,5.0,5.0,0.0,4.0,8.0,5.0,8.0,5.0,8.0,247.3355,28.9591,0.0,0.0,0.0,24.0,0.0,8.0,0.0,282.61792,6.0,5.0,8.0,8.0,0.0,0.0,6.0,6.0,6.0,9.0,5.0,6.0,0.0,6.0,9.0,23.500454,0.0,95.0,4.0,1.8957744,0.0,0.0,4.0,0.0,0.0,0.0,0.0,9.0,0.0,9.0,5.0,7.0,0.0,9.0,7.0,7.0,9.0,4.0,2.0,6.0,24.0,1.5768595,0.0,0.0,5.0,8.0,4.0,8.0,6.0,4.0,6.0,7.0,8.0,32.363255,6.0,2.0,10.0,9.0,5.0,31.512135,9.0,0.0,8.0
5520,0.0,4.0,4.0,95.0,6.0,2.0,8.0,2.0,4.0,2.0,5.0,4.0,7.0,7.0,5.0,2.0,8.0,69.30448,2.0,8.0,4.0,8.0,4.0,6.0,7.0,6.0,14.4578905,194.86111,0.0,4.0,6.0,2.0,6.0,0.0,6.0,5.0,0.0,5.0,5.0,5.0,6.0,6.0,5.0,8.0,6.0,4.0,24.0,21.53156,2.0,6.0,8.0,4.0,0.0,2.0,8.0,18.425592,0.0,0.0,0.0,0.0,4.0,8.0,0.0,5.0,0.0,8.0,286.469,4.0,0.0,8.0,2.0,5.0,0.0,2.0,0.0,8.0,0.0,0.0,6.0,4.0,0.0,8.0,45.051582,0.0,30.0,2.0,0.0,2.1931086,8.0,4.0,6.0,0.0,5.0,5.0,6.0,8.0,16.0,0.0,0.0,8.0,6.0,8.0,4.0,2.8880315,3.0738504,0.0,0.0,0.0,8.0,8.0,0.0,0.0,1000.0,0.0,0.0,0.0,0.0,0.0,0.0,322.1497,6.0,0.0,5.0,6.0,8.0,0.0,2.0,4.0,0.0,2.0,2.0,8.0,5.0,0.0,0.0,0.0,206.01268,24.0,27.925894,4.0,0.0,24.0,2.2916956,0.0,1.6738441,24.0,0.0,0.0,8.0,0.0,24.0,0.0,0.0,1.9003088,282.61792,10.0,0.0,0.0,0.0,0.0,0.0,0.0,4.0,8.0,0.0,0.0,1.5745295,8.0,0.0,8.0,0.0,0.0,0.0,8.0,0.0,8.0,0.0,0.0,0.0,0.0,0.0,4.90202,4.0,4.000678,6.0,7.0,8.0,0.0,8.0,6.0,2.0,0.0,8.0,5.0,8.0,7.0,5.0,2.0,0.0,8.0,0.0,0.0,0.0,74.131645,0.95669395,300.7099,5.0,0.0,2.0,4.9950457,2.0,6.0,0.0,5.0,5.0,0.0,4.0,8.0,5.0,8.0,5.0,8.0,247.3355,28.9591,0.0,0.0,0.0,24.0,0.0,8.0,0.0,282.61792,6.0,5.0,8.0,8.0,0.0,0.0,6.0,2.0,6.0,8.0,5.0,6.0,0.0,6.0,8.0,23.500454,0.0,90.0,4.0,1.8957744,0.0,0.0,4.0,0.0,0.0,0.0,0.0,8.0,0.0,8.0,5.0,4.0,0.0,9.0,4.0,4.0,9.0,4.0,2.0,2.0,24.0,1.5768595,0.0,0.0,5.0,8.0,4.0,8.0,6.0,4.0,6.0,4.0,8.0,32.363255,6.0,2.0,10.0,9.0,5.0,31.512135,8.0,0.0,8.0
5580,0.0,4.0,4.0,90.0,6.0,2.0,6.0,2.0,4.0,2.0,5.0,4.0,4.0,4.0,5.0,2.0,8.0,69.30448,2.0,8.0,4.0,8.0,4.0,2.0,4.0,6.0,14.4578905,194.86111,0.0,4.0,6.0,2.0,6.0,0.0,6.0,5.0,0.0,5.0,5.0,5.0,6.0,6.0,5.0,8.0,6.0,4.0,24.0,21.53156,2.0,6.0,8.0,4.0,0.0,2.0,8.0,18.425592,0.0,0.0,0.0,0.0,4.0,8.0,0.0,5.0,0.0,8.0,286.469,4.0,0.0,8.0,2.0,5.0,0.0,2.0,0.0,8.0,0.0,0.0,6.0,4.0,0.0,8.0,45.051582,0.0,30.0,2.0,0.0,2.1931086,8.0,4.0,6.0,0.0,5.0,5.0,6.0,8.0,16.0,0.0,0.0,8.0,2.0,8.0,4.0,2.8880315,3.0738504,0.0,0.0,0.0,8.0,8.0,0.0,0.0,1000.0,0.0,0.0,0.0,0.0,0.0,0.0,322.1497,6.0,0.0,5.0,6.0,8.0,0.0,2.0,4.0,0.0,2.0,2.0,8.0,5.0,0.0,0.0,0.0,206.01268,24.0,27.925894,4.0,0.0,24.0,2.2916956,0.0,1.6738441,24.0,0.0,0.0,8.0,0.0,24.0,0.0,0.0,1.9003088,282.61792,10.0,0.0,0.0,0.0,0.0,0.0,0.0,4.0,8.0,0.0,0.0,1.5745295,8.0,0.0,8.0,0.0,0.0,0.0,8.0,0.0,8.0,0.0,0.0,0.0,0.0,0.0,4.90202,4.0,4.000678,6.0,7.0,8.0,0.0,8.0,6.0,2.0,0.0,8.0,5.0,8.0,7.0,5.0,2.0,0.0,8.0,0.0,0.0,0.0,74.131645,0.95669395,300.7099,5.0,0.0,2.0,4.9950457,2.0,6.0,0.0,5.0,5.0,0.0,4.0,8.0,5.0,8.0,5.0,8.0,235.57549,28.9591,0.0,0.0,0.0,24.0,0.0,8.0,0.0,282.61792,6.0,5.0,8.0,8.0,0.0,0.0,6.0,2.0,6.0,8.0,5.0,6.0,0.0,6.0,8.0,23.500454,0.0,90.0,4.0,1.8957744,0.0,0.0,4.0,0.0,0.0,0.0,0.0,8.0,0.0,8.0,5.0,4.0,0.0,9.0,4.0,4.0,9.0,4.0,2.0,2.0,24.0,1.5768595,0.0,0.0,5.0,8.0,4.0,8.0,6.0,4.0,6.0,4.0,8.0,32.363255,6.0,2.0,10.0,8.0,5.0,31.512135,8.0,0.0,8.0
5640,0.0,4.0,4.0,90.0,6.0,2.0,6.0,2.0,4.0,2.0,5.0,4.0,4.0,4.0,5.0,2.0,8.0,69.30448,2.0,8.0,4.0,8.0,4.0,2.0,4.0,6.0,14.4578905,194.86111,0.0,4.0,6.0,2.0,6.0,0.0,6.0,5.0,0.0,5.0,5.0,5.0,6.0,6.0,5.0,8.0,6.0,4.0,24.0,21.53156,2.0,6.0,8.0,4.0,0.0,2.0,8.0,18.425592,0.0,0.0,0.0,0.0,4.0,8.0,0.0,5.0,0.0,8.0,286.469,4.0,0.0,8.0,2.0,5.0,0.0,2.0,0.0,8.0,0.0,0.0,6.0,4.0,0.0,8.0,45.051582,0.0,30.0,2.0,0.0,2.1931086,8.0,4.0,6.0,0.0,5.0,5.0,6.0,8.0,16.0,0.0,0.0,8.0,2.0,8.0,4.0,2.8880315,3.0738504,0.0,0.0,0.0,8.0,8.0,0.0,0.0,1000.0,0.0,0.0,0.0,0.0,0.0,0.0,322.1497,6.0,0.0,5.0,6.0,8.0,0.0,2.0,4.0,0.0,2.0,2.0,8.0,5.0,0.0,0.0,0.0,206.01268,24.0,27.925894,4.0,0.0,24.0,2.2916956,0.0,1.6738441,24.0,0.0,0.0,8.0,0.0,24.0,0.0,0.0,1.9003088,270.8579,10.0,0.0,0.0,0.0,0.0,0.0,0.0,4.0,8.0,0.0,0.0,1.5745295,8.0,0.0,8.0,0.0,0.0,0.0,8.0,0.0,8.0,0.0,0.0,0.0,0.0,0.0,4.90202,4.0,4.000678,6.0,4.0,6.0,0.0,8.0,6.0,2.0,0.0,8.0,5.0,8.0,4.0,5.0,2.0,0.0,8.0,0.0,0.0,0.0,74.131645,0.95669395,300.7099,5.0,0.0,2.0,4.9950457,2.0,6.0,0.0,5.0,5.0,0.0,4.0,8.0,5.0,8.0,5.0,8.0,223.81549,28.9591,0.0,0.0,0.0,24.0,0.0,8.0,0.0,282.61792,6.0,5.0,8.0,8.0,0.0,0.0,6.0,2.0,6.0,8.0,5.0,6.0,0.0,6.0,8.0,23.500454,0.0,90.0,4.0,1.8957744,0.0,0.0,4.0,0.0,0.0,0.0,0.0,8.0,0.0,8.0,5.0,4.0,0.0,8.0,4.0,4.0,8.0,4.0,2.0,2.0,24.0,1.5768595,0.0,0.0,5.0,8.0,4.0,8.0,6.0,4.0,6.0,4.0,8.0,32.363255,6.0,2.0,10.0,8.0,5.0,31.512135,8.0,0.0,8.0
5700,0.0,4.0,4.0,90.0,6.0,2.0,6.0,2.0,4.0,2.0,5.0,4.0,4.0,4.0,5.0,2.0,8.0,69.30448,2.0,8.0,4.0,8.0,4.0,2.0,4.0,6.0,14.4578905,194.86111,0.0,4.0,6.0,2.0,6.0,0.0,6.0,5.0,0.0,5.0,5.0,5.0,6.0,6.0,5.0,8.0,6.0,4.0,24.0,21.53156,2.0,6.0,8.0,4.0,0.0,2.0,8.0,18.425592,0.0,0.0,0.0,0.0,4.0,8.0,0.0,5.0,0.0,8.0,286.469,4.0,0.0,8.0,2.0,5.0,0.0,2.0,0.0,8.0,0.0,0.0,6.0,4.0,0.0,8.0,45.051582,0.0,30.0,2.0,0.0,2.1931086,8.0,4.0,6.0,0.0,5.0,5.0,6.0,8.0,16.0,0.0,0.0,8.0,2.0,8.0,4.0,2.8880315,3.0738504,0.0,0.0,0.0,8.0,8.0,0.0,0.0,1000.0,0.0,0.0,0.0,0.0,0.0,0.0,322.1497,6.0,0.0,5.0,6.0,8.0,0.0,2.0,4.0,0.0,2.0,2.0,8.0,5.0,0.0,0.0,0.0,206.01268,24.0,27.925894,4.0,0.0,24.0,2.2916956,0.0,1.6738441,24.0,0.0,0.0,8.0,0.0,24.0,0.0,0.0,1.9003088,259.09793,10.0,0.0,0.0,0.0,0.0,0.0,0.0,4.0,8.0,0.0,0.0,1.5745295,8.0,0.0,8.0,0.0,0.0,0.0,8.0,0.0,8.0,0.0,0.0,0.0,0.0,0.0,4.90202,4.0,4.000678,6.0,4.0,6.0,0.0,8.0,6.0,2.0,0.0,8.0,5.0,8.0,4.0,5.0,2.0,0.0,8.0,0.0,0.0,0.0,74.131645,0.95669395,300.7099,5.0,0.0,2.0,4.9950457,2.0,6.0,0.0,5.0,5.0,0.0,4.0,8.0,5.0,8.0,5.0,8.0,212.0555,28.9591,0.0,0.0,0.0,24.0,0.0,8.0,0.0,270.8579,6.0,5.0,8.0,8.0,0.0,0.0,6.0,2.0,6.0,8.0,5.0,6.0,0.0,6.0,8.0,23.500454,0.0,90.0,4.0,1.8957744,0.0,0.0,4.0,0.0,0.0,0.0,0.0,8.0,0.0,8.0,5.0,4.0,0.0,8.0,4.0,4.0,8.0,4.0,2.0,2.0,24.0,1.5768595,0.0,0.0,5.0,8.0,4.0,8.0,6.0,4.0,6.0,4.0,8.0,32.363255,6.0,2.0,10.0,8.0,5.0,31.512135,8.0,0.0,8.0
5760,0.0,4.0,4.0,90.0,6.0,2.0,6.0,2.0,4.0,2.0,5.0,4.0,4.0,4.0,5.0,2.0,8.0,69.30448,2.0,8.0,4.0,8.0,4.0,2.0,4.0,6.0,14.4578905,119.861115,0.0,4.0,6.0,2.0,6.0,0.0,6.0,5.0,0.0,5.0,5.0,5.0,6.0,6.0,5.0,8.0,6.0,4.0,24.0,21.53156,2.0,6.0,8.0,4.0,0.0,2.0,8.0,18.425592,0.0,0.0,0.0,0.0,4.0,8.0,0.0,5.0,0.0,8.0,286.469,4.0,0.0,8.0,2.0,5.0,0.0,2.0,0.0,8.0,0.0,0.0,6.0,4.0,0.0,8.0,45.051582,0.0,30.0,2.0,0.0,2.1931086,8.0,4.0,6.0,0.0,5.0,5.0,6.0,8.0,16.0,0.0,0.0,8.0,77.0,8.0,4.0,2.8880315,3.0738504,0.0,0.0,0.0,8.0,8.0,0.0,0.0,1000.0,0.0,0.0,0.0,0.0,0.0,0.0,322.1497,6.0,0.0,5.0,6.0,8.0,0.0,2.0,4.0,0.0,2.0,2.0,8.0,5.0,0.0,0.0,0.0,206.01268,24.0,27.925894,4.0,0.0,24.0,2.2916956,0.0,1.6738441,24.0,0.0,0.0,8.0,0.0,24.0,0.0,0.0,1.9003088,247.33792,10.0,0.0,0.0,0.0,0.0,0.0,0.0,4.0,8.0,0.0,0.0,1.5745295,8.0,0.0,8.0,0.0,0.0,0.0,8.0,0.0,8.0,0.0,0.0,0.0,0.0,0.0,4.90202,4.0,4.000678,6.0,4.0,6.0,0.0,8.0,6.0,2.0,0.0,8.0,5.0,8.0,4.0,5.0,2.0,0.0,8.0,0.0,0.0,0.0,74.131645,0.95669395,300.7099,5.0,0.0,2.0,4.9950457,2.0,6.0,0.0,5.0,5.0,0.0,4.0,8.0,5.0,8.0,5.0,8.0,200.29549,28.9591,0.0,0.0,0.0,24.0,0.0,8.0,0.0,259.09793,6.0,5.0,8.0,8.0,0.0,0.0,6.0,2.0,6.0,8.0,5.0,6.0,0.0,6.0,8.0,23.500454,0.0,90.0,4.0,1.8957744,0.0,0.0,4.0,0.0,0.0,0.0,0.0,8.0,0.0,8.0,5.0,4.0,0.0,8.0,4.0,4.0,8.0,4.0,2.0,2.0,24.0,1.5768595,0.0,0.0,5.0,8.0,4.0,8.0,6.0,4.0,6.0,4.0,8.0,32.363255,6.0,2.0,10.0,8.0,5.0,31.512135,8.0,0.0,8.0
5820,0.0,4.0,4.0,90.0,6.0,2.0,6.0,2.0,4.0,2.0,5.0,4.0,4.0,4.0,5.0,2.0,8.0,69.30448,2.0,8.0,4.0,8.0,4.0,2.0,4.0,6.0,14.4578905,119.861115,0.0,4.0,6.0,2.0,6.0,0.0,6.0,5.0,0.0,5.0,5.0,5.0,6.0,6.0,5.0,8.0,6.0,4.0,24.0,21.53156,2.0,6.0,8.0,4.0,0.0,2.0,8.0,18.425592,0.0,0.0,0.0,0.0,4.0,8.0,0.0,5.0,0.0,8.0,286.469,4.0,0.0,8.0,2.0,5.0,0.0,2.0,0.0,8.0,0.0,0.0,6.0,4.0,0.0,8.0,45.051582,0.0,30.0,2.0,0.0,2.1931086,8.0,4.0,6.0,0.0,5.0,5.0,6.0,8.0,16.0,0.0,0.0,8.0,77.0,8.0,4.0,2.8880315,3.0738504,0.0,0.0,0.0,8.0,8.0,0.0,0.0,1000.0,0.0,0.0,0.0,0.0,0.0,0.0,322.1497,6.0,0.0,5.0,6.0,8.0,0.0,2.0,4.0,0.0,2.0,2.0,8.0,5.0,0.0,0.0,0.0,206.01268,24.0,27.925894,4.0,0.0,24.0,2.2916956,0.0,1.6738441,24.0,0.0,0.0,8.0,0.0,24.0,0.0,0.0,1.9003088,235.57791,10.0,0.0,0.0,0.0,0.0,0.0,0.0,4.0,8.0,0.0,0.0,1.5745295,8.0,0.0,8.0,0.0,0.0,0.0,8.0,0.0,8.0,0.0,0.0,0.0,0.0,0.0,4.90202,4.0,4.000678,6.0,4.0,6.0,0.0,8.0,6.0,2.0,0.0,8.0,5.0,8.0,4.0,5.0,2.0,0.0,8.0,0.0,0.0,0.0,74.131645,0.95669395,300.7099,5.0,0.0,2.0,4.9950457,2.0,6.0,0.0,5.0,5.0,0.0,4.0,8.0,5.0,8.0,5.0,8.0,188.53549,28.9591,0.0,0.0,0.0,24.0,0.0,8.0,0.0,247.33792,6.0,5.0,8.0,8.0,0.0,0.0,6.0,2.0,6.0,8.0,5.0,6.0,0.0,6.0,8.0,23.500454,0.0,90.0,4.0,1.8957744,0.0,0.0,4.0,0.0,0.0,0.0,0.0,8.0,0.0,8.0,5.0,4.0,0.0,8.0,4.0,4.0,8.0,4.0,2.0,2.0,24.0,1.5768595,0.0,0.0,5.0,8.0,4.0,8.0,6.0,4.0,6.0,4.0,8.0,32.363255,6.0,2.0,10.0,8.0,5.0,31.512135,8.0,0.0,8.0
5880,0.0,4.0,4.0,90.0,6.0,2.0,6.0,2.0,4.0,2.0,5.0,4.0,4.0,4.0,5.0,2.0,8.0,69.30448,2.0,8.0,4.0,8.0,4.0,2.0,4.0,6.0,14.4578905,119.861115,0.0,4.0,6.0,2.0,6.0,0.0,6.0,5.0,0.0,5.0,5.0,5.0,6.0,6.0,5.0,8.0,6.0,4.0,24.0,21.53156,2.0,6.0,8.0,4.0,0.0,2.0,8.0,18.425592,0.0,0.0,0.0,0.0,4.0,8.0,0.0,5.0,0.0,8.0,286.469,4.0,0.0,8.0,2.0,5.0,0.0,2.0,0.0,8.0,0.0,0.0,6.0,4.0,0.0,8.0,45.051582,0.0,30.0,2.0,0.0,2.1931086,8.0,4.0,6.0,0.0,5.0,5.0,6.0,8.0,16.0,0.0,0.0,8.0,77.0,8.0,4.0,2.8880315,3.0738504,0.0,0.0,0.0,8.0,8.0,0.0,0.0,1000.0,0.0,0.0,0.0,0.0,0.0,0.0,322.1497,6.0,0.0,5.0,6.0,8.0,0.0,2.0,4.0,0.0,2.0,2.0,8.0,5.0,0.0,0.0,0.0,206.01268,24.0,27.925894,4.0,0.0,24.0,2.2916956,0.0,1.6738441,24.0,0.0,0.0,8.0,0.0,24.0,0.0,0.0,1.9003088,223.81792,10.0,0.0,0.0,0.0,0.0,0.0,0.0,4.0,8.0,0.0,0.0,1.5745295,8.0,0.0,8.0,0.0,0.0,0.0,8.0,0.0,8.0,0.0,0.0,0.0,0.0,0.0,4.90202,4.0,4.000678,6.0,4.0,6.0,0.0,8.0,6.0,2.0,0.0,8.0,5.0,8.0,4.0,5.0,2.0,0.0,8.0,0.0,0.0,0.0,74.131645,0.95669395,300.7099,5.0,0.0,2.0,4.9950457,2.0,6.0,0.0,5.0,5.0,0.0,4.0,8.0,5.0,8.0,5.0,8.0,176.7755,28.9591,0.0,0.0,0.0,24.0,0.0,8.0,0.0,235.57791,6.0,5.0,8.0,8.0,0.0,0.0,6.0,2.0,6.0,8.0,5.0,6.0,0.0,6.0,8.0,23.500454,0.0,90.0,4.0,1.8957744,0.0,0.0,4.0,0.0,0.0,0.0,0.0,8.0,0.0,8.0,5.0,4.0,0.0,8.0,4.0,4.0,8.0,4.0,2.0,2.0,24.0,1.5768595,0.0,0.0,5.0,8.0,4.0,8.0,6.0,4.0,6.0,4.0,8.0,32.363255,6.0,2.0,10.0,8.0,5.0,31.512135,8.0,0.0,8.0
5940,0.0,4.0,4.0,90.0,6.0,2.0,6.0,2.0,4.0,2.0,5.0,4.0,4.0,4.0,5.0,2.0,8.0,69.30448,2.0,8.0,4.0,8.0,4.0,2.0,4.0,6.0,14.4578905,119.861115,0.0,4.0,6.0,2.0,6.0,0.0,6.0,5.0,0.0,5.0,5.0,5.0,6.0,6.0,5.0,8.0,6.0,4.0,24.0,21.53156,2.0,6.0,8.0,4.0,0.0,2.0,8.0,18.425592,0.0,0.0,0.0,0.0,4.0,8.0,0.0,5.0,0.0,8.0,286.469,4.0,0.0,8.0,2.0,5.0,0.0,2.0,0.0,8.0,0.0,0.0,6.0,4.0,0.0,8.0,45.051582,0.0,30.0,2.0,0.0,2.1931086,8.0,4.0,6.0,0.0,5.0,5.0,6.0,8.0,16.0,0.0,0.0,8.0,77.0,8.0,4.0,2.8880315,3.0738504,0.0,0.0,0.0,8.0,8.0,0.0,0.0,1000.0,0.0,0.0,0.0,0.0,0.0,0.0,322.1497,6.0,0.0,5.0,6.0,8.0,0.0,2.0,4.0,0.0,2.0,2.0,8.0,5.0,0.0,0.0,0.0,206.01268,24.0,27.925894,4.0,0.0,24.0,2.2916956,0.0,1.6738441,24.0,0.0,0.0,8.0,0.0,24.0,0.0,0.0,1.9003088,212.05792,10.0,0.0,0.0,0.0,0.0,0.0,0.0,4.0,8.0,0.0,0.0,1.5745295,8.0,0.0,8.0,0.0,0.0,0.0,8.0,0.0,8.0,0.0,0.0,0.0,0.0,0.0,4.90202,4.0,4.000678,6.0,4.0,6.0,0.0,8.0,6.0,2.0,0.0,8.0,5.0,8.0,4.0,5.0,2.0,0.0,8.0,0.0,0.0,0.0,74.131645,0.95669395,300.7099,5.0,0.0,2.0,4.9950457,2.0,6.0,0.0,5.0,5.0,0.0,4.0,8.0,5.0,8.0,5.0,8.0,165.01549,28.9591,0.0,0.0,0.0,24.0,0.0,8.0,0.0,223.81792,6.0,5.0,8.0,8.0,0.0,0.0,6.0,2.0,6.0,8.0,5.0,6.0,0.0,6.0,8.0,23.500454,0.0,90.0,4.0,1.8957744,0.0,0.0,4.0,0.0,0.0,0.0,0.0,8.0,0.0,8.0,5.0,4.0,0.0,8.0,4.0,4.0,8.0,4.0,2.0,2.0,24.0,1.5768595,0.0,0.0,5.0,8.0,4.0,8.0,6.0,4.0,6.0,4.0,8.0,32.363255,6.0,2.0,10.0,8.0,5.0,31.512135,8.0,0.0,8.0
6000,0.0,4.0,4.0,90.0,6.0,2.0,6.0,2.0,4.0,2.0,5.0,4.0,4.0,4.0,5.0,2.0,8.0,69.30448,2.0,8.0,4.0,8.0,4.0,2.0,4.0,6.0,14.4578905,119.861115,0.0,4.0,6.0,2.0,6.0,0.0,6.0,5.0,0.0,5.0,5.0,5.0,6.0,6.0,5.0,8.0,6.0,4.0,24.0,21.53156,2.0,6.0,8.0,4.0,0.0,2.0,8.0,18.425592,0.0,0.0,0.0,0.0,4.0,8.0,0.0,5.0,0.0,8.0,286.469,4.0,0.0,8.0,2.0,5.0,0.0,2.0,0.0,8.0,0.0,0.0,6.0,4.0,0.0,8.0,45.051582,0.0,30.0,2.0,0.0,2.1931086,8.0,4.0,6.0,0.0,5.0,5.0,6.0,8.0,16.0,0.0,0.0,8.0,77.0,8.0,4.0,2.8880315,3.0738504,0.0,0.0,0.0,8.0,8.0,0.0,0.0,1000.0,0.0,0.0,0.0,0.0,0.0,0.0,322.1497,6.0,0.0,5.0,6.0,8.0,0.0,2.0,4.0,0.0,2.0,2.0,8.0,5.0,0.0,0.0,0.0,206.01268,24.0,27.925894,4.0,0.0,24.0,2.2916956,0.0,1.6738441,24.0,0.0,0.0,8.0,0.0,24.0,0.0,0.0,1.9003088,200.29791,10.0,0.0,0.0,0.0,0.0,0.0,0.0,4.0,8.0,0.0,0.0,1.5745295,8.0,0.0,8.0,0.0,0.0,0.0,8.0,0.0,8.0,0.0,0.0,0.0,0.0,0.0,4.90202,4.0,4.000678,6.0,4.0,6.0,0.0,8.0,6.0,2.0,0.0,8.0,5.0,8.0,4.0,5.0,2.0,0.0,8.0,0.0,0.0,0.0,74.131645,0.95669395,300.7099,5.0,0.0,2.0,4.9950457,2.0,6.0,0.0,5.0,5.0,0.0,4.0,8.0,5.0,8.0,5.0,8.0,153.2555,28.9591,0.0,0.0,0.0,24.0,0.0,8.0,0.0,212.05792,6.0,5.0,8.0,8.0,0.0,0.0,6.0,2.0,6.0,8.0,5.0,6.0,0.0,6.0,8.0,23.500454,0.0,90.0,4.0,1.8957744,0.0,0.0,4.0,0.0,0.0,0.0,0.0,8.0,0.0,8.0,5.0,4.0,0.0,8.0,4.0,4.0,8.0,4.0,2.0,2.0,24.0,1.5768595,0.0,0.0,5.0,8.0,4.0,8.0,6.0,4.0,6.0,4.0,8.0,32.363255,6.0,2.0,10.0,8.0,5.0,31.512135,8.0,0.0,8.0
6060,0.0,4.0,4.0,90.0,6.0,2.0,6.0,2.0,4.0,2.0,5.0,4.0,4.0,4.0,5.0,2.0,8.0,69.30448,2.0,8.0,4.0,8.0,4.0,2.0,4.0,6.0,14.4578905,119.861115,0.0,4.0,6.0,2.0,6.0,0.0,6.0,5.0,0.0,5.0,5.0,5.0,6.0,6.0,5.0,8.0,6.0,4.0,24.0,21.53156,2.0,6.0,8.0,4.0,0.0,2.0,8.0,18.425592,0.0,0.0,0.0,0.0,4.0,8.0,0.0,5.0,0.0,8.0,286.469,4.0,0.0,8.0,2.0,5.0,0.0,2.0,0.0,8.0,0.0,0.0,6.0,4.0,0.0,8.0,45.051582,0.0,30.0,2.0,0.0,2.1931086,8.0,4.0,6.0,0.0,5.0,5.0,6.0,8.0,16.0,0.0,0.0,8.0,77.0,8.0,4.0,2.8880315,3.0738504,0.0,0.0,0.0,8.0,8.0,0.0,0.0,1000.0,0.0,0.0,0.0,0.0,0.0,0.0,322.1497,6.0,0.0,5.0,6.0,8.0,0.0,2.0,4.0,0.0,2.0,2.0,8.0,5.0,0.0,0.0,0.0,206.01268,24.0,27.925894,4.0,0.0,24.0,2.2916956,0.0,1.6738441,24.0,0.0,0.0,8.0,0.0,24.0,0.0,0.0,1.9003088,188.53792,10.0,0.0,0.0,0.0,0.0,0.0,0.0,4.0,8.0,0.0,0.0,1.5745295,8.0,0.0,8.0,0.0,0.0,0.0,8.0,0.0,8.0,0.0,0.0,0.0,0.0,0.0,4.90202,4.0,4.000678,6.0,4.0,6.0,0.0,8.0,6.0,2.0,0.0,8.0,5.0,8.0,4.0,5.0,2.0,0.0,8.0,0.0,0.0,0.0,74.131645,0.95669395,300.7099,5.0,0.0,2.0,4.9950457,2.0,6.0,0.0,5.0,5.0,0.0,4.0,8.0,5.0,8.0,5.0,8.0,141.4955,28.9591,0.0,0.0,0.0,24.0,0.0,8.0,0.0,200.29791,6.0,5.0,8.0,8.0,0.0,0.0,6.0,2.0,6.0,8.0,5.0,6.0,0.0,6.0,8.0,23.500454,0.0,90.0,4.0,1.8957744,0.0,0.0,4.0,0.0,0.0,0.0,0.0,8.0,0.0,8.0,5.0,4.0,0.0,8.0,4.0,4.0,8.0,4.0,2.0,2.0,24.0,1.5768595,0.0,0.0,5.0,8.0,4.0,8.0,6.0,4.0,6.0,4.0,8.0,32.363255,6.0,2.0,10.0,8.0,5.0,31.512135,8.0,0.0,8.0
6120,0.0,4.0,4.0,90.0,6.0,2.0,6.0,2.0,4.0,2.0,5.0,4.0,4.0,4.0,5.0,2.0,8.0,69.30448,2.0,8.0,4.0,8.0,4.0,2.0,4.0,6.0,14.4578905,119.861115,0.0,4.0,6.0,2.0,6.0,0.0,6.0,5.0,0.0,5.0,5.0,5.0,6.0,6.0,5.0,8.0,6.0,4.0,24.0,21.53156,2.0,6.0,8.0,4.0,0.0,2.0,8.0,18.425592,0.0,0.0,0.0,0.0,4.0,8.0,0.0,5.0,0.0,8.0,286.469,4.0,0.0,8.0,2.0,5.0,0.0,2.0,0.0,8.0,0.0,0.0,6.0,4.0,0.0,8.0,45.051582,0.0,30.0,2.0,0.0,2.1931086,8.0,4.0,6.0,0.0,5.0,5.0,6.0,8.0,16.0,0.0,0.0,8.0,77.0,8.0,4.0,2.8880315,3.0738504,0.0,0.0,0.0,8.0,8.0,0.0,0.0,1000.0,0.0,0.0,0.0,0.0,0.0,0.0,322.1497,6.0,0.0,5.0,6.0,8.0,0.0,2.0,4.0,0.0,2.0,2.0,8.0,5.0,0.0,0.0,0.0,206.01268,24.0,27.925894,4.0,0.0,24.0,2.2916956,0.0,1.6738441,24.0,0.0,0.0,8.0,0.0,24.0,0.0,0.0,1.9003088,176.77792,10.0,0.0,0.0,0.0,0.0,0.0,0.0,4.0,8.0,0.0,0.0,1.5745295,8.0,0.0,8.0,0.0,0.0,0.0,8.0,0.0,8.0,0.0,0.0,0.0,0.0,0.0,4.90202,4.0,4.000678,6.0,4.0,6.0,0.0,8.0,6.0,2.0,0.0,8.0,5.0,8.0,4.0,5.0,2.0,0.0,8.0,0.0,0.0,0.0,74.131645,0.95669395,300.7099,5.0,0.0,2.0,4.9950457,2.0,6.0,0.0,5.0,5.0,0.0,4.0,8.0,5.0,8.0,5.0,8.0,129.73549,28.9591,0.0,0.0,0.0,24.0,0.0,8.0,0.0,188.53792,6.0,5.0,8.0,8.0,0.0,0.0,6.0,2.0,6.0,8.0,5.0,6.0,0.0,6.0,8.0,23.500454,0.0,90.0,4.0,1.8957744,0.0,0.0,4.0,0.0,0.0,0.0,0.0,8.0,0.0,8.0,5.0,4.0,0.0,8.0,4.0,4.0,8.0,4.0,2.0,2.0,24.0,1.5768595,0.0,0.0,5.0,8.0,4.0,8.0,6.0,4.0,6.0,4.0,8.0,32.363255,6.0,2.0,10.0,8.0,5.0,31.512135,8.0,0.0,8.0
6180,0.0,4.0,4.0,90.0,6.0,2.0,6.0,2.0,4.0,2.0,5.0,4.0,4.0,4.0,5.0,2.0,8.0,69.30448,2.0,8.0,4.0,8.0,4.0,2.0,4.0,6.0,14.4578905,119.861115,0.0,4.0,6.0,2.0,6.0,0.0,6.0,5.0,0.0,5.0,5.0,5.0,6.0,6.0,5.0,8.0,6.0,4.0,24.0,21.53156,2.0,6.0,8.0,4.0,0.0,2.0,8.0,18.425592,0.0,0.0,0.0,0.0,4.0,8.0,0.0,5.0,0.0,8.0,286.469,4.0,0.0,8.0,2.0,5.0,0.0,2.0,0.0,8.0,0.0,0.0,6.0,4.0,0.0,8.0,45.051582,0.0,30.0,2.0,0.0,2.1931086,8.0,4.0,6.0,0.0,5.0,5.0,6.0,8.0,16.0,0.0,0.0,8.0,77.0,8.0,4.0,2.8880315,3.0738504,0.0,0.0,0.0,8.0,8.0,0.0,0.0,1000.0,0.0,0.0,0.0,0.0,0.0,0.0,322.1497,6.0,0.0,5.0,6.0,8.0,0.0,2.0,4.0,0.0,2.0,2.0,8.0,5.0,0.0,0.0,0.0,206.01268,24.0,27.925894,4.0,0.0,24.0,2.2916956,0.0,1.6738441,24.0,0.0,0.0,8.0,0.0,24.0,0.0,0.0,1.9003088,165.01791,10.0,0.0,0.0,0.0,0.0,0.0,0.0,4.0,8.0,0.0,0.0,1.5745295,8.0,0.0,8.0,0.0,0.0,0.0,8.0,0.0,8.0,0.0,0.0,0.0,0.0,0.0,4.90202,4.0,4.000678,6.0,4.0,6.0,0.0,8.0,6.0,2.0,0.0,8.0,5.0,8.0,4.0,5.0,2.0,0.0,8.0,0.0,0.0,0.0,74.131645,0.95669395,300.7099,5.0,0.0,2.0,4.9950457,2.0,6.0,0.0,5.0,5.0,0.0,4.0,8.0,5.0,8.0,5.0,8.0,117.975494,28.9591,0.0,0.0,0.0,24.0,0.0,8.0,0.0,176.77792,6.0,5.0,8.0,8.0,0.0,0.0,6.0,2.0,6.0,8.0,5.0,6.0,0.0,6.0,8.0,23.500454,0.0,90.0,4.0,1.8957744,0.0,0.0,4.0,0.0,0.0,0.0,0.0,8.0,0.0,8.0,5.0,4.0,0.0,8.0,4.0,4.0,8.0,4.0,2.0,2.0,24.0,1.5768595,0.0,0.0,5.0,8.0,4.0,8.0,6.0,4.0,6.0,4.0,8.0,32.363255,6.0,2.0,10.0,8.0,5.0,31.512135,8.0,0.0,8.0
6240,0.0,4.0,4.0,90.0,6.0,2.0,6.0,2.0,4.0,2.0,5.0,4.0,4.0,4.0,5.0,2.0,8.0,69.30448,2.0,8.0,4.0,8.0,4.0,2.0,4.0,6.0,14.4578905,119.861115,0.0,4.0,6.0,2.0,6.0,0.0,6.0,5.0,0.0,5.0,5.0,5.0,6.0,6.0,5.0,8.0,6.0,4.0,24.0,21.53156,2.0,6.0,8.0,4.0,0.0,2.0,8.0,18.425592,0.0,0.0,0.0,0.0,4.0,8.0,0.0,5.0,0.0,8.0,286.469,4.0,0.0,8.0,2.0,5.0,0.0,2.0,0.0,8.0,0.0,0.0,6.0,4.0,0.0,8.0,45.051582,0.0,30.0,2.0,0.0,2.1931086,8.0,4.0,6.0,0.0,5.0,5.0,6.0,8.0,16.0,0.0,0.0,8.0,77.0,8.0,4.0,2.8880315,3.0738504,0.0,0.0,0.0,8.0,8.0,0.0,0.0,1000.0,0.0,0.0,0.0,0.0,0.0,0.0,322.1497,6.0,0.0,5.0,6.0,8.0,0.0,2.0,4.0,0.0,2.0,2.0,8.0,5.0,0.0,0.0,0.0,206.01268,24.0,27.925894,4.0,0.0,24.0,2.2916956,0.0,1.6738441,24.0,0.0,0.0,8.0,0.0,24.0,0.0,0.0,1.9003088,153.25792,10.0,0.0,0.0,0.0,0.0,0.0,0.0,4.0,8.0,0.0,0.0,1.5745295,8.0,0.0,8.0,0.0,0.0,0.0,8.0,0.0,8.0,0.0,0.0,0.0,0.0,0.0,4.90202,4.0,4.000678,6.0,4.0,6.0,0.0,8.0,6.0,2.0,0.0,8.0,5.0,8.0,4.0,5.0,2.0,0.0,8.0,0.0,0.0,0.0,74.131645,0.95669395,300.7099,5.0,0.0,2.0,4.9950457,2.0,6.0,0.0,5.0,5.0,0.0,4.0,8.0,5.0,8.0,5.0,8.0,106.21549,28.9591,0.0,0.0,0.0,24.0,0.0,8.0,0.0,165.01791,6.0,5.0,8.0,8.0,0.0,0.0,6.0,2.0,6.0,8.0,5.0,6.0,0.0,6.0,8.0,23.500454,0.0,90.0,4.0,1.8957744,0.0,0.0,4.0,0.0,0.0,0.0,0.0,8.0,0.0,8.0,5.0,4.0,0.0,8.0,4.0,4.0,8.0,4.0,2.0,2.0,24.0,1.5768595,0.0,0.0,5.0,8.0,4.0,8.0,6.0,4.0,6.0,4.0,8.0,32.363255,6.0,2.0,10.0,8.0,5.0,31.512135,8.0,0.0,8.0
6300,0.0,4.0,4.0,90.0,6.0,2.0,6.0,2.0,4.0,2.0,5.0,4.0,4.0,4.0,5.0,2.0,8.0,69.30448,2.0,8.0,4.0,8.0,4.0,2.0,4.0,6.0,14.4578905,119.861115,0.0,4.0,6.0,2.0,6.0,0.0,6.0,5.0,0.0,5.0,5.0,5.0,6.0,6.0,5.0,8.0,6.0,4.0,24.0,21.53156,2.0,6.0,8.0,4.0,0.0,2.0,8.0,18.425592,0.0,0.0,0.0,0.0,4.0,8.0,0.0,5.0,0.0,8.0,286.469,4.0,0.0,8.0,2.0,5.0,0.0,2.0,0.0,8.0,0.0,0.0,6.0,4.0,0.0,8.0,45.051582,0.0,30.0,2.0,0.0,2.1931086,8.0,4.0,6.0,0.0,5.0,5.0,6.0,8.0,16.0,0.0,0.0,8.0,77.0,8.0,4.0,2.8880315,3.0738504,0.0,0.0,0.0,8.0,8.0,0.0,0.0,1000.0,0.0,0.0,0.0,0.0,0.0,0.0,314.41284,6.0,0.0,5.0,6.0,8.0,0.0,2.0,4.0,0.0,2.0,2.0,8.0,5.0,0.0,0.0,0.0,206.01268,24.0,27.925894,4.0,0.0,24.0,2.2916956,0.0,1.6738441,24.0,0.0,0.0,8.0,0.0,24.0,0.0,0.0,1.9003088,141.49791,10.0,0.0,0.0,0.0,0.0,0.0,0.0,4.0,8.0,0.0,0.0,1.5745295,8.0,0.0,8.0,0.0,0.0,0.0,8.0,0.0,8.0,0.0,0.0,0.0,0.0,0.0,4.90202,4.0,4.000678,6.0,4.0,6.0,0.0,8.0,6.0,2.0,0.0,8.0,5.0,8.0,4.0,5.0,2.0,0.0,8.0,0.0,0.0,0.0,74.131645,0.95669395,300.7099,5.0,0.0,2.0,4.9950457,2.0,6.0,0.0,5.0,5.0,0.0,4.0,8.0,5.0,8.0,5.0,8.0,94.45549,28.9591,0.0,0.0,0.0,24.0,0.0,8.0,0.0,153.25792,6.0,5.0,8.0,8.0,0.0,0.0,6.0,2.0,6.0,8.0,5.0,6.0,0.0,6.0,8.0,23.500454,0.0,90.0,4.0,1.8957744,0.0,0.0,4.0,0.0,0.0,0.0,0.0,8.0,0.0,8.0,5.0,4.0,0.0,8.0,4.0,4.0,8.0,4.0,2.0,2.0,24.0,1.5768595,0.0,0.0,5.0,8.0,4.0,8.0,6.0,4.0,6.0,4.0,8.0,32.363255,6.0,2.0,10.0,8.0,5.0,31.512135,8.0,0.0,8.0
6360,0.0,4.0,4.0,90.0,6.0,2.0,6.0,2.0,4.0,2.0,5.0,4.0,4.0,4.0,5.0,2.0,8.0,61.56764,2.0,8.0,4.0,8.0,4.0,2.0,4.0,6.0,14.4578905,112.12427,0.0,4.0,6.0,2.0,6.0,0.0,6.0,5.0,0.0,5.0,5.0,5.0,6.0,6.0,5.0,8.0,6.0,4.0,24.0,21.53156,2.0,6.0,8.0,4.0,0.0,2.0,8.0,18.425592,0.0,0.0,0.0,0.0,4.0,8.0,0.0,5.0,0.0,8.0,286.469,4.0,0.0,8.0,2.0,5.0,0.0,2.0,0.0,8.0,0.0,0.0,6.0,4.0,0.0,8.0,45.051582,0.0,30.0,2.0,0.0,2.1931086,8.0,4.0,6.0,0.0,5.0,5.0,6.0,8.0,16.0,0.0,0.0,8.0,77.0,8.0,4.0,2.8880315,3.0738504,0.0,0.0,0.0,8.0,8.0,0.0,0.0,1000.0,0.0,0.0,0.0,0.0,0.0,0.0,306.676,6.0,0.0,5.0,6.0,8.0,0.0,2.0,4.0,0.0,2.0,2.0,8.0,5.0,0.0,0.0,0.0,198.27583,24.0,27.925894,4.0,0.0,24.0,2.2916956,0.0,1.6738441,24.0,0.0,0.0,8.0,0.0,24.0,0.0,0.0,1.9003088,129.73792,10.0,0.0,0.0,0.0,0.0,0.0,0.0,4.0,8.0,0.0,0.0,1.5745295,8.0,0.0,8.0,0.0,0.0,0.0,8.0,0.0,8.0,0.0,0.0,0.0,0.0,0.0,4.90202,4.0,4.000678,6.0,4.0,6.0,0.0,8.0,6.0,2.0,0.0,8.0,5.0,8.0,4.0,5.0,2.0,0.0,8.0,0.0,0.0,0.0,66.3948,0.95669395,292.97305,5.0,0.0,2.0,4.9950457,2.0,6.0,0.0,5.0,5.0,0.0,4.0,8.0,5.0,8.0,5.0,8.0,82.695496,28.9591,0.0,0.0,0.0,24.0,0.0,8.0,0.0,141.49791,6.0,5.0,8.0,8.0,0.0,0.0,6.0,2.0,6.0,8.0,5.0,6.0,0.0,6.0,8.0,23.500454,0.0,90.0,4.0,1.8957744,0.0,0.0,4.0,0.0,0.0,0.0,0.0,8.0,0.0,8.0,5.0,4.0,0.0,8.0,4.0,4.0,8.0,4.0,2.0,2.0,24.0,1.5768595,0.0,0.0,5.0,8.0,4.0,8.0,6.0,4.0,6.0,4.0,8.0,32.363255,6.0,2.0,10.0,8.0,5.0,31.512135,8.0,0.0,8.0
6420,0.0,4.0,4.0,90.0,6.0,2.0,6.0,2.0,4.0,2.0,5.0,4.0,4.0,4.0,5.0,2.0,8.0,53.835247,2.0,8.0,4.0,8.0,4.0,2.0,4.0,6.0,14.4578905,104.39188,0.0,4.0,6.0,2.0,6.0,0.0,6.0,5.0,0.0,5.0,5.0,5.0,6.0,6.0,5.0,8.0,6.0,4.0,24.0,21.53156,2.0,6.0,8.0,4.0,0.0,2.0,8.0,18.425592,0.0,0.0,0.0,0.0,4.0,8.0,0.0,5.0,0.0,8.0,279.0459,4.0,0.0,8.0,2.0,5.0,0.0,2.0,0.0,8.0,0.0,0.0,6.0,4.0,0.0,8.0,45.051582,0.0,30.0,2.0,0.0,2.1931086,8.0,4.0,6.0,0.0,5.0,5.0,6.0,8.0,16.0,0.0,0.0,8.0,77.0,8.0,4.0,2.8880315,3.0738504,0.0,0.0,0.0,8.0,8.0,0.0,0.0,1000.0,0.0,0.0,0.0,0.0,0.0,0.0,298.9436,6.0,0.0,5.0,6.0,8.0,0.0,2.0,4.0,0.0,2.0,2.0,8.0,5.0,0.0,0.0,0.0,190.54344,24.0,27.925894,4.0,0.0,24.0,2.2916956,0.0,1.6738441,24.0,0.0,0.0,8.0,0.0,24.0,0.0,0.0,1.9003088,117.98468,10.0,0.0,0.0,0.0,0.0,0.0,0.0,4.0,8.0,0.0,0.0,1.5745295,8.0,0.0,8.0,0.0,0.0,0.0,8.0,0.0,8.0,0.0,0.0,0.0,0.0,0.0,4.90202,4.0,4.000678,6.0,4.0,6.0,0.0,8.0,6.0,2.0,0.0,8.0,5.0,8.0,4.0,5.0,2.0,0.0,8.0,0.0,0.0,0.0,58.662407,0.95669395,285.24066,5.0,0.0,2.0,4.9950457,2.0,6.0,0.0,5.0,5.0,0.0,4.0,8.0,5.0,8.0,5.0,8.0,70.94225,28.9591,0.0,0.0,0.0,24.0,0.0,8.0,0.0,129.74467,6.0,5.0,8.0,8.0,0.0,0.0,6.0,2.0,6.0,8.0,5.0,6.0,0.0,6.0,8.0,23.500454,0.0,90.0,4.0,1.8957744,0.0,0.0,4.0,0.0,0.0,0.0,0.0,8.0,0.0,8.0,5.0,4.0,0.0,8.0,4.0,4.0,8.0,4.0,2.0,2.0,24.0,1.5768595,0.0,0.0,5.0,8.0,4.0,8.0,6.0,4.0,6.0,4.0,8.0,32.363255,6.0,2.0,10.0,8.0,5.0,31.512135,8.0,0.0,8.0
6480,0.0,4.0,4.0,90.0,6.0,2.0,6.0,2.0,4.0,2.0,5.0,4.0,4.0,4.0,5.0,2.0,8.0,46.10285,2.0,8.0,4.0,8.0,4.0,2.0,4.0,6.0,14.4578905,96.65948,0.0,4.0,6.0,2.0,6.0,0.0,6.0,5.0,0.0,5.0,5.0,5.0,6.0,6.0,5.0,8.0,6.0,4.0,24.0,21.53156,2.0,6.0,8.0,4.0,0.0,2.0,8.0,18.425592,0.0,0.0,0.0,0.0,4.0,8.0,0.0,5.0,0.0,8.0,271.6228,4.0,0.0,8.0,2.0,5.0,0.0,2.0,0.0,8.0,0.0,0.0,6.0,4.0,0.0,8.0,45.051582,0.0,30.0,2.0,0.0,2.1931086,8.0,4.0,6.0,0.0,5.0,5.0,6.0,8.0,16.0,0.0,0.0,8.0,77.0,8.0,4.0,2.8880315,3.0738504,0.0,0.0,0.0,8.0,8.0,0.0,0.0,1000.0,0.0,0.0,0.0,0.0,0.0,0.0,291.2112,6.0,0.0,5.0,6.0,8.0,0.0,2.0,4.0,0.0,2.0,2.0,8.0,5.0,0.0,0.0,0.0,182.81105,24.0,27.925894,4.0,0.0,24.0,2.2916956,0.0,1.6738441,24.0,0.0,0.0,8.0,0.0,24.0,0.0,0.0,1.9003088,106.23144,10.0,0.0,0.0,0.0,0.0,0.0,0.0,4.0,8.0,0.0,0.0,1.5745295,8.0,0.0,8.0,0.0,0.0,0.0,8.0,0.0,8.0,0.0,0.0,0.0,0.0,0.0,4.90202,4.0,4.000678,6.0,4.0,6.0,0.0,8.0,6.0,2.0,0.0,8.0,5.0,8.0,4.0,5.0,2.0,0.0,8.0,0.0,0.0,0.0,50.93001,0.95669395,277.50827,5.0,0.0,2.0,4.9950457,2.0,6.0,0.0,5.0,5.0,0.0,4.0,8.0,5.0,8.0,5.0,8.0,59.189014,28.9591,0.0,0.0,0.0,24.0,0.0,8.0,0.0,117.99144,6.0,5.0,8.0,8.0,0.0,0.0,6.0,2.0,6.0,8.0,5.0,6.0,0.0,6.0,8.0,23.500454,0.0,90.0,4.0,1.8957744,0.0,0.0,4.0,0.0,0.0,0.0,0.0,8.0,0.0,8.0,5.0,4.0,0.0,8.0,4.0,4.0,8.0,4.0,2.0,2.0,24.0,1.5768595,0.0,0.0,5.0,8.0,4.0,8.0,6.0,4.0,6.0,4.0,8.0,32.363255,6.0,2.0,10.0,8.0,5.0,31.512135,8.0,0.0,8.0
6540,0.0,4.0,4.0,90.0,6.0,2.0,6.0,2.0,4.0,2.0,5.0,4.0,4.0,4.0,5.0,2.0,8.0,38.370457,2.0,8.0,4.0,8.0,4.0,2.0,4.0,6.0,14.4578905,88.927086,0.0,4.0,6.0,2.0,6.0,0.0,6.0,5.0,0.0,5.0,5.0,5.0,6.0,6.0,5.0,8.0,6.0,4.0,24.0,21.53156,2.0,6.0,8.0,4.0,0.0,2.0,8.0,18.425592,0.0,0.0,0.0,0.0,4.0,8.0,0.0,5.0,0.0,8.0,264.1997,4.0,0.0,8.0,2.0,5.0,0.0,2.0,0.0,8.0,0.0,0.0,6.0,4.0,0.0,8.0,45.051582,0.0,30.0,2.0,0.0,2.1931086,8.0,4.0,6.0,0.0,5.0,5.0,6.0,8.0,16.0,0.0,0.0,8.0,77.0,8.0,4.0,2.8880315,3.0738504,0.0,0.0,0.0,8.0,8.0,0.0,0.0,1000.0,0.0,0.0,0.0,0.0,0.0,0.0,283.47882,6.0,0.0,5.0,6.0,8.0,0.0,2.0,4.0,0.0,2.0,2.0,8.0,5.0,0.0,0.0,0.0,175.07866,24.0,27.925894,4.0,0.0,24.0,2.2916956,0.0,1.6738441,24.0,0.0,0.0,8.0,0.0,24.0,0.0,0.0,1.9003088,94.478195,10.0,0.0,0.0,0.0,0.0,0.0,0.0,4.0,8.0,0.0,0.0,1.5745295,8.0,0.0,8.0,0.0,0.0,0.0,8.0,0.0,8.0,0.0,0.0,0.0,0.0,0.0,4.90202,4.0,4.000678,6.0,4.0,6.0,0.0,8.0,6.0,2.0,0.0,8.0,5.0,8.0,4.0,5.0,2.0,0.0,8.0,0.0,0.0,0.0,43.197617,0.95669395,269.77588,5.0,0.0,2.0,4.9950457,2.0,6.0,0.0,5.0,5.0,0.0,4.0,8.0,5.0,8.0,5.0,8.0,47.435776,28.9591,0.0,0.0,0.0,24.0,0.0,8.0,0.0,106.2382,6.0,5.0,8.0,8.0,0.0,0.0,6.0,2.0,6.0,8.0,5.0,6.0,0.0,6.0,8.0,23.500454,0.0,90.0,4.0,1.8957744,0.0,0.0,4.0,0.0,0.0,0.0,0.0,8.0,0.0,8.0,5.0,4.0,0.0,8.0,4.0,4.0,8.0,4.0,2.0,2.0,24.0,1.5768595,0.0,0.0,5.0,8.0,4.0,8.0,6.0,4.0,6.0,4.0,8.0,32.363255,6.0,2.0,10.0,8.0,5.0,31.512135,8.0,0.0,8.0
6600,0.0,4.0,4.0,90.0,6.0,2.0,6.0,2.0,4.0,2.0,5.0,4.0,4.0,4.0,5.0,2.0,8.0,30.638062,2.0,8.0,4.0,8.0,4.0,2.0,4.0,6.0,14.4578905,81.194695,0.0,4.0,6.0,2.0,6.0,0.0,6.0,5.0,0.0,5.0,5.0,5.0,6.0,6.0,5.0,8.0,6.0,4.0,24.0,21.53156,2.0,6.0,8.0,4.0,0.0,2.0,8.0,18.425592,0.0,0.0,0.0,0.0,4.0,8.0,0.0,5.0,0.0,8.0,256.7766,4.0,0.0,8.0,2.0,5.0,0.0,2.0,0.0,8.0,0.0,0.0,6.0,4.0,0.0,8.0,45.051582,0.0,30.0,2.0,0.0,2.1931086,8.0,4.0,6.0,0.0,5.0,5.0,6.0,8.0,16.0,0.0,0.0,8.0,77.0,8.0,4.0,2.8880315,3.0738504,0.0,0.0,0.0,8.0,8.0,0.0,0.0,1000.0,0.0,0.0,0.0,0.0,0.0,0.0,275.74643,6.0,0.0,5.0,6.0,8.0,0.0,2.0,4.0,0.0,2.0,2.0,8.0,5.0,0.0,0.0,0.0,167.34627,24.0,27.925894,4.0,0.0,24.0,2.2916956,0.0,1.6738441,24.0,0.0,0.0,8.0,0.0,24.0,0.0,0.0,1.9003088,82.72496,10.0,0.0,0.0,0.0,0.0,0.0,0.0,4.0,8.0,0.0,0.0,1.5745295,8.0,0.0,8.0,0.0,0.0,0.0,8.0,0.0,8.0,0.0,0.0,0.0,0.0,0.0,4.90202,4.0,4.000678,6.0,4.0,6.0,0.0,8.0,6.0,2.0,0.0,8.0,5.0,8.0,4.0,5.0,2.0,0.0,8.0,0.0,0.0,0.0,35.46522,0.95669395,262.0435,5.0,0.0,2.0,4.9950457,2.0,6.0,0.0,5.0,5.0,0.0,4.0,8.0,5.0,8.0,5.0,8.0,35.682533,28.9591,0.0,0.0,0.0,24.0,0.0,8.0,0.0,94.484955,6.0,5.0,8.0,8.0,0.0,0.0,6.0,2.0,6.0,8.0,5.0,6.0,0.0,6.0,8.0,23.500454,0.0,90.0,4.0,1.8957744,0.0,0.0,4.0,0.0,0.0,0.0,0.0,8.0,0.0,8.0,5.0,4.0,0.0,8.0,4.0,4.0,8.0,4.0,2.0,2.0,24.0,1.5768595,0.0,0.0,5.0,8.0,4.0,8.0,6.0,4.0,6.0,4.0,8.0,32.363255,6.0,2.0,10.0,8.0,5.0,31.512135,8.0,0.0,8.0
6660,0.0,4.0,4.0,90.0,6.0,2.0,6.0,2.0,4.0,2.0,5.0,4.0,4.0,4.0,5.0,2.0,8.0,22.905668,2.0,8.0,4.0,8.0,4.0,2.0,4.0,6.0,14.4578905,73.462296,0.0,4.0,6.0,2.0,6.0,0.0,6.0,5.0,0.0,5.0,5.0,5.0,6.0,6.0,5.0,8.0,6.0,4.0,24.0,21.53156,2.0,6.0,8.0,4.0,0.0,2.0,8.0,18.425592,0.0,0.0,0.0,0.0,4.0,8.0,0.0,5.0,0.0,8.0,249.35352,4.0,0.0,8.0,2.0,5.0,0.0,2.0,0.0,8.0,0.0,0.0,6.0,4.0,0.0,8.0,45.051582,0.0,30.0,2.0,0.0,2.1931086,8.0,4.0,6.0,0.0,5.0,5.0,6.0,8.0,16.0,0.0,0.0,8.0,77.0,8.0,4.0,2.8880315,3.0738504,0.0,0.0,0.0,8.0,8.0,0.0,0.0,1000.0,0.0,0.0,0.0,0.0,0.0,0.0,268.014,6.0,0.0,5.0,6.0,8.0,0.0,2.0,4.0,0.0,2.0,2.0,8.0,5.0,0.0,0.0,0.0,159.61386,24.0,27.925894,4.0,0.0,24.0,2.2916956,0.0,1.6738441,24.0,0.0,0.0,8.0,0.0,24.0,0.0,0.0,1.9003088,70.97172,10.0,0.0,0.0,0.0,0.0,0.0,0.0,4.0,8.0,0.0,0.0,1.5745295,8.0,0.0,8.0,0.0,0.0,0.0,8.0,0.0,8.0,0.0,0.0,0.0,0.0,0.0,4.90202,4.0,4.000678,6.0,4.0,6.0,0.0,8.0,6.0,2.0,0.0,8.0,5.0,8.0,4.0,5.0,2.0,0.0,8.0,0.0,0.0,0.0,27.732828,0.95669395,254.3111,5.0,0.0,2.0,4.9950457,2.0,6.0,0.0,5.0,5.0,0.0,4.0,8.0,5.0,8.0,5.0,8.0,23.929296,28.9591,0.0,0.0,0.0,24.0,0.0,8.0,0.0,82.73172,6.0,5.0,8.0,8.0,0.0,0.0,6.0,2.0,6.0,8.0,5.0,6.0,0.0,6.0,8.0,23.500454,0.0,90.0,4.0,1.8957744,0.0,0.0,4.0,0.0,0.0,0.0,0.0,8.0,0.0,8.0,5.0,4.0,0.0,8.0,4.0,4.0,8.0,4.0,2.0,2.0,24.0,1.5768595,0.0,0.0,5.0,8.0,4.0,8.0,6.0,4.0,6.0,4.0,8.0,32.363255,6.0,2.0,10.0,8.0,5.0,31.512135,8.0,0.0,8.0
6720,0.0,4.0,4.0,90.0,6.0,2.0,6.0,2.0,4.0,2.0,5.0,4.0,4.0,4.0,5.0,2.0,8.0,15.173273,2.0,8.0,4.0,8.0,4.0,2.0,4.0,6.0,14.4578905,65.729904,0.0,4.0,6.0,2.0,6.0,0.0,6.0,5.0,0.0,5.0,5.0,5.0,6.0,6.0,5.0,8.0,6.0,4.0,24.0,21.53156,2.0,6.0,8.0,4.0,0.0,2.0,8.0,18.425592,0.0,0.0,0.0,0.0,4.0,8.0,0.0,5.0,0.0,8.0,241.93042,4.0,0.0,8.0,2.0,5.0,0.0,2.0,0.0,8.0,0.0,0.0,6.0,4.0,0.0,8.0,45.051582,0.0,30.0,2.0,0.0,2.1931086,8.0,4.0,6.0,0.0,5.0,5.0,6.0,8.0,16.0,0.0,0.0,8.0,77.0,8.0,4.0,2.8880315,3.0738504,0.0,0.0,0.0,8.0,8.0,0.0,0.0,1000.0,0.0,0.0,0.0,0.0,0.0,0.0,260.28162,6.0,0.0,5.0,6.0,8.0,0.0,2.0,4.0,0.0,2.0,2.0,8.0,5.0,0.0,0.0,0.0,151.88147,24.0,27.925894,4.0,0.0,24.0,2.2916956,0.0,1.6738441,24.0,0.0,0.0,8.0,0.0,24.0,0.0,0.0,1.9003088,59.21848,10.0,0.0,0.0,0.0,0.0,0.0,0.0,4.0,8.0,0.0,0.0,1.5745295,8.0,0.0,8.0,0.0,0.0,0.0,8.0,0.0,8.0,0.0,0.0,0.0,0.0,0.0,4.90202,4.0,4.000678,6.0,4.0,6.0,0.0,8.0,6.0,2.0,0.0,8.0,5.0,8.0,4.0,5.0,2.0,0.0,8.0,0.0,0.0,0.0,20.000433,0.95669395,246.5787,5.0,0.0,2.0,4.9950457,2.0,6.0,0.0,5.0,5.0,0.0,4.0,8.0,5.0,8.0,5.0,8.0,12.176056,28.9591,0.0,0.0,0.0,24.0,0.0,8.0,0.0,70.97848,6.0,5.0,8.0,8.0,0.0,0.0,6.0,2.0,6.0,8.0,5.0,6.0,0.0,6.0,8.0,23.500454,0.0,90.0,4.0,1.8957744,0.0,0.0,4.0,0.0,0.0,0.0,0.0,8.0,0.0,8.0,5.0,4.0,0.0,8.0,4.0,4.0,8.0,4.0,2.0,2.0,24.0,1.5768595,0.0,0.0,5.0,8.0,4.0,8.0,6.0,4.0,6.0,4.0,8.0,32.363255,6.0,2.0,10.0,8.0,5.0,31.512135,8.0,0.0,8.0
6780,0.0,4.0,4.0,90.0,6.0,2.0,6.0,2.0,4.0,2.0,5.0,4.0,4.0,4.0,5.0,2.0,8.0,7.440879,2.0,8.0,4.0,8.0,4.0,2.0,4.0,6.0,14.4578905,57.99751,0.0,4.0,6.0,2.0,6.0,0.0,6.0,5.0,0.0,5.0,5.0,5.0,6.0,6.0,5.0,8.0,6.0,4.0,24.0,21.53156,2.0,6.0,8.0,4.0,0.0,2.0,8.0,18.425592,0.0,0.0,0.0,0.0,4.0,8.0,0.0,5.0,0.0,8.0,234.50731,4.0,0.0,8.0,2.0,5.0,0.0,2.0,0.0,8.0,0.0,0.0,6.0,4.0,0.0,8.0,45.051582,0.0,30.0,2.0,0.0,2.1931086,8.0,4.0,6.0,0.0,5.0,5.0,6.0,8.0,16.0,0.0,0.0,8.0,77.0,8.0,4.0,2.8880315,3.0738504,0.0,0.0,0.0,8.0,8.0,0.0,0.0,1000.0,0.0,0.0,0.0,0.0,0.0,0.0,252.54924,6.0,0.0,5.0,6.0,8.0,0.0,2.0,4.0,0.0,2.0,2.0,8.0,5.0,0.0,0.0,0.0,144.14908,24.0,27.925894,4.0,0.0,24.0,2.2916956,0.0,1.6738441,24.0,0.0,0.0,8.0,0.0,24.0,0.0,0.0,1.9003088,47.46524,10.0,0.0,0.0,0.0,0.0,0.0,0.0,4.0,8.0,0.0,0.0,1.5745295,8.0,0.0,8.0,0.0,0.0,0.0,8.0,0.0,8.0,0.0,0.0,0.0,0.0,0.0,4.90202,4.0,4.000678,6.0,4.0,6.0,0.0,8.0,6.0,2.0,0.0,8.0,5.0,8.0,4.0,5.0,2.0,0.0,8.0,0.0,0.0,0.0,12.268039,0.95669395,238.84631,5.0,0.0,2.0,4.9950457,2.0,6.0,0.0,5.0,5.0,0.0,4.0,8.0,5.0,8.0,5.0,8.0,2.5878873,28.9591,0.0,0.0,0.0,24.0,0.0,8.0,0.0,59.22524,6.0,5.0,8.0,8.0,0.0,0.0,6.0,2.0,6.0,8.0,5.0,6.0,0.0,6.0,8.0,23.500454,0.0,90.0,4.0,1.8957744,0.0,0.0,4.0,0.0,0.0,0.0,0.0,8.0,0.0,8.0,5.0,4.0,0.0,8.0,4.0,4.0,8.0,4.0,2.0,2.0,24.0,1.5768595,0.0,0.0,5.0,8.0,4.0,8.0,6.0,4.0,6.0,4.0,8.0,32.363255,6.0,2.0,10.0,8.0,5.0,31.512135,8.0,0.0,8.0
6840,0.0,4.0,4.0,90.0,6.0,2.0,6.0,2.0,4.0,2.0,5.0,4.0,4.0,4.0,5.0,2.0,8.0,2.8014424,2.0,8.0,4.0,8.0,4.0,2.0,4.0,6.0,14.4578905,50.265114,0.0,4.0,6.0,2.0,6.0,0.0,6.0,5.0,0.0,5.0,5.0,5.0,6.0,6.0,5.0,8.0,6.0,4.0,24.0,21.53156,2.0,6.0,8.0,4.0,0.0,2.0,8.0,18.425592,0.0,0.0,0.0,0.0,4.0,8.0,0.0,5.0,0.0,8.0,227.08421,4.0,0.0,8.0,2.0,5.0,0.0,2.0,0.0,8.0,0.0,0.0,6.0,4.0,0.0,8.0,45.051582,0.0,30.0,2.0,0.0,2.1931086,8.0,4.0,6.0,0.0,5.0,5.0,6.0,8.0,16.0,0.0,0.0,8.0,77.0,8.0,4.0,2.8880315,3.0738504,0.0,0.0,0.0,8.0,8.0,0.0,0.0,1000.0,0.0,0.0,0.0,0.0,0.0,0.0,244.81683,6.0,0.0,5.0,6.0,8.0,0.0,2.0,4.0,0.0,2.0,2.0,8.0,5.0,0.0,0.0,0.0,136.41669,24.0,27.925894,4.0,0.0,24.0,2.2916956,0.0,1.6738441,24.0,0.0,0.0,8.0,0.0,24.0,0.0,0.0,1.9003088,35.712,10.0,0.0,0.0,0.0,0.0,0.0,0.0,4.0,8.0,0.0,0.0,1.5745295,8.0,0.0,8.0,0.0,0.0,0.0,8.0,0.0,8.0,0.0,0.0,0.0,0.0,0.0,4.90202,4.0,4.000678,6.0,4.0,6.0,0.0,8.0,6.0,2.0,0.0,8.0,5.0,8.0,4.0,5.0,2.0,0.0,8.0,0.0,0.0,0.0,4.535645,0.95669395,231.1139,5.0,0.0,2.0,4.9950457,2.0,6.0,0.0,5.0,5.0,0.0,4.0,8.0,5.0,8.0,5.0,8.0,2.5878873,28.9591,0.0,0.0,0.0,24.0,0.0,8.0,0.0,47.472,6.0,5.0,8.0,8.0,0.0,0.0,6.0,2.0,6.0,8.0,5.0,6.0,0.0,6.0,8.0,23.500454,0.0,90.0,4.0,1.8957744,0.0,0.0,4.0,0.0,0.0,0.0,0.0,8.0,0.0,8.0,5.0,4.0,0.0,8.0,4.0,4.0,8.0,4.0,2.0,2.0,24.0,1.5768595,0.0,0.0,5.0,8.0,4.0,8.0,6.0,4.0,6.0,4.0,8.0,32.363255,6.0,2.0,10.0,8.0,5.0,31.512135,8.0,0.0,8.0
6900,0.0,4.0,4.0,90.0,6.0,2.0,6.0,2.0,4.0,2.0,5.0,4.0,4.0,4.0,5.0,2.0,8.0,2.8014424,2.0,8.0,4.0,8.0,4.0,2.0,4.0,6.0,14.4578905,42.53272,0.0,4.0,6.0,2.0,6.0,0.0,6.0,5.0,0.0,5.0,5.0,5.0,6.0,6.0,5.0,8.0,6.0,4.0,24.0,21.53156,2.0,6.0,8.0,4.0,0.0,2.0,8.0,18.425592,0.0,0.0,0.0,0.0,4.0,8.0,0.0,5.0,0.0,8.0,219.66112,4.0,0.0,8.0,2.0,5.0,0.0,2.0,0.0,8.0,0.0,0.0,6.0,4.0,0.0,8.0,45.051582,0.0,30.0,2.0,0.0,2.1931086,8.0,4.0,6.0,0.0,5.0,5.0,6.0,8.0,16.0,0.0,0.0,8.0,77.0,8.0,4.0,2.8880315,3.0738504,0.0,0.0,0.0,8.0,8.0,0.0,0.0,1000.0,0.0,0.0,0.0,0.0,0.0,0.0,237.08444,6.0,0.0,5.0,6.0,8.0,0.0,2.0,4.0,0.0,2.0,2.0,8.0,5.0,0.0,0.0,0.0,128.6843,24.0,27.925894,4.0,0.0,24.0,2.2916956,0.0,1.6738441,24.0,0.0,0.0,8.0,0.0,24.0,0.0,0.0,1.9003088,23.958761,10.0,0.0,0.0,0.0,0.0,0.0,0.0,4.0,8.0,0.0,0.0,1.5745295,8.0,0.0,8.0,0.0,0.0,0.0,8.0,0.0,8.0,0.0,0.0,0.0,0.0,0.0,4.90202,4.0,4.000678,6.0,4.0,6.0,0.0,8.0,6.0,2.0,0.0,8.0,5.0,8.0,4.0,5.0,2.0,0.0,8.0,0.0,0.0,0.0,4.535645,0.95669395,223.38152,5.0,0.0,2.0,4.9950457,2.0,6.0,0.0,5.0,5.0,0.0,4.0,8.0,5.0,8.0,5.0,8.0,2.5878873,28.9591,0.0,0.0,0.0,24.0,0.0,8.0,0.0,35.71876,6.0,5.0,8.0,8.0,0.0,0.0,6.0,2.0,6.0,8.0,5.0,6.0,0.0,6.0,8.0,23.500454,0.0,90.0,4.0,1.8957744,0.0,0.0,4.0,0.0,0.0,0.0,0.0,8.0,0.0,8.0,5.0,4.0,0.0,8.0,4.0,4.0,8.0,4.0,2.0,2.0,24.0,1.5768595,0.0,0.0,5.0,8.0,4.0,8.0,6.0,4.0,6.0,4.0,8.0,32.363255,6.0,2.0,10.0,8.0,5.0,31.512135,8.0,0.0,8.0
6960,0.0,4.0,4.0,90.0,6.0,2.0,6.0,2.0,4.0,2.0,5.0,4.0,4.0,4.0,5.0,2.0,8.0,2.8014424,2.0,8.0,4.0,8.0,4.0,2.0,4.0,6.0,14.4578905,42.53272,0.0,4.0,6.0,2.0,6.0,0.0,6.0,5.0,0.0,5.0,5.0,5.0,6.0,6.0,5.0,8.0,6.0,4.0,24.0,21.53156,2.0,6.0,8.0,4.0,0.0,2.0,8.0,18.425592,0.0,0.0,0.0,0.0,4.0,8.0,0.0,5.0,0.0,8.0,219.66112,4.0,0.0,8.0,2.0,5.0,0.0,2.0,0.0,8.0,0.0,0.0,6.0,4.0,0.0,8.0,45.051582,0.0,30.0,2.0,0.0,2.1931086,8.0,4.0,6.0,0.0,5.0,5.0,6.0,8.0,16.0,0.0,0.0,8.0,77.0,8.0,4.0,2.8880315,3.0738504,0.0,0.0,0.0,8.0,8.0,0.0,0.0,1000.0,0.0,0.0,0.0,0.0,0.0,0.0,237.08444,6.0,0.0,5.0,6.0,8.0,0.0,2.0,4.0,0.0,2.0,2.0,8.0,5.0,0.0,0.0,0.0,128.6843,24.0,27.925894,4.0,0.0,24.0,2.2916956,0.0,1.6738441,24.0,0.0,0.0,8.0,0.0,24.0,0.0,0.0,1.9003088,12.205522,10.0,0.0,0.0,0.0,0.0,0.0,0.0,4.0,8.0,0.0,0.0,1.5745295,8.0,0.0,8.0,0.0,0.0,0.0,8.0,0.0,8.0,0.0,0.0,0.0,0.0,0.0,4.90202,4.0,4.000678,6.0,4.0,6.0,0.0,8.0,6.0,2.0,0.0,8.0,5.0,8.0,4.0,5.0,2.0,0.0,8.0,0.0,0.0,0.0,4.535645,0.95669395,223.38152,5.0,0.0,2.0,4.9950457,2.0,6.0,0.0,5.0,5.0,0.0,4.0,8.0,5.0,8.0,5.0,8.0,2.5878873,28.9591,0.0,0.0,0.0,24.0,0.0,8.0,0.0,23.96552,6.0,5.0,8.0,8.0,0.0,0.0,6.0,2.0,6.0,8.0,5.0,6.0,0.0,6.0,8.0,23.500454,0.0,90.0,4.0,1.8957744,0.0,0.0,4.0,0.0,0.0,0.0,0.0,8.0,0.0,8.0,5.0,4.0,0.0,8.0,4.0,4.0,8.0,4.0,2.0,2.0,24.0,1.5768595,0.0,0.0,5.0,8.0,4.0,8.0,6.0,4.0,6.0,4.0,8.0,32.363255,6.0,2.0,10.0,8.0,5.0,31.512135,8.0,0.0,8.0
7020,0.0,4.0,4.0,90.0,6.0,2.0,6.0,2.0,4.0,2.0,5.0,4.0,4.0,4.0,5.0,2.0,8.0,2.8014424,2.0,8.0,4.0,8.0,4.0,2.0,4.0,6.0,14.4578905,42.53272,0.0,4.0,6.0,2.0,6.0,0.0,6.0,5.0,0.0,5.0,5.0,5.0,6.0,6.0,5.0,8.0,6.0,4.0,24.0,21.53156,2.0,6.0,8.0,4.0,0.0,2.0,8.0,18.425592,0.0,0.0,0.0,0.0,4.0,8.0,0.0,5.0,0.0,8.0,219.66112,4.0,0.0,8.0,2.0,5.0,0.0,2.0,0.0,8.0,0.0,0.0,6.0,4.0,0.0,8.0,45.051582,0.0,30.0,2.0,0.0,2.1931086,8.0,4.0,6.0,0.0,5.0,5.0,6.0,8.0,16.0,0.0,0.0,8.0,77.0,8.0,4.0,2.8880315,3.0738504,0.0,0.0,0.0,8.0,8.0,0.0,0.0,1000.0,0.0,0.0,0.0,0.0,0.0,0.0,237.08444,6.0,0.0,5.0,6.0,8.0,0.0,2.0,4.0,0.0,2.0,2.0,8.0,5.0,0.0,0.0,0.0,128.6843,24.0,27.925894,4.0,0.0,24.0,2.2916956,0.0,1.6738441,24.0,0.0,0.0,8.0,0.0,24.0,0.0,0.0,1.9003088,3.8545358,10.0,0.0,0.0,0.0,0.0,0.0,0.0,4.0,8.0,0.0,0.0,1.5745295,8.0,0.0,8.0,0.0,0.0,0.0,8.0,0.0,8.0,0.0,0.0,0.0,0.0,0.0,4.90202,4.0,4.000678,6.0,4.0,6.0,0.0,8.0,6.0,2.0,0.0,8.0,5.0,8.0,4.0,5.0,2.0,0.0,8.0,0.0,0.0,0.0,4.535645,0.95669395,223.38152,5.0,0.0,2.0,4.9950457,2.0,6.0,0.0,5.0,5.0,0.0,4.0,8.0,5.0,8.0,5.0,8.0,2.5878873,28.9591,0.0,0.0,0.0,24.0,0.0,8.0,0.0,12.212282,6.0,5.0,8.0,8.0,0.0,0.0,6.0,2.0,6.0,8.0,5.0,6.0,0.0,6.0,8.0,23.500454,0.0,90.0,4.0,1.8957744,0.0,0.0,4.0,0.0,0.0,0.0,0.0,8.0,0.0,8.0,5.0,4.0,0.0,8.0,4.0,4.0,8.0,4.0,2.0,2.0,24.0,1.5768595,0.0,0.0,5.0,8.0,4.0,8.0,6.0,4.0,6.0,4.0,8.0,32.363255,6.0,2.0,10.0,8.0,5.0,31.512135,8.0,0.0,8.0
7080,0.0,1.0,1.0,85.0,4.0,2.0,4.0,2.0,1.0,2.0,5.0,1.0,4.0,1.0,5.0,2.0,7.0,2.8014424,2.0,7.0,1.0,7.0,1.0,2.0,4.0,4.0,14.4578905,42.53272,0.0,1.0,6.0,2.0,4.0,0.0,6.0,5.0,0.0,5.0,5.0,5.0,4.0,4.0,5.0,7.0,4.0,1.0,21.0,21.53156,2.0,4.0,7.0,1.0,0.0,2.0,7.0,18.425592,0.0,0.0,0.0,0.0,1.0,7.0,0.0,5.0,0.0,7.0,219.66112,4.0,0.0,7.0,2.0,5.0,0.0,2.0,0.0,8.0,0.0,0.0,4.0,1.0,0.0,7.0,45.051582,0.0,30.0,2.0,0.0,2.1931086,8.0,1.0,4.0,0.0,5.0,5.0,4.0,7.0,14.0,0.0,0.0,7.0,73.0,7.0,4.0,2.8880315,3.0738504,0.0,0.0,0.0,7.0,7.0,0.0,0.0,1000.0,0.0,0.0,0.0,0.0,0.0,0.0,237.08444,6.0,0.0,5.0,4.0,7.0,0.0,2.0,1.0,0.0,2.0,2.0,8.0,5.0,0.0,0.0,0.0,128.6843,21.0,27.925894,1.0,0.0,21.0,2.2916956,0.0,1.6738441,24.0,0.0,0.0,7.0,0.0,21.0,0.0,0.0,1.9003088,1.3801696,10.0,0.0,0.0,0.0,0.0,0.0,0.0,1.0,7.0,0.0,0.0,1.5745295,7.0,0.0,8.0,0.0,0.0,0.0,7.0,0.0,7.0,0.0,0.0,0.0,0.0,0.0,4.90202,1.0,4.000678,4.0,1.0,4.0,0.0,7.0,4.0,2.0,0.0,7.0,5.0,7.0,1.0,5.0,2.0,0.0,8.0,0.0,0.0,0.0,4.535645,0.95669395,223.38152,5.0,0.0,2.0,4.9950457,2.0,4.0,0.0,5.0,5.0,0.0,1.0,7.0,5.0,7.0,5.0,7.0,2.5878873,28.9591,0.0,0.0,0.0,21.0,0.0,7.0,0.0,3.2427049,4.0,5.0,7.0,7.0,0.0,0.0,4.0,2.0,4.0,8.0,5.0,4.0,0.0,4.0,7.0,23.500454,0.0,85.0,1.0,1.8957744,0.0,0.0,1.0,0.0,0.0,0.0,0.0,8.0,0.0,7.0,5.0,1.0,0.0,7.0,4.0,1.0,7.0,1.0,2.0,2.0,21.0,1.5768595,0.0,0.0,5.0,7.0,1.0,7.0,6.0,1.0,4.0,4.0,8.0,32.363255,4.0,2.0,10.0,7.0,5.0,31.512135,8.0,0.0,7.0
7140,0.0,1.0,1.0,85.0,4.0,2.0,4.0,2.0,1.0,2.0,5.0,1.0,4.0,1.0,5.0,2.0,7.0,2.8014424,2.0,7.0,1.0,7.0,1.0,2.0,4.0,4.0,14.4578905,42.53272,0.0,1.0,6.0,2.0,4.0,0.0,4.0,5.0,0.0,5.0,5.0,5.0,4.0,4.0,5.0,7.0,4.0,1.0,21.0,21.53156,2.0,4.0,7.0,1.0,0.0,2.0,7.0,18.425592,0.0,0.0,0.0,0.0,1.0,7.0,0.0,5.0,0.0,7.0,219.66112,1.0,0.0,7.0,2.0,5.0,0.0,2.0,0.0,7.0,0.0,0.0,4.0,1.0,0.0,7.0,45.051582,0.0,30.0,2.0,0.0,2.1931086,7.0,1.0,4.0,0.0,5.0,5.0,4.0,7.0,14.0,0.0,0.0,7.0,73.0,7.0,1.0,2.8880315,3.0738504,0.0,0.0,0.0,7.0,7.0,0.0,0.0,1000.0,0.0,0.0,0.0,0.0,0.0,0.0,237.08444,4.0,0.0,5.0,4.0,7.0,0.0,2.0,1.0,0.0,2.0,2.0,7.0,5.0,0.0,0.0,0.0,128.6843,21.0,27.925894,1.0,0.0,21.0,2.2916956,0.0,1.6738441,21.0,0.0,0.0,7.0,0.0,21.0,0.0,0.0,1.9003088,1.3801696,10.0,0.0,0.0,0.0,0.0,0.0,0.0,1.0,7.0,0.0,0.0,1.5745295,7.0,0.0,7.0,0.0,0.0,0.0,7.0,0.0,7.0,0.0,0.0,0.0,0.0,0.0,4.90202,1.0,4.000678,4.0,1.0,4.0,0.0,7.0,4.0,2.0,0.0,7.0,5.0,7.0,1.0,5.0,2.0,0.0,7.0,0.0,0.0,0.0,4.535645,0.95669395,223.38152,5.0,0.0,2.0,4.9950457,2.0,4.0,0.0,5.0,5.0,0.0,1.0,7.0,5.0,7.0,5.0,7.0,2.5878873,28.9591,0.0,0.0,0.0,21.0,0.0,7.0,0.0,3.2427049,4.0,5.0,7.0,7.0,0.0,0.0,4.0,2.0,4.0,8.0,5.0,4.0,0.0,4.0,7.0,23.500454,0.0,85.0,1.0,1.8957744,0.0,0.0,1.0,0.0,0.0,0.0,0.0,7.0,0.0,7.0,5.0,1.0,0.0,7.0,1.0,1.0,7.0,1.0,2.0,2.0,21.0,1.5768595,0.0,0.0,5.0,7.0,1.0,7.0,4.0,1.0,4.0,4.0,8.0,32.363255,4.0,2.0,10.0,7.0,5.0,31.512135,7.0,0.0,7.0
7200,0.0,1.0,1.0,85.0,4.0,2.0,4.0,2.0,1.0,2.0,5.0,1.0,4.0,1.0,5.0,2.0,7.0,2.8014424,2.0,7.0,1.0,7.0,1.0,2.0,1.0,4.0,14.4578905,42.53272,0.0,1.0,4.0,2.0,4.0,0.0,4.0,5.0,0.0,5.0,5.0,5.0,4.0,4.0,5.0,7.0,4.0,1.0,21.0,21.53156,2.0,4.0,7.0,1.0,0.0,2.0,7.0,18.425592,0.0,0.0,0.0,0.0,1.0,7.0,0.0,5.0,0.0,7.0,219.66112,1.0,0.0,7.0,2.0,5.0,0.0,2.0,0.0,7.0,0.0,0.0,4.0,1.0,0.0,7.0,45.051582,0.0,30.0,2.0,0.0,2.1931086,7.0,1.0,4.0,0.0,5.0,5.0,4.0,7.0,14.0,0.0,0.0,7.0,73.0,7.0,1.0,2.8880315,3.0738504,0.0,0.0,0.0,7.0,7.0,0.0,0.0,1000.0,0.0,0.0,0.0,0.0,0.0,0.0,237.08444,4.0,0.0,5.0,4.0,7.0,0.0,2.0,1.0,0.0,2.0,2.0,7.0,5.0,0.0,0.0,0.0,128.6843,21.0,27.925894,1.0,0.0,21.0,2.2916956,0.0,1.6738441,21.0,0.0,0.0,7.0,0.0,21.0,0.0,0.0,1.9003088,1.3801696,10.0,0.0,0.0,0.0,0.0,0.0,0.0,1.0,7.0,0.0,0.0,1.5745295,7.0,0.0,7.0,0.0,0.0,0.0,7.0,0.0,7.0,0.0,0.0,0.0,0.0,0.0,4.90202,1.0,4.000678,4.0,1.0,4.0,0.0,7.0,4.0,2.0,0.0,7.0,5.0,7.0,1.0,5.0,2.0,0.0,7.0,0.0,0.0,0.0,4.535645,0.95669395,223.38152,5.0,0.0,2.0,4.9950457,2.0,4.0,0.0,5.0,5.0,0.0,1.0,7.0,5.0,7.0,5.0,7.0,2.5878873,28.9591,0.0,0.0,0.0,21.0,0.0,7.0,0.0,3.2427049,4.0,5.0,7.0,7.0,0.0,0.0,4.0,2.0,4.0,7.0,5.0,4.0,0.0,4.0,7.0,23.500454,0.0,85.0,1.0,1.8957744,0.0,0.0,1.0,0.0,0.0,0.0,0.0,7.0,0.0,7.0,5.0,1.0,0.0,7.0,1.0,1.0,7.0,1.0,2.0,2.0,21.0,1.5768595,0.0,0.0,5.0,7.0,1.0,7.0,4.0,1.0,4.0,1.0,7.0,32.363255,4.0,2.0,10.0,7.0,5.0,31.512135,7.0,0.0,7.0
7260,0.0,1.0,1.0,85.0,4.0,2.0,4.0,2.0,1.0,2.0,5.0,1.0,1.0,1.0,5.0,2.0,7.0,2.8014424,2.0,7.0,1.0,7.0,1.0,2.0,1.0,4.0,14.4578905,42.53272,0.0,1.0,4.0,2.0,4.0,0.0,4.0,5.0,0.0,5.0,5.0,5.0,4.0,4.0,5.0,7.0,4.0,1.0,21.0,21.53156,2.0,4.0,7.0,1.0,0.0,2.0,7.0,18.425592,0.0,0.0,0.0,0.0,1.0,7.0,0.0,5.0,0.0,7.0,219.66112,1.0,0.0,7.0,2.0,5.0,0.0,2.0,0.0,7.0,0.0,0.0,4.0,1.0,0.0,7.0,45.051582,0.0,30.0,2.0,0.0,2.1931086,7.0,1.0,4.0,0.0,5.0,5.0,4.0,7.0,14.0,0.0,0.0,7.0,73.0,7.0,1.0,2.8880315,3.0738504,0.0,0.0,0.0,7.0,7.0,0.0,0.0,1000.0,0.0,0.0,0.0,0.0,0.0,0.0,237.08444,4.0,0.0,5.0,4.0,7.0,0.0,2.0,1.0,0.0,2.0,2.0,7.0,5.0,0.0,0.0,0.0,128.6843,21.0,27.925894,1.0,0.0,21.0,2.2916956,0.0,1.6738441,21.0,0.0,0.0,7.0,0.0,21.0,0.0,0.0,1.9003088,1.3801696,10.0,0.0,0.0,0.0,0.0,0.0,0.0,1.0,7.0,0.0,0.0,1.5745295,7.0,0.0,7.0,0.0,0.0,0.0,7.0,0.0,7.0,0.0,0.0,0.0,0.0,0.0,4.90202,1.0,4.000678,4.0,1.0,4.0,0.0,7.0,4.0,2.0,0.0,7.0,5.0,7.0,1.0,5.0,2.0,0.0,7.0,0.0,0.0,0.0,4.535645,0.95669395,223.38152,5.0,0.0,2.0,4.9950457,2.0,4.0,0.0,5.0,5.0,0.0,1.0,7.0,5.0,7.0,5.0,7.0,2.5878873,28.9591,0.0,0.0,0.0,21.0,0.0,7.0,0.0,3.2427049,4.0,5.0,7.0,7.0,0.0,0.0,4.0,2.0,4.0,7.0,5.0,4.0,0.0,4.0,7.0,23.500454,0.0,85.0,1.0,1.8957744,0.0,0.0,1.0,0.0,0.0,0.0,0.0,7.0,0.0,7.0,5.0,1.0,0.0,7.0,1.0,1.0,7.0,1.0,2.0,2.0,21.0,1.5768595,0.0,0.0,5.0,7.0,1.0,7.0,4.0,1.0,4.0,1.0,7.0,32.363255,4.0,2.0,10.0,7.0,5.0,31.512135,7.0,0.0,7.0
7320,0.0,1.0,1.0,85.0,4.0,2.0,4.0,2.0,1.0,2.0,5.0,1.0,1.0,1.0,5.0,2.0,7.0,2.8014424,2.0,7.0,1.0,7.0,1.0,2.0,1.0,4.0,14.4578905,42.53272,0.0,1.0,4.0,2.0,4.0,0.0,4.0,5.0,0.0,5.0,5.0,5.0,4.0,4.0,5.0,7.0,4.0,1.0,21.0,21.53156,2.0,4.0,7.0,1.0,0.0,2.0,7.0,18.425592,0.0,0.0,0.0,0.0,1.0,7.0,0.0,5.0,0.0,7.0,219.66112,1.0,0.0,7.0,2.0,5.0,0.0,2.0,0.0,7.0,0.0,0.0,4.0,1.0,0.0,7.0,45.051582,0.0,30.0,2.0,0.0,2.1931086,7.0,1.0,4.0,0.0,5.0,5.0,4.0,7.0,14.0,0.0,0.0,7.0,73.0,7.0,1.0,2.8880315,3.0738504,0.0,0.0,0.0,7.0,7.0,0.0,0.0,1000.0,0.0,0.0,0.0,0.0,0.0,0.0,237.08444,4.0,0.0,5.0,4.0,7.0,0.0,2.0,1.0,0.0,2.0,2.0,7.0,5.0,0.0,0.0,0.0,128.6843,21.0,27.925894,1.0,0.0,21.0,2.2916956,0.0,1.6738441,21.0,0.0,0.0,7.0,0.0,21.0,0.0,0.0,1.9003088,1.3801696,10.0,0.0,0.0,0.0,0.0,0.0,0.0,1.0,7.0,0.0,0.0,1.5745295,7.0,0.0,7.0,0.0,0.0,0.0,7.0,0.0,7.0,0.0,0.0,0.0,0.0,0.0,4.90202,1.0,4.000678,4.0,1.0,4.0,0.0,7.0,4.0,2.0,0.0,7.0,5.0,7.0,1.0,5.0,2.0,0.0,7.0,0.0,0.0,0.0,4.535645,0.95669395,223.38152,5.0,0.0,2.0,4.9950457,2.0,4.0,0.0,5.0,5.0,0.0,1.0,7.0,5.0,7.0,5.0,7.0,2.5878873,28.9591,0.0,0.0,0.0,21.0,0.0,7.0,0.0,3.2427049,4.0,5.0,7.0,7.0,0.0,0.0,4.0,2.0,4.0,7.0,5.0,4.0,0.0,4.0,7.0,23.500454,0.0,85.0,1.0,1.8957744,0.0,0.0,1.0,0.0,0.0,0.0,0.0,7.0,0.0,7.0,5.0,1.0,0.0,7.0,1.0,1.0,7.0,1.0,2.0,2.0,21.0,1.5768595,0.0,0.0,5.0,7.0,1.0,7.0,4.0,1.0,4.0,1.0,7.0,32.363255,4.0,2.0,10.0,7.0,5.0,31.512135,7.0,0.0,7.0
7380,0.0,1.0,1.0,85.0,4.0,2.0,4.0,2.0,1.0,2.0,5.0,1.0,1.0,1.0,5.0,2.0,7.0,2.8014424,2.0,7.0,1.0,7.0,1.0,2.0,1.0,4.0,14.4578905,42.53272,0.0,1.0,4.0,2.0,4.0,0.0,4.0,5.0,0.0,5.0,5.0,5.0,4.0,4.0,5.0,7.0,4.0,1.0,21.0,21.53156,2.0,4.0,7.0,1.0,0.0,2.0,7.0,18.425592,0.0,0.0,0.0,0.0,1.0,7.0,0.0,5.0,0.0,7.0,219.66112,1.0,0.0,7.0,2.0,5.0,0.0,2.0,0.0,7.0,0.0,0.0,4.0,1.0,0.0,7.0,45.051582,0.0,30.0,2.0,0.0,2.1931086,7.0,1.0,4.0,0.0,5.0,5.0,4.0,7.0,14.0,0.0,0.0,7.0,73.0,7.0,1.0,2.8880315,3.0738504,0.0,0.0,0.0,7.0,7.0,0.0,0.0,1000.0,0.0,0.0,0.0,0.0,0.0,0.0,237.08444,4.0,0.0,5.0,4.0,7.0,0.0,2.0,1.0,0.0,2.0,2.0,7.0,5.0,0.0,0.0,0.0,128.6843,21.0,27.925894,1.0,0.0,21.0,2.2916956,0.0,1.6738441,21.0,0.0,0.0,7.0,0.0,21.0,0.0,0.0,1.9003088,1.3801696,10.0,0.0,0.0,0.0,0.0,0.0,0.0,1.0,7.0,0.0,0.0,1.5745295,7.0,0.0,7.0,0.0,0.0,0.0,7.0,0.0,7.0,0.0,0.0,0.0,0.0,0.0,4.90202,1.0,4.000678,4.0,1.0,4.0,0.0,7.0,4.0,2.0,0.0,7.0,5.0,7.0,1.0,5.0,2.0,0.0,7.0,0.0,0.0,0.0,4.535645,0.95669395,223.38152,5.0,0.0,2.0,4.9950457,2.0,4.0,0.0,5.0,5.0,0.0,1.0,7.0,5.0,7.0,5.0,7.0,2.5878873,28.9591,0.0,0.0,0.0,21.0,0.0,7.0,0.0,3.2427049,4.0,5.0,7.0,7.0,0.0,0.0,4.0,2.0,4.0,7.0,5.0,4.0,0.0,4.0,7.0,23.500454,0.0,85.0,1.0,1.8957744,0.0,0.0,1.0,0.0,0.0,0.0,0.0,7.0,0.0,7.0,5.0,1.0,0.0,7.0,1.0,1.0,7.0,1.0,2.0,2.0,21.0,1.5768595,0.0,0.0,5.0,7.0,1.0,7.0,4.0,1.0,4.0,1.0,7.0,32.363255,4.0,2.0,10.0,7.0,5.0,31.512135,7.0,0.0,7.0
7440,0.0,1.0,1.0,85.0,4.0,2.0,4.0,2.0,1.0,2.0,5.0,1.0,1.0,1.0,5.0,2.0,7.0,2.8014424,2.0,7.0,1.0,7.0,1.0,2.0,1.0,4.0,14.4578905,42.53272,0.0,1.0,4.0,2.0,4.0,0.0,4.0,5.0,0.0,5.0,5.0,5.0,4.0,4.0,5.0,7.0,4.0,1.0,21.0,21.53156,2.0,4.0,7.0,1.0,0.0,2.0,7.0,18.425592,0.0,0.0,0.0,0.0,1.0,7.0,0.0,5.0,0.0,7.0,219.66112,1.0,0.0,7.0,2.0,5.0,0.0,2.0,0.0,7.0,0.0,0.0,4.0,1.0,0.0,7.0,45.051582,0.0,30.0,2.0,0.0,2.1931086,7.0,1.0,4.0,0.0,5.0,5.0,4.0,7.0,14.0,0.0,0.0,7.0,73.0,7.0,1.0,2.8880315,3.0738504,0.0,0.0,0.0,7.0,7.0,0.0,0.0,1000.0,0.0,0.0,0.0,0.0,0.0,0.0,237.08444,4.0,0.0,5.0,4.0,7.0,0.0,2.0,1.0,0.0,2.0,2.0,7.0,5.0,0.0,0.0,0.0,128.6843,21.0,27.925894,1.0,0.0,21.0,2.2916956,0.0,1.6738441,21.0,0.0,0.0,7.0,0.0,21.0,0.0,0.0,1.9003088,1.3801696,10.0,0.0,0.0,0.0,0.0,0.0,0.0,1.0,7.0,0.0,0.0,1.5745295,7.0,0.0,7.0,0.0,0.0,0.0,7.0,0.0,7.0,0.0,0.0,0.0,0.0,0.0,4.90202,1.0,4.000678,4.0,1.0,4.0,0.0,7.0,4.0,2.0,0.0,7.0,5.0,7.0,1.0,5.0,2.0,0.0,7.0,0.0,0.0,0.0,4.535645,0.95669395,223.38152,5.0,0.0,2.0,4.9950457,2.0,4.0,0.0,5.0,5.0,0.0,1.0,7.0,5.0,7.0,5.0,7.0,2.5878873,28.9591,0.0,0.0,0.0,21.0,0.0,7.0,0.0,3.2427049,4.0,5.0,7.0,7.0,0.0,0.0,4.0,2.0,4.0,7.0,5.0,4.0,0.0,4.0,7.0,23.500454,0.0,85.0,1.0,1.8957744,0.0,0.0,1.0,0.0,0.0,0.0,0.0,7.0,0.0,7.0,5.0,1.0,0.0,7.0,1.0,1.0,7.0,1.0,2.0,2.0,21.0,1.5768595,0.0,0.0,5.0,7.0,1.0,7.0,4.0,1.0,4.0,1.0,7.0,32.363255,4.0,2.0,10.0,7.0,5.0,31.512135,7.0,0.0,7.0
7500,0.0,1.0,1.0,85.0,4.0,2.0,4.0,2.0,1.0,2.0,5.0,1.0,1.0,1.0,5.0,2.0,7.0,2.8014424,2.0,7.0,1.0,7.0,1.0,2.0,1.0,4.0,14.4578905,42.53272,0.0,1.0,4.0,2.0,4.0,0.0,4.0,5.0,0.0,5.0,5.0,5.0,4.0,4.0,5.0,7.0,4.0,1.0,21.0,21.53156,2.0,4.0,7.0,1.0,0.0,2.0,7.0,18.425592,0.0,0.0,0.0,0.0,1.0,7.0,0.0,5.0,0.0,7.0,219.66112,1.0,0.0,7.0,2.0,5.0,0.0,2.0,0.0,7.0,0.0,0.0,4.0,1.0,0.0,7.0,45.051582,0.0,30.0,2.0,0.0,2.1931086,7.0,1.0,4.0,0.0,5.0,5.0,4.0,7.0,14.0,0.0,0.0,7.0,73.0,7.0,1.0,2.8880315,3.0738504,0.0,0.0,0.0,7.0,7.0,0.0,0.0,1000.0,0.0,0.0,0.0,0.0,0.0,0.0,237.08444,4.0,0.0,5.0,4.0,7.0,0.0,2.0,1.0,0.0,2.0,2.0,7.0,5.0,0.0,0.0,0.0,128.6843,21.0,27.925894,1.0,0.0,21.0,2.2916956,0.0,1.6738441,21.0,0.0,0.0,7.0,0.0,21.0,0.0,0.0,1.9003088,1.3801696,10.0,0.0,0.0,0.0,0.0,0.0,0.0,1.0,7.0,0.0,0.0,1.5745295,7.0,0.0,7.0,0.0,0.0,0.0,7.0,0.0,7.0,0.0,0.0,0.0,0.0,0.0,4.90202,1.0,4.000678,4.0,1.0,4.0,0.0,7.0,4.0,2.0,0.0,7.0,5.0,7.0,1.0,5.0,2.0,0.0,7.0,0.0,0.0,0.0,4.535645,0.95669395,223.38152,5.0,0.0,2.0,4.9950457,2.0,4.0,0.0,5.0,5.0,0.0,1.0,7.0,5.0,7.0,5.0,7.0,2.5878873,28.9591,0.0,0.0,0.0,21.0,0.0,7.0,0.0,3.2427049,4.0,5.0,7.0,7.0,0.0,0.0,4.0,2.0,4.0,7.0,5.0,4.0,0.0,4.0,7.0,23.500454,0.0,85.0,1.0,1.8957744,0.0,0.0,1.0,0.0,0.0,0.0,0.0,7.0,0.0,7.0,5.0,1.0,0.0,7.0,1.0,1.0,7.0,1.0,2.0,2.0,21.0,1.5768595,0.0,0.0,5.0,7.0,1.0,7.0,4.0,1.0,4.0,1.0,7.0,32.363255,4.0,2.0,10.0,7.0,5.0,31.512135,7.0,0.0,7.0
7560,0.0,1.0,1.0,85.0,4.0,2.0,4.0,2.0,1.0,2.0,5.0,1.0,1.0,1.0,5.0,2.0,7.0,2.8014424,2.0,7.0,1.0,7.0,1.0,2.0,1.0,4.0,14.4578905,42.53272,0.0,1.0,4.0,2.0,4.0,0.0,4.0,5.0,0.0,5.0,5.0,5.0,4.0,4.0,5.0,7.0,4.0,1.0,21.0,21.53156,2.0,4.0,7.0,1.0,0.0,2.0,7.0,18.425592,0.0,0.0,0.0,0.0,1.0,7.0,0.0,5.0,0.0,7.0,219.66112,1.0,0.0,7.0,2.0,5.0,0.0,2.0,0.0,7.0,0.0,0.0,4.0,1.0,0.0,7.0,45.051582,0.0,30.0,2.0,0.0,2.1931086,7.0,1.0,4.0,0.0,5.0,5.0,4.0,7.0,14.0,0.0,0.0,7.0,73.0,7.0,1.0,2.8880315,3.0738504,0.0,0.0,0.0,7.0,7.0,0.0,0.0,1000.0,0.0,0.0,0.0,0.0,0.0,0.0,237.08444,4.0,0.0,5.0,4.0,7.0,0.0,2.0,1.0,0.0,2.0,2.0,7.0,5.0,0.0,0.0,0.0,128.6843,21.0,27.925894,1.0,0.0,21.0,2.2916956,0.0,1.6738441,21.0,0.0,0.0,7.0,0.0,21.0,0.0,0.0,1.9003088,1.3801696,10.0,0.0,0.0,0.0,0.0,0.0,0.0,1.0,7.0,0.0,0.0,1.5745295,7.0,0.0,7.0,0.0,0.0,0.0,7.0,0.0,7.0,0.0,0.0,0.0,0.0,0.0,4.90202,1.0,4.000678,4.0,1.0,4.0,0.0,7.0,4.0,2.0,0.0,7.0,5.0,7.0,1.0,5.0,2.0,0.0,7.0,0.0,0.0,0.0,4.535645,0.95669395,223.38152,5.0,0.0,2.0,4.9950457,2.0,4.0,0.0,5.0,5.0,0.0,1.0,7.0,5.0,7.0,5.0,7.0,2.5878873,28.9591,0.0,0.0,0.0,21.0,0.0,7.0,0.0,3.2427049,4.0,5.0,7.0,7.0,0.0,0.0,4.0,2.0,4.0,7.0,5.0,4.0,0.0,4.0,7.0,23.500454,0.0,85.0,1.0,1.8957744,0.0,0.0,1.0,0.0,0.0,0.0,0.0,7.0,0.0,7.0,5.0,1.0,0.0,7.0,1.0,1.0,7.0,1.0,2.0,2.0,21.0,1.5768595,0.0,0.0,5.0,7.0,1.0,7.0,4.0,1.0,4.0,1.0,7.0,32.363255,4.0,2.0,10.0,7.0,5.0,31.512135,7.0,0.0,7.0
7620,0.0,1.0,1.0,85.0,4.0,2.0,4.0,2.0,1.0,2.0,5.0,1.0,1.0,1.0,5.0,2.0,7.0,2.8014424,2.0,7.0,1.0,7.0,1.0,2.0,1.0,4.0,14.4578905,42.53272,0.0,1.0,4.0,2.0,4.0,0.0,4.0,5.0,0.0,5.0,5.0,5.0,4.0,4.0,5.0,7.0,4.0,1.0,21.0,21.53156,2.0,4.0,7.0,1.0,0.0,2.0,7.0,18.425592,0.0,0.0,0.0,0.0,1.0,7.0,0.0,5.0,0.0,7.0,219.66112,1.0,0.0,7.0,2.0,5.0,0.0,2.0,0.0,7.0,0.0,0.0,4.0,1.0,0.0,7.0,45.051582,0.0,30.0,2.0,0.0,2.1931086,7.0,1.0,4.0,0.0,5.0,5.0,4.0,7.0,14.0,0.0,0.0,7.0,73.0,7.0,1.0,2.8880315,3.0738504,0.0,0.0,0.0,7.0,7.0,0.0,0.0,1000.0,0.0,0.0,0.0,0.0,0.0,0.0,237.08444,4.0,0.0,5.0,4.0,7.0,0.0,2.0,1.0,0.0,2.0,2.0,7.0,5.0,0.0,0.0,0.0,128.6843,21.0,27.925894,1.0,0.0,21.0,2.2916956,0.0,1.6738441,21.0,0.0,0.0,7.0,0.0,21.0,0.0,0.0,1.9003088,1.3801696,10.0,0.0,0.0,0.0,0.0,0.0,0.0,1.0,7.0,0.0,0.0,1.5745295,7.0,0.0,7.0,0.0,0.0,0.0,7.0,0.0,7.0,0.0,0.0,0.0,0.0,0.0,4.90202,1.0,4.000678,4.0,1.0,4.0,0.0,7.0,4.0,2.0,0.0,7.0,5.0,7.0,1.0,5.0,2.0,0.0,7.0,0.0,0.0,0.0,4.535645,0.95669395,223.38152,5.0,0.0,2.0,4.9950457,2.0,4.0,0.0,5.0,5.0,0.0,1.0,7.0,5.0,7.0,5.0,7.0,2.5878873,28.9591,0.0,0.0,0.0,21.0,0.0,7.0,0.0,3.2427049,4.0,5.0,7.0,7.0,0.0,0.0,4.0,2.0,4.0,7.0,5.0,4.0,0.0,4.0,7.0,23.500454,0.0,85.0,1.0,1.8957744,0.0,0.0,1.0,0.0,0.0,0.0,0.0,7.0,0.0,7.0,5.0,1.0,0.0,7.0,1.0,1.0,7.0,1.0,2.0,2.0,21.0,1.5768595,0.0,0.0,5.0,7.0,1.0,7.0,4.0,1.0,4.0,1.0,7.0,32.363255,4.0,2.0,10.0,7.0,5.0,31.512135,7.0,0.0,7.0
7680,0.0,1.0,1.0,85.0,4.0,2.0,4.0,2.0,1.0,2.0,5.0,1.0,1.0,1.0,5.0,2.0,7.0,2.8014424,2.0,7.0,1.0,7.0,1.0,2.0,1.0,4.0,14.4578905,42.53272,0.0,1.0,4.0,2.0,4.0,0.0,4.0,5.0,0.0,5.0,5.0,5.0,4.0,4.0,5.0,7.0,4.0,1.0,21.0,21.53156,2.0,4.0,7.0,1.0,0.0,2.0,7.0,18.425592,0.0,0.0,0.0,0.0,1.0,7.0,0.0,5.0,0.0,7.0,219.66112,1.0,0.0,7.0,2.0,5.0,0.0,2.0,0.0,7.0,0.0,0.0,4.0,1.0,0.0,7.0,45.051582,0.0,30.0,2.0,0.0,2.1931086,7.0,1.0,4.0,0.0,5.0,5.0,4.0,7.0,14.0,0.0,0.0,7.0,73.0,7.0,1.0,2.8880315,3.0738504,0.0,0.0,0.0,7.0,7.0,0.0,0.0,1000.0,0.0,0.0,0.0,0.0,0.0,0.0,237.08444,4.0,0.0,5.0,4.0,7.0,0.0,2.0,1.0,0.0,2.0,2.0,7.0,5.0,0.0,0.0,0.0,128.6843,21.0,27.925894,1.0,0.0,21.0,2.2916956,0.0,1.6738441,21.0,0.0,0.0,7.0,0.0,21.0,0.0,0.0,1.9003088,1.3801696,10.0,0.0,0.0,0.0,0.0,0.0,0.0,1.0,7.0,0.0,0.0,1.5745295,7.0,0.0,7.0,0.0,0.0,0.0,7.0,0.0,7.0,0.0,0.0,0.0,0.0,0.0,4.90202,1.0,4.000678,4.0,1.0,4.0,0.0,7.0,4.0,2.0,0.0,7.0,5.0,7.0,1.0,5.0,2.0,0.0,7.0,0.0,0.0,0.0,4.535645,0.95669395,223.38152,5.0,0.0,2.0,4.9950457,2.0,4.0,0.0,5.0,5.0,0.0,1.0,7.0,5.0,7.0,5.0,7.0,2.5878873,28.9591,0.0,0.0,0.0,21.0,0.0,7.0,0.0,3.2427049,4.0,5.0,7.0,7.0,0.0,0.0,4.0,2.0,4.0,7.0,5.0,4.0,0.0,4.0,7.0,23.500454,0.0,85.0,1.0,1.8957744,0.0,0.0,1.0,0.0,0.0,0.0,0.0,7.0,0.0,7.0,5.0,1.0,0.0,7.0,1.0,1.0,7.0,1.0,2.0,2.0,21.0,1.5768595,0.0,0.0,5.0,7.0,1.0,7.0,4.0,1.0,4.0,1.0,7.0,32.363255,4.0,2.0,10.0,7.0,5.0,31.512135,7.0,0.0,7.0
7740,0.0,1.0,1.0,85.0,4.0,2.0,4.0,2.0,1.0,2.0,5.0,1.0,1.0,1.0,5.0,2.0,7.0,2.8014424,2.0,7.0,1.0,7.0,1.0,2.0,1.0,4.0,14.4578905,42.53272,0.0,1.0,4.0,2.0,4.0,0.0,4.0,5.0,0.0,5.0,5.0,5.0,4.0,4.0,5.0,7.0,4.0,1.0,21.0,21.53156,2.0,4.0,7.0,1.0,0.0,2.0,7.0,18.425592,0.0,0.0,0.0,0.0,1.0,7.0,0.0,5.0,0.0,7.0,219.66112,1.0,0.0,7.0,2.0,5.0,0.0,2.0,0.0,7.0,0.0,0.0,4.0,1.0,0.0,7.0,45.051582,0.0,30.0,2.0,0.0,2.1931086,7.0,1.0,4.0,0.0,5.0,5.0,4.0,7.0,14.0,0.0,0.0,7.0,73.0,7.0,1.0,2.8880315,3.0738504,0.0,0.0,0.0,7.0,7.0,0.0,0.0,1000.0,0.0,0.0,0.0,0.0,0.0,0.0,237.08444,4.0,0.0,5.0,4.0,7.0,0.0,2.0,1.0,0.0,2.0,2.0,7.0,5.0,0.0,0.0,0.0,128.6843,21.0,27.925894,1.0,0.0,21.0,2.2916956,0.0,1.6738441,21.0,0.0,0.0,7.0,0.0,21.0,0.0,0.0,1.9003088,1.3801696,10.0,0.0,0.0,0.0,0.0,0.0,0.0,1.0,7.0,0.0,0.0,1.5745295,7.0,0.0,7.0,0.0,0.0,0.0,7.0,0.0,7.0,0.0,0.0,0.0,0.0,0.0,4.90202,1.0,4.000678,4.0,1.0,4.0,0.0,7.0,4.0,2.0,0.0,7.0,5.0,7.0,1.0,5.0,2.0,0.0,7.0,0.0,0.0,0.0,4.535645,0.95669395,215.64912,5.0,0.0,2.0,4.9950457,2.0,4.0,0.0,5.0,5.0,0.0,1.0,7.0,5.0,7.0,5.0,7.0,2.5878873,28.9591,0.0,0.0,0.0,21.0,0.0,7.0,0.0,3.2427049,4.0,5.0,7.0,7.0,0.0,0.0,4.0,2.0,4.0,7.0,5.0,4.0,0.0,4.0,7.0,23.500454,0.0,85.0,1.0,1.8957744,0.0,0.0,1.0,0.0,0.0,0.0,0.0,7.0,0.0,7.0,5.0,1.0,0.0,7.0,1.0,1.0,7.0,1.0,2.0,2.0,21.0,1.5768595,0.0,0.0,5.0,7.0,1.0,7.0,4.0,1.0,4.0,1.0,7.0,32.363255,4.0,2.0,10.0,7.0,5.0,31.512135,7.0,0.0,7.0
7800,0.0,1.0,1.0,85.0,4.0,2.0,4.0,2.0,1.0,2.0,5.0,1.0,1.0,1.0,5.0,2.0,7.0,2.8014424,2.0,7.0,1.0,7.0,1.0,2.0,1.0,4.0,14.4578905,34.800323,0.0,1.0,4.0,2.0,4.0,0.0,4.0,5.0,0.0,5.0,5.0,5.0,4.0,4.0,5.0,7.0,4.0,1.0,21.0,21.53156,2.0,4.0,7.0,1.0,0.0,2.0,7.0,18.425592,0.0,0.0,0.0,0.0,1.0,7.0,0.0,5.0,0.0,7.0,212.23802,1.0,0.0,7.0,2.0,5.0,0.0,2.0,0.0,7.0,0.0,0.0,4.0,1.0,0.0,7.0,45.051582,0.0,30.0,2.0,0.0,2.1931086,7.0,1.0,4.0,0.0,5.0,5.0,4.0,7.0,14.0,0.0,0.0,7.0,73.0,7.0,1.0,2.8880315,3.0738504,0.0,0.0,0.0,7.0,7.0,0.0,0.0,1000.0,0.0,0.0,0.0,0.0,0.0,0.0,229.35205,4.0,0.0,5.0,4.0,7.0,0.0,2.0,1.0,0.0,2.0,2.0,7.0,5.0,0.0,0.0,0.0,120.9519,21.0,27.925894,1.0,0.0,21.0,2.2916956,0.0,1.6738441,21.0,0.0,0.0,7.0,0.0,21.0,0.0,0.0,1.9003088,1.3801696,10.0,0.0,0.0,0.0,0.0,0.0,0.0,1.0,7.0,0.0,0.0,1.5745295,7.0,0.0,7.0,0.0,0.0,0.0,7.0,0.0,7.0,0.0,0.0,0.0,0.0,0.0,4.90202,1.0,4.000678,4.0,1.0,4.0,0.0,7.0,4.0,2.0,0.0,7.0,5.0,7.0,1.0,5.0,2.0,0.0,7.0,0.0,0.0,0.0,4.535645,0.95669395,207.91673,5.0,0.0,2.0,4.9950457,2.0,4.0,0.0,5.0,5.0,0.0,1.0,7.0,5.0,7.0,5.0,7.0,2.5878873,28.9591,0.0,0.0,0.0,21.0,0.0,7.0,0.0,3.2427049,4.0,5.0,7.0,7.0,0.0,0.0,4.0,2.0,4.0,7.0,5.0,4.0,0.0,4.0,7.0,23.500454,0.0,85.0,1.0,1.8957744,0.0,0.0,1.0,0.0,0.0,0.0,0.0,7.0,0.0,7.0,5.0,1.0,0.0,7.0,1.0,1.0,7.0,1.0,2.0,2.0,21.0,1.5768595,0.0,0.0,5.0,7.0,1.0,7.0,4.0,1.0,4.0,1.0,7.0,32.363255,4.0,2.0,10.0,7.0,5.0,31.512135,7.0,0.0,7.0
7860,0.0,1.0,1.0,85.0,4.0,2.0,4.0,2.0,1.0,2.0,5.0,1.0,1.0,1.0,5.0,2.0,7.0,2.8014424,2.0,7.0,1.0,7.0,1.0,2.0,1.0,4.0,14.4578905,27.06793,0.0,1.0,4.0,2.0,4.0,0.0,4.0,5.0,0.0,5.0,5.0,5.0,4.0,4.0,5.0,7.0,4.0,1.0,21.0,21.53156,2.0,4.0,7.0,1.0,0.0,2.0,7.0,18.425592,0.0,0.0,0.0,0.0,1.0,7.0,0.0,5.0,0.0,7.0,204.81493,1.0,0.0,7.0,2.0,5.0,0.0,2.0,0.0,7.0,0.0,0.0,4.0,1.0,0.0,7.0,45.051582,0.0,30.0,2.0,0.0,2.1931086,7.0,1.0,4.0,0.0,5.0,5.0,4.0,7.0,14.0,0.0,0.0,7.0,73.0,7.0,1.0,2.8880315,3.0738504,0.0,0.0,0.0,7.0,7.0,0.0,0.0,1000.0,0.0,0.0,0.0,0.0,0.0,0.0,221.61966,4.0,0.0,5.0,4.0,7.0,0.0,2.0,1.0,0.0,2.0,2.0,7.0,5.0,0.0,0.0,0.0,113.219505,21.0,27.925894,1.0,0.0,21.0,2.2916956,0.0,1.6738441,21.0,0.0,0.0,7.0,0.0,21.0,0.0,0.0,1.9003088,1.3801696,10.0,0.0,0.0,0.0,0.0,0.0,0.0,1.0,7.0,0.0,0.0,1.5745295,7.0,0.0,7.0,0.0,0.0,0.0,7.0,0.0,7.0,0.0,0.0,0.0,0.0,0.0,4.90202,1.0,4.000678,4.0,1.0,4.0,0.0,7.0,4.0,2.0,0.0,7.0,5.0,7.0,1.0,5.0,2.0,0.0,7.0,0.0,0.0,0.0,4.535645,0.95669395,200.18434,5.0,0.0,2.0,4.9950457,2.0,4.0,0.0,5.0,5.0,0.0,1.0,7.0,5.0,7.0,5.0,7.0,2.5878873,28.9591,0.0,0.0,0.0,21.0,0.0,7.0,0.0,3.2427049,4.0,5.0,7.0,7.0,0.0,0.0,4.0,2.0,4.0,7.0,5.0,4.0,0.0,4.0,7.0,23.500454,0.0,85.0,1.0,1.8957744,0.0,0.0,1.0,0.0,0.0,0.0,0.0,7.0,0.0,7.0,5.0,1.0,0.0,7.0,1.0,1.0,7.0,1.0,2.0,2.0,21.0,1.5768595,0.0,0.0,5.0,7.0,1.0,7.0,4.0,1.0,4.0,1.0,7.0,32.363255,4.0,2.0,10.0,7.0,5.0,31.512135,7.0,0.0,7.0
7920,0.0,1.0,1.0,85.0,4.0,2.0,4.0,2.0,1.0,2.0,5.0,1.0,1.0,1.0,5.0,2.0,7.0,2.8014424,2.0,7.0,1.0,7.0,1.0,2.0,1.0,4.0,14.4578905,19.335537,0.0,1.0,4.0,2.0,4.0,0.0,4.0,5.0,0.0,5.0,5.0,5.0,4.0,4.0,5.0,7.0,4.0,1.0,21.0,21.53156,2.0,4.0,7.0,1.0,0.0,2.0,7.0,18.425592,0.0,0.0,0.0,0.0,1.0,7.0,0.0,5.0,0.0,7.0,197.39182,1.0,0.0,7.0,2.0,5.0,0.0,2.0,0.0,7.0,0.0,0.0,4.0,1.0,0.0,7.0,45.051582,0.0,30.0,2.0,0.0,2.1931086,7.0,1.0,4.0,0.0,5.0,5.0,4.0,7.0,14.0,0.0,0.0,7.0,73.0,7.0,1.0,2.8880315,3.0738504,0.0,0.0,0.0,7.0,7.0,0.0,0.0,1000.0,0.0,0.0,0.0,0.0,0.0,0.0,213.88727,4.0,0.0,5.0,4.0,7.0,0.0,2.0,1.0,0.0,2.0,2.0,7.0,5.0,0.0,0.0,0.0,105.48711,21.0,27.925894,1.0,0.0,21.0,2.2916956,0.0,1.6738441,21.0,0.0,0.0,7.0,0.0,21.0,0.0,0.0,1.9003088,1.3801696,10.0,0.0,0.0,0.0,0.0,0.0,0.0,1.0,7.0,0.0,0.0,1.5745295,7.0,0.0,7.0,0.0,0.0,0.0,7.0,0.0,7.0,0.0,0.0,0.0,0.0,0.0,4.90202,1.0,4.000678,4.0,1.0,4.0,0.0,7.0,4.0,2.0,0.0,7.0,5.0,7.0,1.0,5.0,2.0,0.0,7.0,0.0,0.0,0.0,4.535645,0.95669395,192.45193,5.0,0.0,2.0,4.9950457,2.0,4.0,0.0,5.0,5.0,0.0,1.0,7.0,5.0,7.0,5.0,7.0,2.5878873,28.9591,0.0,0.0,0.0,21.0,0.0,7.0,0.0,3.2427049,4.0,5.0,7.0,7.0,0.0,0.0,4.0,2.0,4.0,7.0,5.0,4.0,0.0,4.0,7.0,23.500454,0.0,85.0,1.0,1.8957744,0.0,0.0,1.0,0.0,0.0,0.0,0.0,7.0,0.0,7.0,5.0,1.0,0.0,7.0,1.0,1.0,7.0,1.0,2.0,2.0,21.0,1.5768595,0.0,0.0,5.0,7.0,1.0,7.0,4.0,1.0,4.0,1.0,7.0,32.363255,4.0,2.0,10.0,7.0,5.0,31.512135,7.0,0.0,7.0
7980,0.0,1.0,1.0,85.0,4.0,2.0,4.0,2.0,1.0,2.0,5.0,1.0,1.0,1.0,5.0,2.0,7.0,2.8014424,2.0,7.0,1.0,7.0,1.0,2.0,1.0,4.0,14.4578905,11.603142,0.0,1.0,4.0,2.0,4.0,0.0,4.0,5.0,0.0,5.0,5.0,5.0,4.0,4.0,5.0,7.0,4.0,1.0,21.0,21.53156,2.0,4.0,7.0,1.0,0.0,2.0,7.0,18.425592,0.0,0.0,0.0,0.0,1.0,7.0,0.0,5.0,0.0,7.0,189.96872,1.0,0.0,7.0,2.0,5.0,0.0,2.0,0.0,7.0,0.0,0.0,4.0,1.0,0.0,7.0,45.051582,0.0,30.0,2.0,0.0,2.1931086,7.0,1.0,4.0,0.0,5.0,5.0,4.0,7.0,14.0,0.0,0.0,7.0,73.0,7.0,1.0,2.8880315,3.0738504,0.0,0.0,0.0,7.0,7.0,0.0,0.0,1000.0,0.0,0.0,0.0,0.0,0.0,0.0,206.15486,4.0,0.0,5.0,4.0,7.0,0.0,2.0,1.0,0.0,2.0,2.0,7.0,5.0,0.0,0.0,0.0,97.754715,21.0,27.925894,1.0,0.0,21.0,2.2916956,0.0,1.6738441,21.0,0.0,0.0,7.0,0.0,21.0,0.0,0.0,1.9003088,1.3801696,10.0,0.0,0.0,0.0,0.0,0.0,0.0,1.0,7.0,0.0,0.0,1.5745295,7.0,0.0,7.0,0.0,0.0,0.0,7.0,0.0,7.0,0.0,0.0,0.0,0.0,0.0,4.90202,1.0,4.000678,4.0,1.0,4.0,0.0,7.0,4.0,2.0,0.0,7.0,5.0,7.0,1.0,5.0,2.0,0.0,7.0,0.0,0.0,0.0,4.535645,0.95669395,184.71954,5.0,0.0,2.0,4.9950457,2.0,4.0,0.0,5.0,5.0,0.0,1.0,7.0,5.0,7.0,5.0,7.0,2.5878873,28.9591,0.0,0.0,0.0,21.0,0.0,7.0,0.0,3.2427049,4.0,5.0,7.0,7.0,0.0,0.0,4.0,2.0,4.0,7.0,5.0,4.0,0.0,4.0,7.0,23.500454,0.0,85.0,1.0,1.8957744,0.0,0.0,1.0,0.0,0.0,0.0,0.0,7.0,0.0,7.0,5.0,1.0,0.0,7.0,1.0,1.0,7.0,1.0,2.0,2.0,21.0,1.5768595,0.0,0.0,5.0,7.0,1.0,7.0,4.0,1.0,4.0,1.0,7.0,32.363255,4.0,2.0,10.0,7.0,5.0,31.512135,7.0,0.0,7.0
8040,0.0,1.0,1.0,85.0,4.0,2.0,4.0,2.0,1.0,2.0,5.0,1.0,1.0,1.0,5.0,2.0,7.0,2.8014424,2.0,7.0,1.0,7.0,1.0,2.0,1.0,4.0,14.4578905,3.8707476,0.0,1.0,4.0,2.0,4.0,0.0,4.0,5.0,0.0,5.0,5.0,5.0,4.0,4.0,5.0,7.0,4.0,1.0,21.0,21.53156,2.0,4.0,7.0,1.0,0.0,2.0,7.0,18.425592,0.0,0.0,0.0,0.0,1.0,7.0,0.0,5.0,0.0,7.0,189.96872,1.0,0.0,7.0,2.0,5.0,0.0,2.0,0.0,7.0,0.0,0.0,4.0,1.0,0.0,7.0,45.051582,0.0,30.0,2.0,0.0,2.1931086,7.0,1.0,4.0,0.0,5.0,5.0,4.0,7.0,14.0,0.0,0.0,7.0,73.0,7.0,1.0,2.8880315,3.0738504,0.0,0.0,0.0,7.0,7.0,0.0,0.0,1000.0,0.0,0.0,0.0,0.0,0.0,0.0,198.42247,4.0,0.0,5.0,4.0,7.0,0.0,2.0,1.0,0.0,2.0,2.0,7.0,5.0,0.0,0.0,0.0,90.022316,21.0,27.925894,1.0,0.0,21.0,2.2916956,0.0,1.6738441,21.0,0.0,0.0,7.0,0.0,21.0,0.0,0.0,1.9003088,1.3801696,10.0,0.0,0.0,0.0,0.0,0.0,0.0,1.0,7.0,0.0,0.0,1.5745295,7.0,0.0,7.0,0.0,0.0,0.0,7.0,0.0,7.0,0.0,0.0,0.0,0.0,0.0,4.90202,1.0,4.000678,4.0,1.0,4.0,0.0,7.0,4.0,2.0,0.0,7.0,5.0,7.0,1.0,5.0,2.0,0.0,7.0,0.0,0.0,0.0,4.535645,0.95669395,176.98715,5.0,0.0,2.0,4.9950457,2.0,4.0,0.0,5.0,5.0,0.0,1.0,7.0,5.0,7.0,5.0,7.0,2.5878873,28.9591,0.0,0.0,0.0,21.0,0.0,7.0,0.0,3.2427049,4.0,5.0,7.0,7.0,0.0,0.0,4.0,2.0,4.0,7.0,5.0,4.0,0.0,4.0,7.0,23.500454,0.0,85.0,1.0,1.8957744,0.0,0.0,1.0,0.0,0.0,0.0,0.0,7.0,0.0,7.0,5.0,1.0,0.0,7.0,1.0,1.0,7.0,1.0,2.0,2.0,21.0,1.5768595,0.0,0.0,5.0,7.0,1.0,7.0,4.0,1.0,4.0,1.0,7.0,32.363255,4.0,2.0,10.0,7.0,5.0,31.512135,7.0,0.0,7.0
8100,0.0,1.0,1.0,85.0,4.0,2.0,4.0,2.0,1.0,2.0,5.0,1.0,1.0,1.0,5.0,2.0,7.0,2.8014424,2.0,7.0,1.0,7.0,1.0,2.0,1.0,4.0,14.4578905,3.8707476,0.0,1.0,4.0,2.0,4.0,0.0,4.0,5.0,0.0,5.0,5.0,5.0,4.0,4.0,5.0,7.0,4.0,1.0,21.0,21.53156,2.0,4.0,7.0,1.0,0.0,2.0,7.0,18.425592,0.0,0.0,0.0,0.0,1.0,7.0,0.0,5.0,0.0,7.0,182.54958,1.0,0.0,7.0,2.0,5.0,0.0,2.0,0.0,7.0,0.0,0.0,4.0,1.0,0.0,7.0,45.051582,0.0,30.0,2.0,0.0,2.1931086,7.0,1.0,4.0,0.0,5.0,5.0,4.0,7.0,14.0,0.0,0.0,7.0,73.0,7.0,1.0,2.8880315,3.0738504,0.0,0.0,0.0,7.0,7.0,0.0,0.0,1000.0,0.0,0.0,0.0,0.0,0.0,0.0,190.6942,4.0,0.0,5.0,4.0,7.0,0.0,2.0,1.0,0.0,2.0,2.0,7.0,5.0,0.0,0.0,0.0,82.294044,21.0,27.925894,1.0,0.0,21.0,2.2916956,0.0,1.6738441,21.0,0.0,0.0,7.0,0.0,21.0,0.0,0.0,1.9003088,1.3801696,10.0,0.0,0.0,0.0,0.0,0.0,0.0,1.0,7.0,0.0,0.0,1.5745295,7.0,0.0,7.0,0.0,0.0,0.0,7.0,0.0,7.0,0.0,0.0,0.0,0.0,0.0,4.90202,1.0,4.000678,4.0,1.0,4.0,0.0,7.0,4.0,2.0,0.0,7.0,5.0,7.0,1.0,5.0,2.0,0.0,7.0,0.0,0.0,0.0,4.535645,0.95669395,169.25888,5.0,0.0,2.0,4.9950457,2.0,4.0,0.0,5.0,5.0,0.0,1.0,7.0,5.0,7.0,5.0,7.0,2.5878873,28.9591,0.0,0.0,0.0,21.0,0.0,7.0,0.0,3.2427049,4.0,5.0,7.0,7.0,0.0,0.0,4.0,2.0,4.0,7.0,5.0,4.0,0.0,4.0,7.0,23.500454,0.0,85.0,1.0,1.8957744,0.0,0.0,1.0,0.0,0.0,0.0,0.0,7.0,0.0,7.0,5.0,1.0,0.0,7.0,1.0,1.0,7.0,1.0,2.0,2.0,21.0,1.5768595,0.0,0.0,5.0,7.0,1.0,7.0,4.0,1.0,4.0,1.0,7.0,32.363255,4.0,2.0,10.0,7.0,5.0,31.512135,7.0,0.0,7.0
8160,0.0,1.0,1.0,85.0,4.0,2.0,4.0,2.0,1.0,2.0,5.0,1.0,1.0,1.0,5.0,2.0,7.0,2.8014424,2.0,7.0,1.0,7.0,1.0,2.0,1.0,4.0,14.4578905,3.8707476,0.0,1.0,4.0,2.0,4.0,0.0,4.0,5.0,0.0,5.0,5.0,5.0,4.0,4.0,5.0,7.0,4.0,1.0,21.0,21.53156,2.0,4.0,7.0,1.0,0.0,2.0,7.0,18.425592,0.0,0.0,0.0,0.0,1.0,7.0,0.0,5.0,0.0,7.0,175.13043,1.0,0.0,7.0,2.0,5.0,0.0,2.0,0.0,7.0,0.0,0.0,4.0,1.0,0.0,7.0,45.051582,0.0,30.0,2.0,0.0,2.1931086,7.0,1.0,4.0,0.0,5.0,5.0,4.0,7.0,14.0,0.0,0.0,7.0,73.0,7.0,1.0,2.8880315,3.0738504,0.0,0.0,0.0,7.0,7.0,0.0,0.0,1000.0,0.0,0.0,0.0,0.0,0.0,0.0,182.96593,4.0,0.0,5.0,4.0,7.0,0.0,2.0,1.0,0.0,2.0,2.0,7.0,5.0,0.0,0.0,0.0,74.56577,21.0,27.925894,1.0,0.0,21.0,2.2916956,0.0,1.6738441,21.0,0.0,0.0,7.0,0.0,21.0,0.0,0.0,1.9003088,1.3801696,10.0,0.0,0.0,0.0,0.0,0.0,0.0,1.0,7.0,0.0,0.0,1.5745295,7.0,0.0,7.0,0.0,0.0,0.0,7.0,0.0,7.0,0.0,0.0,0.0,0.0,0.0,4.90202,1.0,4.000678,4.0,1.0,4.0,0.0,7.0,4.0,2.0,0.0,7.0,5.0,7.0,1.0,5.0,2.0,0.0,7.0,0.0,0.0,0.0,4.535645,0.95669395,161.53061,5.0,0.0,2.0,4.9950457,2.0,4.0,0.0,5.0,5.0,0.0,1.0,7.0,5.0,7.0,5.0,7.0,2.5878873,28.9591,0.0,0.0,0.0,21.0,0.0,7.0,0.0,3.2427049,4.0,5.0,7.0,7.0,0.0,0.0,4.0,2.0,4.0,7.0,5.0,4.0,0.0,4.0,7.0,23.500454,0.0,85.0,1.0,1.8957744,0.0,0.0,1.0,0.0,0.0,0.0,0.0,7.0,0.0,7.0,5.0,1.0,0.0,7.0,1.0,1.0,7.0,1.0,2.0,2.0,21.0,1.5768595,0.0,0.0,5.0,7.0,1.0,7.0,4.0,1.0,4.0,1.0,7.0,32.363255,4.0,2.0,10.0,7.0,5.0,31.512135,7.0,0.0,7.0
8220,0.0,1.0,1.0,85.0,4.0,2.0,4.0,2.0,1.0,2.0,5.0,1.0,1.0,1.0,5.0,2.0,7.0,2.8014424,2.0,7.0,1.0,7.0,1.0,2.0,1.0,4.0,14.4578905,3.8707476,0.0,1.0,4.0,2.0,4.0,0.0,4.0,5.0,0.0,5.0,5.0,5.0,4.0,4.0,5.0,7.0,4.0,1.0,21.0,21.53156,2.0,4.0,7.0,1.0,0.0,2.0,7.0,18.425592,0.0,0.0,0.0,0.0,1.0,7.0,0.0,5.0,0.0,7.0,167.71129,1.0,0.0,7.0,2.0,5.0,0.0,2.0,0.0,7.0,0.0,0.0,4.0,1.0,0.0,7.0,45.051582,0.0,30.0,2.0,0.0,2.1931086,7.0,1.0,4.0,0.0,5.0,5.0,4.0,7.0,14.0,0.0,0.0,7.0,73.0,7.0,1.0,2.8880315,3.0738504,0.0,0.0,0.0,7.0,7.0,0.0,0.0,1000.0,0.0,0.0,0.0,0.0,0.0,0.0,175.23764,4.0,0.0,5.0,4.0,7.0,0.0,2.0,1.0,0.0,2.0,2.0,7.0,5.0,0.0,0.0,0.0,66.837494,21.0,27.925894,1.0,0.0,21.0,2.2916956,0.0,1.6738441,21.0,0.0,0.0,7.0,0.0,21.0,0.0,0.0,1.9003088,1.3801696,10.0,0.0,0.0,0.0,0.0,0.0,0.0,1.0,7.0,0.0,0.0,1.5745295,7.0,0.0,7.0,0.0,0.0,0.0,7.0,0.0,7.0,0.0,0.0,0.0,0.0,0.0,4.90202,1.0,4.000678,4.0,1.0,4.0,0.0,7.0,4.0,2.0,0.0,7.0,5.0,7.0,1.0,5.0,2.0,0.0,7.0,0.0,0.0,0.0,4.535645,0.95669395,153.80232,5.0,0.0,2.0,4.9950457,2.0,4.0,0.0,5.0,5.0,0.0,1.0,7.0,5.0,7.0,5.0,7.0,2.5878873,28.9591,0.0,0.0,0.0,21.0,0.0,7.0,0.0,3.2427049,4.0,5.0,7.0,7.0,0.0,0.0,4.0,2.0,4.0,7.0,5.0,4.0,0.0,4.0,7.0,23.500454,0.0,85.0,1.0,1.8957744,0.0,0.0,1.0,0.0,0.0,0.0,0.0,7.0,0.0,7.0,5.0,1.0,0.0,7.0,1.0,1.0,7.0,1.0,2.0,2.0,21.0,1.5768595,0.0,0.0,5.0,7.0,1.0,7