keys,corridor_constructionYardNorth_squareNorth,home_c65,home_c113,home_c66,home_c114,home_c63,home_c115,home_c64,home_c116,home_c69,home_c117,home_c118,home_Sasha,home_c67,home_c119,home_c68,home_Rui,bioengineeringHeadquarters,home_c72,home_Boulos,home_c73,home_c110,home_c70,home_c111,home_c71,home_c112,farm,industryHeadquarters,electrolysisStationSouth,home_c76,home_c102,home_c77,home_c103,corridor_rescueStationWest_mainControlRoom,home_c74,home_c104,corridor_squareSouth_mainControlRoom,home_c75,home_c105,home_c106,home_c107,home_c78,home_c108,home_c79,home_c109,home_c80,home_Evan,excavationShaftB,home_c83,home_c84,home_c100,home_c81,corridor_squareSouth_securityCheckCenter,home_c101,home_c82,excavationShaftA,corridor_securityCheckEast_rescueStationNorth,corridor_constructionYardSouth_excavationShaftB,corridor_outerBarrierCenter_outerBarrierWest,corridor_constructionYardSouth_techSchool,home_c87,home_c88,corridor_reservoirWest_excavationShaftA,home_c85,outerBarrierCenter,home_c86,miningHeadquarters,home_c89,observatory,home_c90,home_c91,home_AmmServer,corridor_reservoirEast_mainControlRoom,home_c94,corridor_miningSchool_securityCheckEast,home_c95,corridor_squareSouth_rescueStationSouth,corridor_mainControlRoom_reservoirEast,home_c92,home_c93,corridor_squareSouth_miningSchool,home_Peiyu,cemetery,corridor_outerBarrierWest_observatory,fineFoodStore-1,home_JwlServer,corridor_recycleFacilityWest_outerBarrierWest,reservoirWest,home_Kasem,home_c98,home_c124,corridor_outerBarrierCenter_spacePort,home_c99,home_c125,home_c96,home_c97,home_Yuhoa,corridor_outerBarrierCenter_outerBarrierEast,corridor_recycleFacilityWest_electrolysisStationNorth,home_c120,home_c121,home_c122,home_c123,techSchool,welfareStationEast,corridor_squareSouth_electrolysisStationSouth,corridor_squareNorth_securityCheckWest,corridor_miningSchool_excavationShaftB,home_Vaeme,home_Dion,corridor_miningSchool_rescueStationSouth,corridor_spacePort_outerBarrierCenter,tavern,corridor_excavationShaftA_securityCheckWest,corridor_welfareStationWest_squareNorth,corridor_electrolysisStationSouth_squareSouth,corridor_excavationShaftA_reservoirWest,corridor_techSchool_constructionYardSouth,corridor_tankArray_recycleFacilityEast,infrastructureHeadquarters,home_c0,corridor_rescueStationNorth_recycleFacilityEast,home_c2,home_c1,home_c4,corridor_excavationShaftB_miningSchool,home_c3,home_c6,corridor_rescueStationWest_excavationShaftA,home_c5,home_c8,home_c7,home_c9,corridor_excavationShaftA_rescueStationWest,ammoniaShop,corridor_securityCheckEast_miningSchool,educationHeadquarters,home_Eugene,squareSouth,home_RstSupplier,corridor_securityCheckCenter_mainControlRoom,home_DrHess,constructionYardNorth,corridor_techSchool_miningSchool,mainControlRoom,home_Charles,corridor_reservoirEast_electrolysisStationSouth,corridor_theEngine_excavationShaftA,home_Maisarah,corridor_outerBarrierEast_outerBarrierCenter,home_teacher2,corridor_rescueStationSouth_welfareStationEast,corridor_welfareStationEast_rescueStationSouth,rescueStationSouth,securityCheckEast,home_ctrler,corridor_observatory_outerBarrierWest,corridor_excavationShaftB_rescueStationSouth,corridor_miningSchool_squareSouth,diamondShop,outerBarrierWest,corridor_recycleFacilityEast_rescueStationNorth,home_RstServer,home_Muos,tankArray,corridor_recycleFacilityEast_tankArray,recycleFacilityWest,home_Megaros,corridor_securityCheckWest_squareNorth,home_Kae,corridor_mainControlRoom_rescueStationWest,corridor_securityCheckWest_excavationShaftA,corridor_rescueStationSouth_miningSchool,home_Alina,corridor_rescueStationNorth_securityCheckEast,home_Krailin,corridor_mainControlRoom_squareSouth,outerBarrierEast,corridor_outerBarrierEast_asteroidMine,corridor_rescueStationSouth_excavationShaftB,theEngine,miningSchool,home_c18,welfareStationWest,home_c19,home_c16,home_c17,corridor_securityCheckCenter_market,home_Agros,home_c10,home_c11,corridor_electrolysisStationNorth_recycleFacilityWest,home_Chef,home_c14,home_JwlSupplier,home_c15,home_c12,home_c13,corridor_squareNorth_recycleFacilityWest,home_Bahriye,corridor_rescueStationSouth_squareSouth,corridor_market_constructionYardNorth,corridor_market_rescueStationNorth,interiorHeadquarters,recycleFacilityEast,safetyHeadquarters,home_Jeweler,corridor_excavationShaftB_constructionYardSouth,home_c29,rescueStationWest,home_c27,home_c28,spacePort,home_c21,home_c22,corridor_electrolysisStationSouth_reservoirEast,home_c20,home_c25,home_c26,home_c23,home_AmmSupplier,home_c24,securityCheckCenter,asteroidMine,corridor_constructionYardNorth_market,corridor_outerBarrierWest_outerBarrierCenter,corridor_cemetery_securityCheckEast,home_Jan,corridor_rescueStationNorth_market,home_DrPaik,corridor_securityCheckEast_cemetery,securityCheckWest,home_Lynn,home_c38,home_c39,home_c32,corridor_squareNorth_constructionYardNorth,electrolysisStationNorth,home_c33,home_c30,home_c31,home_c36,home_c37,home_c34,corridor_recycleFacilityWest_squareNorth,home_c35,home_Metros,market,corridor_reservoirEast_farm,home_c40,home_Chemist,rescueStationNorth,corridor_squareNorth_welfareStationWest,corridor_farm_reservoirEast,home_c49,corridor_excavationShaftA_theEngine,corridor_miningSchool_techSchool,corridor_mainControlRoom_securityCheckCenter,corridor_squareSouth_welfareStationEast,home_c43,corridor_outerBarrierWest_recycleFacilityWest,home_c44,home_c41,home_c42,corridor_asteroidMine_outerBarrierEast,home_c47,home_c48,home_c45,home_c46,home_Hans,home_c50,home_c51,home_Indu,reservoirEast,corridor_market_securityCheckCenter,corridor_welfareStationEast_squareSouth,home_Yuri,home_Hiroshi,home_c54,home_c55,home_c52,home_c53,home_c58,home_c59,home_Salvor,constructionYardSouth,home_c56,home_c57,home_observer,home_c61,home_c62,squareNorth,home_c60,corridor_securityCheckCenter_squareSouth,home_Astinomis
2940,299.7343,299.25842,300.05713,299.2461,300.05707,300.05698,299.2516,300.05704,300.05716,299.24667,299.26303,299.25198,300.05685,299.24728,300.05734,300.0571,299.9649,300.19565,299.24838,300.05685,300.057,299.26297,299.24832,300.05685,299.2591,299.26376,300.176,287.02704,299.824,299.26016,299.26157,300.0567,300.05695,297.2688,300.0567,300.0572,299.35092,299.2492,299.25073,300.0572,299.26205,299.26202,300.05673,299.26196,299.25027,299.25037,299.53378,275.06976,299.26364,300.05698,299.2622,299.26358,299.4405,299.25046,299.25125,296.0949,298.26367,281.8458,271.99634,289.76926,300.05707,299.25198,292.73865,299.26566,273.83652,299.26535,292.27264,299.2659,264.32645,299.26654,299.25235,299.45837,299.82278,299.25375,293.91733,299.25336,296.56592,299.67407,299.25363,300.05707,296.8778,299.53485,298.78528,266.76236,300.0448,299.4578,282.1163,293.12903,299.5347,299.25522,299.25565,276.36765,300.05725,299.25363,299.2554,299.25296,299.96472,272.71323,291.37128,299.25348,299.25558,299.25397,300.05676,294.8812,296.74048,299.45023,298.1942,285.2502,299.96503,272.09106,291.75754,278.37103,300.04932,293.78677,299.71118,299.66125,292.8938,292.56067,299.9883,267.83194,299.24704,299.72614,300.05716,299.24826,299.24866,278.97995,300.05707,299.24933,294.62006,299.24792,299.24844,300.0567,299.24948,293.8149,299.38528,295.78586,295.73108,295.31586,299.17322,300.0489,299.7327,296.98685,299.95233,294.21515,299.48184,299.5351,299.92694,350.62668,292.26776,271.23053,295.31253,293.06708,295.03064,290.84848,297.42075,299.5355,265.32925,278.70618,294.43433,299.38522,269.38455,299.83502,300.0432,299.53543,300.00955,299.95648,289.0053,299.96524,297.11575,299.53564,298.41534,294.56033,291.44382,299.5315,298.9697,299.96518,299.44766,269.42105,266.77814,284.60782,372.41724,291.8223,300.0569,299.90463,299.2588,299.25894,300.0571,299.90253,300.05685,299.25833,299.2554,293.34238,300.04297,299.25946,299.25333,299.2596,300.05746,299.2598,296.01193,299.53116,293.8068,300.02774,299.92062,299.53128,299.90842,299.63052,299.45743,277.3296,300.05695,296.03198,299.24686,300.0568,279.76193,300.05658,299.26108,299.88974,299.24704,300.05673,299.24722,300.05673,299.26,299.2616,299.7947,261.66003,299.99515,270.09045,298.48813,295.3177,299.765,299.93585,298.03824,295.93085,300.0565,300.05673,299.239,300.05643,299.4778,294.8253,299.24994,299.23956,300.05652,299.24008,300.05673,299.25092,292.65436,299.25092,292.2632,300.05264,300.0391,299.2519,299.45786,299.57043,299.46585,300.11768,299.2532,322.4613,293.16983,299.63092,298.5171,300.0561,275.1694,299.25076,299.25107,299.242,264.0018,299.2517,299.24277,299.24295,299.2517,300.05643,300.0566,299.24432,299.533,299.9384,299.98483,297.72604,300.05652,299.53308,299.2545,299.25433,300.05606,299.25427,299.25613,299.24484,299.96548,286.5284,299.2559,299.25632,264.24332,300.0562,299.25687,299.15448,299.2447,299.64343,299.53247
3000,299.707,299.19812,300.0568,299.1825,300.05673,300.05664,299.18808,300.05667,300.05682,299.18307,299.2028,299.18848,300.0565,299.18372,300.05698,300.05673,299.9558,300.18155,299.1848,300.05646,300.05664,299.20276,299.18475,300.0565,299.1988,299.20358,300.16177,286.6767,299.79947,299.1999,299.2013,300.05634,300.0566,297.2041,300.05634,300.05685,299.2996,299.18567,299.18723,300.05685,299.2018,299.2018,300.05637,299.20172,299.18674,299.18686,299.50043,274.97455,299.20346,300.05664,299.20197,299.20337,299.39236,299.18674,299.18774,295.75024,298.16565,281.5945,271.7297,289.43494,300.05673,299.1885,292.5912,299.20554,273.5342,299.2052,292.12573,299.20578,263.75616,299.20645,299.18887,299.405,299.80035,299.1903,293.74686,299.1899,296.4628,299.6463,299.19016,300.05673,296.77142,299.5015,298.6771,266.41135,300.04602,299.40445,281.85397,292.97144,299.50134,299.19177,299.19223,275.9952,300.05692,299.19324,299.192,299.19257,299.95566,272.44626,291.05707,299.19308,299.19217,299.19357,300.05643,294.57394,296.57443,299.40262,298.1209,285.1021,299.95596,272.02582,291.56708,277.93546,300.04987,293.64835,299.67624,299.62613,292.72977,292.23477,299.98102,267.62607,299.18347,299.6936,300.0568,299.1878,299.18823,278.8689,300.05673,299.18887,294.52823,299.1844,299.18494,300.05634,299.18906,293.67996,299.32968,295.63574,295.42392,295.0055,299.1114,300.0498,299.70584,296.81396,299.942,293.94284,299.44757,299.50177,299.9083,343.2827,292.12173,270.99554,295.00226,292.88828,294.8533,290.6802,297.29718,299.50217,264.8645,278.5977,294.2866,299.3297,269.14172,299.81088,300.04462,299.50208,300.00555,299.94485,288.73013,299.9562,297.03394,299.50232,298.3657,294.46146,291.25754,299.4981,298.8994,299.95615,299.4054,269.21484,266.59515,284.46674,357.37875,291.64026,300.05658,299.8817,299.19858,299.1987,300.0568,299.88635,300.0565,299.19806,299.19202,293.00317,300.0444,299.19925,299.193,299.1994,300.05716,299.19955,295.8692,299.49774,293.6665,300.02457,299.90683,299.4978,299.8912,299.5895,299.40408,277.16473,300.05664,295.95346,299.1832,300.05646,279.278,300.05624,299.20093,299.86917,299.18338,300.0564,299.1836,300.0564,299.19977,299.20145,299.7698,261.52225,299.9889,269.85336,298.3748,295.0074,299.73743,299.91544,297.91916,295.84113,300.05612,300.05637,299.17523,300.05603,299.43225,294.47113,299.18954,299.1758,300.05612,299.17633,300.05637,299.19052,292.4394,299.19052,292.11746,300.0518,300.02298,299.19153,299.40442,299.5284,299.41663,300.10287,299.19284,320.19855,292.93848,299.6009,298.41818,300.0557,274.92953,299.19028,299.1906,299.17834,263.84357,299.19125,299.1791,299.17938,299.19128,300.05615,300.05624,299.1807,299.4996,299.91983,299.97665,297.5916,300.05615,299.49973,299.1941,299.19394,300.05566,299.19388,299.19577,299.1812,299.95648,286.20178,299.19553,299.19595,263.6331,300.05582,299.1965,299.08954,299.1811,299.60764,299.49905
3060,299.67877,299.13684,300.05612,299.118,300.05606,300.056,299.1237,300.056,300.05615,299.1186,299.1416,299.12408,300.05585,299.11923,300.0563,300.05603,299.94574,300.16733,299.12036,300.0558,300.05597,299.14157,299.1203,300.05585,299.13757,299.1424,300.1473,286.3427,299.77338,299.13864,299.1401,300.05566,300.05594,297.13828,300.05566,300.0562,299.24744,299.12125,299.12283,300.05618,299.14062,299.14062,300.0557,299.14056,299.12234,299.12244,299.46643,274.8837,299.1423,300.05597,299.1408,299.14224,299.34332,299.12222,299.12332,295.08984,298.06912,281.35483,271.46576,289.11203,300.05606,299.1241,292.3988,299.14444,273.23337,299.14413,291.78125,299.1447,263.25266,299.1454,299.12448,299.3501,299.77692,299.12595,293.58246,299.12555,296.36264,299.61774,299.1258,300.0561,296.66727,299.46756,298.5675,266.09412,300.04703,299.3496,281.60388,292.8066,299.4674,299.12744,299.1279,275.62808,300.05627,299.13193,299.12766,299.13126,299.9456,272.17795,290.75247,299.13177,299.12784,299.13226,300.0558,294.2699,296.41333,299.35388,298.0472,284.96014,299.94592,271.9635,291.3854,277.51038,300.05017,293.36124,299.63968,299.58963,292.41824,291.91626,299.973,267.43155,299.11905,299.66025,300.05612,299.12643,299.12686,278.76266,300.05606,299.12753,294.38983,299.11996,299.1205,300.05566,299.12772,293.39722,299.2728,295.4901,295.11774,294.6976,299.04877,300.05048,299.67816,296.64603,299.93066,293.67508,299.4127,299.4678,299.88837,336.94208,291.78085,270.75882,294.69446,292.71774,294.68286,290.52054,297.176,299.46823,264.45056,278.4948,294.1437,299.2729,268.91357,299.7858,300.04587,299.46814,300.00095,299.93234,288.46606,299.94617,296.9505,299.46838,298.31595,294.3152,291.0807,299.4641,298.8296,299.94614,299.3624,269.00803,266.41455,284.33325,349.0171,291.46503,300.05594,299.85675,299.1374,299.13754,300.05618,299.8695,300.05582,299.1369,299.1277,292.6711,300.0457,299.13806,299.1317,299.13824,300.05655,299.1384,295.73047,299.4637,293.53247,300.0209,299.89252,299.46375,299.87302,299.5478,299.3492,277.00754,300.05597,295.86612,299.11865,300.05582,278.8094,300.05557,299.13983,299.84714,299.11884,300.05576,299.11905,300.05576,299.1386,299.14032,299.74396,261.39127,299.9819,269.62283,298.26108,294.69955,299.70926,299.89313,297.80103,295.74182,300.05542,300.05566,299.11057,300.05533,299.38583,294.12158,299.1282,299.1112,300.05542,299.11172,300.05566,299.1292,292.2326,299.1292,291.77756,300.0506,300.00607,299.13022,299.34952,299.48584,299.36624,300.08755,299.13156,316.8974,292.71307,299.57016,298.3203,300.05502,274.7021,299.12888,299.1292,299.1138,263.69022,299.12988,299.1146,299.11487,299.1299,300.0555,300.05557,299.11618,299.4656,299.9002,299.9679,297.46017,300.05542,299.46573,299.13275,299.1326,300.05496,299.13254,299.13446,299.11673,299.94647,285.88947,299.13422,299.13464,263.0961,300.05515,299.13522,299.02383,299.11658,299.57086,299.46506
3120,299.6496,299.07474,300.0551,299.0527,300.05505,300.055,299.05847,300.055,300.05518,299.0533,299.0796,299.0589,300.05487,299.05396,300.05533,300.05502,299.93472,300.1529,299.05508,300.05478,300.05496,299.07953,299.05502,300.05487,299.07547,299.08038,300.13254,286.0237,299.74585,299.07657,299.07803,300.0547,300.05493,297.06445,300.0547,300.0552,299.1945,299.056,299.0576,300.0552,299.0786,299.0786,300.05472,299.07852,299.0571,299.0572,299.43182,274.7968,299.0803,300.055,299.07877,299.08023,299.29343,299.05692,299.0581,294.279,297.97397,281.12573,271.20566,288.79977,300.05508,299.0589,292.1315,299.08252,272.93536,299.08218,291.23016,299.0828,262.80505,299.08347,299.0593,299.29382,299.75256,299.06076,293.42352,299.06036,296.2651,299.58832,299.0606,300.0551,296.5651,299.43295,298.45685,265.80557,300.04788,299.29337,281.36487,292.61337,299.4328,299.0623,299.06274,275.26712,300.0553,299.06976,299.0625,299.0691,299.93457,271.90982,290.45688,299.0696,299.06268,299.07013,300.0548,293.9694,296.2571,299.3041,297.97098,284.82367,299.9349,271.9038,291.21158,277.09552,300.05023,292.9347,299.60153,299.55182,291.96796,291.60498,299.9642,267.2475,299.05377,299.62616,300.05515,299.06424,299.06467,278.66077,300.05508,299.06534,294.17682,299.05472,299.05527,300.0547,299.06552,292.97556,299.2147,295.34857,294.81317,294.3926,298.98544,300.05087,299.64963,296.483,299.91837,293.41187,299.37708,299.43323,299.8672,332.09796,291.23495,270.5214,294.38962,292.55475,294.5189,290.36856,297.05704,299.43365,264.07944,278.39697,294.00522,299.2148,268.6986,299.75983,300.04697,299.43356,299.99567,299.91895,288.21213,299.93515,296.85858,299.43384,298.26398,294.09366,290.91226,299.42944,298.76022,299.93512,299.31866,268.80096,266.23593,284.20648,343.58005,291.29593,300.055,299.82977,299.07535,299.0755,300.05524,299.85202,300.05484,299.07483,299.06256,292.3461,300.04678,299.07605,299.0696,299.07623,300.0556,299.0764,295.59534,299.42905,293.40405,300.01672,299.8778,299.42908,299.85394,299.50546,299.29297,276.8574,300.055,295.75415,299.05328,300.05484,278.35477,300.0546,299.07785,299.82373,299.0535,300.05478,299.0537,300.05478,299.0766,299.0783,299.71725,261.26593,299.97418,269.3991,298.14725,294.39468,299.68057,299.86884,297.68393,295.61722,300.05438,300.05466,299.04507,300.05432,299.33853,293.77704,299.06604,299.04578,300.05438,299.04633,300.05466,299.06708,292.03317,299.06705,291.23303,300.04907,299.98837,299.06808,299.2932,299.4428,299.3147,300.0717,299.06946,313.80722,292.49326,299.53864,298.2235,300.054,274.4859,299.06665,299.067,299.04846,263.54086,299.0677,299.04922,299.04956,299.0677,300.05453,300.05453,299.05087,299.43097,299.87958,299.9587,297.3317,300.0544,299.4311,299.0706,299.07043,300.05392,299.07034,299.0723,299.05142,299.9355,285.59033,299.07208,299.07248,262.6202,300.0541,299.0731,298.95737,299.05127,299.53317,299.43042
3180,299.61948,299.01187,300.05212,298.9866,300.05203,300.05194,298.99243,300.05194,300.0522,298.9872,299.01678,298.99286,300.05188,298.98785,300.05234,300.052,299.9227,300.13818,298.989,300.05173,300.05194,299.01672,298.98895,300.05188,299.0126,299.01758,300.11743,285.71848,299.71692,299.01373,299.01523,300.05167,300.05194,296.97528,300.05167,300.05225,299.14084,298.98993,298.99155,300.05222,299.0158,299.0158,300.05173,299.01575,298.99106,298.99115,299.39642,274.71408,299.01752,300.052,299.016,299.01746,299.24274,298.99084,298.99207,293.41312,297.8803,280.90637,270.95016,288.49753,300.05212,298.9929,291.7894,299.0198,272.64117,299.01947,290.53244,299.02008,262.4048,299.02075,298.99326,299.2363,299.7273,298.99475,293.27808,298.99435,296.17,299.55804,298.9946,300.05215,296.4679,299.3976,298.34543,265.54156,300.04816,299.23587,281.136,292.37744,299.39746,298.9963,298.99677,274.91275,300.05234,299.00687,298.99652,299.0062,299.92255,271.643,290.1697,299.0067,298.9967,299.00723,300.05188,293.6732,296.1056,299.25333,297.88885,284.70068,299.9229,271.8466,291.0533,276.69064,300.0491,292.41345,299.56183,299.5128,291.4227,291.3008,299.95465,267.07297,298.9877,299.59143,300.05215,299.00128,299.00174,278.5661,300.0521,299.0024,293.892,298.98865,298.9892,300.0517,299.0026,292.45953,299.15552,295.21414,294.51093,294.0911,298.9215,300.05048,299.62024,296.3248,299.90506,293.15652,299.34042,299.3979,299.84482,328.4459,290.5426,270.28415,294.0882,292.39877,294.36102,290.22412,296.94095,299.39832,263.74472,278.30377,293.87915,299.15567,268.49542,299.73306,300.04773,299.39822,299.98975,299.90475,287.9674,299.92316,296.75082,299.3985,298.20636,293.7999,290.75473,299.39404,298.69135,299.92316,299.27414,268.5941,266.05914,284.0859,339.76718,291.1427,300.05212,299.8009,299.01257,299.01273,300.05237,299.8335,300.05185,299.01205,298.99658,292.02805,300.04755,299.01328,299.00674,299.01346,300.05273,299.0136,295.46338,299.39362,293.2808,300.0109,299.86154,299.39362,299.834,299.46262,299.23547,276.71375,300.05212,295.60864,298.98712,300.05197,277.91318,300.0517,299.01508,299.79898,298.9873,300.0519,298.98752,300.0519,299.01382,299.01556,299.68967,261.14526,299.96524,269.1822,298.03345,294.0932,299.651,299.84262,297.56802,295.4584,300.0514,300.05167,298.9788,300.0513,299.29037,293.43787,299.00314,298.97955,300.0514,298.9801,300.05167,299.00418,291.8404,299.00415,290.54193,300.04565,299.96988,299.0052,299.23566,299.39935,299.26196,300.0553,299.0066,311.22635,292.28717,299.5063,298.12787,300.05112,274.27994,299.0037,299.004,298.9823,263.39487,299.00473,298.9831,298.98343,299.00473,300.0518,300.05173,298.98474,299.39557,299.85797,299.9481,297.20615,300.05154,299.3957,299.00766,299.0075,300.0511,299.00742,299.0094,298.9853,299.92355,285.30334,299.0092,299.00958,262.19586,300.05127,299.0102,298.89005,298.98514,299.49463,299.39502
3240,299.58844,298.94833,300.04886,298.91962,300.04877,300.0486,298.92554,300.0486,300.04892,298.92026,298.9533,298.92596,300.0486,298.9209,300.04907,300.0487,299.9097,300.12317,298.9221,300.04843,300.04868,298.95325,298.922,300.04865,298.94907,298.95413,300.10196,285.426,299.68665,298.9502,298.95172,300.0484,300.04868,296.86606,300.0484,300.04898,299.08646,298.923,298.92462,300.04895,298.95236,298.95236,300.0485,298.95227,298.92413,298.92422,299.36005,274.6344,298.95407,300.04877,298.95255,298.954,299.1913,298.92392,298.92517,292.5398,297.78818,280.6961,270.69974,288.2078,300.0489,298.926,291.38486,298.9564,272.3514,298.9561,289.75055,298.9567,262.04498,298.9574,298.9264,299.1776,299.70105,298.9279,293.127,298.9275,296.07712,299.5267,298.92773,300.04892,296.36945,299.36124,298.2335,265.29883,300.04813,299.17722,280.91632,292.09378,299.36108,298.92944,298.92993,274.56534,300.0491,298.9433,298.9297,298.94263,299.90955,271.37833,289.89053,298.94315,298.92984,298.94366,300.04865,293.39072,295.95868,299.20163,297.79782,284.57184,299.90994,271.79156,290.89127,276.29556,300.0477,291.83636,299.52054,299.4726,290.81998,291.01126,299.94437,266.90714,298.92072,299.5561,300.04886,298.93768,298.93814,278.47214,300.04883,298.9388,293.55035,298.9217,298.92224,300.04843,298.93903,291.88773,299.09534,295.08054,294.2192,293.80383,298.85696,300.04962,299.59,296.17133,299.89078,292.91046,299.30237,299.36154,299.8213,325.67484,289.76544,270.0478,293.8011,292.24936,294.20898,290.08585,296.8268,299.362,263.44135,278.2148,293.7464,299.09552,268.30283,299.70557,300.04813,299.36188,299.98312,299.88977,287.73117,299.9102,296.62268,299.36215,298.13983,293.44904,290.6013,299.35764,298.62305,299.9102,299.22864,268.38773,265.88406,283.97098,336.9872,290.982,300.04892,299.77014,298.9491,298.94925,300.04916,299.81424,300.04858,298.94858,298.92972,291.71686,300.04797,298.9498,298.9432,298.94998,300.04956,298.95013,295.3342,299.35715,293.16223,300.00455,299.84497,299.35718,299.81332,299.41934,299.17682,276.57608,300.04892,295.42783,298.92007,300.04877,277.4838,300.0485,298.95166,299.77295,298.92026,300.0487,298.9205,300.0487,298.95038,298.95215,299.66122,261.02853,299.95547,268.97192,297.91992,293.80597,299.62097,299.81448,297.45343,295.26385,300.0481,300.04837,298.91165,300.048,299.24133,293.1043,298.93958,298.91245,300.0481,298.913,300.04837,298.9406,291.6537,298.9406,289.76575,300.04193,299.95062,298.94165,299.17697,299.35553,299.20798,300.03833,298.94305,309.12955,292.07874,299.47293,298.0334,300.0479,274.08322,298.94003,298.94037,298.91525,263.25174,298.9411,298.91608,298.9164,298.9411,300.0486,300.04852,298.91776,299.35916,299.83542,299.93695,297.08353,300.04834,299.35928,298.94406,298.9439,300.04785,298.94385,298.94583,298.9183,299.91058,285.0282,298.9456,298.946,261.81543,300.04807,298.94666,298.82178,298.91815,299.45526,299.3586
3300,299.5565,298.88416,300.0453,298.85168,300.04523,300.04504,298.8577,300.04504,300.04538,298.85233,298.8892,298.8581,300.04507,298.85297,300.04553,300.04514,299.89575,300.10782,298.85416,300.04486,300.0451,298.88913,298.8541,300.0451,298.88492,298.89,300.08606,285.1455,299.6551,298.88605,298.8876,300.04483,300.04514,296.73523,300.04486,300.04544,299.03125,298.8551,298.85675,300.0454,298.88824,298.88824,300.04495,298.88815,298.85626,298.85635,299.3223,274.5574,298.88998,300.04523,298.88843,298.88992,299.1392,298.85605,298.8573,291.6835,297.70056,280.4943,270.4574,287.92468,300.04535,298.85812,290.93213,298.89236,272.07434,298.89203,288.93167,298.89267,261.72006,298.89337,298.85852,299.11792,299.67377,298.86005,292.98105,298.85965,295.9861,299.49414,298.85992,300.0454,296.27176,299.32355,298.1213,265.07462,300.04776,299.1175,280.70508,291.76328,299.3234,298.86166,298.86212,274.22778,300.0456,298.8791,298.86188,298.87842,299.89557,271.13303,289.61893,298.87894,298.86206,298.8795,300.04514,293.1013,295.8162,299.14905,297.69604,284.44794,299.89597,271.73843,290.73584,275.91064,300.04602,291.23093,299.47772,299.43127,290.18613,290.71967,299.93338,266.74927,298.85278,299.529,300.04532,298.87347,298.8739,278.38052,300.0453,298.8746,293.1679,298.85376,298.8543,300.0449,298.87482,291.28766,299.03424,294.94952,293.9222,293.50928,298.79187,300.0484,299.55875,296.02252,299.87555,292.6595,299.26245,299.32388,299.79666,323.54526,288.95035,269.82242,293.50665,292.1057,294.06232,289.95297,296.7149,299.32434,263.16504,278.12946,293.61774,299.03442,268.11993,299.6808,300.04822,299.32422,299.97586,299.8742,287.50275,299.89624,296.47266,299.3245,298.06247,293.05716,290.45322,299.31985,298.564,299.89627,299.182,268.18442,265.71048,283.8609,334.91006,290.8272,300.04544,299.73758,298.885,298.88516,300.0457,299.79425,300.04504,298.88446,298.8619,291.41245,300.04807,298.8857,298.87906,298.8859,300.04608,298.88605,295.20743,299.31937,293.04767,299.9977,299.83127,299.31937,299.79272,299.3877,299.1171,276.4438,300.0454,295.2142,298.85208,300.04526,277.0661,300.04498,298.88757,299.7457,298.85226,300.0452,298.8525,300.0452,298.8863,298.8881,299.63193,260.90463,299.94495,268.76886,297.8068,293.5115,299.59927,299.78445,297.34,295.0361,300.04453,300.0448,298.84354,300.04443,299.19128,292.77655,298.87537,298.8444,300.04453,298.84494,300.04483,298.87643,291.4724,298.8764,288.9513,300.03796,299.9306,298.87747,299.11725,299.32278,299.15274,300.02078,298.87888,307.423,291.87338,299.43835,297.9401,300.04437,273.895,298.8758,298.87613,298.84726,263.10785,298.87686,298.84808,298.84842,298.87686,300.04514,300.04498,298.8498,299.3214,299.8119,299.92535,296.96378,300.0448,299.32156,298.87985,298.8797,300.04434,298.8796,298.88162,298.85034,299.8967,284.76343,298.8814,298.88184,261.47272,300.04456,298.88248,298.75235,298.8502,299.4151,299.32083
3360,299.52402,298.8194,300.04163,298.78403,300.04153,300.04135,298.7901,300.04135,300.04172,298.7847,298.8245,298.7905,300.0414,298.78534,300.04187,300.04147,299.88083,300.09204,298.78653,300.04117,300.04144,298.82443,298.78647,300.04144,298.8202,298.82532,300.06973,284.87582,299.6223,298.82132,298.82288,300.04117,300.04147,296.58334,300.04117,300.04178,298.97516,298.78748,298.78915,300.04175,298.82355,298.82358,300.0413,298.8235,298.78864,298.78873,299.2829,274.48306,298.82532,300.04156,298.82376,298.82526,299.08643,298.78842,298.7897,290.8568,297.61234,280.30008,270.22855,287.64935,300.0417,298.79053,290.44373,298.82776,271.79605,298.82742,288.1075,298.82806,261.42548,298.82877,298.79092,299.05725,299.64532,298.79245,292.83923,298.79208,295.89682,299.46002,298.79233,300.04175,296.17538,299.2842,298.00903,264.86905,300.04712,299.05685,280.50217,291.3894,299.28406,298.79407,298.79456,273.89645,300.04193,298.81433,298.7943,298.81363,299.88068,270.86835,289.35452,298.81418,298.79446,298.8147,300.04147,292.8168,295.67798,299.09564,297.584,284.32803,299.88107,271.68698,290.58597,275.53543,300.04413,290.6157,299.43,299.3889,289.5394,290.43515,299.92184,266.6015,298.78506,299.49475,300.04166,298.80865,298.8091,278.29184,300.04163,298.8098,292.75806,298.78604,298.7866,300.04123,298.81003,290.6777,298.9723,294.82162,293.62915,293.21875,298.7263,300.0469,299.52655,295.87817,299.85944,292.4135,299.22034,299.28452,299.7709,321.88205,288.12903,269.58783,293.21628,291.96744,293.9207,289.82513,296.60477,299.285,262.9129,278.04736,293.49237,298.9725,267.95224,299.65384,300.048,299.28488,299.96793,299.8583,287.28165,299.88138,296.3019,299.2852,297.9736,292.6378,290.3107,299.2803,298.49866,299.88138,299.13397,267.98044,265.53757,283.75516,333.32684,290.67694,300.0418,299.69214,298.8203,298.8205,300.04205,299.7737,300.04138,298.8198,298.79425,291.1147,300.04782,298.82104,298.8143,298.82123,300.04245,298.82138,295.08368,299.27985,292.93674,299.99048,299.83173,299.27988,299.77182,299.34692,299.05643,276.31647,300.04178,294.972,298.78427,300.04163,276.65967,300.04135,298.8229,299.71725,298.78445,300.04156,298.7847,300.04156,298.8216,298.82343,299.60187,260.7844,299.93375,268.58853,297.6942,293.22107,299.5969,299.74805,297.22784,294.77966,300.04083,300.04114,298.77563,300.04077,299.14127,292.45474,298.8106,298.77655,300.04086,298.77713,300.04114,298.81168,291.29654,298.81165,288.1303,300.03412,299.90982,298.8127,299.05655,299.28525,299.09622,300.00262,298.81415,306.01654,291.67224,299.40234,297.8479,300.0407,273.7169,298.81094,298.81128,298.77948,262.96484,298.81204,298.7803,298.78064,298.81204,300.04147,300.04135,298.78204,299.28195,299.78735,299.9134,296.84677,300.04114,299.28214,298.81506,298.8149,300.04065,298.81482,298.81686,298.7826,299.88184,284.5081,298.81662,298.81705,261.16272,300.0409,298.8177,298.68292,298.78235,299.37427,299.28137
3420,299.48877,298.75412,300.03778,298.71414,300.0377,300.03748,298.7203,300.03748,300.03787,298.7148,298.75925,298.72073,300.03757,298.71548,300.03802,300.0376,299.86313,300.07584,298.7167,300.03732,300.03757,298.7592,298.7166,300.0376,298.7549,298.7601,300.0529,284.6161,299.58832,298.75607,298.75763,300.0373,300.03763,296.4122,300.03732,300.03793,298.918,298.71765,298.71936,300.03787,298.75833,298.75836,300.0374,298.75827,298.71884,298.71893,299.2409,274.41116,298.76013,300.03772,298.75854,298.76004,299.0337,298.71863,298.7199,290.06534,297.5425,280.11282,269.99258,287.38187,300.03784,298.72076,289.92874,298.7626,271.5216,298.76227,287.29752,298.7629,261.1574,298.7636,298.7212,298.9957,299.61545,298.72272,292.70187,298.72232,295.80905,299.42383,298.7226,300.0379,296.0803,299.24225,297.8965,264.67575,300.04617,298.9953,280.30643,290.9778,299.2421,298.72437,298.72485,273.57162,300.0381,298.74902,298.7246,298.74835,299.86295,270.61148,289.09705,298.74887,298.72476,298.74942,300.03763,292.53693,295.54382,299.04147,297.47522,284.2117,299.86334,271.63712,290.441,275.1691,300.042,290.00253,299.37845,299.34546,288.8894,290.1571,299.90973,266.45837,298.71518,299.46274,300.0378,298.74335,298.7438,278.20584,300.03775,298.7445,292.33112,298.71616,298.71674,300.03748,298.74472,290.06967,298.9096,294.69943,293.33978,292.93262,298.66025,300.04507,299.49545,295.73825,299.83826,292.17215,299.1753,299.2426,299.74408,320.55917,287.3211,269.35556,292.93024,291.83417,293.78397,289.70197,296.5045,299.24313,262.6815,277.96826,293.36987,298.90982,267.7842,299.62686,300.04745,299.24298,299.95935,299.84186,287.06732,299.86365,296.12146,299.24332,297.87314,292.202,290.17325,299.2382,298.44556,299.86368,299.084,267.7769,265.36526,283.6534,332.09674,290.53085,300.038,299.64508,298.7551,298.7551,300.03812,299.77286,300.03745,298.75458,298.72452,290.82346,300.0473,298.75583,298.74905,298.75586,300.03864,298.7562,294.96106,299.23776,292.82907,299.9825,299.82782,299.23795,299.75034,299.30887,298.99487,276.1937,300.03793,294.706,298.7144,300.03778,276.2639,300.0375,298.75772,299.68765,298.71457,300.03772,298.7148,300.03772,298.7564,298.75824,299.5777,260.66776,299.92035,268.39,297.58313,292.935,299.58447,299.70645,297.12036,294.50214,300.037,300.03726,298.7056,300.03693,299.08905,292.13895,298.74533,298.70657,300.037,298.70715,300.0373,298.74637,291.12503,298.74637,287.32242,300.0303,299.8882,298.74744,298.995,299.25003,299.03632,299.98386,298.7489,304.83798,291.47556,299.36487,297.75696,300.0369,273.54373,298.7456,298.74594,298.70956,262.82352,298.7466,298.71042,298.71075,298.7466,300.0377,300.0375,298.71216,299.23996,299.76175,299.9126,296.7326,300.0373,299.24005,298.74976,298.7496,300.03683,298.7495,298.75156,298.71274,299.8641,284.2616,298.75134,298.75177,260.88123,300.03705,298.7524,298.61154,298.71252,299.33524,299.23935
3480,299.4526,298.68954,300.03372,298.64517,300.0338,300.0334,298.6514,300.0334,300.03397,298.64587,298.69467,298.65182,300.0337,298.6465,300.03415,300.03372,299.8435,300.07355,298.64774,300.03342,300.0337,298.69464,298.64767,300.03372,298.69034,298.6954,300.05258,284.37482,299.55325,298.6915,298.69308,300.03342,300.03372,296.2246,300.03345,300.03406,298.86053,298.6487,298.65042,300.034,298.6938,298.69382,300.03354,298.69373,298.6499,298.65002,299.19626,274.342,298.6956,300.03384,298.694,298.6955,298.98123,298.6497,298.651,289.3157,297.44965,279.93884,269.7619,287.13,300.03397,298.65186,289.39706,298.6981,271.25192,298.69778,286.51816,298.69858,260.91248,298.69913,298.65228,298.93375,299.5843,298.65384,292.5683,298.65344,295.72345,299.3856,298.6537,300.03403,295.98718,299.19788,297.7845,264.49524,300.04498,298.93338,280.11725,290.5346,299.19772,298.6555,298.65598,273.25323,300.0342,298.68436,298.6557,298.6836,299.84332,270.35916,288.84625,298.68423,298.65588,298.68475,300.03375,292.2667,295.41302,298.98737,297.33554,284.0988,299.84372,271.58884,290.3007,274.81125,300.03967,289.4028,299.3252,299.30145,288.24838,289.89133,299.89706,266.32507,298.6461,299.42847,300.03394,298.6787,298.67917,278.1225,300.03387,298.67987,291.89627,298.64688,298.64746,300.03363,298.68008,289.4747,298.84686,294.57816,293.05814,292.6559,298.59482,300.0431,299.4613,295.6019,299.81656,291.93906,299.1265,299.1982,299.71628,319.48764,286.54306,269.12625,292.6537,291.70532,293.65118,289.58307,296.3962,299.19876,262.468,277.89206,293.2505,298.84702,267.6258,299.59946,300.04663,299.19858,299.95016,299.82492,286.8596,299.84402,295.9133,299.19894,297.76218,291.7586,290.0405,299.19363,298.3792,299.8441,299.0325,267.57462,265.19418,283.55536,331.12244,290.389,300.03415,299.59692,298.6904,298.6903,300.0342,299.74142,300.03354,298.68985,298.65552,290.5387,300.04648,298.69113,298.68433,298.69107,300.0348,298.69147,294.8417,299.1932,292.72473,299.97382,299.82635,299.19354,299.72852,299.2726,298.9327,276.0776,300.03412,294.42142,298.6452,300.03397,275.87814,300.0337,298.69302,299.65692,298.64542,300.0339,298.6459,300.0339,298.6917,298.69354,299.54474,260.55417,299.90604,268.202,297.47238,292.65833,299.5488,299.6617,297.0111,294.2042,300.03305,300.03345,298.63635,300.0331,299.03653,291.82928,298.6806,298.6374,300.03317,298.63797,300.03348,298.68167,290.95883,298.68167,286.54434,300.02585,299.8695,298.6827,298.93304,299.20737,298.97562,299.97504,298.68417,303.83646,291.28467,299.32544,297.66763,300.03314,273.37738,298.68082,298.68115,298.64026,262.6841,298.6818,298.6413,298.64163,298.6818,300.03366,300.03366,298.64304,299.19525,299.73584,299.89633,296.6208,300.03342,299.1955,298.68497,298.6848,300.03296,298.68472,298.6868,298.64362,299.8445,284.03314,298.68655,298.68698,260.6247,300.0332,298.68765,298.5402,298.64328,299.29398,299.19476
3540,299.41705,298.624,300.0306,298.5766,300.0308,300.03027,298.58286,300.03027,300.03094,298.5775,298.62918,298.58313,300.03067,298.57794,300.03085,300.0307,299.8241,300.0854,298.57898,300.03043,300.03052,298.62906,298.57913,300.03067,298.62482,298.62985,300.06177,284.14938,299.51718,298.6258,298.62756,300.03043,300.0306,296.02316,300.03043,300.0308,298.8014,298.5799,298.58163,300.03098,298.62833,298.62833,300.03052,298.62823,298.58136,298.58145,299.1483,274.27554,298.6301,300.0307,298.6285,298.63004,298.92734,298.58115,298.58246,288.60352,297.36166,279.77386,269.53806,286.88715,300.03094,298.5833,288.8538,298.63266,270.98807,298.63235,285.77408,298.63324,260.688,298.6337,298.58395,298.87103,299.55188,298.58508,292.4412,298.5849,295.63873,299.34485,298.58502,300.031,295.89633,299.15005,297.67282,264.32617,300.0438,298.87057,279.9342,290.06555,299.1499,298.58698,298.58734,272.9418,300.03122,298.6188,298.5872,298.61798,299.82394,270.11115,288.6017,298.61865,298.58737,298.6192,300.03076,292.00177,295.29025,298.93222,297.19394,283.99414,299.8243,271.54633,290.16837,274.462,300.03754,288.81674,299.27487,299.25644,287.61685,289.63275,299.88385,266.19522,298.57733,299.39282,300.0309,298.61316,298.61362,278.046,300.03067,298.61432,291.45822,298.57803,298.5786,300.03055,298.61453,288.89352,298.78317,294.4599,292.7827,292.38403,298.5286,300.04132,299.4248,295.47345,299.79553,291.71188,299.07477,299.15042,299.688,318.60156,285.79572,268.8999,292.38196,291.58185,293.5255,289.46875,296.2901,299.151,262.27063,277.8212,293.1373,298.78326,267.47406,299.57114,300.0457,299.15082,299.94037,299.8075,286.6576,299.82462,295.693,299.1512,297.6416,291.31158,289.9137,299.14563,298.3128,299.82468,298.9786,267.37424,265.0266,283.4621,330.33508,290.25473,300.0311,299.55374,298.62488,298.62476,300.03113,299.7165,300.0305,298.62424,298.58682,290.26022,300.04553,298.62537,298.61887,298.62555,300.03143,298.62576,294.7245,299.1452,292.62323,299.96573,299.78705,299.1496,299.7061,299.23236,298.86975,275.9697,300.03076,294.12265,298.5764,300.03067,275.50223,300.03055,298.62753,299.6253,298.57657,300.03073,298.57718,300.03067,298.62622,298.62805,299.51163,260.4454,299.89246,268.02136,297.36185,292.3865,299.5038,299.62027,296.9022,293.89154,300.0299,300.03036,298.56747,300.03,298.9844,291.52576,298.61505,298.56854,300.0301,298.56912,300.0304,298.61612,290.79642,298.6161,285.79684,300.02118,299.8541,298.6169,298.87015,299.1624,298.91565,299.97256,298.61862,302.96777,291.1021,299.28305,297.58005,300.02982,273.21704,298.6152,298.6153,298.57138,262.55112,298.61615,298.57248,298.57266,298.61615,300.03027,300.03036,298.57425,299.14728,299.71033,299.88193,296.5143,300.0301,299.14758,298.6192,298.61923,300.02963,298.61896,298.62122,298.57483,299.82507,283.81525,298.62097,298.6214,260.39014,300.0298,298.62207,298.46915,298.57422,299.2512,299.14682
3600,299.37967,298.55786,300.02515,298.50632,300.02536,300.02478,298.5127,300.02478,300.02554,298.50714,298.56308,298.51288,300.02527,298.5077,300.02533,300.0251,299.80353,300.08444,298.50864,300.025,300.02502,298.5629,298.5087,300.02527,298.55865,298.56372,300.0549,283.92648,299.48026,298.55957,298.56143,300.02502,300.02515,295.81058,300.02505,300.0253,298.7405,298.50955,298.5113,300.02536,298.56207,298.56207,300.02518,298.56204,298.51102,298.51123,299.09686,274.2106,298.5638,300.02527,298.5624,298.56393,298.8728,298.51093,298.51227,287.92688,297.2754,279.6118,269.3194,286.64877,300.0256,298.51312,288.3037,298.56638,270.7299,298.56628,285.0616,298.56708,260.48175,298.5676,298.51367,298.80792,299.5183,298.51483,292.31598,298.51474,295.55527,299.30176,298.5148,300.0255,295.80646,299.0988,297.56204,264.1673,300.04202,298.80695,279.7566,289.57587,299.09863,298.51666,298.51715,272.63742,300.02588,298.5524,298.51694,298.55182,299.80338,269.8676,288.36328,298.5525,298.51724,298.55304,300.02542,291.7416,295.16934,298.87637,297.04688,283.891,299.80374,271.503,290.0391,274.12094,300.03415,288.24716,299.22083,299.21063,286.998,289.37973,299.87018,266.06946,298.50693,299.356,300.02527,298.54684,298.54736,277.97003,300.02518,298.548,291.02078,298.50757,298.50815,300.02515,298.54837,288.32864,298.71918,294.3439,292.5107,292.11707,298.46182,300.0387,299.38644,295.34787,299.77353,291.4894,299.01953,299.09918,299.65933,317.85425,285.0818,268.67685,292.1151,291.46277,293.40292,289.35864,296.186,299.0998,262.08768,277.75116,293.0254,298.71893,267.32816,299.542,300.0444,299.09958,299.9301,299.78964,286.4611,299.80402,295.46338,299.1,297.51276,290.86508,289.79135,299.09418,298.24643,299.8041,298.92175,267.17612,264.86078,283.37198,329.68588,290.1228,300.0258,299.50568,298.5587,298.5587,300.02582,299.69104,300.02512,298.55807,298.51633,289.98807,300.04416,298.55917,298.5527,298.55945,300.026,298.5596,294.60822,299.09372,292.52466,299.9552,299.75916,299.1001,299.68326,299.18942,298.80627,275.86334,300.0253,293.81354,298.50595,300.02527,275.13547,300.02518,298.56122,299.59305,298.50598,300.0254,298.50684,300.02527,298.55988,298.562,299.4775,260.3361,299.87665,267.846,297.25217,292.1196,299.46384,299.57465,296.7945,293.56876,300.0244,300.02466,298.49692,300.02448,298.93027,291.22855,298.5489,298.49805,300.0245,298.49866,300.0247,298.54984,290.6376,298.54984,285.08273,300.01474,299.83698,298.55066,298.80695,299.11682,298.85367,299.96143,298.55252,302.2025,290.9226,299.23788,297.49344,300.02438,273.06216,298.54892,298.54898,298.5009,262.41754,298.54996,298.50204,298.50214,298.54996,300.02487,300.02496,298.50385,299.09586,299.68442,299.86554,296.40918,300.0247,299.09622,298.55295,298.55298,300.02423,298.5527,298.55493,298.50443,299.8045,283.60046,298.55484,298.55502,260.17508,300.02432,298.5559,298.3964,298.5037,299.20758,299.09543
3660,299.3412,298.49133,300.01913,298.43436,300.01938,300.01874,298.44086,300.01874,300.01956,298.43515,298.49658,298.441,300.01932,298.43576,300.0193,300.01898,299.78177,300.08087,298.43668,300.01898,300.01898,298.49637,298.4367,300.01932,298.49216,298.49722,300.04865,283.70978,299.4424,298.49304,298.49493,300.01904,300.01917,295.58954,300.01907,300.0193,298.67847,298.4376,298.43936,300.0193,298.49554,298.49554,300.0192,298.4955,298.4391,298.43936,299.04276,274.14774,298.49722,300.01932,298.49594,298.49747,298.81723,298.43906,298.4404,287.28366,297.1903,279.4544,269.10638,286.41684,300.01968,298.4413,287.7503,298.49982,270.47726,298.49988,284.38184,298.5006,260.29153,298.50113,298.4418,298.74423,299.48337,298.44296,292.19266,298.44293,295.47293,299.25677,298.443,300.0195,295.71732,299.0448,297.4517,264.01743,300.03995,298.74298,279.58423,289.0701,299.04465,298.44482,298.44537,272.33975,300.01996,298.48572,298.4451,298.48526,299.7816,269.62842,288.13058,298.48596,298.44547,298.4865,300.0195,291.48618,295.0489,298.81995,296.8949,283.78955,299.78195,271.45987,289.91306,273.78772,300.03027,287.69528,299.1644,299.164,286.39313,289.13223,299.85593,265.94775,298.4348,299.3185,300.0192,298.48026,298.48077,277.89536,300.01917,298.48138,290.58682,298.43546,298.43607,300.01917,298.48184,287.78146,298.65463,294.22968,292.24307,291.85495,298.39474,300.03543,299.34622,295.22302,299.7506,291.2707,298.96155,299.04523,299.6299,317.21167,284.40137,268.45697,291.85312,291.34677,293.28207,289.2518,296.0833,299.04587,261.91745,277.6829,292.91513,298.65424,267.18765,299.512,300.0428,299.04562,299.91922,299.77115,286.26965,299.78226,295.22656,299.0461,297.37747,290.42227,289.67258,299.03998,298.1808,299.78235,298.8631,266.9799,264.6959,283.28442,329.13913,289.99353,300.01993,299.45517,298.49216,298.4922,300.01993,299.66528,300.01913,298.49158,298.4443,289.72195,300.04266,298.49265,298.4862,298.49298,300.02005,298.49307,294.49286,299.03952,292.42847,299.9439,299.7357,299.04684,299.65958,299.1451,298.74237,275.75958,300.0193,293.4972,298.43393,300.0193,274.77753,300.01923,298.49466,299.55997,298.43384,300.01944,298.43484,300.01932,298.49332,298.49554,299.44214,260.22876,299.86005,267.67587,297.14316,291.8575,299.4274,299.52612,296.6879,293.23938,300.01837,300.01852,298.42462,300.0184,298.87485,290.93738,298.4824,298.4259,300.01843,298.4265,300.01855,298.48328,290.48206,298.48328,284.4021,300.008,299.81824,298.4841,298.74323,299.0713,298.78958,299.9494,298.48602,301.5184,290.74634,299.1904,297.407,300.01837,272.91223,298.48233,298.48233,298.42877,262.2844,298.4834,298.43,298.43002,298.4834,300.0189,300.01895,298.43182,299.04172,299.6573,299.84915,296.30417,300.01865,299.04214,298.48636,298.4864,300.0182,298.48615,298.48834,298.4324,299.78275,283.3924,298.48828,298.4884,259.97723,300.0183,298.4894,298.32202,298.43158,299.16275,299.04132
3720,299.30115,298.42447,300.01257,298.36072,300.01282,300.01215,298.36734,300.01215,300.01303,298.3615,298.42975,298.3675,300.01276,298.36215,300.0127,300.01233,299.75818,300.07562,298.36307,300.0124,300.0124,298.42953,298.3631,300.01276,298.4253,298.43036,300.04123,283.4992,299.4037,298.42615,298.4281,300.01248,300.0126,295.36212,300.0125,300.01273,298.6153,298.36398,298.3658,300.01266,298.42868,298.42868,300.01266,298.42868,298.36554,298.36584,298.98593,274.08676,298.43036,300.01276,298.4291,298.43066,298.76126,298.36554,298.3669,286.6716,297.1063,279.3015,268.8986,286.19003,300.01315,298.36783,287.1965,298.43298,270.23013,298.4331,283.73425,298.4338,260.1156,298.43433,298.3683,298.6799,299.44678,298.3695,292.0716,298.3695,295.39163,299.20972,298.3695,300.01294,295.62888,298.98807,297.3419,263.87567,300.03735,298.67834,279.41675,288.5523,298.9879,298.37137,298.37195,272.04883,300.01343,298.4188,298.37167,298.41837,299.75803,269.39368,287.90335,298.4191,298.37207,298.41965,300.013,291.23273,294.93146,298.76297,296.73886,283.68997,299.75842,271.41742,289.78998,273.46225,300.02594,287.16156,299.10587,299.11664,285.8031,288.88803,299.84097,265.83002,298.36105,299.2809,300.01257,298.41333,298.41388,277.82214,300.0126,298.41446,290.1583,298.3617,298.3623,300.01263,298.41498,287.25226,298.58948,294.11725,291.97775,291.5947,298.32736,300.0317,299.30453,295.10092,299.726,291.05408,298.90082,298.98856,299.59943,316.64926,283.7535,268.24042,291.593,291.23373,293.1644,289.14777,295.982,298.98923,261.75864,277.61642,292.8065,298.5889,267.0522,299.4814,300.04074,298.98895,299.9076,299.7519,286.08298,299.75873,294.9845,298.98947,297.2369,289.9853,289.55692,298.98303,298.11563,299.75885,298.80255,266.7857,264.53244,283.1992,328.66968,289.86673,300.01343,299.40228,298.42545,298.42538,300.01346,299.6396,300.0126,298.42474,298.37067,289.46164,300.04068,298.4258,298.41934,298.42615,300.01355,298.42624,294.37836,298.98257,292.3344,299.93176,299.71387,298.99036,299.63498,299.10016,298.67776,275.65866,300.01273,293.17633,298.36026,300.01273,274.4282,300.01266,298.4278,299.52603,298.36014,300.0129,298.36118,300.01276,298.42642,298.42877,299.40594,260.12326,299.84198,267.51053,297.03494,291.59732,299.3927,299.47507,296.58237,292.90613,300.01178,300.01187,298.3507,300.01178,298.8178,290.65225,298.41553,298.35208,300.01178,298.3527,300.0119,298.41638,290.32962,298.41638,283.75397,300.00076,299.7983,298.4172,298.67883,299.02585,298.72366,299.93646,298.41916,300.89893,290.57266,299.14087,297.32126,300.01178,272.76697,298.41537,298.4154,298.355,262.1526,298.41647,298.35626,298.3563,298.4165,300.01236,300.0124,298.35812,298.98486,299.62885,299.83316,296.20108,300.01205,298.98532,298.41946,298.4195,300.01163,298.41922,298.42142,298.35873,299.75928,283.19016,298.42142,298.42148,259.7947,300.01172,298.42252,298.24597,298.35785,299.11725,298.98447
3780,299.2806,298.35687,300.0053,298.2819,300.00558,300.00485,298.28876,300.00485,300.0058,298.2827,298.36218,298.2889,300.00555,298.28342,300.00546,300.00504,299.7345,300.0516,298.28433,300.00513,300.00513,298.36197,298.28436,300.00555,298.3577,298.36282,300.01828,283.284,299.36386,298.35858,298.36053,300.00522,300.00534,295.12607,300.00525,300.00546,298.56146,298.2853,298.2872,300.0054,298.36115,298.36127,300.00543,298.36115,298.28702,298.28723,298.9262,274.02686,298.36282,300.00552,298.36157,298.36313,298.70465,298.2871,298.28833,286.08688,297.0201,279.14697,267.3437,285.9778,300.00592,298.28928,286.64413,298.3655,267.9186,298.36563,283.10992,298.36633,261.78616,298.36688,298.28976,298.61475,299.41174,298.29102,291.9496,298.29102,295.3099,299.1611,298.29105,300.0057,295.53955,298.92844,297.23248,264.16635,300.03424,298.61307,279.25443,288.02524,298.92828,298.29294,298.29355,270.42346,300.00623,298.3512,298.29327,298.3508,299.73434,267.56195,287.6818,298.35153,298.29367,298.35208,300.0058,290.98395,294.8165,298.706,296.57745,283.58737,299.73474,271.3715,289.66632,272.67206,300.02118,286.65677,299.0445,299.0695,285.22638,288.6552,299.82532,265.71124,298.28223,299.2401,300.0053,298.3459,298.3463,277.74606,300.00534,298.3469,289.73367,298.28287,298.2835,300.0054,298.3474,286.73883,298.5236,294.00375,291.71384,291.33777,298.25955,300.02753,299.26157,294.98117,299.7034,290.83942,298.83746,298.92896,299.57108,316.14902,283.1333,266.81918,291.3362,291.12048,293.04828,289.04257,295.87836,298.92966,262.833,277.54782,292.69586,298.52295,266.91544,299.44955,300.0382,298.92938,299.8947,299.73242,285.90076,299.73508,294.73752,298.92993,297.09064,289.56137,289.44186,298.9232,298.04755,299.7352,298.7464,265.44934,263.62524,283.11194,328.2561,289.73877,300.0063,299.34808,298.35806,298.35794,300.0063,299.6123,300.00543,298.3573,298.29236,289.2078,300.03818,298.35837,298.35196,298.35873,300.0064,298.3588,294.262,298.9227,292.23914,299.91934,299.69327,298.92648,299.60956,299.0468,298.61252,275.55588,300.00555,292.84702,298.28168,300.00555,273.9722,300.00552,298.36032,299.4916,298.28152,300.00577,298.28262,300.0056,298.35898,298.36136,299.36743,259.9603,299.8242,266.89374,296.92685,291.34048,299.3584,299.422,296.4757,292.57056,300.00452,300.00458,298.27188,300.0046,298.79153,290.37247,298.34802,298.27335,300.00464,298.274,300.00488,298.349,290.17847,298.349,283.1335,299.99323,299.79504,298.3497,298.61365,298.97662,298.65363,299.9246,298.35168,300.33063,290.3983,299.09125,297.2371,300.00458,272.62677,298.34784,298.34787,298.27634,261.75027,298.34897,298.27765,298.27768,298.34897,300.0052,300.0052,298.27957,298.9251,299.60822,299.81647,296.10144,300.00485,298.92557,298.35196,298.35196,300.0044,298.3517,298.3539,298.2802,299.73563,282.9889,298.3539,298.35397,261.27966,300.00452,298.35504,298.166,298.27957,299.07062,298.92468
3840,299.23282,298.289,299.99905,298.2012,299.9993,299.9986,298.20853,299.9986,299.99954,298.20255,298.2946,298.20868,299.9993,298.203,299.9992,299.999,299.71106,300.02847,298.2042,299.99887,299.99884,298.2941,298.20416,299.9993,298.28983,298.29495,299.99612,283.0794,299.32266,298.29086,298.29266,299.99918,299.99908,294.89,299.9991,299.99918,298.49634,298.205,298.2069,299.9994,298.29343,298.2935,299.99918,298.29337,298.2068,298.20694,298.86453,273.96887,298.2952,299.99924,298.29373,298.2953,298.65045,298.20694,298.2081,285.5253,296.9454,278.99738,266.32938,285.74826,299.99966,298.20905,286.0932,298.29794,266.76593,298.29782,282.52005,298.2987,263.05032,298.29916,298.20978,298.5489,299.37228,298.21085,291.83194,298.21094,295.22876,299.1109,298.21088,299.99942,295.45203,298.8667,297.1236,264.5425,300.03082,298.54745,279.09616,287.49203,298.86664,298.2128,298.2136,269.3101,299.9997,298.2833,298.21317,298.28293,299.7109,266.22845,287.46558,298.28366,298.21356,298.2842,299.9995,290.73993,294.70392,298.64716,296.41318,283.49268,299.7113,271.33286,289.54755,271.8071,300.01663,286.14737,298.98233,299.01926,284.66296,288.4164,299.80804,265.59677,298.20172,299.20093,299.99927,298.27805,298.2785,277.67737,299.99908,298.27914,289.31732,298.2024,298.20303,299.9991,298.27954,286.24146,298.4571,293.8931,291.45926,291.08786,298.1913,300.02332,299.22583,294.86487,299.67847,290.63147,298.77234,298.86743,299.53864,315.69275,282.54114,265.5651,291.08624,291.01065,292.93515,288.94073,295.77982,298.86798,263.70737,277.485,292.59085,298.4566,266.78763,299.41568,300.03534,298.8677,299.88116,299.71017,285.72552,299.71164,294.4882,298.86835,296.94278,289.13495,289.32794,298.86127,297.9979,299.71176,298.69046,264.42438,262.8764,283.02893,327.88715,289.61688,300.00018,299.29285,298.29028,298.29016,300.00003,299.6065,299.99915,298.28952,298.21222,288.95795,300.0352,298.29056,298.28415,298.29092,300.00012,298.29102,294.16037,298.86084,292.14612,299.90854,299.67215,298.86258,299.58194,299.0029,298.54694,275.45963,299.9992,292.52057,298.2016,299.99936,273.37256,299.99918,298.2928,299.45602,298.20123,299.99942,298.20212,299.99936,298.29117,298.29358,299.34464,259.73895,299.8078,266.2696,296.81976,291.09042,299.32388,299.3687,296.37122,292.2355,299.99817,299.99847,298.19138,299.9983,298.71182,290.09912,298.2803,298.19284,299.99835,298.19348,299.99838,298.28122,290.0396,298.2812,282.5411,299.98712,299.75858,298.28186,298.54794,298.93402,298.5822,299.8971,298.28384,299.80176,290.23172,299.0393,297.15192,299.99823,272.48743,298.27994,298.27997,298.19592,261.2905,298.28107,298.19727,298.1973,298.2811,299.99887,299.99887,298.19925,298.8634,299.5733,299.82135,296.00043,299.9983,298.86374,298.28424,298.28418,299.99823,298.284,298.2862,298.1999,299.71222,282.7888,298.2862,298.28632,262.6485,299.99823,298.2872,298.08337,298.19937,299.03284,298.8628
3900,299.1842,298.22165,299.99197,298.12186,299.99222,299.9915,298.1294,299.9915,299.99246,298.1234,298.2271,298.12955,299.99222,298.1238,299.99237,299.992,299.688,300.00485,298.1251,299.99176,299.99194,298.22687,298.12506,299.99222,298.2225,298.22763,299.97113,282.87903,299.28302,298.2236,298.22546,299.9922,299.99213,294.65097,299.9921,299.99213,298.42526,298.1258,298.12775,299.99216,298.22614,298.22617,299.99234,298.22607,298.12766,298.12778,298.80005,273.91092,298.22794,299.9923,298.2264,298.22797,298.6122,298.12784,298.12894,284.9887,296.86163,278.85175,265.5999,285.529,299.9926,298.1299,285.5484,298.23053,265.90164,298.23056,281.9559,298.2315,264.148,298.23193,298.13074,298.48282,299.32956,298.13193,291.71487,298.13187,295.1489,299.05746,298.1319,299.99252,295.36508,298.80222,297.01523,264.8929,300.0271,298.48166,278.9448,286.95663,298.80212,298.13388,298.13455,268.43182,299.99252,298.2162,298.1342,298.21555,299.68784,265.1942,287.25345,298.21628,298.1345,298.21683,299.99265,290.49918,294.59354,298.5893,296.2487,283.39703,299.68826,271.2935,289.42874,271.0048,300.0114,285.6622,298.93088,298.97104,284.1148,288.18216,299.79028,265.49686,298.12244,299.1629,299.99207,298.21072,298.2112,277.60794,299.99222,298.21188,288.90582,298.123,298.12363,299.99216,298.21246,285.7588,298.39066,293.78568,291.2072,290.84113,298.12375,300.01874,299.1824,294.75064,299.6559,290.4258,298.7035,298.80307,299.50363,315.2767,281.9759,264.52713,290.83972,290.90378,292.82452,288.8414,295.6831,298.8036,264.4578,277.42233,292.48483,298.39035,266.6937,299.38278,300.03214,298.80325,299.8677,299.68756,285.55157,299.6886,294.2376,298.80392,296.791,288.719,289.21707,298.7965,297.9265,299.68872,298.6162,263.53217,262.20596,282.9482,327.55493,289.49417,299.99326,299.23914,298.2229,298.22278,299.993,299.5794,299.99207,298.22226,298.13297,288.71387,300.0319,298.22342,298.2168,298.22357,299.9931,298.22385,294.03903,298.79605,292.0552,299.89743,299.65198,298.7969,299.5542,298.9604,298.4809,275.36414,299.99234,292.19397,298.1223,299.99234,272.71603,299.9921,298.22528,299.41983,298.122,299.99234,298.12262,299.9923,298.2238,298.2262,299.31424,259.48367,299.79092,265.7893,296.71368,290.84384,299.29172,299.31485,296.26978,291.90002,299.99115,299.9912,298.11188,299.99118,298.64325,289.83057,298.21298,298.1136,299.99127,298.1141,299.99118,298.21387,289.8912,298.21384,281.9756,299.97906,299.7254,298.21448,298.4818,298.88858,298.5289,299.86838,298.21646,299.30872,290.06543,298.98474,297.06805,299.99118,272.36392,298.21262,298.2128,298.11655,260.83517,298.21365,298.11807,298.11807,298.21365,299.99194,299.99176,298.12012,298.7987,299.53693,299.79797,295.9018,299.99106,298.79913,298.2169,298.2168,299.99118,298.21667,298.2188,298.12073,299.68933,282.59512,298.21884,298.219,263.85278,299.9911,298.2198,298.00195,298.12003,299.01532,298.79816
3960,299.13788,298.15396,299.98465,298.04074,299.98474,299.98398,298.04843,299.9842,299.985,298.04242,298.1594,298.04877,299.98492,298.04276,299.98502,299.98456,299.66296,299.98553,298.04413,299.98428,299.98453,298.15924,298.04407,299.98495,298.15497,298.1601,299.9473,282.6837,299.24057,298.15598,298.15784,299.98477,299.9847,294.41568,299.98468,299.98465,298.3554,298.04477,298.04675,299.98465,298.1585,298.1585,299.98502,298.15842,298.0467,298.0468,298.73264,273.85434,298.16034,299.98492,298.15872,298.1603,298.54913,298.04688,298.04797,284.47412,296.79456,278.70987,265.27597,285.31656,299.98514,298.04898,285.00964,298.16284,265.25128,298.16293,281.4158,298.16394,265.1468,298.16434,298.04984,298.41644,299.28467,298.05112,291.60086,298.05096,295.07092,299.0021,298.05103,299.98517,295.2784,298.73505,296.90775,265.92963,300.023,298.41537,279.05658,286.4209,298.73492,298.0531,298.0537,267.69818,299.98502,298.1486,298.05338,298.14792,299.6628,264.37457,287.0548,298.1486,298.05362,298.14914,299.9853,290.26285,294.48746,298.5303,296.08295,283.30298,299.66327,271.2542,289.31393,270.26788,300.00586,285.19116,298.88382,298.92038,283.58087,287.95383,299.77322,266.3935,298.04126,299.1265,299.98453,298.14304,298.14352,277.53918,299.98483,298.14423,288.50943,298.04196,298.04263,299.9847,298.14462,285.29404,298.32382,293.68146,290.95926,290.59866,298.0555,300.0137,299.1386,294.64053,299.6282,290.22357,298.63245,298.73578,299.4666,314.8931,281.4351,263.6783,290.5974,290.80316,292.7189,288.74866,295.5921,298.73645,265.3716,277.362,292.3804,298.32352,267.626,299.35254,300.02853,298.7361,299.85397,299.6669,285.4284,299.66357,293.98758,298.7368,296.6376,288.31122,289.11197,298.72903,297.86993,299.66373,298.54562,262.75528,261.59766,282.87247,327.25208,289.3743,299.98587,299.1904,298.15524,298.1551,299.98557,299.5774,299.9846,298.15463,298.05194,288.4763,300.02826,298.15588,298.1491,298.15588,299.98566,298.15628,293.9239,298.72858,291.9692,299.8831,299.63193,298.729,299.53,298.91714,298.41452,275.2706,299.985,291.87756,298.04123,299.9849,272.0445,299.98462,298.15756,299.38107,298.04095,299.9849,298.0414,299.98486,298.15613,298.15854,299.28055,259.21066,299.77066,266.12906,296.60858,290.60147,299.25967,299.2639,296.16946,291.56747,299.9837,299.98364,298.03058,299.98367,298.57825,289.56787,298.1453,298.03238,299.98376,298.03287,299.98364,298.14618,289.7544,298.14615,281.4346,299.9712,299.69244,298.1468,298.41537,298.84555,298.4576,299.83987,298.14877,298.84592,289.9022,298.9288,296.98538,299.9837,272.96225,298.1449,298.1449,298.0355,260.3968,298.1459,298.03696,298.037,298.1459,299.98456,299.98425,298.03906,298.73132,299.49924,299.79245,295.80618,299.98346,298.7318,298.1492,298.14908,299.98367,298.14896,298.15112,298.03967,299.66434,282.40695,298.15115,298.1513,264.9087,299.98367,298.1523,297.91867,298.03885,298.95544,298.7308
4020,299.09103,298.08612,299.978,297.95813,299.978,299.97723,297.966,299.97757,299.97824,297.9599,298.09155,297.96643,299.97824,297.96024,299.97833,299.97784,299.63623,299.96344,297.96164,299.97754,299.97784,298.09143,297.96158,299.9783,298.08725,298.09235,299.92267,282.50232,299.20862,298.08817,298.09006,299.97806,299.978,294.181,299.97794,299.9779,298.2856,297.96228,297.96432,299.97784,298.0907,298.0907,299.97833,298.0906,297.96423,297.96436,298.6629,273.7995,298.09253,299.9782,298.0909,298.0925,298.48798,297.96442,297.96555,283.98074,296.7071,278.57816,265.14523,285.11636,299.9784,297.96655,284.47726,298.09503,264.7728,298.09515,280.89853,298.09616,266.0591,298.0966,297.96747,298.3498,299.23697,297.9688,291.48816,297.9686,294.99402,298.94296,297.9687,299.97845,295.19223,298.66547,296.80145,266.79443,300.0188,298.34875,279.25198,285.8862,298.66534,297.9708,297.9714,267.08444,299.97827,298.08078,297.97107,298.0801,299.63605,263.70987,286.8883,298.08072,297.97128,298.08127,299.97858,290.03122,294.38382,298.48798,295.91772,283.21,299.63654,271.21548,289.2012,269.59253,300.00055,284.73816,298.80612,298.89972,283.0607,287.73325,299.75507,267.21356,297.9586,299.0884,299.97775,298.07523,298.0757,277.47144,299.97815,298.07642,288.12296,297.95935,297.96005,299.978,298.07675,284.84674,298.2568,293.57724,290.71564,290.36066,297.9875,300.0087,299.08945,294.53317,299.59964,290.02484,298.55945,298.66617,299.42902,314.53625,280.91736,262.94507,290.35956,290.70453,292.61606,288.65707,295.496,298.66696,266.2636,277.3032,292.2769,298.25653,268.28455,299.32147,300.02466,298.6666,299.8385,299.6456,285.36285,299.63687,293.74136,298.66727,296.48428,287.9164,289.0085,298.6592,297.803,299.63702,298.4742,262.06512,261.04947,282.79782,326.97293,289.25604,299.97913,299.1305,298.08743,298.08746,299.97897,299.53165,299.9778,298.08685,297.96942,288.25305,300.02438,298.08813,298.0813,298.08826,299.9789,298.0885,293.82065,298.65872,291.88434,299.8691,299.6121,298.66318,299.50452,298.87177,298.34784,275.18167,299.9782,291.5631,297.95865,299.9781,271.37787,299.9778,298.08972,299.34515,297.9584,299.97806,297.95883,299.97806,298.08832,298.09073,299.235,258.93567,299.74966,266.42267,296.50534,290.36353,299.22662,299.2094,296.0706,291.243,299.97693,299.9768,297.94778,299.9769,298.51285,289.3129,298.07748,297.9497,299.97696,297.9502,299.97684,298.07834,289.64896,298.07834,280.91672,299.96353,299.659,298.07895,298.3487,298.7997,298.37653,299.8112,298.08096,298.4093,289.74136,298.87006,296.90378,299.97684,273.44965,298.07706,298.07697,297.9529,259.99402,298.07812,297.95435,297.95438,298.07812,299.9777,299.97733,297.9565,298.6616,299.46014,299.76822,295.71237,299.9765,298.6621,298.08136,298.08124,299.97675,298.08112,298.08328,297.95712,299.6376,282.23325,298.0833,298.08347,265.84818,299.97678,298.08456,297.83408,297.95624,298.90103,298.66107
4080,299.04376,298.0174,299.97177,297.87186,299.97174,299.9712,297.87994,299.97134,299.972,297.87347,298.02283,297.8804,299.97202,297.874,299.97183,299.97156,299.6082,299.93478,297.87546,299.97125,299.9716,298.02274,297.8754,299.9721,298.01852,298.02365,299.8952,282.31195,299.16257,298.01944,298.02136,299.9718,299.97174,293.94833,299.97165,299.97162,298.21536,297.87613,297.8782,299.97156,298.02197,298.02197,299.97208,298.0219,297.87814,297.87805,298.5916,273.74585,298.02383,299.97192,298.0222,298.02362,298.4261,297.87833,297.8794,283.5057,296.6412,278.4408,265.103,284.91315,299.9721,297.88052,283.95386,298.02634,264.40472,298.0265,280.39786,298.02734,266.86905,298.02792,297.88123,298.28262,299.1876,297.88284,291.37735,297.88263,294.91705,298.88242,297.88272,299.9722,295.10596,298.5943,296.69647,267.53732,300.01443,298.28165,279.4504,285.3561,298.59415,297.88486,297.8855,266.56253,299.97195,298.0121,297.88516,298.01138,299.60803,263.17215,286.75156,298.01196,297.88535,298.01254,299.9723,289.8021,294.2826,298.42282,295.75128,283.11713,299.6085,271.1733,289.09048,268.9739,299.99542,284.30017,298.7333,298.83432,282.55432,287.5147,299.7359,267.92212,297.87225,299.04788,299.97147,298.00647,298.00696,277.40195,299.9719,298.00754,287.74515,297.87308,297.8736,299.97165,298.008,284.41245,298.1891,293.47598,290.473,290.12552,297.9183,300.00363,299.03836,294.42844,299.57047,289.82846,298.48557,298.59503,299.3905,314.2018,280.42056,262.32864,290.12457,290.60788,292.51556,288.5668,295.4083,298.59586,267.05957,277.24286,292.1744,298.18887,268.84677,299.2876,300.02057,298.5955,299.82254,299.62183,285.3287,299.60886,293.4959,298.5962,296.33154,287.5309,288.90674,298.58777,297.74652,299.60904,298.40268,261.45245,260.53442,282.72314,326.71338,289.1402,299.97287,299.0695,298.01883,298.01874,299.97263,299.50833,299.97156,298.01825,297.88336,288.0489,300.0203,298.0193,298.01254,298.01953,299.97266,298.0197,293.7289,298.58728,291.80005,299.85562,299.59558,298.58948,299.4751,298.82144,298.28073,275.09042,299.97192,291.25287,297.8726,299.97177,270.72858,299.9715,298.0211,299.30557,297.8723,299.97174,297.87274,299.97174,298.01968,298.02213,299.19293,258.64453,299.72845,266.70206,296.40384,290.12848,299.19537,299.15182,295.9748,290.9217,299.9706,299.97046,297.86145,299.97055,298.4459,289.06845,298.0088,297.86343,299.97064,297.86392,299.9705,298.00967,289.57022,298.00964,280.41974,299.9575,299.62466,298.01028,298.28152,298.75415,298.2952,299.7812,298.0123,297.9951,289.5829,298.8089,296.8232,299.9705,273.86868,298.00836,298.00824,297.86673,259.58273,298.00946,297.86816,297.8682,298.00946,299.97134,299.971,297.87036,298.59042,299.41998,299.76355,295.6205,299.97015,298.59085,298.0127,298.01254,299.97043,298.01245,298.01462,297.871,299.60962,282.05136,298.01453,298.0148,266.68018,299.97043,298.01596,297.74643,297.87027,298.84805,298.58972
4140,298.99622,297.9484,299.96497,297.78622,299.9649,299.96442,297.79416,299.96448,299.96515,297.7875,297.95383,297.79465,299.9652,297.78815,299.9649,299.9647,299.58118,299.90646,297.78964,299.9644,299.96472,297.95377,297.78958,299.9653,297.94955,297.9547,299.86682,282.1277,299.11603,297.95047,297.9524,299.96494,299.96487,293.7141,299.9648,299.96478,298.1448,297.7903,297.79242,299.9647,297.953,297.953,299.96524,297.9529,297.79233,297.79236,298.51846,273.69385,297.95486,299.9651,297.95322,297.9547,298.3642,297.79254,297.79367,283.04947,296.5533,278.3073,265.07166,284.71463,299.96527,297.79474,283.4392,297.9574,264.094,297.95755,279.92017,297.9583,267.5762,297.95898,297.79538,298.21515,299.1368,297.79712,291.269,297.79688,294.83994,298.82025,297.79697,299.96533,295.02045,298.52124,296.5932,268.18564,300.0098,298.21417,279.6468,284.8303,298.5211,297.79916,297.7998,266.1041,299.9651,297.94308,297.79947,297.94238,299.58102,262.72348,286.6386,297.94296,297.79965,297.94354,299.96545,289.5774,294.1837,298.35803,295.58594,283.02698,299.58154,271.13428,288.98175,268.4048,299.98975,283.877,298.66214,298.77625,282.06186,287.3001,299.71658,268.53882,297.78622,299.00668,299.9646,297.93747,297.93796,277.33585,299.96506,297.93845,287.3753,297.78708,297.7875,299.96475,297.93896,283.99448,298.12115,293.37418,290.2358,289.8947,297.84888,299.99835,298.9859,294.32623,299.5446,289.63596,298.40952,298.522,299.3499,313.8865,279.94394,261.80148,289.89386,290.51138,292.41666,288.4759,295.31204,298.52286,267.75488,277.18484,292.07385,298.1209,269.34375,299.2524,300.01627,298.5225,299.8067,299.5981,285.31555,299.5819,293.2529,298.5232,296.17706,287.15546,288.80527,298.51447,297.6794,299.5821,298.33023,260.90686,260.0622,282.64847,326.4702,289.0267,299.96606,299.00735,297.9499,297.94977,299.96576,299.47168,299.96478,297.9493,297.79745,287.86426,300.01596,297.95026,297.94354,297.95056,299.96588,297.9509,293.64807,298.51398,291.71524,299.84195,299.57352,298.51505,299.44632,298.7727,298.21323,275.00235,299.9651,290.94284,297.78668,299.96494,270.1046,299.96466,297.95215,299.2633,297.78644,299.9649,297.78683,299.96494,297.95074,297.95322,299.14822,258.35605,299.7085,266.95352,296.3029,289.8977,299.161,299.09216,295.87668,290.60562,299.9637,299.96356,297.7754,299.96365,298.3779,288.83752,297.93982,297.77747,299.9637,297.77792,299.9636,297.94067,289.51117,297.94067,279.94287,299.94986,299.58914,297.94128,298.2142,298.70685,298.2158,299.75003,297.94333,297.60114,289.4278,298.74603,296.74228,299.9635,274.25507,297.93933,297.9392,297.7808,259.1982,297.9405,297.78207,297.7823,297.9405,299.96448,299.9641,297.78427,298.51733,299.3784,299.7327,295.52966,299.96323,298.51767,297.9437,297.94357,299.9635,297.94348,297.94565,297.78513,299.58273,281.8752,297.94547,297.94583,267.40826,299.96353,297.94702,297.65936,297.78436,298.79498,298.51657
4200,298.9487,297.87912,299.9577,297.69843,299.95764,299.95715,297.70636,299.95718,299.9579,297.69955,297.88458,297.70688,299.95795,297.70026,299.95758,299.9574,299.55423,299.8779,297.70178,299.95706,299.95743,297.88452,297.70172,299.95804,297.8803,297.88547,299.83762,281.94894,299.06873,297.88123,297.88315,299.95764,299.9576,293.482,299.95752,299.9575,298.0739,297.70245,297.7046,299.9574,297.88376,297.88376,299.95795,297.88367,297.7045,297.70456,298.44403,273.64243,297.88562,299.9578,297.88397,297.88553,298.30264,297.7047,297.70587,282.92664,296.4706,278.1776,265.06552,284.52072,299.95798,297.70697,282.94214,297.88818,263.84018,297.88834,279.52698,297.88907,268.18613,297.88977,297.70755,298.14734,299.08463,297.70935,291.1614,297.70914,294.76273,298.75677,297.70923,299.95807,294.93564,298.44672,296.49072,268.74716,300.00488,298.14636,279.81747,284.31177,298.4466,297.71146,297.7121,265.6985,299.95782,297.8738,297.71176,297.8731,299.55408,262.35922,286.5435,297.8737,297.71194,297.87427,299.9582,289.3571,294.0866,298.2946,295.42084,282.939,299.55463,271.09686,288.8747,267.8788,299.98376,283.52356,298.59442,298.72018,281.63892,287.0899,299.6966,269.07288,297.69818,298.9654,299.9573,297.8682,297.86868,277.27155,299.95776,297.86914,287.02063,297.69907,297.6994,299.95746,297.8697,283.6413,298.05292,293.2724,290.0032,289.66843,297.77927,299.99277,298.93112,294.2264,299.5176,289.44727,298.3319,298.4475,299.30756,322.8535,279.55005,261.3537,289.66772,290.41638,292.31937,288.38626,295.21713,298.44843,268.35605,277.12796,291.9747,298.0526,269.77222,299.2172,300.0117,298.44803,299.79016,299.5738,285.31277,299.55502,293.01266,298.44876,296.02252,286.7978,288.70535,298.4398,297.6133,299.55518,298.257,260.42133,259.6302,282.57516,345.30365,288.91495,299.95883,298.95508,297.88068,297.88052,299.95853,299.43198,299.95752,297.8801,297.70956,287.69656,300.0114,297.88098,297.8743,297.88135,299.95868,297.88174,293.5758,298.4392,291.63077,299.82812,299.55222,298.43976,299.41687,298.7246,298.1454,274.91666,299.95786,290.6388,297.69882,299.9577,269.50922,299.9574,297.88297,299.21945,297.69858,299.95767,297.69897,299.95767,297.88156,297.884,299.10083,258.07025,299.68832,267.18277,296.2023,289.67148,299.1265,299.03543,295.77856,290.296,299.9564,299.9562,297.68738,299.95633,298.30933,288.6194,297.87057,297.68948,299.9564,297.68997,299.95624,297.87143,289.46603,297.87143,279.54852,299.94183,299.55234,297.8723,298.14648,298.65945,298.13657,299.71774,297.87408,300.00748,289.27563,298.68143,296.6622,299.95615,274.57608,297.87006,297.86993,297.69287,258.8359,297.87122,297.69412,297.6944,297.87122,299.9572,299.95682,297.69632,298.44272,299.3353,299.7064,295.4402,299.95587,298.44315,297.87445,297.8743,299.95615,297.8742,297.8764,297.69727,299.55588,281.7037,297.8762,297.8766,268.03763,299.95618,297.8778,297.57068,297.69656,298.74106,298.44193
4260,298.9004,297.80966,299.94998,297.6101,299.94992,299.94943,297.61807,299.94946,299.95016,297.6112,297.81516,297.6186,299.95026,297.6119,299.94986,299.94968,299.52707,299.8488,297.61343,299.94934,299.9497,297.81506,297.61337,299.95035,297.81085,297.81604,299.80762,281.7752,299.02057,297.81174,297.8137,299.94992,299.9499,293.25626,299.9498,299.94977,298.00198,297.61414,297.6163,299.94968,297.81427,297.8143,299.95026,297.8142,297.6162,297.6163,298.36694,273.59167,297.8162,299.9501,297.8145,297.8161,298.24072,297.61642,297.61758,283.2276,296.3903,278.05127,265.066,284.33127,299.9503,297.61868,282.5171,297.81876,263.61,297.8189,279.4038,297.81964,268.70673,297.82034,297.61926,298.07925,299.03067,297.6211,291.0551,297.62088,294.68607,298.69104,297.62097,299.95038,294.8514,298.36963,296.3889,269.23404,299.9997,298.07822,279.97372,283.81577,298.3695,297.62323,297.62387,265.32944,299.95013,297.80435,297.62354,297.80365,299.52692,262.02194,286.46146,297.80423,297.62372,297.80478,299.9505,289.14102,293.9912,298.2317,295.25787,282.85272,299.5275,271.06042,288.76956,267.3901,299.97745,283.37433,298.52823,298.66458,281.42053,286.88412,299.676,269.53845,297.60965,298.92407,299.9496,297.7987,297.7992,277.2086,299.95007,297.7998,286.7372,297.61053,297.6109,299.94974,297.8002,283.49255,297.9844,293.17172,289.775,289.4464,297.70947,299.9869,298.8751,294.12848,299.48975,289.26215,298.2519,298.37048,299.26367,330.7263,279.423,260.95,289.4458,290.32346,292.22394,288.2987,295.1237,298.3714,268.8721,277.0722,291.8768,297.98407,270.1497,299.1818,300.00687,298.371,299.77298,299.54892,285.31677,299.5279,292.77887,298.37177,295.86853,286.51154,288.60757,298.3625,297.5487,299.52808,298.18195,259.98373,259.23422,282.50363,356.0071,288.80493,299.95117,298.9015,297.81122,297.8111,299.95087,299.3984,299.94983,297.81067,297.6212,287.54343,300.0066,297.81152,297.8048,297.8119,299.95102,297.81235,293.50986,298.3619,291.54782,299.81403,299.5309,298.36218,299.38702,298.67697,298.07724,274.83304,299.95016,290.3545,297.61047,299.95,268.94397,299.94974,297.81354,299.17432,297.6102,299.94998,297.61063,299.94998,297.8121,297.81458,299.05405,257.79962,299.668,267.39032,296.1023,289.4495,299.09213,298.98065,295.6812,290.00598,299.94864,299.94846,297.5989,299.94855,298.24075,288.41428,297.8011,297.60107,299.94864,297.60156,299.9485,297.80197,289.43002,297.80194,279.42014,299.93344,299.51425,297.80295,298.0784,298.61237,298.05856,299.68442,297.80463,303.7996,289.12625,298.61462,296.5828,299.94836,274.86526,297.80057,297.8004,297.60452,258.4973,297.80173,297.6057,297.60605,297.80173,299.9495,299.9491,297.60794,298.36554,299.29065,299.68454,295.352,299.9481,298.366,297.80496,297.80484,299.9484,297.80472,297.80692,297.60895,299.52884,281.5366,297.8067,297.80713,268.57556,299.94843,297.80835,297.48184,297.60828,298.6869,298.36472
4320,298.85223,297.74002,299.94183,297.5215,299.94177,299.94125,297.5295,299.94128,299.94205,297.52258,297.74554,297.53003,299.94214,297.52332,299.9417,299.9415,299.49908,299.81894,297.52484,299.94116,299.94153,297.74548,297.52478,299.94223,297.74124,297.74643,299.7767,281.60608,298.97156,297.74213,297.74408,299.94177,299.94174,293.04453,299.94165,299.94165,297.9294,297.52554,297.5277,299.94153,297.74466,297.74466,299.9421,297.7446,297.52762,297.5277,298.28793,273.5417,297.74655,299.94196,297.7449,297.7465,298.1824,297.52783,297.52902,283.74936,296.31155,277.92813,265.06854,284.14618,299.94214,297.53012,282.20316,297.74918,263.40582,297.74933,279.56677,297.75006,269.14725,297.7508,297.5307,298.01086,298.97507,297.53256,290.9503,297.53235,294.60983,298.62363,297.53244,299.94226,294.76776,298.29068,296.2877,269.65558,299.99423,298.0098,280.11646,283.36978,298.29053,297.5347,297.53534,264.99112,299.942,297.73447,297.535,297.734,299.49893,261.72842,286.38953,297.7346,297.5352,297.73517,299.94238,288.9291,293.89746,298.16895,295.09952,282.76797,299.49954,271.02466,288.66632,266.9339,299.9708,283.4207,298.4621,298.6089,281.39868,286.68262,299.65482,269.946,297.52084,298.8829,299.94144,297.72906,297.72958,277.1467,299.94193,297.73026,286.56116,297.52176,297.5223,299.9416,297.73056,283.539,297.91565,293.07236,289.55112,289.22858,297.63962,299.9807,298.81763,294.03235,299.46088,289.08054,298.17026,298.29153,299.21838,336.86783,279.5794,260.59128,289.2281,290.2325,292.13034,288.21292,295.03156,298.2925,269.313,277.01758,291.7801,297.91528,270.48148,299.14636,300.0018,298.29205,299.7552,299.52356,285.3249,299.49994,292.5603,298.29285,295.718,286.33304,288.51178,298.28333,297.4853,299.50012,298.1057,259.58826,258.8702,282.4337,363.22336,288.69662,299.9431,298.84622,297.74164,297.74167,299.94278,299.36096,299.9417,297.74106,297.53244,287.40292,300.0015,297.7419,297.7352,297.74246,299.94296,297.74277,293.44806,298.2827,291.46594,299.7996,299.50955,298.28287,299.35687,298.62967,298.00882,274.7513,299.94205,290.10934,297.52182,299.9419,268.40878,299.94162,297.74393,299.12796,297.52155,299.94186,297.52197,299.9419,297.74252,297.745,299.0059,257.53488,299.64664,267.5755,296.00296,289.23172,299.0579,298.926,295.5848,289.75595,299.94046,299.94028,297.51016,299.94037,298.17227,288.22195,297.73148,297.51242,299.94046,297.5129,299.9403,297.73233,289.4,297.73233,279.57465,299.9246,299.47485,297.7334,298.01,298.5656,297.98102,299.65005,297.73502,307.41666,288.97952,298.5462,296.50394,299.9402,275.12347,297.73093,297.73077,297.5159,258.17917,297.7321,297.5171,297.51743,297.7321,299.94138,299.94092,297.51932,298.28647,299.24457,299.6613,295.26495,299.93988,298.28696,297.73535,297.7352,299.9402,297.7351,297.7373,297.52036,299.50092,281.37366,297.7371,297.73752,269.03082,299.94025,297.73874,297.39294,297.51968,298.6344,298.28564
4380,298.80264,297.67038,299.93326,297.43283,299.9332,299.93265,297.44083,299.93268,299.93347,297.43387,297.6759,297.44135,299.93356,297.4346,299.93314,299.93292,299.4705,299.78833,297.43616,299.93256,299.93295,297.67584,297.4361,299.93365,297.6716,297.6768,299.74493,281.44125,298.9217,297.6725,297.67444,299.93317,299.93317,292.8572,299.93307,299.93307,297.8563,297.43686,297.43903,299.93295,297.67502,297.67502,299.93353,297.67496,297.43893,297.43906,298.20737,273.49246,297.6769,299.9334,297.67523,297.67685,298.1178,297.43915,297.44037,284.3729,296.23407,277.80792,265.07025,283.96527,299.9336,297.44144,282.00198,297.67957,263.2214,297.67972,279.94333,297.68042,269.5173,297.68118,297.44202,297.94226,298.91797,297.44388,290.847,297.44366,294.5342,298.55475,297.44376,299.9337,294.68472,298.21014,296.1872,270.01953,299.9885,297.94116,280.24564,282.9929,298.21002,297.446,297.4467,264.67886,299.93344,297.66464,297.44635,297.66434,299.4703,261.4676,286.3254,297.66492,297.44653,297.6655,299.93384,288.72125,293.80527,298.10614,294.95056,282.68463,299.47095,270.9895,288.56488,266.50714,299.96378,283.60834,298.39536,298.55286,281.5205,286.48535,299.63315,270.30316,297.43195,298.84174,299.93286,297.6594,297.6599,277.08582,299.93335,297.6606,286.49063,297.43286,297.4335,299.933,297.66092,283.72687,297.8467,292.97437,289.33145,289.01492,297.56964,299.97418,298.75897,293.93787,299.43115,288.9023,298.08765,298.21106,299.17175,341.60175,279.94882,260.27023,289.01453,290.1433,292.03848,288.12872,294.94067,298.21204,269.68805,276.96393,291.68457,297.8463,270.77225,299.11063,299.99643,298.2116,299.73682,299.49783,285.3348,299.47134,292.36676,298.2124,295.57565,286.25995,288.4178,298.2026,297.42276,299.47153,298.0285,259.22958,258.5343,282.36514,368.4705,288.59006,299.9346,298.7893,297.67197,297.6721,299.9344,299.3245,299.93314,297.67142,297.4436,287.27347,299.99622,297.67224,297.66553,297.67288,299.93445,297.67313,293.38898,298.202,291.38528,299.78458,299.48804,298.2021,299.32645,298.58273,297.9402,274.6714,299.9335,289.9157,297.43304,299.93335,267.90305,299.93304,297.6743,299.08047,297.43277,299.93332,297.4332,299.93332,297.67288,297.67535,298.95673,257.27664,299.6247,267.73886,295.90448,289.0181,299.02374,298.87054,295.4894,289.55774,299.93182,299.93167,297.42136,299.93176,298.1032,288.0419,297.6618,297.42368,299.93182,297.42416,299.9317,297.66266,289.37363,297.66266,279.94223,299.9153,299.43423,297.66376,297.94144,298.5192,297.90344,299.61456,297.66534,310.46777,288.8354,298.4765,296.42566,299.93155,275.35284,297.66122,297.66107,297.4272,257.87894,297.66238,297.42838,297.4287,297.6624,299.9328,299.93234,297.4306,298.20587,299.19705,299.6382,295.17902,299.93124,298.20636,297.66565,297.66553,299.93155,297.6654,297.66763,297.43164,299.47238,281.21466,297.6674,297.66782,269.41293,299.9316,297.66904,297.30426,297.431,298.57812,298.20502
4440,298.7536,297.6004,299.92426,297.34427,299.9242,299.9236,297.35226,299.92365,299.92447,297.34528,297.60593,297.35278,299.9246,297.34604,299.92413,299.9239,299.4409,299.7568,297.34756,299.92352,299.92392,297.60587,297.3475,299.92468,297.60162,297.6068,299.71216,281.28055,298.8709,297.6025,297.60446,299.92416,299.92416,292.70032,299.92404,299.92407,297.78253,297.3483,297.35046,299.92395,297.60504,297.60504,299.92453,297.60495,297.35037,297.35046,298.12564,273.44406,297.60693,299.9244,297.60526,297.60687,298.05795,297.35037,297.35178,285.03644,296.15765,277.69058,265.0691,283.78842,299.9246,297.35287,281.8994,297.60962,263.05222,297.60977,280.456,297.61047,269.82642,297.61124,297.35345,297.87335,298.86002,297.35532,290.7452,297.3551,294.45898,298.48514,297.3552,299.9247,294.60202,298.1285,296.0875,270.33273,299.98245,297.87222,280.36142,282.69275,298.1284,297.35745,297.35812,264.38892,299.92447,297.5946,297.3578,297.59433,299.44073,261.23267,286.26727,297.5949,297.35797,297.5955,299.92487,288.51746,293.71466,298.04294,294.81503,282.60257,299.44138,270.95483,288.46518,266.10724,299.95642,283.88925,298.32785,298.49625,281.73978,286.29218,299.61783,270.61584,297.3432,298.8076,299.92386,297.58942,297.5899,277.0259,299.92435,297.59064,286.50742,297.34412,297.34482,299.924,297.5909,284.00793,297.77747,292.87772,289.11597,288.80536,297.49945,299.96732,298.69943,293.8451,299.40057,288.7274,298.0047,298.12946,299.12357,345.26917,280.45493,259.9805,288.80505,290.0558,291.94833,288.04605,294.85098,298.13043,270.00595,276.91122,291.5901,297.77707,271.02615,299.09622,299.99078,298.12997,299.71906,299.4929,285.34476,299.44177,292.20444,298.1308,295.4459,286.27435,288.32547,298.1208,297.36124,299.442,297.95053,258.9028,258.22318,282.29782,372.42557,288.4851,299.92563,298.73083,297.60202,297.60217,299.9255,299.2882,299.92413,297.60144,297.35486,287.15375,299.99063,297.6023,297.59555,297.603,299.9255,297.60318,293.33163,298.12018,291.30563,299.76874,299.46637,298.12027,299.33252,298.53635,297.87128,274.59323,299.9245,289.77628,297.3444,299.92438,267.4258,299.92407,297.60434,299.03177,297.34412,299.92435,297.34454,299.92435,297.60294,297.6054,298.90738,257.0258,299.6019,267.88132,295.80682,288.80856,298.9899,298.81387,295.39505,289.41418,299.9228,299.9226,297.3327,299.9227,298.0344,287.87357,297.5918,297.33505,299.9228,297.33557,299.92267,297.59268,289.34915,297.59268,280.44693,299.90558,299.39203,297.5938,297.87253,298.47406,297.8257,299.57788,297.59537,312.96042,288.6938,298.40582,296.34778,299.92252,275.55554,297.59125,297.5911,297.33862,257.59506,297.5924,297.3398,297.34015,297.5924,299.9238,299.9233,297.34204,298.12415,299.14798,299.61514,295.09412,299.92218,298.12463,297.59567,297.59552,299.9225,297.59543,297.59766,297.34308,299.44287,281.0595,297.5974,297.59784,269.73154,299.92255,297.59906,297.21603,297.3424,298.52393,298.12326
4500,298.70312,297.53043,299.9149,297.25604,299.9148,299.9142,297.26404,299.9142,299.9151,297.25708,297.53595,297.26456,299.91522,297.2578,299.91476,299.9145,299.4107,299.7244,297.25934,299.91412,299.91452,297.5359,297.25928,299.9153,297.53165,297.53687,299.6784,281.12378,298.8193,297.53253,297.5345,299.9148,299.91476,292.57657,299.91467,299.9147,297.7086,297.26007,297.26224,299.91458,297.53506,297.53506,299.91516,297.53497,297.26215,297.26224,298.04333,273.39642,297.53696,299.91504,297.53528,297.5369,297.9923,297.26202,297.26355,285.7061,296.0824,277.57596,265.06387,283.6155,299.91522,297.26465,281.87845,297.53967,262.89517,297.53983,281.0446,297.54053,270.08337,297.5413,297.26523,297.8043,298.79947,297.2671,290.6449,297.26688,294.38428,298.41394,297.26697,299.91534,294.51993,298.04626,295.98856,270.60144,299.97607,297.80313,280.464,282.46942,298.0461,297.26923,297.2699,264.1183,299.9151,297.52457,297.26953,297.52432,299.41052,261.01877,286.21365,297.5249,297.2697,297.52548,299.91553,288.31757,293.62543,297.97952,294.69543,282.52176,299.4112,270.9207,288.3671,265.73196,299.94873,284.22824,298.25952,298.43915,282.02286,286.103,299.59848,270.88904,297.25482,298.76974,299.9145,297.5194,297.51993,276.9669,299.91498,297.52066,286.59183,297.25574,297.25647,299.91464,297.52094,284.347,297.70813,292.78244,288.90463,288.59982,297.42917,299.9601,298.63928,293.75375,299.36923,288.5557,297.922,298.0472,299.0742,348.13702,281.03802,259.71692,288.59964,289.96976,291.85965,287.96475,294.76245,298.04822,270.2745,276.85944,291.49667,297.70767,271.24692,299.05814,299.98483,298.04776,299.70135,299.46426,285.35345,299.41162,292.0757,298.04858,295.33154,286.3565,288.23474,298.0384,297.30075,299.4118,297.8724,258.60367,257.93405,282.2317,375.46747,288.38177,299.91632,298.67093,297.53204,297.5322,299.91623,299.25195,299.91476,297.53146,297.26645,287.04254,299.9847,297.53232,297.52557,297.53302,299.9162,297.5332,293.27533,298.0378,291.227,299.75226,299.44473,298.03787,299.28876,298.49084,297.80215,274.5167,299.91516,289.68848,297.25607,299.915,266.97592,299.9147,297.53436,298.982,297.25583,299.91498,297.25623,299.915,297.53293,297.53543,298.85712,256.78293,299.57858,268.0041,295.71008,288.6031,298.95654,298.75586,295.3017,289.32263,299.91336,299.9132,297.24442,299.91327,297.9652,287.71622,297.52182,297.24686,299.91336,297.24734,299.91324,297.5227,289.3253,297.52267,281.02896,299.8955,299.34863,297.5238,297.80347,298.42947,297.74786,299.54007,297.5254,314.99088,288.55466,298.33475,296.27048,299.91312,275.73364,297.5212,297.52106,297.25043,257.32635,297.5224,297.25162,297.25195,297.5224,299.91443,299.9139,297.2538,298.0418,299.09735,299.59216,295.0103,299.91275,298.04233,297.52567,297.5255,299.91306,297.52542,297.52765,297.25488,299.41272,280.90802,297.5274,297.52783,269.99573,299.91312,297.5288,297.1285,297.2542,298.4664,298.04092
4560,298.6534,297.46024,299.905,297.16846,299.90494,299.90433,297.17642,299.90433,299.90524,297.16946,297.4658,297.17694,299.90536,297.17023,299.9049,299.9046,299.3795,299.69098,297.17175,299.90424,299.90466,297.46573,297.1717,299.90546,297.46146,297.46667,299.64362,280.9707,298.7668,297.46234,297.46432,299.9049,299.9049,292.48535,299.9048,299.90485,297.63437,297.17245,297.17462,299.90472,297.46487,297.46487,299.9053,297.46478,297.17453,297.17462,297.9611,273.34958,297.46677,299.90518,297.4651,297.4667,297.92877,297.17438,297.17593,286.36258,296.00812,277.46393,265.0539,283.44638,299.9054,297.17703,281.9237,297.4695,262.74796,297.46967,281.66718,297.47037,270.29623,297.47113,297.17758,297.73502,298.73837,297.17944,290.54605,297.17923,294.30994,298.3425,297.17932,299.90552,294.43823,297.96405,295.89044,270.83112,299.9694,297.73383,280.55392,282.31876,297.96393,297.18158,297.18222,263.86462,299.90527,297.45435,297.1819,297.45413,299.37933,260.8222,286.1635,297.4547,297.18207,297.4553,299.90567,288.12155,293.5375,297.9157,294.59265,282.4422,299.38004,270.88702,288.2706,265.37936,299.94064,284.60068,298.19046,298.3814,282.34647,285.91772,299.5755,271.12686,297.1671,298.72888,299.9046,297.44922,297.4497,276.90875,299.90512,297.45047,286.7265,297.168,297.16873,299.9048,297.4507,284.71945,297.63855,292.68845,288.69733,288.3983,297.35876,299.9525,298.57867,293.66388,299.3371,288.3872,297.84024,297.96503,299.02368,350.4041,281.6562,259.4755,288.3982,289.8852,291.77243,287.88474,294.67508,297.96603,270.50073,276.80847,291.40433,297.63806,271.4378,299.0193,299.97858,297.96555,299.68243,299.43442,285.36035,299.38043,291.98004,297.9664,295.2336,286.48938,288.14548,297.9561,297.2409,299.38065,297.79425,258.32867,257.66455,282.16666,377.84055,288.28,299.90652,298.60968,297.46188,297.46204,299.90643,299.21518,299.9049,297.4613,297.17868,286.93884,299.97845,297.46213,297.45538,297.46286,299.9064,297.463,293.2202,297.9555,291.14923,299.73526,299.42297,297.95557,299.25217,298.44574,297.73285,274.4418,299.90533,289.64725,297.1684,299.90518,266.552,299.90488,297.4642,298.9312,297.16815,299.90515,297.16855,299.90518,297.46277,297.46527,298.80643,256.54846,299.5543,268.10846,295.61426,288.40155,298.9232,298.69647,295.20938,289.27808,299.90347,299.9033,297.1568,299.90338,297.8967,287.56915,297.4516,297.15927,299.90347,297.15976,299.90335,297.45248,289.30225,297.45248,281.64648,299.88498,299.3041,297.4536,297.73416,298.38464,297.67,299.50116,297.4552,316.65668,288.41794,298.26367,296.1935,299.9032,275.88913,297.45102,297.45087,297.16287,257.0718,297.45218,297.16403,297.1644,297.45218,299.90457,299.90402,297.16626,297.95956,299.04572,299.5689,294.9273,299.90283,297.96008,297.45544,297.45532,299.90314,297.45523,297.45743,297.1673,299.3816,280.76,297.4572,297.45764,270.2139,299.90323,297.4585,297.04202,297.16663,298.40933,297.95868
4620,298.60254,297.38995,299.89474,297.08176,299.89468,299.89404,297.08963,299.89404,299.895,297.08273,297.3955,297.09015,299.8951,297.0835,299.89465,299.89432,299.34763,299.6566,297.08502,299.89395,299.89438,297.39545,297.08496,299.8952,297.39114,297.3964,299.60782,280.82123,298.71353,297.39206,297.394,299.89465,299.89465,292.42462,299.89453,299.8946,297.56027,297.0857,297.08786,299.89447,297.39456,297.39456,299.89505,297.3945,297.08777,297.08786,297.87952,273.3035,297.39648,299.89493,297.3948,297.39642,297.86423,297.0876,297.08917,286.99496,295.93472,277.3544,265.03897,283.2809,299.89514,297.09024,282.02243,297.39923,262.6089,297.39938,282.2962,297.4001,270.47214,297.40085,297.0908,297.66553,298.67682,297.09265,290.44864,297.09244,294.236,298.27124,297.09253,299.89526,294.357,297.88248,295.79318,271.0268,299.96234,297.6643,280.63153,282.23468,297.88235,297.09476,297.09543,263.6261,299.89502,297.38403,297.0951,297.3838,299.34747,260.64023,286.11575,297.3844,297.09525,297.38498,299.89545,287.92935,293.4508,297.85156,294.50632,282.36383,299.34818,270.85385,288.1756,265.04764,299.93222,284.98978,298.1208,298.3231,282.69446,285.73627,299.55826,271.333,297.0803,298.69412,299.89435,297.3789,297.37943,276.8515,299.89484,297.38016,286.8981,297.08118,297.0819,299.89453,297.38043,285.10858,297.5688,292.59576,288.49402,288.20062,297.28824,299.94458,298.51776,293.57535,299.3042,288.22186,297.75992,297.88345,298.9722,352.21713,282.28177,259.25302,288.20065,289.80197,291.68655,287.8059,294.58875,297.88446,270.69083,276.7583,291.31296,297.5683,271.60196,299.0021,299.972,297.88397,299.66382,299.42618,285.3639,299.34857,291.9151,297.88483,295.15204,286.65933,288.05765,297.87445,297.18167,299.34882,297.7165,258.07477,257.41266,282.10263,379.7145,288.17975,299.8963,298.54718,297.39157,297.39175,299.89624,299.17798,299.89465,297.391,297.0918,286.842,299.97186,297.39185,297.38507,297.39258,299.8962,297.39273,293.1646,297.8739,291.0723,299.7178,299.40103,297.87393,299.25446,298.40094,297.66333,274.36847,299.89508,289.64658,297.08157,299.89493,266.15262,299.89462,297.39392,298.87946,297.0813,299.89493,297.08173,299.89493,297.3925,297.395,298.75516,256.32257,299.52954,268.19583,295.51935,288.20395,298.88995,298.63574,295.1181,289.27435,299.89316,299.893,297.07004,299.8931,297.82816,287.43234,297.38132,297.0726,299.89316,297.07306,299.89307,297.3822,289.2767,297.38217,282.27173,299.87402,299.25854,297.3833,297.6647,298.34073,297.59232,299.4612,297.3849,318.03784,288.28354,298.1927,296.1169,299.8929,276.02383,297.38068,297.38052,297.0762,256.83044,297.38187,297.07736,297.0777,297.38187,299.89432,299.89374,297.07956,297.878,298.99323,299.5452,294.84512,299.89252,297.8785,297.38513,297.385,299.89282,297.3849,297.38712,297.0806,299.34976,280.6154,297.3869,297.38733,270.39355,299.8929,297.38812,296.95673,297.07993,298.35153,297.8771
4680,298.55307,297.31952,299.88403,296.99612,299.88397,299.8833,297.00394,299.8833,299.8843,296.99713,297.32507,297.00446,299.88443,296.99786,299.88394,299.8836,299.3149,299.62122,296.99936,299.88324,299.88367,297.325,296.9993,299.88452,297.32074,297.326,299.57104,280.67517,298.65942,297.32162,297.3236,299.88394,299.88397,292.39093,299.88382,299.8839,297.48633,297.00006,297.00217,299.88376,297.32413,297.32416,299.88437,297.32407,297.0021,297.0022,297.79907,273.25812,297.32605,299.88425,297.32437,297.326,297.80005,297.0019,297.00348,287.59753,295.86224,277.24728,265.01907,283.119,299.88446,297.00455,282.16412,297.32883,262.4767,297.32898,282.9143,297.3297,270.6172,297.33044,297.0051,297.59586,298.61496,297.00693,290.35263,297.0067,294.16248,298.20053,297.0068,299.8846,294.27618,297.80206,295.6968,271.19278,299.95493,297.59464,280.69748,282.21033,297.80194,297.00903,297.00967,263.40118,299.88437,297.31357,297.00934,297.31335,299.31476,260.4706,286.0696,297.31393,297.00952,297.31454,299.8848,287.7409,293.36526,297.78702,294.43533,282.28662,299.31546,270.8211,288.08203,264.73523,299.92337,285.38416,298.0506,298.26416,283.05588,285.5585,299.5369,271.5108,296.9946,298.6558,299.88367,297.30847,297.309,276.7951,299.88416,297.30972,287.09616,296.99548,296.99622,299.88385,297.31,285.5031,297.4989,292.5043,288.29465,288.0068,297.21765,299.93628,298.45676,293.4881,299.27072,288.05954,297.6815,297.803,298.91983,353.68445,282.89722,259.0469,288.00693,289.71994,291.60193,287.72824,294.5035,297.80402,270.8502,276.70886,291.22256,297.49838,271.7421,298.96204,299.96506,297.80356,299.64505,299.39465,285.36417,299.3159,291.8776,297.8044,295.08585,286.85565,287.9711,297.79404,297.12326,299.31613,297.6396,257.83945,257.17664,282.03952,381.2117,288.081,299.88568,298.48355,297.32117,297.32135,299.88562,299.14038,299.88397,297.3206,297.00598,286.7508,299.96494,297.32144,297.31464,297.32217,299.88556,297.32233,293.10916,297.79346,290.99628,299.69986,299.379,297.79352,299.2076,298.35678,297.59366,274.2966,299.8844,289.6803,296.99585,299.88428,265.77637,299.88397,297.3235,298.8268,296.99557,299.88425,296.99597,299.88428,297.32208,297.3246,298.70355,256.10526,299.50415,268.26764,295.42538,288.01016,298.85703,298.5738,295.0278,289.30533,299.88245,299.88226,296.98444,299.88235,297.7616,287.3036,297.31088,296.98703,299.88245,296.98752,299.88232,297.31177,289.25006,297.31174,282.88705,299.86267,299.21204,297.3129,297.59503,298.29715,297.51498,299.42023,297.31445,319.19638,288.1515,298.12238,296.0407,299.8822,276.13953,297.31024,297.3101,296.99066,256.60144,297.3114,296.9918,296.99216,297.31143,299.88364,299.88303,296.99396,297.79758,298.93997,299.52103,294.76364,299.88177,297.79807,297.3147,297.31458,299.88208,297.31445,297.31668,296.99503,299.3171,280.47403,297.31647,297.3169,270.54114,299.88217,297.31766,296.87283,296.99435,298.29373,297.7967
4740,298.5017,297.249,299.87292,296.91177,299.87286,299.87216,296.91946,299.8722,299.8732,296.91272,297.25458,296.91998,299.87332,296.91345,299.87286,299.8725,299.28168,299.5848,296.91495,299.87213,299.87256,297.25452,296.9149,299.87344,297.2502,297.2555,299.53323,280.53244,298.60455,297.25113,297.25308,299.87283,299.87286,292.38095,299.87274,299.8728,297.41263,296.91562,296.91772,299.87268,297.2536,297.25363,299.87326,297.25354,296.91766,296.91776,297.72025,273.21347,297.25552,299.87317,297.25385,297.25546,297.7358,296.91745,296.919,288.16788,295.79065,277.14252,264.99716,282.9605,299.87338,296.92007,282.3403,297.25833,262.3582,297.25848,283.51114,297.2592,270.73663,297.25995,296.92062,297.52603,298.55307,296.92242,290.25797,296.9222,294.08917,298.13068,296.9223,299.8735,294.19583,297.72327,295.60132,271.33298,299.9472,297.52478,280.75247,282.23853,297.7231,296.9245,296.92514,263.19128,299.8733,297.24304,296.9248,297.24283,299.28152,260.3282,286.02454,297.2434,296.925,297.244,299.87372,287.55606,293.28085,297.7222,294.37808,282.2105,299.28223,270.78885,287.9899,264.44135,299.91418,285.77615,297.98004,298.20468,283.4231,285.38437,299.519,271.6632,296.9102,298.62125,299.87256,297.23795,297.23843,276.73953,299.87308,297.2392,287.3124,296.91104,296.91177,299.87274,297.23947,285.89542,297.42883,292.4141,288.09912,287.81674,297.14697,299.9276,298.39612,293.40204,299.23657,287.90024,297.60522,297.72418,298.86667,354.8865,283.4921,258.8645,287.81696,289.63916,291.51852,287.65164,294.4193,297.7252,270.98346,276.6602,291.13312,297.42834,271.86087,298.94272,299.95776,297.72473,299.6262,299.38385,285.36096,299.28265,291.86395,297.72556,295.0336,287.0702,287.8859,297.71524,297.06546,299.28293,297.5637,257.6227,256.95477,281.9774,382.422,287.98364,299.87463,298.4189,297.25064,297.25082,299.87457,299.103,299.87286,297.25006,296.92142,286.66452,299.95767,297.25092,297.24414,297.25165,299.87454,297.2518,293.05374,297.7147,290.92078,299.6816,299.35687,297.71472,299.20575,298.313,297.5238,274.2262,299.87332,289.74258,296.91135,299.8732,265.4219,299.87286,297.253,298.77335,296.9111,299.87317,296.9115,299.8732,297.25156,297.25406,298.6522,255.88605,299.47842,268.3259,295.33234,287.82013,298.8242,298.51065,294.9385,289.365,299.8713,299.87115,296.9001,299.87122,297.69363,287.18283,297.24036,296.90274,299.8713,296.9032,299.8712,297.24124,289.22192,297.2412,283.48193,299.85092,299.16467,297.24237,297.5252,298.25415,297.43808,299.3783,297.24393,320.17963,288.02167,298.05307,295.9648,299.87106,276.23785,297.2397,297.23953,296.90637,256.3807,297.24088,296.9075,296.90784,297.24088,299.87253,299.87192,296.9096,297.71878,298.88608,299.49686,294.68298,299.87064,297.71927,297.24417,297.24402,299.87094,297.24393,297.24615,296.91064,299.28394,280.3358,297.24594,297.24637,270.66226,299.87103,297.24713,296.79037,296.91,298.23608,297.7179
4800,298.45172,297.17838,299.86142,296.83017,299.86136,299.86063,296.8377,299.86063,299.8617,296.8311,297.18396,296.83823,299.86182,296.83182,299.86136,299.86096,299.24768,299.54742,296.83328,299.86057,299.86102,297.1839,296.83322,299.86194,297.1796,297.18488,299.4945,280.39288,298.549,297.1805,297.1825,299.86133,299.86136,292.39102,299.8612,299.8613,297.33966,296.83392,296.836,299.86118,297.183,297.183,299.86176,297.18292,296.83594,296.83603,297.64337,273.16953,297.18494,299.86166,297.18323,297.18488,297.67157,296.83572,296.83725,288.7057,295.7199,277.03995,264.97827,282.8054,299.86188,296.8383,282.54425,297.18774,262.23764,297.1879,284.08124,297.1886,270.83496,297.18936,296.83884,297.45605,298.49188,296.8406,290.1646,296.8404,294.0163,298.0621,296.84048,299.86203,294.11594,297.64636,295.50674,271.45316,299.9391,297.4548,280.79788,282.31198,297.64624,296.84265,296.84326,262.9911,299.8618,297.17242,296.84293,297.1722,299.2475,260.1718,285.98007,297.1728,296.8431,297.17337,299.8622,287.37485,293.19748,297.65704,294.33377,282.13553,299.24826,270.75702,287.89908,264.1643,299.9046,286.16095,297.9059,298.14468,283.79172,285.21375,299.49646,271.79578,296.82852,298.58252,299.86105,297.16733,297.16785,276.68472,299.86154,297.16858,287.54047,296.82938,296.83008,299.86124,297.16885,286.28055,297.35867,292.32504,287.90735,287.63037,297.07623,299.91855,298.33585,293.3171,299.2019,287.74387,297.53137,297.64728,298.81332,355.88342,284.06064,258.68314,287.63068,289.55945,291.43622,287.57602,294.33612,297.64825,271.09512,276.61218,291.04462,297.35815,271.96698,298.90088,299.95016,297.6478,299.60693,299.35013,285.3543,299.2487,291.87082,297.64862,294.99335,287.2966,287.80185,297.6383,297.00836,299.24893,297.48932,257.41852,256.74475,281.91608,383.41208,287.88773,299.8632,298.34235,297.18005,297.18024,299.8631,299.0648,299.86136,297.17947,296.83954,286.5826,299.95004,297.18033,297.17352,297.18106,299.86307,297.1812,292.99918,297.63785,290.84616,299.66302,299.3346,297.6379,299.15628,298.2697,297.4538,274.15717,299.86185,289.82803,296.8295,299.8617,265.08804,299.8614,297.1824,298.7193,296.82928,299.8617,296.82965,299.8617,297.18097,297.18347,298.60022,255.67564,299.45227,268.3877,295.24026,287.63376,298.79156,298.44193,294.8502,289.44803,299.85974,299.8596,296.81848,299.85968,297.62817,287.0694,297.16974,296.82117,299.85974,296.82162,299.85965,297.17062,289.19244,297.17062,284.0506,299.83875,299.11703,297.17175,297.45523,298.21127,297.36182,299.33563,297.17334,321.02374,287.89404,297.98508,295.88907,299.85953,276.32285,297.16907,297.1689,296.82477,256.16916,297.17026,296.82587,296.8262,297.17026,299.86102,299.86038,296.82797,297.64194,298.83246,299.47183,294.60294,299.85907,297.64243,297.17355,297.1734,299.85938,297.1733,297.17554,296.82898,299.25,280.20056,297.17532,297.17575,270.7615,299.8595,297.1765,296.71075,296.82825,298.178,297.64108
4860,298.40012,297.10757,299.84793,296.75174,299.84787,299.84708,296.7591,299.84708,299.8482,296.75262,297.11343,296.75958,299.84836,296.75333,299.84787,299.84744,299.21143,299.50906,296.75476,299.84705,299.8475,297.11313,296.7547,299.84845,297.10883,297.11407,299.45486,280.2564,298.4928,297.1097,297.1117,299.8478,299.84787,292.41803,299.84772,299.84784,297.2673,296.75537,296.7574,299.8477,297.1122,297.1122,299.8483,297.11212,296.75732,296.75742,297.5688,273.12622,297.11414,299.8482,297.11243,297.11407,297.611,296.7571,296.7586,289.21146,295.66708,276.93958,264.943,282.6535,299.84842,296.7596,282.76935,297.11697,262.12045,297.11713,284.6218,297.11786,270.91595,297.1186,296.76013,297.38593,298.43094,296.7619,290.0732,296.76166,293.94357,297.99493,296.76178,299.8486,294.03638,297.57175,295.41272,271.5524,299.93027,297.38464,280.83417,282.42456,297.5716,296.76385,296.76447,262.80057,299.84836,297.10162,296.76416,297.1014,299.21127,260.02783,285.93607,297.102,296.76434,297.10257,299.84882,287.1971,293.11496,297.59152,294.30157,282.0616,299.21198,270.72562,287.80957,263.90247,299.8938,286.53528,297.8301,298.08414,284.15643,285.04654,299.47733,271.90683,296.75,298.54803,299.84756,297.09653,297.09705,276.63074,299.84808,297.0978,287.77557,296.75082,296.75153,299.84778,297.09805,286.65527,297.28836,292.24008,287.7193,287.4476,297.00543,299.90857,298.27875,293.2331,299.1627,287.59036,297.46017,297.57263,298.75928,356.7204,284.60007,258.51273,287.448,289.48083,291.35498,287.5014,294.26218,297.57358,271.1883,276.56485,290.957,297.2878,272.04874,298.88025,299.94205,297.57315,299.58746,299.33752,285.3444,299.21243,291.89542,297.57394,294.96408,287.53012,287.719,297.56375,296.96152,299.2127,297.4164,257.22626,256.5454,281.85562,384.2318,287.79324,299.84982,298.26523,297.1093,297.1093,299.84964,299.04654,299.8478,297.1087,296.76074,286.50458,299.94193,297.1096,297.10275,297.11014,299.84973,297.11047,292.9457,297.56332,290.77197,299.6424,299.31128,297.5634,299.1525,298.2273,297.38364,274.08948,299.84848,289.93198,296.75076,299.84833,264.7733,299.84802,297.11163,298.6646,296.75052,299.84833,296.7509,299.84836,297.1102,297.11273,298.55545,255.47437,299.4236,268.41437,295.15005,287.45105,298.759,298.36893,294.7664,289.54984,299.84625,299.8461,296.74,299.84616,297.56372,286.96265,297.09897,296.74274,299.84625,296.7432,299.84616,297.09985,289.1618,297.09985,284.59015,299.82498,299.06866,297.10098,297.38507,298.17062,297.28598,299.29218,297.10257,321.75635,287.76862,297.9191,295.81412,299.84625,276.3922,297.0983,297.09814,296.7463,255.96722,297.0994,296.74738,296.7477,297.0994,299.84778,299.84708,296.7494,297.56735,298.7782,299.45743,294.52423,299.84573,297.56775,297.10278,297.10263,299.84604,297.10254,297.10477,296.7504,299.21375,280.06827,297.10455,297.10498,270.8429,299.84616,297.10574,296.6343,296.74954,298.12457,297.56653
4920,298.3488,297.03732,299.83392,296.67276,299.834,299.833,296.68024,299.83304,299.83438,296.6741,297.04327,296.68073,299.83438,296.67444,299.83405,299.8336,299.1737,299.48868,296.676,299.83322,299.83368,297.04285,296.67593,299.83444,297.03836,297.04367,299.43277,280.13666,298.436,297.03946,297.0414,299.834,299.83408,292.4589,299.83392,299.83405,297.19598,296.6766,296.6786,299.8339,297.04193,297.04193,299.8345,297.04184,296.67853,296.67862,297.4958,273.08395,297.04385,299.8344,297.04214,297.0438,297.54562,296.6783,296.6798,289.692,295.59116,276.84964,264.904,282.51242,299.83466,296.6808,283.01303,297.0467,262.00693,297.04684,285.14157,297.04758,270.9824,297.04834,296.68152,297.31598,298.37042,296.68304,289.984,296.6828,293.8716,297.9287,296.6829,299.83484,293.95795,297.4989,295.31985,271.6347,299.92108,297.3145,280.87375,282.57092,297.49875,296.68497,296.68555,262.61905,299.83463,297.0313,296.68524,297.031,299.17355,259.89185,285.90442,297.03168,296.6852,297.0323,299.83505,287.02582,293.03305,297.52612,294.27576,281.99075,299.17422,270.6989,287.72195,263.65494,299.8826,286.90112,297.7533,298.02332,284.52005,284.887,299.4536,272.00385,296.67133,298.5097,299.83377,297.02625,297.02676,276.58066,299.8343,297.02753,288.01538,296.67215,296.6726,299.83398,297.02777,287.02145,297.21835,292.15482,287.5392,287.27078,296.93503,299.89816,298.22018,293.14993,299.12317,287.44183,297.39038,297.49973,298.70483,357.43304,285.1148,258.3526,287.27127,289.4032,291.27457,287.428,294.1797,297.50064,271.26523,276.52106,290.8711,297.21765,272.1181,298.83765,299.93347,297.50024,299.56754,299.30228,285.34805,299.17468,291.9327,297.50098,294.9437,287.76846,287.6376,297.491,296.9038,299.175,297.3447,257.0456,256.35825,281.79736,384.91922,287.70044,299.8361,298.18805,297.03897,297.03888,299.83585,298.99835,299.83398,297.0384,296.68192,286.43442,299.93338,297.03925,297.03244,297.0397,299.836,297.04013,292.8954,297.4906,290.69882,299.62088,299.28802,297.49512,299.1016,298.18604,297.31354,274.02832,299.83472,290.05054,296.67197,299.83456,264.4765,299.83423,297.0413,298.60934,296.67175,299.83456,296.6721,299.8346,297.03986,297.0424,298.50232,255.28401,299.39386,268.4354,295.06052,287.27423,298.72687,298.2938,294.68076,289.66623,299.8323,299.8323,296.66138,299.83237,297.49948,286.86288,297.02866,296.66418,299.83243,296.6646,299.83237,297.02954,289.14142,297.0295,285.1051,299.8099,299.02335,297.03067,297.31497,298.129,297.20898,299.25885,297.03223,322.4026,287.64658,297.8541,295.7392,299.8325,276.4529,297.02795,297.0278,296.66754,255.77914,297.029,296.66876,296.6691,297.02902,299.83383,299.83325,296.67075,297.49442,298.72437,299.42746,294.4451,299.83188,297.4949,297.03244,297.0323,299.8322,297.0322,297.03442,296.67175,299.176,279.94986,297.03433,297.03464,270.9096,299.83234,297.03537,296.55795,296.67093,298.06653,297.49368
4980,298.29718,296.96695,299.81995,296.59497,299.82,299.81903,296.60233,299.81903,299.82034,296.5965,296.97296,296.60278,299.8204,296.59665,299.82016,299.81973,299.13568,299.46613,296.59805,299.81934,299.81964,296.97238,296.5982,299.82047,296.96793,296.97327,299.40643,280.01788,298.37872,296.9689,296.97092,299.82013,299.82007,292.5108,299.82004,299.8202,297.12524,296.59888,296.6008,299.82004,296.97156,296.97156,299.82065,296.97147,296.60077,296.60086,297.4251,273.04175,296.97348,299.82043,296.97177,296.97342,297.48102,296.60056,296.60202,290.1436,295.5205,276.76074,264.86346,282.37387,299.8208,296.603,283.27036,296.97635,261.89792,296.9765,285.62958,296.97723,271.03693,296.97797,296.6038,297.2458,298.31088,296.60498,289.89526,296.60498,293.79987,297.86404,296.60495,299.82098,293.87985,297.42828,295.22794,271.7028,299.91147,297.24435,280.89136,282.74585,297.42813,296.60712,296.60754,262.44626,299.82077,296.9609,296.6074,296.96057,299.13553,259.7629,285.8585,296.9613,296.60724,296.96188,299.82104,286.85706,292.95212,297.46042,294.2571,281.92023,299.1362,270.67026,287.63538,263.42035,299.87122,287.2534,297.67624,297.9621,284.87677,284.73074,299.43344,272.0829,296.59357,298.47513,299.8199,296.9559,296.9564,276.52942,299.82022,296.95715,288.25638,296.5943,296.59488,299.82013,296.9574,287.37442,297.14798,292.0696,287.36087,287.0968,296.86453,299.8873,298.16165,293.0677,299.0856,287.29538,297.32333,297.42905,298.6504,358.04645,285.60007,258.2016,287.09738,289.32663,291.19513,287.3556,294.09857,297.42996,271.3288,276.47595,290.78586,297.14743,272.17435,298.81638,299.92447,297.42957,299.54736,299.28842,285.32657,299.13666,291.98077,297.4303,294.931,288.00784,287.5574,297.42053,296.847,299.13696,297.27463,256.87534,256.18045,281.7395,385.50296,287.60892,299.82227,298.1108,296.96857,296.96844,299.82196,298.95624,299.8201,296.96786,296.60413,286.36423,299.9243,296.96884,296.96213,296.96927,299.8221,296.9695,292.84134,297.42017,290.62622,299.62543,299.26526,297.42657,299.0967,298.14865,297.24338,273.9673,299.82065,290.18036,296.59424,299.8206,264.19586,299.8204,296.97092,298.55368,296.59402,299.82074,296.59436,299.82068,296.96948,296.972,298.44974,255.09912,299.38025,268.4496,294.97144,287.10028,298.69498,298.2176,294.5952,289.7936,299.81842,299.81848,296.5838,299.8185,297.4354,286.76883,296.95825,296.58646,299.8186,296.58698,299.81854,296.95914,289.10468,296.95914,285.5906,299.79562,298.97925,296.96002,297.2447,298.0882,297.13223,299.2243,296.96185,322.975,287.5263,297.79025,295.66455,299.81857,276.4993,296.95755,296.9574,296.58994,255.59724,296.9586,296.5912,296.59137,296.9586,299.81992,299.8194,296.59317,297.4238,298.67136,299.39905,294.3668,299.818,297.42435,296.96185,296.96188,299.81833,296.9616,296.96402,296.594,299.138,279.83234,296.964,296.96423,270.9642,299.8184,296.96497,296.48257,296.5933,298.00793,297.4232
5040,298.24637,296.89783,299.80502,296.51855,299.80505,299.80408,296.5258,299.80408,299.8054,296.52,296.90402,296.5262,299.8055,296.52023,299.8053,299.80463,299.09717,299.44135,296.52158,299.80444,299.8047,296.90338,296.52164,299.80554,296.89893,296.90424,299.37863,279.90036,298.3212,296.89987,296.9019,299.80505,299.80515,292.57162,299.80505,299.80533,297.05615,296.52246,296.52438,299.80518,296.90244,296.90247,299.8058,296.9024,296.5242,296.5244,297.35715,273.00076,296.90427,299.80554,296.9028,296.90442,297.41766,296.5241,296.52554,290.56842,295.45135,276.67316,264.82034,282.23804,299.80597,296.52652,283.53802,296.90735,261.79257,296.90753,286.08798,296.90823,271.08176,296.9089,296.52716,297.176,298.25253,296.52838,289.80746,296.52838,293.72946,297.80133,296.52838,299.806,293.8031,297.3603,295.13718,271.75824,299.9015,297.17447,280.9021,282.94473,297.36014,296.5304,296.53094,262.28162,299.80594,296.89188,296.5307,296.89154,299.097,259.6401,285.81326,296.89218,296.53064,296.89276,299.80615,286.69193,292.87234,297.39554,294.24442,281.8503,299.09766,270.6412,287.55008,263.19812,299.859,287.59177,297.59943,297.90106,285.22598,284.57803,299.40915,272.14667,296.51724,298.43677,299.80505,296.88678,296.88733,276.4785,299.80527,296.888,288.49557,296.51794,296.51852,299.80527,296.88843,287.71307,297.07843,291.98514,287.186,286.9266,296.7953,299.87576,298.104,292.98654,299.04584,287.15213,297.25922,297.36102,298.59622,358.58057,286.05707,258.05875,286.92725,289.25107,291.1168,287.28415,294.01862,297.36188,271.38116,276.43118,290.70187,297.07794,272.2181,298.77335,299.91513,297.3615,299.52682,299.25256,285.3048,299.0981,292.03738,297.3622,294.925,288.24548,287.4783,297.3527,296.79135,299.09842,297.20657,256.71448,256.0112,281.6821,386.00504,287.51892,299.8073,298.03372,296.89923,296.89923,299.80716,298.91388,299.80524,296.8986,296.52747,286.29565,299.91492,296.89963,296.8929,296.90005,299.8073,296.9002,292.78534,297.35233,290.5548,299.58688,299.24136,297.36023,299.0453,298.10965,297.1737,273.9072,299.80573,290.31808,296.51764,299.8057,263.93076,299.80557,296.90167,298.49792,296.51746,299.8059,296.51794,299.8058,296.90027,296.90277,298.39728,254.92235,299.34283,268.4559,294.8832,286.93008,298.66275,298.14096,294.51056,289.92886,299.8035,299.8036,296.5075,299.80356,297.3722,286.67963,296.889,296.51016,299.8036,296.51077,299.80365,296.8899,289.06665,296.8899,286.04785,299.7796,298.93558,296.89075,297.17487,298.04724,297.05612,299.1893,296.89255,323.48703,287.4084,297.72827,295.59116,299.80365,276.53375,296.8883,296.88824,296.51367,255.42302,296.8894,296.51495,296.51505,296.88943,299.805,299.8043,296.5169,297.35583,298.61908,299.3691,294.28967,299.80307,297.3564,296.89258,296.8926,299.80328,296.89236,296.89468,296.5176,299.0995,279.7168,296.89468,296.8948,271.00903,299.80344,296.89575,296.4085,296.517,297.94995,297.3553
5100,298.19443,296.82715,299.78955,296.44382,299.78958,299.78857,296.45093,299.78857,299.78992,296.44516,296.83344,296.45132,299.79007,296.44547,299.78986,299.78906,299.0578,299.41486,296.44675,299.78897,299.78918,296.83276,296.4468,299.7901,296.8283,296.83365,299.3493,279.78458,298.26328,296.82922,296.83127,299.78952,299.7897,292.63907,299.78955,299.78992,296.9867,296.44766,296.44955,299.78973,296.8318,296.8318,299.79037,296.8318,296.4493,296.44962,297.29187,272.96063,296.8336,299.7901,296.8322,296.83383,297.3528,296.44928,296.4507,290.96878,295.39856,276.5867,264.77502,282.10468,299.79056,296.45166,283.81308,296.8368,261.6906,296.83694,286.51913,296.83768,271.11835,296.8383,296.4522,297.1059,298.19543,296.45343,289.72562,296.45346,293.65823,297.7406,296.45346,299.7905,293.72574,297.295,295.04846,271.80258,299.89093,297.10437,280.92136,283.163,297.29486,296.45538,296.45596,262.12448,299.79056,296.82132,296.45572,296.82095,299.05765,259.52274,285.78232,296.82156,296.4557,296.82214,299.7907,286.53012,292.7935,297.3294,294.23627,281.78128,299.05832,270.6122,287.46606,262.9872,299.8463,287.91623,297.52304,297.8393,285.56708,284.42834,299.3882,272.19733,296.44257,298.40237,299.7896,296.81613,296.8167,276.42813,299.78976,296.81735,288.73175,296.44324,296.44385,299.78986,296.81784,288.03818,297.00815,291.91638,287.01465,286.75995,296.72473,299.86377,298.0468,292.90643,299.00546,287.01123,297.19788,297.2957,298.54227,359.05035,286.48743,257.923,286.76068,289.17642,291.03943,287.2134,293.96194,297.2965,271.42355,276.38684,290.6185,297.0077,272.25214,298.75198,299.90518,297.29614,299.5061,299.23807,285.3005,299.05878,292.10016,297.2968,294.9244,288.4798,287.40024,297.28757,296.74167,299.05908,297.1399,256.5619,255.84984,281.62512,386.44107,287.4308,299.79187,297.95676,296.8287,296.82874,299.7918,298.8728,299.7898,296.8281,296.45255,286.2342,299.90512,296.82916,296.8224,296.82956,299.79196,296.82968,292.73422,297.2872,290.48355,299.55777,299.2172,297.29584,299.04,298.06967,297.1037,273.8479,299.79025,290.4613,296.44275,299.79025,263.68,299.79013,296.8312,298.44205,296.4426,299.7905,296.44315,299.79037,296.8298,296.8323,298.34494,254.75323,299.3066,268.45538,294.80096,286.76346,298.63025,298.06412,294.44147,290.06924,299.788,299.78812,296.43286,299.78802,297.309,286.59564,296.81842,296.43555,299.78806,296.43616,299.78818,296.8193,289.04135,296.8193,286.47842,299.76334,298.89163,296.8202,297.10477,298.0071,296.98096,299.1531,296.82193,323.94885,287.2923,297.6676,295.51724,299.78815,276.56412,296.81775,296.81772,296.43906,255.2563,296.81888,296.44034,296.4404,296.8189,299.78955,299.7887,296.44223,297.29062,298.5672,299.34015,294.21295,299.78757,297.2912,296.82205,296.82205,299.78772,296.8218,296.82413,296.4429,299.06015,279.6031,296.82413,296.82422,271.04572,299.78793,296.82526,296.3362,296.44235,297.8914,297.29013
5160,298.14282,296.75653,299.77365,296.37073,299.77368,299.77264,296.3777,299.77264,299.774,296.372,296.76263,296.37805,299.77417,296.37234,299.77396,299.7731,299.01797,299.3865,296.3736,299.77304,299.7733,296.76218,296.37363,299.7742,296.75772,296.76306,299.31857,279.67038,298.20496,296.75864,296.76068,299.77356,299.7738,292.7117,299.77362,299.77405,296.9183,296.3745,296.37634,299.77386,296.7612,296.7612,299.77448,296.7612,296.3761,296.3764,297.22934,272.92126,296.76297,299.7742,296.76166,296.76328,297.28824,296.3761,296.3775,291.34668,295.32925,276.5016,264.72812,281.9738,299.7747,296.37842,284.0932,296.76627,261.59192,296.76642,286.92523,296.76715,271.14807,296.76773,296.3789,297.0358,298.13956,296.38013,289.64142,296.38016,293.5874,297.68182,296.38016,299.7746,293.64893,297.23242,294.9614,271.83752,299.87988,297.03418,280.91766,283.3969,297.2323,296.38202,296.38263,261.9744,299.7747,296.75076,296.38235,296.75037,299.01782,259.41028,285.7345,296.75098,296.38235,296.75156,299.77484,286.37158,292.71536,297.26315,294.23187,281.71335,299.0185,270.58347,287.38336,262.78702,299.83316,288.22717,297.44717,297.77716,285.8998,284.28162,299.38156,272.23685,296.36957,298.3652,299.7737,296.74554,296.74612,276.3785,299.77386,296.74673,288.96344,296.37018,296.3708,299.774,296.74728,288.34982,296.93796,291.83127,286.84668,286.59668,296.6542,299.85126,297.99066,292.82712,298.965,286.87317,297.13925,297.23306,298.48846,359.4677,286.89307,257.79376,286.5975,289.10263,290.9629,287.14346,293.87607,297.23386,271.45767,276.34323,290.5361,296.9374,272.2768,298.71466,299.89478,297.23352,299.48932,299.23392,285.26816,299.01892,292.16742,297.23416,294.92844,288.70966,287.3232,297.2252,296.6891,299.01926,297.075,256.4169,255.696,281.5689,386.82388,287.34387,299.776,297.87997,296.75815,296.75824,299.77597,298.8321,299.77393,296.75757,296.37927,286.1711,299.89478,296.75864,296.75186,296.75906,299.77612,296.75916,292.67944,297.2248,290.41278,299.53125,299.19296,297.23376,299.0066,298.0297,297.03354,273.78955,299.77435,290.60782,296.3695,299.77438,263.4426,299.77426,296.7607,298.38608,296.3694,299.77463,296.36996,299.77448,296.75928,296.7618,298.2929,254.59142,299.2723,268.44913,294.7165,286.60022,298.5981,297.98724,294.3562,290.2127,299.77206,299.7722,296.3599,299.7721,297.24725,286.51572,296.74786,296.3626,299.7721,296.36322,299.77228,296.74875,288.99857,296.74875,286.88428,299.74677,298.8476,296.74963,297.03464,297.9669,296.90686,299.1162,296.75137,324.36868,287.17844,297.60886,295.44363,299.77222,276.58228,296.7472,296.7472,296.3661,255.09698,296.74835,296.36734,296.36737,296.74838,299.77365,299.77274,296.3692,297.22815,298.5158,299.31146,294.13672,299.7716,297.22867,296.7515,296.75153,299.77173,296.75125,296.75357,296.36984,299.02036,279.49124,296.7536,296.75363,271.0756,299.77197,296.75476,296.26544,296.3693,297.83298,297.22766
5220,298.09207,296.686,299.758,296.29922,299.758,299.757,296.30603,299.757,299.75833,296.30048,296.69202,296.3064,299.7585,296.3008,299.7583,299.75742,298.9776,299.35657,296.302,299.7574,299.7576,296.69168,296.30203,299.75854,296.68723,296.69257,299.28656,279.55795,298.1464,296.6881,296.6902,299.7579,299.75812,292.78787,299.75797,299.7584,296.85095,296.30292,296.30472,299.7582,296.69067,296.69067,299.75882,296.69067,296.30447,296.30478,297.1696,272.8825,296.69244,299.75854,296.69113,296.69278,297.22412,296.30447,296.30585,291.7041,295.26157,276.41788,264.6798,281.84528,299.75906,296.30676,284.37653,296.69577,261.4963,296.69592,287.3083,296.69666,271.17206,296.69727,296.30722,296.96558,298.0848,296.3084,289.55643,296.30844,293.51688,297.62506,296.30844,299.75894,293.5726,297.17264,294.87448,271.86398,299.86838,296.96393,280.90942,283.64325,297.1725,296.31024,296.31085,261.83096,299.75906,296.68027,296.3107,296.67987,298.97745,259.30225,285.6872,296.68048,296.31058,296.68106,299.7592,286.2162,292.63794,297.19684,294.23035,281.64624,298.97812,270.55505,287.3017,262.5968,299.81998,288.525,297.372,297.71484,286.2241,284.1377,299.35727,272.2662,296.29813,298.33392,299.7581,296.67505,296.67563,276.3296,299.7582,296.67624,289.1901,296.29874,296.29935,299.75833,296.67682,288.6485,296.86765,291.74774,286.68207,286.43674,296.5838,299.83847,297.93576,292.7486,298.92432,286.73776,297.08334,297.17322,298.43478,359.84192,287.27588,257.6703,286.43762,289.0296,290.88712,287.0742,293.79636,297.17398,271.48468,276.29984,290.45447,296.86716,272.2927,298.6961,299.88385,297.17365,299.46954,299.20694,285.23672,298.97858,292.2378,297.17426,294.93628,288.93414,287.24713,297.16556,296.63617,298.9789,297.01205,256.27884,255.54922,281.51306,387.16345,287.25775,299.76035,297.80344,296.68768,296.68774,299.76035,298.792,299.7583,296.6871,296.30762,286.10825,299.8839,296.68817,296.6814,296.68857,299.7605,296.68866,292.6233,297.16516,290.34253,299.50623,299.19528,297.17432,298.99854,297.9906,296.96335,273.7321,299.75873,290.75607,296.29788,299.75876,263.21768,299.75867,296.69025,298.33,296.29776,299.759,296.29834,299.75888,296.6888,296.6913,298.24142,254.43652,299.23883,268.43738,294.63107,286.44028,298.5826,297.9105,294.27246,290.3575,299.75644,299.75656,296.28848,299.75653,297.18622,286.4388,296.6774,296.29123,299.75647,296.29184,299.75665,296.6784,288.95523,296.67825,287.26727,299.73102,298.80334,296.67914,296.9644,297.93015,296.83386,299.0786,296.6809,324.75302,287.0665,297.5521,295.37033,299.7566,276.5913,296.6767,296.6767,296.29468,254.9447,296.6779,296.2959,296.29593,296.6779,299.75803,299.75708,296.29773,297.16843,298.46472,299.28336,294.06097,299.75595,297.16895,296.681,296.68103,299.75604,296.6808,296.68307,296.29834,298.98,279.3813,296.6831,296.68314,271.09985,299.7563,296.68427,296.19617,296.29782,297.77515,297.168
5280,298.04126,296.61554,299.74158,296.22952,299.74158,299.74054,296.23618,299.74054,299.7419,296.23074,296.6215,296.2365,299.74213,296.23108,299.7419,299.74097,298.93716,299.32523,296.23224,299.74097,299.74118,296.62122,296.23227,299.74213,296.61676,296.6221,299.2534,279.44733,298.08762,296.61768,296.61972,299.74146,299.74173,292.8666,299.74155,299.74197,296.78455,296.23312,296.2349,299.7418,296.62024,296.62036,299.7422,296.62024,296.23477,296.235,297.1125,272.84433,296.622,299.74216,296.6207,296.62234,297.15982,296.23465,296.236,292.0428,295.19592,276.3355,264.62997,281.71912,299.74268,296.23688,284.66144,296.62537,261.40353,296.62552,287.67032,296.62625,271.19125,296.62683,296.23734,296.8953,298.03125,296.2385,289.47217,296.23853,293.44662,297.5702,296.23853,299.74255,293.49673,297.11548,294.78796,271.8832,299.8564,296.89368,280.91577,283.89926,297.11533,296.2403,296.24088,261.6938,299.74268,296.6098,296.2408,296.60944,298.937,259.19836,285.65866,296.61002,296.24063,296.61063,299.7428,286.06387,292.56128,297.13052,294.23108,281.57993,298.93768,270.52704,287.22092,262.41595,299.80603,288.8102,297.29742,297.6525,286.5399,283.99655,299.32825,272.28677,296.22852,298.29712,299.74167,296.6046,296.60522,276.28128,299.74182,296.6058,289.41104,296.2291,296.2297,299.74194,296.60638,288.93478,296.79736,291.66583,286.5207,286.27997,296.51346,299.82523,297.88187,292.67084,298.88364,286.60486,297.02997,297.11603,298.38126,360.18036,287.63776,257.5521,286.28094,288.95728,290.8121,287.00558,293.71896,297.11676,271.5055,276.25702,290.3736,296.79688,272.30228,298.65295,299.87253,297.11646,299.44812,299.1645,285.23584,298.93814,292.30988,297.11703,294.9469,289.15265,287.17188,297.1086,296.5838,298.93848,296.95087,256.1472,255.40912,281.45786,387.46722,287.1726,299.744,297.7272,296.61725,296.61734,299.744,298.7521,299.74188,296.61667,296.23798,286.05267,299.8726,296.61777,296.61096,296.61816,299.74414,296.61826,292.58942,297.10822,290.27277,299.48126,299.15582,297.11743,298.94327,297.95178,296.8931,273.6755,299.74234,290.9047,296.2281,299.74237,263.0044,299.74225,296.61984,298.27386,296.22797,299.7426,296.22855,299.74255,296.6184,296.6209,298.19028,254.2882,299.20593,268.42078,294.5462,286.28354,298.54486,297.83392,294.19028,290.5022,299.74,299.7401,296.2189,299.7401,297.1266,286.3656,296.60696,296.22168,299.74014,296.22226,299.7402,296.60803,288.95602,296.60785,287.62933,299.7137,298.75894,296.60873,296.89413,297.89023,296.7621,299.04028,296.61047,325.10718,286.9563,297.49707,295.29736,299.74014,276.5999,296.60626,296.6063,296.22507,254.79909,296.60745,296.2263,296.22632,296.60745,299.7416,299.74063,296.22806,297.1114,298.41406,299.255,293.98578,299.73947,297.11188,296.61075,296.6106,299.7396,296.61035,296.61264,296.22867,298.9396,279.27316,296.61267,296.6127,271.11945,299.73984,296.61383,296.12924,296.22815,297.71713,297.11096
5340,297.99133,296.5452,299.72473,296.16345,299.72473,299.72388,296.1699,299.72366,299.7251,296.1646,296.55112,296.17023,299.72528,296.16495,299.72507,299.72412,298.89645,299.29263,296.16608,299.7241,299.72433,296.55096,296.1661,299.7253,296.54642,296.55176,299.21912,279.3385,298.0287,296.54752,296.54938,299.7246,299.725,292.9465,299.7247,299.72516,296.71915,296.16696,296.16867,299.72498,296.5499,296.5501,299.72522,296.55,296.16858,296.16873,297.05783,272.8067,296.55167,299.7253,296.55038,296.552,297.09592,296.16843,296.16974,292.36432,295.1306,276.25452,264.5793,281.59525,299.72583,296.1706,284.94662,296.55505,261.31354,296.5552,288.01306,296.55594,271.20648,296.55652,296.171,296.82504,297.9788,296.17215,289.38904,296.17215,293.3767,297.51706,296.17218,299.7257,293.42123,297.0608,294.70212,271.8965,299.844,296.82343,280.89832,284.16248,297.06064,296.17386,296.17444,261.56247,299.72586,296.5395,296.1744,296.53918,298.8963,259.0984,285.61026,296.5397,296.1742,296.54028,299.72598,285.9146,292.4853,297.06412,294.23468,281.51437,298.89697,270.4994,287.14105,262.24387,299.7917,289.0834,297.22418,297.58984,286.8473,283.8581,299.29706,272.30014,296.16248,298.2559,299.72482,296.53442,296.53488,276.23358,299.72498,296.5355,289.62607,296.16306,296.1636,299.72513,296.53607,289.20914,296.7271,291.58524,286.36252,286.1264,296.44327,299.81152,297.82916,292.5938,298.84283,286.47443,296.9789,297.06128,298.32794,360.48868,287.9804,257.439,286.1274,288.88568,290.7378,286.93768,293.64276,297.06198,271.52118,276.21472,290.2933,296.72662,272.3059,298.60907,299.86072,297.0617,299.42496,299.1243,285.19324,298.89743,292.3834,297.06226,294.95975,289.36487,287.09744,297.0541,296.53052,298.89777,296.89142,256.02155,255.27525,281.40323,387.74164,287.0885,299.7272,297.65152,296.54706,296.54703,299.72723,298.7126,299.72507,296.54636,296.17175,285.99524,299.8608,296.54745,296.54065,296.54785,299.7274,296.5479,292.531,297.05368,290.20352,299.45648,299.1255,297.06296,298.89774,297.9118,296.82285,273.61984,299.7255,291.05267,296.16177,299.72552,262.80203,299.72543,296.5495,298.21774,296.1618,299.7258,296.16223,299.72577,296.54807,296.5506,298.1397,254.14609,299.17316,268.40057,294.4622,286.12997,298.50763,297.75766,294.10938,290.64594,299.72308,299.72324,296.15286,299.72324,297.0689,286.29572,296.53665,296.15567,299.7233,296.15625,299.72333,296.53775,288.89526,296.53766,287.97217,299.69617,298.7144,296.53842,296.82385,297.8485,296.69275,299.00128,296.54016,325.4353,286.84784,297.44385,295.22467,299.72327,276.59943,296.53595,296.53595,296.15903,254.65977,296.53714,296.1602,296.16022,296.53714,299.72476,299.72375,296.1619,297.0568,298.36377,299.2266,293.9111,299.7226,297.05725,296.5405,296.54028,299.7227,296.5402,296.54233,296.16248,298.89893,279.1669,296.54236,296.54236,271.13516,299.72293,296.54352,296.06503,296.16187,297.65964,297.0564
5400,297.9419,296.47498,299.7075,296.09866,299.7075,299.70673,296.10495,299.70663,299.70786,296.09982,296.4809,296.1053,299.70807,296.10013,299.70782,299.70688,298.85565,299.25888,296.10123,299.70685,299.7071,296.48077,296.10126,299.7081,296.4762,296.48166,299.18384,279.23154,297.96954,296.47736,296.47916,299.70737,299.70782,293.027,299.70746,299.70792,296.65454,296.10208,296.10373,299.70773,296.4797,296.47992,299.70795,296.47983,296.1037,296.10382,297.00568,272.76956,296.48145,299.7081,296.48016,296.48178,297.03204,296.10373,296.1048,292.6701,295.066,276.17487,264.52792,281.4736,299.70862,296.10562,285.23093,296.48486,261.22623,296.48502,288.33813,296.48572,271.21832,296.48633,296.10602,296.7548,297.92743,296.10712,289.30707,296.10715,293.3071,297.4657,296.10715,299.7085,293.3463,297.00854,294.61697,271.90433,299.83112,296.7532,280.87683,284.43082,297.0084,296.10883,296.1095,261.43668,299.70865,296.46927,296.10934,296.46902,298.8555,259.00208,285.56122,296.46948,296.10913,296.47006,299.7088,285.76813,292.40997,296.99768,294.2392,281.44965,298.85617,270.47205,287.06213,262.07996,299.77695,289.34518,297.15186,297.52707,287.1464,283.72223,299.27267,272.30682,296.09775,298.2204,299.7076,296.4643,296.4647,276.18646,299.70776,296.4653,289.8345,296.09833,296.09888,299.7079,296.46588,289.47214,296.6569,291.50592,286.20743,285.97577,296.37323,299.79736,297.7776,292.51752,298.802,286.34625,296.9302,297.00903,298.27478,360.77176,288.30545,257.33054,285.97687,288.8148,290.6642,286.87042,293.56766,297.0097,271.53247,276.1729,290.21387,296.65643,272.30347,298.5875,299.84845,297.00943,299.4018,299.1077,285.15335,298.85663,292.4571,297.00995,294.97452,289.5706,287.0238,297.00208,296.47726,298.857,296.8336,255.90143,255.14722,281.34918,387.99155,287.00546,299.71005,297.5764,296.4769,296.4768,299.71005,298.67346,299.70782,296.47626,296.10684,285.9367,299.84854,296.47748,296.47046,296.47763,299.7102,296.47772,292.47192,297.00165,290.13477,299.431,299.09778,297.01093,298.89264,297.8709,296.75262,273.56503,299.7085,291.19882,296.09683,299.70844,262.60983,299.70822,296.4793,298.1616,296.09695,299.7086,296.09726,299.7086,296.47787,296.48038,298.0897,254.00989,299.14014,268.37665,294.37912,285.97937,298.472,297.68185,294.02957,290.78784,299.70596,299.70596,296.08817,299.706,297.01193,286.22763,296.46646,296.091,299.70605,296.09155,299.70605,296.4676,288.84286,296.46753,288.29736,299.67834,298.6697,296.46823,296.7536,297.8071,296.62436,298.9617,296.46997,325.74097,286.74112,297.3924,295.15234,299.706,276.5916,296.46576,296.46576,296.09427,254.5264,296.46692,296.09543,296.09543,296.46695,299.70752,299.7065,296.0971,297.00467,298.31384,299.19846,293.8369,299.7053,297.0051,296.47034,296.47006,299.70538,296.47006,296.4721,296.09766,298.85815,279.06247,296.47214,296.47217,271.14767,299.70566,296.4733,296.00214,296.097,297.60248,297.00427
5460,297.93008,296.40442,299.6898,296.03284,299.68964,299.68884,296.03903,299.6888,299.69,296.03397,296.41034,296.03937,299.69022,296.03427,299.69,299.68918,298.81848,299.20502,296.03537,299.68893,299.68918,296.41025,296.0354,299.69025,296.40564,296.41116,299.12903,279.11267,297.91064,296.40686,296.4086,299.68948,299.69,293.1063,299.68958,299.69006,296.59802,296.03622,296.03784,299.68988,296.4093,296.4094,299.69003,296.40933,296.03784,296.03793,296.957,272.73242,296.41092,299.69022,296.40964,296.41125,296.96777,296.03793,296.03888,292.6035,294.99997,276.08813,263.9663,281.34842,299.69077,296.0397,285.5027,296.41434,261.03522,296.4145,288.56903,296.41522,271.13202,296.4158,296.0401,296.68433,297.88907,296.0412,289.22525,296.0412,293.23825,297.43497,296.04123,299.69064,293.2722,296.95984,294.5323,270.49747,299.81766,296.68283,280.3646,284.69983,296.9597,296.04288,296.0436,261.29523,299.6908,296.39874,296.0434,296.39853,298.81845,258.88873,285.5098,296.39896,296.04318,296.39957,299.69095,285.62872,292.33374,296.93347,294.24362,281.38406,298.81906,270.44067,286.98572,261.92004,299.7617,289.53836,297.07916,297.4668,287.37198,283.58975,299.24432,270.3993,296.0321,298.18176,299.69,296.39383,296.3942,276.13675,299.68988,296.39478,290.02615,296.03265,296.0332,299.69003,296.3954,289.6603,296.58646,291.42532,286.05637,285.83246,296.3031,299.78284,297.7267,292.4405,298.76846,286.22342,296.88614,296.9603,298.2233,350.65234,288.53772,257.22287,285.83362,288.74347,290.59,286.80292,293.49026,296.96094,271.02585,276.12857,290.1353,296.5861,270.34586,298.54446,299.8358,296.9607,299.37747,299.06857,285.04175,298.81943,292.53043,296.96115,294.991,289.7732,286.9513,296.95355,296.42322,298.81985,296.78928,255.78566,255.02225,281.29388,366.863,286.92426,299.69244,297.5015,296.4065,296.40637,299.69226,298.63788,299.69003,296.40588,296.0411,285.88113,299.8358,296.40717,296.40012,296.4072,299.69244,296.4073,292.41562,296.95316,290.06622,299.40613,299.07062,296.95782,298.83932,297.8244,296.68225,273.50574,299.6908,291.33997,296.03107,299.6907,262.42627,299.69043,296.40887,298.10587,296.03125,299.6908,296.0315,299.6908,296.40744,296.40994,298.0398,253.87697,299.1098,266.95383,294.29605,285.83606,298.4365,297.60577,293.94855,290.93002,299.68814,299.68808,296.02258,299.6881,296.97604,286.16098,296.39615,296.0254,299.6882,296.02594,299.68817,296.39713,288.78873,296.3971,288.53015,299.66034,298.62244,296.39777,296.68314,297.76425,296.5554,298.91095,296.3995,322.90915,286.63712,297.34357,295.0797,299.68817,275.19873,296.3953,296.3953,296.02866,254.39389,296.39648,296.0298,296.0298,296.39648,299.6899,299.6887,296.03143,296.95605,298.2675,299.1738,293.76212,299.68747,296.95648,296.3999,296.39963,299.68756,296.39966,296.40167,296.03198,298.821,278.9491,296.40167,296.4017,271.13654,299.68784,296.40286,295.93896,296.03146,297.54462,296.9557
5520,297.86328,296.33475,299.67273,295.96866,299.6726,299.67148,295.97473,299.67148,299.67285,295.96997,296.34073,295.97507,299.67307,295.9701,299.67282,299.67188,298.7797,299.15186,295.97137,299.67175,299.672,296.3404,295.97134,299.6731,296.33582,296.34134,299.0784,278.9974,297.85062,296.337,296.33875,299.6723,299.67282,293.18417,299.67252,299.67313,296.53278,295.972,295.9736,299.67267,296.3395,296.33957,299.67285,296.3395,295.97357,295.9737,296.91052,272.69623,296.3413,299.67303,296.3398,296.34143,296.93097,295.97372,295.9746,292.06686,294.93488,276.00378,263.35226,281.22458,299.67358,295.9754,285.7006,296.34457,260.74725,296.34473,288.49725,296.3456,270.97214,296.34613,295.976,296.61404,297.83627,295.97687,289.1443,295.977,293.16953,297.37738,295.9769,299.67365,293.19736,296.91315,294.4489,269.6238,299.8039,296.6125,279.79956,284.9525,296.913,295.97852,295.97928,261.10446,299.67386,296.32898,295.97906,296.32874,298.7796,258.7249,285.40607,296.32925,295.97882,296.32977,299.67392,285.48593,292.2589,296.8659,294.24664,281.31967,298.7802,270.41193,286.9068,261.7486,299.74664,289.4958,297.00803,297.4021,287.37292,283.45444,299.213,269.046,295.96817,298.14,299.67294,296.3241,296.32452,276.08954,299.6729,296.3252,290.14294,295.9686,295.96912,299.67285,296.32562,289.6224,296.51654,291.34616,285.90482,285.6862,296.2339,299.768,297.67853,292.36456,298.7288,286.09824,296.84235,296.91357,298.17047,341.87183,288.47525,257.10147,285.68738,288.6728,290.51663,286.73578,293.41483,296.91418,270.48395,276.08615,290.0567,296.51602,269.3377,298.4993,299.82254,296.91397,299.35187,299.02957,284.8443,298.78067,292.59772,296.91443,295.00818,289.87762,286.87787,296.90704,296.37085,298.78104,296.72876,255.67111,254.90248,281.2391,355.08115,286.8428,299.67535,297.42746,296.33673,296.3366,299.6751,298.6022,299.67282,296.33615,295.97668,285.8104,299.82242,296.33746,296.3304,296.33743,299.67532,296.3375,292.35608,296.90662,289.99805,299.4008,299.05405,296.9089,298.7942,297.78262,296.6119,273.44843,299.67374,291.46667,295.96707,299.6736,262.2467,299.67328,296.33908,298.04962,295.96707,299.67368,295.9673,299.67368,296.33792,296.34015,297.9946,253.75212,299.09045,266.04785,294.214,285.68982,298.4181,297.53125,293.86887,291.04742,299.671,299.67093,295.9586,299.67096,296.91385,286.09476,296.32648,295.9614,299.67102,295.96194,299.67102,296.3274,288.7007,296.3274,288.4692,299.64374,298.57315,296.32803,296.61304,297.72638,296.48782,298.86072,296.32993,318.5559,286.53323,297.29617,295.00775,299.67105,274.3177,296.32556,296.32556,295.9646,254.26944,296.32672,295.96573,295.96573,296.32672,299.67288,299.67178,295.96735,296.90964,298.21716,299.1485,293.68814,299.67035,296.90988,296.33014,296.32993,299.67056,296.3299,296.332,295.9679,298.78223,278.83926,296.33203,296.33215,271.0736,299.67072,296.33307,295.87653,295.96744,297.50485,296.90918
5580,297.81015,296.26562,299.65527,295.90524,299.65518,299.65387,295.91135,299.65387,299.65555,295.90643,296.27133,295.91174,299.65558,295.90665,299.6556,299.65433,298.74197,299.0995,295.9078,299.65424,299.65466,296.27115,295.90796,299.6556,296.2666,296.2721,299.02652,278.88568,297.79184,296.26782,296.26965,299.6548,299.6553,293.24576,299.65506,299.65576,296.4697,295.9085,295.9101,299.65518,296.27032,296.2704,299.65558,296.2703,295.9101,295.9102,296.86642,272.66013,296.27197,299.65567,296.2706,296.27222,296.85397,295.91028,295.9111,291.29858,294.87064,275.92157,262.84137,281.10303,299.65607,295.9119,285.78293,296.27536,260.45505,296.2755,288.11636,296.2765,270.80698,296.27695,295.9126,296.54404,297.78433,295.91354,289.06503,295.91348,293.10013,297.3277,295.9135,299.65622,293.12387,296.8689,294.36578,268.9906,299.78976,296.54236,279.3143,285.15878,296.86874,295.91513,295.91574,260.88635,299.6565,296.2597,295.9155,296.2595,298.74182,258.53244,285.26373,296.26004,295.91525,296.2606,299.65652,285.34595,292.18475,296.80267,294.24542,281.25717,298.74252,270.38443,286.8301,261.56027,299.73108,289.24164,296.94565,297.34073,287.1639,283.32184,299.1882,268.06763,295.90494,298.10382,299.6555,296.25482,296.25528,276.0436,299.6553,296.25598,290.142,295.90552,295.90604,299.65546,296.25632,289.37384,296.4469,291.26855,285.75677,285.5425,296.16537,299.7529,297.63257,292.28937,298.69217,285.97586,296.80084,296.86932,298.1169,335.18552,288.104,256.96133,285.5438,288.60275,290.44406,286.66925,293.34076,296.8699,270.04547,276.04465,289.97968,296.44626,268.60538,298.47733,299.80893,296.86972,299.32727,299.01318,284.61383,298.74295,292.64908,296.87012,295.02222,289.86874,286.80554,296.86298,296.31747,298.7433,296.67413,255.55367,254.78535,281.18533,347.44946,286.76312,299.65793,297.36615,296.2675,296.26733,299.65765,298.56393,299.6554,296.2669,295.91318,285.7174,299.80878,296.26822,296.2612,296.26816,299.6579,296.26822,292.26273,296.86252,289.92966,299.3655,299.0259,296.86362,298.78915,297.74054,296.5418,273.39243,299.65628,291.54858,295.90353,299.65616,262.06396,299.65582,296.2698,297.99344,295.90363,299.6562,295.90384,299.65622,296.26877,296.27087,297.9478,253.63231,299.05447,265.38156,294.13248,285.54617,298.37756,297.46817,293.79028,291.12167,299.65347,299.65338,295.8953,299.6534,296.85303,286.021,296.2572,295.89832,299.6535,295.8987,299.65347,296.25812,288.55167,296.25812,288.09995,299.62567,298.5226,296.259,296.54312,297.68344,296.4237,298.81,296.2607,314.46954,286.43137,297.251,294.93643,299.65363,273.6647,296.25632,296.2565,295.90146,254.15033,296.25742,295.90256,295.90256,296.25742,299.65546,299.65442,295.9042,296.86557,298.1654,299.12064,293.61493,299.65283,296.8657,296.2609,296.26074,299.65314,296.2606,296.2629,295.9047,298.74457,278.732,296.26294,296.26288,270.97922,299.65323,296.26392,295.814,295.90417,297.44485,296.86505
5640,297.7607,296.19684,299.6374,295.84256,299.6373,299.6359,295.84842,299.6359,299.63773,295.84344,296.20264,295.84882,299.63785,295.84387,299.63782,299.63635,298.70468,299.04736,295.8448,299.63632,299.6368,296.20227,295.84506,299.6379,296.1979,296.20322,298.97458,278.77695,297.73254,296.19894,296.20084,299.63687,299.6374,293.28403,299.63718,299.63788,296.40817,295.84555,295.8471,299.63727,296.2015,296.20154,299.6378,296.20145,295.8471,295.84723,296.82397,272.62418,296.20306,299.63782,296.20175,296.20334,296.78656,295.8473,295.8481,290.43478,294.80942,275.84128,262.39166,280.98392,299.63818,295.8489,285.74805,296.20648,260.1677,296.20667,287.5095,296.20764,270.651,296.20807,295.84964,296.47427,297.734,295.85065,288.98685,295.8505,293.0319,297.2809,295.85056,299.63837,293.05084,296.82635,294.28372,268.50632,299.7753,296.4725,278.90335,285.29608,296.8262,295.85217,295.8527,260.65604,299.63864,296.19107,295.85245,296.1906,298.70453,258.32748,285.10022,296.19116,295.85223,296.1917,299.63864,285.20847,292.1127,296.7357,294.2349,281.1948,298.70526,270.3576,286.75403,261.35944,299.7151,288.83972,296.8783,297.2785,286.8056,283.1918,299.16116,267.3416,295.84216,298.06393,299.6376,296.18588,296.18637,275.99814,299.63736,296.1871,290.03064,295.8426,295.84332,299.63757,296.18738,288.9776,296.37747,291.19418,285.6116,285.40146,296.09695,299.73746,297.58655,292.21622,298.6552,285.85516,296.7604,296.82678,298.06293,330.18402,287.50598,256.81058,285.4028,288.53458,290.37344,286.60446,293.27112,296.82733,269.69638,276.00403,289.9027,296.37674,268.04248,298.43298,299.79495,296.82715,299.30444,298.97495,284.3796,298.70572,292.67453,296.8275,295.02832,289.74887,286.7347,296.82068,296.26526,298.70605,296.6218,255.43907,254.68527,281.13315,342.13895,286.68353,299.6401,297.30215,296.19858,296.19843,299.6398,298.52374,299.6375,296.198,295.85025,285.6055,299.79477,296.1993,296.19232,296.19925,299.64005,296.1993,292.15607,296.8201,289.8628,299.33704,298.99698,296.82065,298.73615,297.69855,296.47192,273.33755,299.63818,291.5794,295.8405,299.63824,261.8753,299.6379,296.20087,297.93704,295.84067,299.6383,295.84088,299.6383,296.1999,296.20193,297.89984,253.51941,299.02045,264.84747,294.05273,285.40515,298.3396,297.39886,293.71503,291.14172,299.6355,299.6354,295.83243,299.63544,296.79507,285.9383,296.1883,295.83554,299.63553,295.8359,299.6355,296.18918,288.388,296.18915,287.50385,299.60712,298.47134,296.19016,296.4734,297.64093,296.35867,298.7587,296.1918,311.0862,286.3301,297.20712,294.8659,299.6357,273.14948,296.1874,296.18765,295.83865,254.04425,296.18845,295.83972,295.83975,296.18845,299.63757,299.63657,295.8414,296.82312,298.1135,299.08884,293.54333,299.6349,296.8233,296.19202,296.19186,299.63522,296.1916,296.19412,295.84186,298.70737,278.62714,296.19415,296.194,270.8717,299.63538,296.19534,295.75137,295.8413,297.38547,296.82257
5700,297.71484,296.1283,299.6192,295.77975,299.61914,299.61768,295.7855,299.61768,299.6196,295.7805,296.13416,295.7859,299.61975,295.78104,299.61972,299.61816,298.6676,298.99533,295.78183,299.61813,299.61868,296.1337,295.78214,299.61987,296.12943,296.13464,298.92267,278.6709,297.67258,296.1304,296.1323,299.61868,299.61923,293.29074,299.61902,299.61975,296.3479,295.78262,295.78418,299.61908,296.13297,296.13297,299.61966,296.1329,295.78418,295.78427,296.7825,272.58847,296.13446,299.6197,296.13318,296.13477,296.7224,295.78436,295.78516,289.54608,294.74854,275.76276,262.0147,280.86725,299.62,295.78595,285.6152,296.13794,259.90176,296.1381,286.76712,296.1391,270.5087,296.13953,295.7865,296.40475,297.68475,295.78772,288.91003,295.78754,292.9643,297.2354,295.7876,299.6202,292.97836,296.7848,294.20273,268.12326,299.76047,296.4029,278.54922,285.35788,296.78464,295.78925,295.78973,260.42584,299.6205,296.1226,295.7895,296.122,298.66745,258.12283,284.92642,296.1226,295.78925,296.12314,299.6205,285.07333,292.04102,296.67017,294.2113,281.13333,298.6682,270.33115,286.6791,261.15167,299.69882,288.34723,296.8138,297.21503,286.35342,283.0642,299.13644,266.78818,295.77942,298.03238,299.61945,296.11728,296.11777,275.9532,299.61914,296.1185,289.82895,295.77975,295.78058,299.61942,296.11874,288.4896,296.30826,291.12042,285.46906,285.26288,296.02872,299.72168,297.5407,292.14374,298.61832,285.73654,296.72012,296.78522,298.00873,326.4335,286.77106,256.6525,285.26425,288.467,290.30344,286.5402,293.20123,296.78574,269.41495,275.96387,289.82672,296.3075,267.59726,298.41275,299.7806,296.78555,299.2784,298.95798,284.14914,298.66867,292.66992,296.78595,295.0216,289.5414,286.66458,296.7793,296.21365,298.66898,296.57077,255.31425,254.5628,281.08142,338.30856,286.60516,299.62198,297.23996,296.12997,296.12997,299.6218,298.48425,299.61935,296.1294,295.7874,285.48026,299.78043,296.1307,296.12375,296.1308,299.62192,296.1307,292.04266,296.77863,289.79648,299.31052,298.9691,296.77893,298.7298,297.65643,296.40234,273.2837,299.6199,291.55368,295.77753,299.6201,261.68076,299.61975,296.13226,297.88016,295.77774,299.62012,295.77792,299.62015,296.13132,296.13333,297.85214,253.41882,298.98785,264.4147,293.97424,285.2666,298.30377,297.33307,293.64044,291.1088,299.61728,299.6172,295.76953,299.61722,296.74057,285.84637,296.11966,295.7727,299.6173,295.77304,299.61728,296.12054,288.21802,296.12054,286.7705,299.58838,298.41977,296.12158,296.4039,297.59982,296.29428,298.70706,296.12317,308.37927,286.23056,297.1637,294.7959,299.61752,272.73026,296.11877,296.11908,295.7758,253.93254,296.11987,295.7769,295.7769,296.11987,299.61942,299.61838,295.77832,296.78165,298.06174,299.059,293.47217,299.61667,296.78183,296.1234,296.12326,299.617,296.12292,296.12558,295.779,298.67038,278.5246,296.1256,296.12543,270.76263,299.6172,296.12692,295.68835,295.77844,297.32828,296.7811
5760,297.6676,296.05994,299.60062,295.71674,299.6006,299.59906,295.7224,299.59906,299.60104,295.71738,296.0658,295.7228,299.60123,295.71796,299.60117,299.59955,298.6304,298.94333,295.71872,299.59952,299.6001,296.0653,295.71906,299.60135,296.0611,296.06625,298.87073,278.5673,297.61328,296.062,296.0639,299.6001,299.60065,293.26352,299.60043,299.60117,296.2883,295.7195,295.72107,299.6005,296.0646,296.0646,299.6011,296.0645,295.72107,295.7212,296.74158,272.5531,296.06607,299.6011,296.06482,296.0664,296.65982,295.72128,295.72208,288.66855,294.6877,275.68588,261.69385,280.75308,299.60144,295.72284,285.4021,296.06955,259.6574,296.0697,285.95758,296.07074,270.3808,296.07114,295.7233,296.33545,297.6362,295.72443,288.83423,295.72443,292.8971,297.19058,295.72452,299.60165,292.90637,296.7438,294.12268,267.81543,299.7453,296.33353,278.22684,285.34448,296.74365,295.72617,295.72662,260.2018,299.60196,296.05426,295.72638,296.05362,298.63025,257.9245,284.73477,296.0542,295.72614,296.05478,299.60196,284.9406,291.96985,296.60342,294.1715,281.07275,298.631,270.30496,286.60516,260.94183,299.68216,287.80344,296.75043,297.15182,285.84412,282.93912,299.10767,266.35617,295.71643,297.99078,299.6009,296.04886,296.04935,275.90875,299.60056,296.0501,289.56024,295.71674,295.71744,299.60086,296.05035,287.9501,296.2393,291.0473,285.32913,285.12674,295.9606,299.7055,297.49835,292.0718,298.58102,285.61975,296.6796,296.74423,297.95465,323.59534,285.96738,256.49332,285.12817,288.40005,290.23398,286.47647,293.13168,296.74475,269.1848,275.92413,289.75156,296.23843,267.2375,298.36877,299.76593,296.7446,299.25232,298.91953,283.90756,298.6315,292.6303,296.74493,294.9992,289.26654,286.5952,296.73843,296.1621,298.6318,296.52045,255.18863,254.44592,281.03018,335.48566,286.52783,299.60345,297.17783,296.06155,296.06165,299.60333,298.44604,299.6008,296.061,295.7244,285.34103,299.76572,296.06232,296.0554,296.06247,299.60342,296.0623,291.92252,296.73773,289.73068,299.28494,298.94186,296.73788,298.67764,297.61432,296.33298,273.23077,299.60132,291.47513,295.71442,299.60153,261.4818,299.6012,296.06384,297.82367,295.71463,299.60156,295.7148,299.6016,296.06293,296.0649,297.80612,253.3201,298.95627,264.05862,293.89667,285.1305,298.2688,297.26913,293.56644,291.02158,299.59866,299.59857,295.70642,299.59857,296.68457,285.74472,296.05127,295.70944,299.59866,295.70996,299.59866,296.05212,288.03513,296.05212,285.9679,299.56927,298.36813,296.05322,296.33463,297.55753,296.2305,298.65533,296.05475,306.21936,286.13248,297.1223,294.72623,299.5989,272.3772,296.05035,296.0507,295.7127,253.8244,296.05148,295.7138,295.7138,296.05148,299.60083,299.5998,295.71515,296.74075,298.0102,299.02994,293.40146,299.59805,296.74094,296.05502,296.05487,299.5984,296.0545,296.05725,295.7159,298.6332,278.42435,296.05725,296.05704,270.658,299.5986,296.0586,295.6246,295.71536,297.27304,296.74017
5820,297.62054,295.99173,299.58173,295.65298,299.58167,299.58014,295.6587,299.58014,299.58215,295.65363,295.99762,295.6591,299.58237,295.6542,299.5823,299.58063,298.59305,298.8914,295.65497,299.5806,299.5812,295.9971,295.6553,299.5825,295.99292,295.99805,298.81885,278.46628,297.5538,295.9938,295.99573,299.5812,299.58173,293.20316,299.58154,299.5823,296.22906,295.65576,295.65732,299.5816,295.99643,295.99643,299.58224,295.99634,295.65732,295.65744,296.70053,272.51807,295.9979,299.58224,295.99664,295.99823,296.59827,295.65753,295.65833,287.82205,294.62723,275.61057,261.41916,280.64102,299.58255,295.65912,285.12787,296.00137,259.43405,296.00156,285.12802,296.00256,270.26706,296.00296,295.65952,296.2664,297.588,295.6606,288.75925,295.6607,292.83026,297.1458,295.6608,299.58276,292.8349,296.70276,294.04352,267.56366,299.7298,296.2644,277.9578,285.26025,296.7026,295.66245,295.6629,259.98672,299.5831,295.9861,295.66266,295.98544,298.59286,257.73563,284.56024,295.986,295.6624,295.98657,299.5831,284.81018,291.8992,296.53763,294.11438,281.0129,298.59366,270.27902,286.53214,260.73322,299.6652,287.23563,296.68735,297.08896,285.30478,282.81622,299.08316,266.0116,295.65277,297.954,299.582,295.98068,295.98117,275.86484,299.58167,295.9819,289.24405,295.65308,295.65366,299.58197,295.98215,287.3862,296.1705,290.97485,285.19168,284.99298,295.89267,299.689,297.4519,292.0004,298.54343,285.50507,296.63788,296.70316,297.90063,321.4205,285.14224,256.3369,284.99448,288.33365,290.16507,286.41333,293.06265,296.70367,268.994,275.88474,289.6772,296.16962,266.94244,298.3448,299.7509,296.70352,299.2269,298.90228,283.70102,298.59412,292.55682,296.70386,294.95993,288.9441,286.5266,296.69745,296.1107,298.59445,296.47015,255.06314,254.33145,280.9794,333.37,286.45148,299.5846,297.11563,295.99335,295.9935,299.5845,298.40817,299.5819,295.9928,295.66077,285.20062,299.75076,295.9941,295.98718,295.9943,299.58456,295.99408,291.80493,296.69672,289.66537,299.25946,298.9147,296.6968,298.66998,297.57214,296.26382,273.1788,299.5824,291.34998,295.6506,299.58267,261.28024,299.5823,295.99564,297.767,295.65082,299.5827,295.65103,299.58273,295.99472,295.99667,297.75946,253.22295,298.92447,263.76205,293.8199,284.99673,298.2339,297.20612,293.49307,290.88715,299.5797,299.57965,295.6426,299.57965,296.62866,285.63635,295.98306,295.64554,299.57974,295.64615,299.57974,295.98392,287.86966,295.98392,285.14337,299.5499,298.31653,295.98502,296.26553,297.5157,296.16666,298.60358,295.98654,304.48032,286.03598,297.0786,294.6569,299.58,272.0822,295.98215,295.98248,295.64893,253.71895,295.98328,295.65002,295.65002,295.9833,299.58194,299.5809,295.65134,296.6997,297.95886,299.00122,293.33118,299.5791,296.6999,295.98682,295.9867,299.57947,295.98627,295.98907,295.65213,298.5959,278.32623,295.98907,295.98886,270.56088,299.57968,295.99045,295.55988,295.65158,297.21857,296.69913
5880,297.57385,295.92374,299.56253,295.58847,299.5625,299.5609,295.5942,299.5609,299.56296,295.58908,295.9296,295.5946,299.5632,295.58972,299.5631,299.56143,298.55548,298.83948,295.59045,299.5614,299.56198,295.92908,295.5908,299.5633,295.92493,295.93002,298.76697,278.36707,297.49426,295.9258,295.9277,299.56198,299.56256,293.11237,299.56235,299.5631,296.1699,295.59125,295.59283,299.5624,295.92844,295.92844,299.56305,295.92838,295.59283,295.59293,296.65872,272.48343,295.9299,299.56305,295.92865,295.93024,296.537,295.59302,295.59384,287.01416,294.5672,275.53674,261.17816,280.5312,299.5634,295.59464,284.80612,295.9334,259.22897,295.93356,284.30554,295.93457,270.16653,295.935,295.59503,296.1975,297.53983,295.5961,288.68527,295.59625,292.76373,297.1006,295.59634,299.5636,292.76392,296.66095,293.96518,267.35486,299.71396,296.19547,277.7176,285.11264,296.6608,295.598,295.59845,259.78183,299.56393,295.91812,295.5982,295.91745,298.5553,257.55765,284.38745,295.918,295.59796,295.91858,299.56393,284.6821,291.82904,296.47223,294.04056,280.95383,298.55612,270.2533,286.46,260.52805,299.64792,286.66,296.62424,297.02634,284.7508,282.69568,299.06113,265.7318,295.58832,297.92038,299.5628,295.9127,295.91318,275.8214,299.56247,295.9139,288.89514,295.58862,295.58917,299.56277,295.91415,286.81445,296.10193,290.9032,285.05673,284.8616,295.8249,299.67218,297.4065,291.92953,298.50568,285.39212,296.59457,296.66135,297.84662,319.7307,284.32306,256.18533,284.86316,288.2678,290.0967,286.35074,292.99423,296.66187,268.83398,275.8457,289.60355,296.101,266.69675,298.3203,299.7355,296.6617,299.2023,298.88388,283.50198,298.55658,292.45245,296.66208,294.9041,288.5888,286.45877,296.65567,296.0598,298.5569,296.4194,254.93866,254.21857,280.92908,331.76376,286.3761,299.56546,297.05328,295.92535,295.9255,299.56537,298.37064,299.5627,295.92477,295.59637,285.05832,299.73544,295.9261,295.9192,295.9263,299.56543,295.92606,291.69022,296.6549,289.60052,299.23392,298.88766,296.65497,298.65222,297.53043,296.19492,273.12772,299.56323,291.18518,295.5861,299.56348,261.0779,299.56314,295.9276,297.71024,295.5863,299.56354,295.58652,299.56354,295.92673,295.92865,297.7133,253.1272,298.8928,263.51007,293.74387,284.8654,298.19955,297.1435,293.4204,290.71268,299.56052,299.56042,295.578,299.56042,296.57254,285.52167,295.91507,295.58093,299.56052,295.58157,299.56052,295.91592,287.70905,295.91592,284.32446,299.53024,298.26498,295.91702,296.1967,297.47485,296.10254,298.55185,295.91855,303.05936,285.94086,297.03455,294.58786,299.5608,271.83093,295.91415,295.9145,295.58438,253.61533,295.91528,295.58548,295.58548,295.91528,299.56277,299.5617,295.58676,296.6579,297.90762,298.97263,293.2613,299.55988,296.65808,295.91882,295.91867,299.56024,295.91827,295.92105,295.58762,298.55835,278.2301,295.92108,295.92087,270.47256,299.56046,295.92245,295.49414,295.58704,297.16443,296.65732
5940,297.52707,295.8559,299.54306,295.52298,299.54303,299.5414,295.52878,299.54144,299.54352,295.5236,295.86176,295.52917,299.54373,295.52423,299.54364,299.54193,298.51776,298.7876,295.52496,299.5419,299.5425,295.86124,295.52533,299.54385,295.8571,295.86215,298.71512,278.27002,297.43472,295.85797,295.85986,299.5425,299.5431,292.9949,299.54288,299.54364,296.11047,295.5258,295.5274,299.54294,295.86063,295.86063,299.54333,295.86053,295.5274,295.5275,296.61563,272.4492,295.86206,299.54358,295.86084,295.8624,296.4761,295.52737,295.5284,286.24966,294.50778,275.46436,260.9662,280.42352,299.5439,295.5292,284.4483,295.8656,259.0394,295.86575,283.5084,295.86676,270.07803,295.8672,295.5296,296.12885,297.4914,295.53067,288.6119,295.53082,292.69757,297.05447,295.5309,299.54416,292.69336,296.61786,293.88763,267.17926,299.6978,296.12677,277.48712,284.90967,296.6177,295.5326,295.53308,259.58624,299.54446,295.8503,295.5328,295.8496,298.5176,257.38953,284.2038,295.8502,295.5326,295.85077,299.54446,284.55624,291.75937,296.4071,293.95154,280.89545,298.5184,270.22784,286.38864,260.32724,299.6303,286.0888,296.56085,296.9639,284.19388,282.57736,299.0391,265.50055,295.52286,297.8873,299.54333,295.84488,295.84537,275.77853,299.543,295.8461,288.5252,295.52316,295.5237,299.54333,295.84634,286.24698,296.03357,290.83215,284.92416,284.73254,295.75732,299.65503,297.36124,291.85916,298.46777,285.2811,296.5493,296.61826,297.7926,318.39362,283.52823,256.03918,284.73413,288.20248,290.02884,286.28873,292.92642,296.6188,268.69852,275.80704,289.5306,296.0326,266.488,298.29404,299.71982,296.61862,299.17813,298.86337,283.29324,298.51886,292.3211,296.619,294.83292,288.2124,286.3916,296.61255,296.00964,298.5192,296.3678,254.81589,254.1072,280.8792,330.51825,286.3016,299.54605,296.9908,295.8575,295.85767,299.54596,298.3334,299.54327,295.85696,295.531,284.90924,299.71976,295.85828,295.85138,295.8585,299.54602,295.85825,291.57285,296.61176,289.53613,299.20822,298.86072,296.6118,298.63068,297.4894,296.12622,273.0775,299.54376,290.98776,295.52057,299.54404,260.87625,299.54367,295.85977,297.65347,295.5208,299.54407,295.52103,299.5441,295.8589,295.8608,297.66745,253.03275,298.86115,263.29376,293.66858,284.73633,298.16568,297.08096,293.3484,290.50525,299.54102,299.54092,295.5124,299.54092,296.5162,285.40048,295.84726,295.51535,299.54102,295.51602,299.54102,295.8481,287.5401,295.8481,283.52966,299.51028,298.2135,295.8492,296.12802,297.43472,296.0378,298.50015,295.85074,301.87955,285.84717,296.98987,294.5191,299.5413,271.60782,295.8463,295.84668,295.51883,253.51318,295.84747,295.51993,295.51993,295.84747,299.5433,299.5422,295.52124,296.61478,297.85632,298.94427,293.1918,299.54037,296.61496,295.85098,295.85086,299.54074,295.85043,295.85324,295.5221,298.5207,278.13593,295.85327,295.85303,270.39328,299.54095,295.85464,295.42706,295.52155,297.11078,296.6142
6000,297.47955,295.78827,299.52332,295.45636,299.52325,299.52164,295.46225,299.52167,299.52374,295.457,295.79385,295.46265,299.524,295.45764,299.5239,299.5222,298.47977,298.73575,295.4584,299.52213,299.52277,295.79355,295.45874,299.5241,295.78943,295.7945,298.66333,278.175,297.3752,295.7903,295.7922,299.52277,299.52332,292.85468,299.5231,299.5239,296.05072,295.45923,295.46085,299.5232,295.79297,295.793,299.5237,295.7929,295.46085,295.46094,296.57077,272.41534,295.79443,299.52383,295.7932,295.79477,296.4156,295.46072,295.46188,285.52884,294.44894,275.39337,260.7776,280.31796,299.52417,295.46268,284.0633,295.79797,258.86377,295.79813,282.74576,295.79913,270.00027,295.79956,295.46307,296.0604,297.44247,295.46417,288.53937,295.46432,292.63168,297.00723,295.46442,299.5244,292.62326,296.57303,293.8109,267.02963,299.6813,296.0583,277.29404,284.65918,296.57288,295.46613,295.4666,259.39978,299.52475,295.78265,295.46634,295.78198,298.4796,257.231,284.0414,295.78256,295.46634,295.7831,299.52475,284.43262,291.69016,296.3421,293.84915,280.83774,298.48044,270.20264,286.31808,260.13147,299.61243,285.5288,296.4971,296.90155,283.64102,282.46124,299.01648,265.30615,295.45627,297.8539,299.5236,295.77728,295.77777,275.7361,299.52325,295.7785,288.14282,295.45657,295.45712,299.5236,295.77875,285.69098,295.96536,290.7618,284.79398,284.60574,295.6899,299.63757,297.3158,291.78928,298.42953,285.1719,296.50168,296.57346,297.7386,317.31598,282.76724,255.89865,284.6074,288.1377,289.96152,286.2272,292.85925,296.574,268.58273,275.76874,289.4583,295.9644,266.309,298.2663,299.70377,296.57382,299.15414,298.84122,283.1205,298.4809,292.167,296.57422,294.74805,287.82312,286.3251,296.56766,295.96002,298.4812,296.31503,254.69528,253.99745,280.82977,329.53558,286.22797,299.52634,296.92813,295.78986,295.79004,299.52625,298.29633,299.5235,295.7893,295.46454,284.76315,299.70374,295.79062,295.78375,295.79083,299.5263,295.7906,291.46198,296.56683,289.47214,299.18228,298.83386,296.5669,298.6069,297.44897,296.05774,273.02817,299.52402,290.76422,295.45398,299.5243,260.67645,299.52393,295.7921,297.59668,295.4542,299.52432,295.4544,299.52435,295.79123,295.79318,297.62183,252.93951,298.82913,263.10568,293.59406,284.60953,298.13217,297.01843,293.27707,290.27142,299.5212,299.52115,295.44568,299.52115,296.45898,285.27457,295.77963,295.44864,299.52124,295.44934,299.52124,295.7805,287.39423,295.7805,282.76852,299.49008,298.16202,295.7816,296.05957,297.39502,295.97235,298.4485,295.7831,300.88293,285.75482,296.94418,294.45065,299.5215,271.4151,295.7787,295.77902,295.45215,253.41245,295.77982,295.45328,295.45328,295.77985,299.52356,299.52246,295.45462,296.56992,297.80493,298.91574,293.1227,299.52057,296.5701,295.78336,295.7832,299.52094,295.78278,295.7856,295.45547,298.48273,278.04364,295.7856,295.7854,270.3227,299.52118,295.787,295.3588,295.4549,297.0575,296.5693
6060,297.4314,295.7208,299.50327,295.38855,299.50323,299.5016,295.39453,299.5016,299.50372,295.38922,295.7265,295.39496,299.50397,295.38986,299.50388,299.50214,298.44162,298.68393,295.39062,299.50208,299.50272,295.72607,295.39096,299.5041,295.722,295.72702,298.61154,278.0819,297.31567,295.72284,295.72473,299.50272,299.5033,292.69586,299.50308,299.50388,295.99045,295.39148,295.39313,299.50317,295.72552,295.72556,299.50375,295.72546,295.3931,295.39322,296.52386,272.38187,295.727,299.5038,295.72577,295.72733,296.35535,295.39294,295.39417,284.85007,294.3909,275.32373,260.60825,280.2144,299.50415,295.395,283.65817,295.73053,258.70038,295.7307,282.0216,295.73172,269.932,295.73212,295.3954,295.99216,297.39285,295.39648,288.46765,295.39667,292.5661,296.95853,295.39676,299.5044,292.55356,296.52612,293.73492,266.90103,299.66446,295.99002,277.1173,284.36868,296.526,295.39847,295.39896,259.22202,299.50473,295.71524,295.3987,295.71454,298.44147,257.08133,283.88306,295.71512,295.39877,295.71567,299.50473,284.31113,291.6214,296.2773,293.73544,280.7807,298.4423,270.1777,286.24832,259.9411,299.5942,284.9842,296.43286,296.83932,283.0964,282.34726,298.9932,265.14075,295.38843,297.81982,299.50354,295.70987,295.71033,275.69415,299.50323,295.71106,287.754,295.38876,295.3893,299.50354,295.7113,285.15015,295.8974,290.69226,284.66608,284.48114,295.62268,299.61978,297.26993,291.71988,298.39108,285.06448,296.45157,296.5266,297.68445,316.431,282.04425,255.76373,284.48288,288.07343,289.89465,286.16623,292.79288,296.52716,268.48297,275.73077,289.3867,295.8964,266.15417,298.2373,299.68738,296.52698,299.13022,298.81772,282.95395,298.44275,291.99417,296.52737,294.65134,287.42758,286.25928,296.5207,295.911,298.44308,296.2609,254.57722,253.88948,280.7808,328.74567,286.1552,299.50635,296.8652,295.7224,295.7226,299.50626,298.25906,299.50348,295.72186,295.39685,284.61887,299.68735,295.7229,295.7163,295.7234,299.50632,295.72314,291.35498,296.51984,289.4086,299.15625,298.80704,296.51987,298.5816,297.40903,295.98944,272.97964,299.504,290.52036,295.38617,299.50427,260.4794,299.5039,295.72467,297.5399,295.38638,299.50433,295.38663,299.50433,295.7238,295.7257,297.5763,252.84749,298.79712,262.9406,293.5203,284.485,298.0989,296.95572,293.20648,290.01712,299.50116,299.5011,295.37775,299.5011,296.40067,285.14566,295.71222,295.3807,299.5012,295.38144,299.5012,295.71307,287.2536,295.71304,282.04532,299.4696,298.1104,295.71414,295.99133,297.35562,295.90607,298.39682,295.71567,300.02692,285.66385,296.89722,294.3825,299.50146,271.2457,295.71124,295.7116,295.38428,253.31311,295.71237,295.3854,295.38544,295.7124,299.50354,299.5024,295.38678,296.52295,297.7533,298.8868,293.05402,299.50052,296.52316,295.71588,295.71576,299.5009,295.71533,295.71814,295.38766,298.4446,277.95316,295.71817,295.71796,270.2601,299.5011,295.71954,295.2892,295.3871,297.0045,296.52234
6120,297.383,295.6535,299.48297,295.3195,299.4829,299.48126,295.32556,299.4813,299.48343,295.32016,295.65927,295.326,299.48367,295.3208,299.48358,299.4818,298.4032,298.63214,295.3216,299.48178,299.4824,295.65878,295.32193,299.48358,295.6547,295.65973,298.55975,277.99066,297.25616,295.65555,295.65744,299.48242,299.483,292.52188,299.48276,299.48358,295.92957,295.32245,295.32413,299.48285,295.65826,295.65826,299.4835,295.65817,295.32413,295.32422,296.47464,272.34882,295.6597,299.48352,295.65848,295.66003,296.29544,295.3239,295.3252,284.21082,294.33337,275.25537,260.4556,280.1128,299.48386,295.32602,283.23843,295.66327,258.5504,295.66342,281.33685,295.66443,269.872,295.66483,295.32645,295.92407,297.34244,295.32755,288.3968,295.32773,292.50082,296.90894,295.32782,299.4841,292.48428,296.477,293.65976,266.7895,299.6473,295.92194,276.9549,284.04498,296.47684,295.3296,295.33008,259.05304,299.48444,295.64795,295.3298,295.64725,298.40305,256.94955,283.72906,295.64783,295.32993,295.64838,299.48444,284.19183,291.55313,296.21262,293.61234,280.7243,298.40387,270.153,286.1793,259.7565,299.57568,284.45712,296.36804,296.77716,282.5626,282.23535,298.96933,264.9983,295.31934,297.78543,299.48325,295.6426,295.6431,275.6527,299.48294,295.6438,287.36368,295.31964,295.32022,299.48328,295.64404,284.6268,295.8296,290.6235,284.54044,284.3588,295.55563,299.6017,297.22342,291.65094,298.35236,284.95895,296.3989,296.47745,297.6297,315.69043,281.36023,255.65045,284.36053,288.00967,289.8283,286.1057,292.7272,296.47806,268.39645,275.6932,289.3157,295.82858,266.0186,298.20743,299.6707,296.47784,299.10623,298.79318,282.79575,298.40433,291.8065,296.47827,294.5446,287.03033,286.1941,296.4714,295.86246,298.40466,296.20526,254.46815,253.78505,280.7322,328.09836,286.0833,299.48608,296.80194,295.65512,295.6553,299.48602,298.22192,299.4832,295.65457,295.3279,284.47556,299.67065,295.65576,295.64905,295.6561,299.48605,295.65585,291.25052,296.47052,289.34543,299.12988,298.78018,296.47055,298.55508,297.36935,295.9214,272.93195,299.4837,290.26117,295.3171,299.48398,260.2859,299.48364,295.65735,297.48288,295.31732,299.48404,295.31757,299.48407,295.6565,295.65842,297.53076,252.7463,298.76468,262.79434,293.44727,284.3626,298.06573,296.89282,293.13666,289.7475,299.48083,299.48077,295.30853,299.48077,296.34155,285.01437,295.64496,295.31152,299.48087,295.31226,299.48087,295.6458,287.1185,295.64578,281.36105,299.44888,298.05823,295.64688,295.92328,297.3164,295.8389,298.34497,295.64838,299.28,285.57428,296.84882,294.3146,299.48114,271.09427,295.64398,295.64432,295.31512,253.21245,295.6451,295.31628,295.3163,295.6451,299.48325,299.4821,295.3177,296.4737,297.7007,298.85803,292.9857,299.4802,296.47394,295.64862,295.64847,299.48056,295.64804,295.65085,295.31857,298.40622,277.86447,295.65088,295.65067,270.20483,299.48077,295.65225,295.2183,295.318,296.9517,296.47308
6180,297.3341,295.58636,299.46243,295.2505,299.46237,299.4607,295.25665,299.4607,299.4629,295.25116,295.59213,295.25708,299.46313,295.25183,299.463,299.46124,298.36462,298.58032,295.25262,299.4612,299.46185,295.59164,295.25296,299.46292,295.58755,295.59256,298.5079,277.90125,297.1966,295.5884,295.5903,299.46185,299.46243,292.33594,299.46222,299.46304,295.86795,295.2535,295.2552,299.4623,295.59113,295.59113,299.46295,295.59106,295.2552,295.25528,296.42288,272.31616,295.59256,299.46298,295.59134,295.5929,296.2357,295.25497,295.25626,283.60828,294.2763,275.18832,260.3262,280.01312,299.46332,295.2571,282.80878,295.59616,258.41068,295.5963,280.69046,295.59732,269.81937,295.59772,295.2575,295.8562,297.29034,295.25864,288.3267,295.25882,292.43588,296.8561,295.2589,299.46356,292.4154,296.42526,293.58533,266.69415,299.62982,295.85403,276.80542,283.69373,296.4251,295.2607,295.2612,258.89255,299.4639,295.58084,295.26093,295.58014,298.36444,256.81424,283.57953,295.58072,295.26108,295.58127,299.4639,284.07465,291.48526,296.148,293.48254,280.66858,298.36526,270.12857,286.11102,259.57803,299.5569,283.94855,296.2993,296.71506,282.04166,282.12552,298.94495,264.877,295.25024,297.75076,299.4627,295.5755,295.576,275.61172,299.46237,295.57672,286.9751,295.25055,295.25113,299.4627,295.57693,284.12213,295.762,290.5554,284.41705,284.2386,295.48874,299.58334,297.17615,291.58246,298.3135,284.85522,296.34338,296.42578,297.57483,315.05933,280.71432,255.51923,284.2404,287.9464,289.76242,286.04578,292.66205,296.4264,268.32153,275.65598,289.24536,295.76093,265.9049,298.17685,299.65363,296.42618,299.08215,298.76782,282.6456,298.36575,291.60773,296.42664,294.4293,286.6348,286.12955,296.41953,295.8142,298.36606,296.14795,254.35435,253.67975,280.68405,327.55768,286.01224,299.46558,296.7273,295.58798,295.58817,299.46548,298.18466,299.46265,295.58746,295.2589,284.3333,299.65363,295.58868,295.58194,295.58896,299.46555,295.5887,291.1492,296.41864,289.2828,299.10385,298.75323,296.41867,298.52768,297.33,295.8535,272.885,299.46317,289.99097,295.24802,299.46344,260.09656,299.4631,295.59024,297.42575,295.24823,299.4635,295.24847,299.46353,295.58936,295.59128,297.4851,252.64671,298.733,262.6798,293.37497,284.24243,298.03265,296.82507,293.06744,289.467,299.46027,299.4602,295.23935,299.4602,296.28232,284.8812,295.57785,295.24237,299.46027,295.2431,299.4603,295.5787,286.9892,295.57867,280.71484,299.42792,298.00595,295.57977,295.8554,297.27737,295.7708,298.29297,295.58127,298.61887,285.48605,296.7987,294.24698,299.46057,270.9599,295.57687,295.5772,295.24597,253.11157,295.578,295.24716,295.24716,295.578,299.46268,299.46152,295.24857,296.42188,297.64786,298.82895,292.9177,299.4596,296.42215,295.58148,295.58136,299.45996,295.58093,295.58374,295.24948,298.36765,277.7775,295.58377,295.58353,270.15607,299.4602,295.5851,295.14728,295.2488,296.89905,296.42123
6240,297.2861,295.5194,299.4417,295.1791,299.44165,299.43997,295.1854,299.44,299.44217,295.17984,295.52518,295.18585,299.4424,295.18048,299.44232,299.44055,298.32794,298.52847,295.1813,299.4405,299.44113,295.52466,295.18167,299.44217,295.52057,295.52557,298.456,277.81357,297.137,295.52145,295.52332,299.44116,299.44174,292.14114,299.4415,299.44232,295.8056,295.1822,295.18393,299.44162,295.52417,295.52417,299.44226,295.5241,295.1839,295.18402,296.3685,272.28387,295.5256,299.4423,295.52438,295.52594,296.1766,295.1837,295.185,283.03894,294.21976,275.12247,260.19592,279.9153,299.44263,295.18588,282.37183,295.5292,258.27634,295.5294,280.08035,295.5304,269.7731,295.5308,295.1863,295.7885,297.23724,295.18744,288.2574,295.18762,292.37122,296.80176,295.18774,299.44287,292.34692,296.3709,293.51166,266.608,299.61206,295.78632,276.6529,283.32062,296.37076,295.18954,295.19003,258.7388,299.4432,295.5139,295.1898,295.51318,298.3278,256.68576,283.4218,295.51376,295.18994,295.5143,299.4432,283.95944,291.41785,296.08356,293.3468,280.61353,298.32855,270.1044,286.0435,259.40558,299.5379,283.45862,296.2276,296.65298,281.5324,282.0176,298.9201,264.76828,295.1788,297.71588,299.442,295.50858,295.50906,275.5712,299.44168,295.5098,286.59045,295.17914,295.17972,299.44202,295.51,283.63574,295.69455,290.48804,284.2958,284.12045,295.422,299.56467,297.13055,291.51443,298.27393,284.7531,296.2852,296.37146,297.5197,314.51224,280.1045,255.39731,284.1223,287.88364,289.69702,285.98627,292.5976,296.3721,268.25574,275.61908,289.17563,295.69348,265.7949,298.1457,299.6363,296.37186,299.05792,298.74173,282.48544,298.32895,291.40067,296.37234,294.30722,286.24347,286.0656,296.36493,295.76627,298.32925,296.08893,254.24367,253.57521,280.63632,327.0976,285.94205,299.4449,296.65234,295.52103,295.5212,299.44482,298.1675,299.44196,295.5205,295.18765,284.18802,299.63626,295.52176,295.51498,295.522,299.4449,295.52176,291.058,296.3641,289.2205,299.07773,298.72632,296.36414,298.4995,297.29083,295.78577,272.83887,299.44247,289.71317,295.17673,299.44275,259.91193,299.44238,295.52325,297.36847,295.17694,299.4428,295.1772,299.44284,295.5224,295.52432,297.44604,252.54916,298.70105,262.55408,293.3034,284.1243,297.99966,296.75363,292.99896,289.17926,299.43954,299.43945,295.16788,299.43945,296.22275,284.74588,295.51093,295.17093,299.43954,295.17166,299.43958,295.51175,286.85956,295.51175,280.10474,299.40707,297.9534,295.51285,295.78772,297.23846,295.69983,298.24084,295.51434,298.02594,285.39917,296.74747,294.17963,299.43985,270.83066,295.50992,295.51025,295.1746,253.0114,295.51105,295.17578,295.1758,295.51108,299.442,299.4406,295.17722,296.36743,297.59448,298.8113,292.85007,299.43887,296.3677,295.51453,295.5144,299.43924,295.51398,295.51678,295.17813,298.3308,277.6922,295.51678,295.51657,270.11313,299.43948,295.51816,295.07422,295.1775,296.8489,296.3668
6300,297.2336,295.45282,299.4207,295.10605,299.42062,299.41913,295.1125,299.41895,299.42114,295.10678,295.4586,295.1129,299.4214,295.10745,299.4213,299.4195,298.28577,298.48093,295.1083,299.41943,299.4201,295.45804,295.10867,299.42114,295.45398,295.45898,298.4143,277.72754,297.07748,295.45483,295.45673,299.42014,299.42072,291.93958,299.42047,299.4213,295.7533,295.10922,295.111,299.4206,295.4576,295.4576,299.42123,295.45755,295.11096,295.11105,296.31058,272.25204,295.45905,299.42126,295.45782,295.45938,296.11777,295.11075,295.1121,282.50345,294.16473,275.0578,260.07492,279.81927,299.4216,295.11298,281.93143,295.46268,258.1482,295.46283,279.50565,295.46384,269.7322,295.46423,295.1134,295.72107,297.1839,295.1146,288.2049,295.11478,292.3069,296.74536,295.11487,299.42184,292.27945,296.31323,293.43817,266.53113,299.594,295.71887,276.52643,282.9305,296.31308,295.1167,295.11722,258.59088,299.4222,295.44733,295.11694,295.44662,298.28558,256.56348,283.28455,295.4472,295.11713,295.44775,299.4222,283.84628,291.35037,296.01935,293.20538,280.56088,298.28635,270.08047,285.97845,259.23865,299.51855,283.0022,296.15445,296.59103,281.0378,281.91168,298.89484,264.67535,295.10568,297.68082,299.42096,295.44205,295.44254,275.5316,299.42065,295.44324,286.212,295.10602,295.10663,299.421,295.44348,283.16913,295.62744,290.43137,284.1767,284.0044,295.3558,299.54575,297.08194,291.44647,298.23083,284.65286,296.22318,296.31378,297.4659,314.0307,279.52994,255.28111,284.00632,287.8213,289.6319,285.92728,292.53708,296.31445,268.19724,275.58255,289.10837,295.62637,265.698,298.11407,299.61862,296.3142,299.0335,298.7151,282.3554,298.2868,291.18762,296.31473,294.1791,285.86734,286.00272,296.307,295.71896,298.28714,296.03427,254.13586,253.4724,280.589,326.69928,285.87717,299.4239,296.57745,295.45447,295.45447,299.4237,298.1205,299.42084,295.45392,295.11472,284.04865,299.61862,295.4552,295.44843,295.45526,299.4239,295.45517,290.95068,296.3062,289.15845,299.05823,298.69925,296.30643,298.47076,297.25195,295.71832,272.79346,299.42148,289.4308,295.10373,299.42175,259.73218,299.4214,295.45667,297.31168,295.1039,299.4218,295.1042,299.42184,295.4558,295.4577,297.3987,252.45361,298.67062,262.4435,293.23264,284.00827,297.96674,296.68042,292.93213,288.88974,299.41855,299.41846,295.09467,299.41846,296.15988,284.61008,295.44437,295.09775,299.41855,295.0985,299.41858,295.44522,286.73914,295.44522,279.52982,299.3854,297.91315,295.4463,295.72025,297.19977,295.6268,298.21005,295.44778,297.4894,285.31522,296.69397,294.11264,299.41882,270.71597,295.44336,295.44373,295.10144,252.91264,295.4444,295.1027,295.1027,295.44443,299.42096,299.41946,295.10437,296.30963,297.54443,298.77863,292.78265,299.41782,296.30984,295.44797,295.44785,299.41818,295.44742,295.4502,295.10507,298.2887,277.6085,295.45023,295.44998,270.07523,299.41843,295.45157,294.99896,295.10446,296.79697,296.309
6360,297.18207,295.3861,299.39935,295.03195,299.39948,299.3981,295.03873,299.3978,299.4,295.03296,295.39188,295.03918,299.4001,295.03345,299.40015,299.39835,298.2432,298.4508,295.0345,299.3983,299.39896,295.39133,295.03485,299.39996,295.38712,295.39215,298.37988,277.6569,297.01797,295.38812,295.39,299.399,299.39957,291.73337,299.39935,299.40018,295.68286,295.03543,295.0372,299.39944,295.3909,295.3909,299.40012,295.39084,295.03717,295.0373,296.24988,272.22104,295.39233,299.40015,295.3911,295.39267,296.0592,295.03696,295.03833,281.99582,294.11005,275.00266,259.96283,279.7323,299.40048,295.03925,281.4911,295.396,258.02664,295.39615,278.9657,295.39716,269.69595,295.39755,295.03967,295.6538,297.1296,295.04086,288.1303,295.04105,292.24258,296.6872,295.04117,299.40073,292.21246,296.25272,293.3655,266.46228,299.57568,295.6516,276.40683,282.52795,296.25256,295.04303,295.04355,258.44882,299.40106,295.38065,295.04327,295.37988,298.24304,256.44687,283.14972,295.38052,295.04324,295.38107,299.4011,283.7361,291.28336,295.955,293.06134,280.50943,298.2438,270.06116,285.91336,259.0774,299.49896,282.54428,296.0805,296.52917,280.55862,281.8108,298.8692,264.59027,295.0317,297.6459,299.39984,295.37546,295.37595,275.49567,299.39954,295.37665,285.84164,295.03207,295.03268,299.39987,295.3769,282.72208,295.56018,290.36368,284.06302,283.89133,295.28842,299.5266,297.03522,291.37888,298.18723,284.55554,296.15857,296.25327,297.41116,313.60208,278.98987,255.16959,283.8933,287.75946,289.56714,285.86914,292.47455,296.254,268.14508,275.54938,289.04105,295.55917,265.61047,298.08215,299.6007,296.2537,299.00888,298.68796,282.22736,298.24426,290.97104,296.25424,294.04657,285.48843,285.94083,296.24628,295.67227,298.24463,295.96875,254.03127,253.37358,280.54355,326.34946,285.80777,299.40277,296.5026,295.38773,295.38766,299.40253,298.10904,299.39966,295.38718,295.0409,283.91116,299.60068,295.38846,295.3817,295.38846,299.40274,295.38846,290.8519,296.2455,289.09695,299.02505,298.67215,296.2501,298.44153,297.21796,295.65106,272.75406,299.4003,289.1464,295.02985,299.40057,259.55762,299.4002,295.38995,297.25458,295.03006,299.40063,295.03033,299.40067,295.3891,295.391,297.36154,252.3622,298.63306,262.34338,293.16266,283.8952,297.93417,296.60632,292.86578,288.59677,299.39725,299.3973,295.02063,299.3973,296.0971,284.47406,295.37775,295.02374,299.39737,295.02454,299.3974,295.37857,286.623,295.37857,278.9895,299.36365,297.8617,295.37967,295.65283,297.16208,295.5528,298.16006,295.38113,297.0002,285.232,296.639,294.04556,299.39758,270.6118,295.37674,295.37708,295.0273,252.8202,295.37772,295.02872,295.02875,295.37775,299.39954,299.39816,295.03055,296.24884,297.4918,298.76315,292.7155,299.39655,296.2492,295.38123,295.3811,299.39694,295.38077,295.38336,295.03116,298.24615,277.5373,295.3834,295.38318,270.04172,299.3972,295.38477,294.92303,295.03052,296.748,296.2483
6420,297.12756,295.3191,299.3776,294.95856,299.3777,299.37628,294.96542,299.37613,299.37817,294.95972,295.32483,294.96582,299.37836,294.96014,299.37845,299.3767,298.19968,298.41693,294.96127,299.37665,299.37714,295.32425,294.9616,299.3783,295.32,295.32507,298.3421,277.58594,296.95847,295.32095,295.32288,299.37735,299.3778,291.5243,299.37772,299.3785,295.61502,294.9622,294.96423,299.3778,295.32388,295.3239,299.37823,295.32382,294.964,294.96408,296.1866,272.18976,295.32532,299.3784,295.3241,295.32565,295.99994,294.96375,294.96512,281.5135,294.0562,274.94766,259.85922,279.64658,299.37885,294.96603,281.0514,295.329,257.9116,295.32916,278.4573,295.33017,269.6637,295.33057,294.9665,295.58655,297.07407,294.9677,288.061,294.9679,292.1784,296.6274,294.96786,299.37912,292.1451,296.18958,293.2937,266.40018,299.55704,295.58438,276.29333,282.11636,296.18942,294.96988,294.97028,258.31253,299.37943,295.31363,294.97012,295.31287,298.1995,256.3357,283.01794,295.31354,294.96997,295.31412,299.3793,283.62793,291.21677,295.89047,292.91632,280.45734,298.20026,270.0397,285.84818,258.92126,299.47897,282.10764,296.00647,296.4672,280.0916,281.71243,298.8432,264.5123,294.95816,297.61124,299.37814,295.30856,295.30905,275.4579,299.3779,295.30978,285.47934,294.95865,294.95926,299.37814,295.31,282.29156,295.49292,290.29703,283.94974,283.78033,295.2212,299.50714,296.98508,291.3117,298.143,284.45898,296.09164,296.19012,297.3561,313.21472,278.47733,255.06238,283.78238,287.6981,289.50284,285.81143,292.4122,296.1909,268.09842,275.51453,288.97324,295.49197,265.53052,298.05008,299.5825,296.19058,298.98404,298.6603,282.10367,298.20074,290.75256,296.19116,293.91086,285.118,285.87918,296.18292,295.62686,298.2011,295.90192,253.9297,253.27675,280.49808,326.03775,285.73944,299.38116,296.42783,295.32077,295.32065,299.3809,298.0552,299.37802,295.3201,294.96756,283.77606,299.58246,295.32147,295.31473,295.32144,299.3811,295.32147,290.75702,296.18213,289.03583,298.9956,298.64514,296.1886,298.41177,297.18195,295.58383,272.71423,299.37863,288.86188,294.95645,299.37878,259.38776,299.37854,295.32297,297.19736,294.95663,299.37897,294.95694,299.3789,295.32208,295.324,297.31232,252.26982,298.59647,262.25208,293.0933,283.78424,297.90207,296.5319,292.79968,288.3034,299.37552,299.37564,294.94714,299.3756,296.03348,284.3385,295.31082,294.9503,299.3757,294.951,299.37573,295.31168,286.51083,295.31168,278.47675,299.34116,297.81146,295.3125,295.5855,297.1247,295.47897,298.11478,295.31424,296.54764,285.14883,296.58304,293.97845,299.3758,270.5151,295.3098,295.31012,294.9538,252.72693,295.3108,294.95514,294.95514,295.31082,299.37778,299.37643,294.95697,296.1855,297.43835,298.7269,292.64853,299.37485,296.1859,295.3141,295.31412,299.3752,295.3137,295.3163,294.95758,298.20267,277.46576,295.3163,295.3161,270.012,299.3754,295.31766,294.84766,294.95688,296.6954,296.18497
6480,297.0718,295.25183,299.3554,294.88177,299.35544,299.354,294.88876,299.35394,299.35593,294.883,295.2575,294.88916,299.35614,294.8834,299.35605,299.35452,298.15567,298.38116,294.88458,299.35446,299.3549,295.25714,294.88477,299.35614,295.25287,295.25797,298.30368,277.51508,296.89908,295.25378,295.25574,299.3552,299.3556,291.31393,299.3554,299.35614,295.5476,294.88553,294.8875,299.35568,295.2568,295.25668,299.35596,295.25665,294.88724,294.88745,296.12082,272.1593,295.25824,299.35617,295.25702,295.25858,295.94034,294.88715,294.88855,281.0534,294.0021,274.89297,259.76123,279.56216,299.35672,294.88947,280.61392,295.26218,257.8017,295.26212,277.97208,295.26294,269.6351,295.26343,294.88992,295.51938,297.01755,294.89117,287.99344,294.89127,292.1143,296.56573,294.89127,299.3568,292.0778,296.12384,293.2228,266.3438,299.53818,295.5172,276.1858,281.69882,296.1237,294.89322,294.89374,258.18152,299.35727,295.24634,294.89352,295.2458,298.15552,256.22928,282.8947,295.24643,294.89346,295.24698,299.35712,283.522,291.1507,295.82605,292.7682,280.4052,298.15625,270.01764,285.7835,258.77048,299.45862,281.68814,295.93152,296.4054,279.63684,281.616,298.81708,264.4409,294.88126,297.57635,299.35577,295.24146,295.24197,275.41983,299.35574,295.2426,285.12506,294.88184,294.88248,299.35596,295.24323,281.87622,295.4258,290.23135,283.83862,283.67145,295.1541,299.48715,296.93213,291.24503,298.09836,284.36417,296.02225,296.12442,297.30136,312.8609,277.99002,254.95926,283.67352,287.63724,289.43906,285.75406,292.35022,296.1252,268.05652,275.47964,288.90564,295.4249,265.45673,298.0179,299.56393,296.12488,298.95917,298.63257,281.98538,298.15674,290.53262,296.12552,293.77255,284.75674,285.81787,296.11697,295.58075,298.15714,295.8342,253.83113,253.18182,280.45258,325.75662,285.67203,299.3589,296.3531,295.2536,295.25357,299.35876,298.00992,299.35587,295.253,294.89096,283.6581,299.56403,295.25418,295.2476,295.25436,299.35898,295.25443,290.6622,296.1162,288.97498,298.96497,298.6177,296.12375,298.38205,297.14517,295.51688,272.67468,299.35648,288.5787,294.8798,299.35657,259.2232,299.35638,295.25595,297.14032,294.87982,299.3568,294.8803,299.35672,295.2548,295.257,297.2634,252.17943,298.55856,262.16687,293.0247,283.67535,297.86963,296.45734,292.7341,288.01157,299.3533,299.35345,294.87027,299.35336,295.9667,284.2279,295.2437,294.87347,299.3534,294.87415,299.35376,295.24454,286.40192,295.24454,277.9892,299.31827,297.76276,295.2454,295.5183,297.08707,295.40283,298.07086,295.24707,296.1262,285.06708,296.5233,293.91162,299.35358,270.42477,295.24274,295.2429,294.87698,252.63489,295.2438,294.8783,294.8783,295.2438,299.35556,299.35422,294.8802,296.1196,297.38547,298.69116,292.58203,299.3528,296.1201,295.24695,295.24698,299.35287,295.2466,295.24905,294.88083,298.1587,277.395,295.24908,295.249,269.9857,299.35315,295.25052,294.769,294.8802,296.64194,296.1191
6540,297.01578,295.1847,299.3328,294.80374,299.33282,299.33136,294.81088,299.33136,299.3333,294.80502,295.19034,294.81128,299.33356,294.8054,299.33334,299.33194,298.1112,298.3441,294.80664,299.33188,299.33228,295.19003,294.80673,299.33356,295.1858,295.1909,298.26434,277.4445,296.8398,295.18668,295.18863,299.3326,299.333,291.1033,299.3328,299.33347,295.47998,294.80783,294.80957,299.3331,295.1896,295.18958,299.33334,295.18954,294.80927,294.80957,296.05258,272.12946,295.19116,299.3336,295.18997,295.19153,295.8797,294.80923,294.81067,280.61362,293.94806,274.83865,259.669,279.47894,299.33417,294.8116,280.17975,295.195,257.6968,295.19507,277.50885,295.19583,269.6094,295.19635,294.8121,295.45233,296.96033,294.81335,287.92715,294.81342,292.05032,296.50266,294.81342,299.3342,292.01047,296.0557,293.1527,266.29214,299.51895,295.45026,276.08817,281.27737,296.05557,294.81537,294.81595,258.05554,299.33472,295.1792,294.81567,295.17874,298.11105,256.12726,282.80267,295.17935,294.81567,295.1799,299.33453,283.41803,291.08502,295.7617,292.61923,280.35342,298.11182,269.99542,285.7195,258.62473,299.4379,281.28424,295.85602,296.34372,279.194,281.52127,298.79068,264.3751,294.80313,297.54153,299.3331,295.1744,295.17496,275.382,299.33316,295.17557,284.77927,294.80374,294.80438,299.33337,295.17636,281.4758,295.3588,290.16684,283.72937,283.56464,295.08713,299.46686,296.87723,291.17883,298.0534,284.27072,295.95065,296.0563,297.2465,312.53436,277.52567,254.85973,283.56674,287.57687,289.3758,285.69708,292.28873,296.05713,268.01855,275.44498,288.83844,295.35794,265.3884,297.98566,299.54517,296.0568,298.93405,298.60458,281.8835,298.1123,290.31287,296.05743,293.63248,284.40482,285.7571,296.0486,295.53482,298.1127,295.76544,253.73517,253.08865,280.4073,325.4997,285.6055,299.33627,296.27814,295.1865,295.18652,299.3362,297.967,299.33328,295.1859,294.81305,283.54428,299.54526,295.18704,295.1805,295.18732,299.33643,295.18738,290.56998,296.04785,288.9143,298.93436,298.58987,296.0561,298.3521,297.108,295.4498,272.63544,299.33392,288.2979,294.80185,299.33398,259.0637,299.33383,295.1889,297.08334,294.80182,299.33426,294.80237,299.33414,295.18765,295.18994,297.21378,252.09103,298.5208,262.08746,292.95663,283.56854,297.83688,296.38263,292.66898,287.7226,299.3307,299.33084,294.79205,299.33072,295.8993,284.094,295.17667,294.79538,299.33072,294.79605,299.33105,295.1775,286.30075,295.1775,277.5247,299.2951,297.7142,295.17834,295.45123,297.04944,295.32596,298.02698,295.18,295.73108,284.98627,296.46133,293.84476,299.33093,270.34103,295.17572,295.17578,294.7989,252.54422,295.1768,294.80023,294.80023,295.17682,299.33298,299.3316,294.80215,296.05133,297.33215,298.6573,292.5155,299.3303,296.05185,295.17987,295.1799,299.33017,295.1796,295.18192,294.8028,298.11426,277.3249,295.18195,295.18192,269.96222,299.3305,295.1834,294.68927,294.8022,296.58716,296.05084
6600,296.98856,295.11768,299.30988,294.72476,299.3099,299.30844,294.732,299.30844,299.3104,294.72607,295.1233,294.7324,299.31064,294.72644,299.3104,299.30905,298.06927,298.3056,294.72772,299.30896,299.30936,295.12305,294.72778,299.31067,295.1188,295.1239,298.22415,277.37436,296.78043,295.11966,295.1216,299.30972,299.3101,290.89328,299.30984,299.31052,295.41193,294.729,294.73065,299.3102,295.12256,295.12256,299.31042,295.12253,294.73035,294.73068,295.9821,272.10007,295.12418,299.3107,295.12296,295.12454,295.81888,294.73038,294.7318,280.19232,293.89432,274.78482,259.58185,279.39694,299.31128,294.7328,279.74976,295.128,257.59656,295.12808,277.06598,295.1288,269.5863,295.12936,294.73325,295.38525,296.90173,294.73456,287.8618,294.7346,291.9866,296.4377,294.7346,299.31128,291.94345,295.9853,293.08322,266.24463,299.4993,295.38318,275.9923,280.85413,295.98514,294.73654,294.73715,257.93445,299.31183,295.11218,294.73688,295.1118,298.06912,256.02927,282.66785,295.11237,294.73688,295.1129,299.31165,283.31598,291.0197,295.6972,292.47012,280.30203,298.06982,269.97336,285.656,258.48395,299.41684,280.89484,295.7799,296.28168,278.76263,281.42813,298.764,264.31427,294.72403,297.5065,299.31015,295.10745,295.108,275.34445,299.31027,295.10858,284.4423,294.72467,294.7253,299.3105,295.10947,281.0897,295.29175,290.10312,283.62192,283.4598,295.02026,299.44626,296.82126,291.113,298.01367,284.17896,295.87698,295.98593,297.19113,312.23047,277.08218,254.7636,283.46198,287.51678,289.31284,285.64035,292.22772,295.98676,267.98395,275.41052,288.77173,295.29092,265.32495,297.95325,299.526,295.9864,298.90863,298.5763,281.77094,298.0703,290.09427,295.9871,293.49158,284.06198,285.69666,295.978,295.48904,298.0707,295.6955,253.64185,252.99767,280.36218,325.2626,285.53967,299.3134,296.203,295.1195,295.11957,299.31335,297.92532,299.3104,295.11896,294.73413,283.41144,299.52612,295.12003,295.11353,295.12036,299.31357,295.12042,290.47903,295.97723,288.85388,298.90442,298.56192,295.9858,298.32193,297.07053,295.38287,272.59662,299.31104,288.0204,294.7229,299.31107,258.90915,299.31094,295.12195,297.02612,294.7228,299.31137,294.72363,299.31125,295.12064,295.123,297.16376,252.00446,298.48508,262.01306,292.8892,283.4637,297.80405,296.30777,292.60434,287.4373,299.30774,299.30792,294.71292,299.30777,295.84824,283.96188,295.10968,294.7163,299.3078,294.71698,299.3081,295.11053,286.19925,295.11053,277.081,299.27173,297.66537,295.11136,295.38412,297.01172,295.24823,297.98276,295.11304,295.35846,284.90668,296.39786,293.77808,299.308,270.2625,295.10876,295.1088,294.71985,252.45546,295.10986,294.7212,294.72122,295.1099,299.31006,299.3087,294.72314,295.98077,297.2782,298.6245,292.4493,299.3074,295.98135,295.11288,295.113,299.30722,295.11264,295.1149,294.72382,298.0723,277.2555,295.11493,295.11493,269.9412,299.30756,295.11642,294.60904,294.72324,296.53204,295.9803
6660,296.9163,295.05078,299.2884,294.64468,299.28842,299.287,294.65204,299.287,299.2889,294.646,295.0564,294.65244,299.28915,294.6464,299.28888,299.28757,298.02536,298.2658,294.64767,299.2875,299.28787,295.05618,294.64774,299.28918,295.05194,295.057,298.18317,277.3047,296.7209,295.0528,295.05475,299.28824,299.2886,290.6843,299.28836,299.289,295.34348,294.64905,294.65063,299.28873,295.05566,295.05566,299.28894,295.05566,294.65036,294.6507,295.90945,272.07108,295.0573,299.2892,295.0561,295.05765,295.75803,294.65036,294.65182,279.78787,293.84103,274.7315,259.49924,279.316,299.2898,294.6528,279.32483,295.0611,257.5005,295.06125,276.64197,295.06195,269.5654,295.0625,294.65332,295.3182,296.84207,294.6546,287.79742,294.65463,291.92303,296.37128,294.65466,299.28976,291.87686,295.91275,293.0144,266.20068,299.4797,295.31613,275.89905,280.43088,295.9126,294.65662,294.65726,257.8178,299.29034,295.04532,294.65695,295.04492,298.0252,255.93504,282.5436,295.0455,294.65698,295.04605,299.29013,283.21573,290.95474,295.63293,292.32108,280.2512,298.02594,269.95148,285.5931,258.34802,299.39642,280.51865,295.7033,296.21976,278.34238,281.3365,298.73712,264.25772,294.64383,297.47125,299.28885,295.04062,295.04126,275.3073,299.28882,295.04175,284.11337,294.64447,294.64514,299.289,295.0427,280.71622,295.2248,290.04034,283.51633,283.3569,294.95358,299.4259,296.76413,291.04755,297.96762,284.08847,295.80136,295.9134,297.1354,311.9457,276.65778,254.67064,283.35913,287.45706,289.25027,285.58395,292.16742,295.91428,267.95227,275.37637,288.70566,295.22394,265.2655,297.92047,299.50662,295.91388,298.8829,298.54788,281.66217,298.02643,289.8775,295.91458,293.34976,283.728,285.6367,295.90524,295.44342,298.0268,295.62436,253.55103,252.90868,280.31732,325.04205,285.47464,299.29184,296.1276,295.05264,295.05273,299.29184,297.88406,299.2889,295.0521,294.65408,283.28085,299.50677,295.05316,295.04666,295.0535,299.29205,295.0536,290.3879,295.90448,288.79373,298.87546,298.535,295.9132,298.2915,297.03287,295.3157,272.5582,299.28946,287.74658,294.64282,299.2895,258.75955,299.28937,295.05508,296.96866,294.6427,299.2898,294.64368,299.28967,295.05374,295.05612,297.11325,251.91977,298.4482,261.9432,292.82236,283.36084,297.77164,296.23267,292.54034,287.15628,299.28622,299.28662,294.6327,299.28622,295.77338,283.82974,295.04285,294.63614,299.28625,294.6368,299.28653,295.0437,286.09836,295.0437,276.65643,299.2497,297.61615,295.04453,295.31708,296.97397,295.1697,297.9381,295.04617,295.0055,284.82816,296.33264,293.71164,299.28635,270.18756,295.04193,295.04196,294.6397,252.36859,295.04303,294.64108,294.64108,295.04306,299.28836,299.28702,294.64307,295.9081,297.22366,298.59277,292.3834,299.28574,295.9087,295.04605,295.04617,299.2855,295.0458,295.04803,294.6437,298.0284,277.18683,295.04807,295.04807,269.92227,299.28583,295.04956,294.52722,294.64313,296.47656,295.90762
6720,296.85373,294.98404,299.26663,294.56342,299.26666,299.2652,294.5709,299.2652,299.2673,294.56476,294.98962,294.5713,299.2674,294.56516,299.2671,299.2658,297.98022,298.22485,294.56647,299.26572,299.26608,294.9895,294.56668,299.26764,294.98517,294.99026,298.14108,277.23572,296.66107,294.98605,294.988,299.26648,299.26685,290.47772,299.2666,299.2672,295.2743,294.56787,294.5695,299.26697,294.9889,294.9889,299.26715,294.9889,294.5693,294.56952,295.83487,272.04248,294.99054,299.26743,294.98935,294.9909,295.69672,294.5692,294.57068,279.44186,293.7882,274.67877,259.42072,279.2362,299.26804,294.5717,278.91965,294.99435,257.40845,294.99448,276.28336,294.99518,269.5464,294.99573,294.57217,295.25122,296.78104,294.57352,287.7337,294.57352,291.85962,296.30316,294.57355,299.26816,291.8106,295.8382,292.94647,266.15967,299.45987,295.24915,275.80872,280.01273,295.83807,294.57553,294.57632,257.70554,299.26855,294.97876,294.5759,294.97818,297.98007,255.84442,282.42444,294.97876,294.5759,294.9794,299.26834,283.11725,290.89008,295.56848,292.17242,280.20096,297.9808,269.92984,285.53085,258.21667,299.3757,280.18933,295.6262,296.1576,277.96716,281.24628,298.70987,264.20474,294.56244,297.43588,299.26718,294.97403,294.97458,275.27057,299.26703,294.97504,283.8069,294.5631,294.56378,299.26724,294.97598,280.38943,295.1579,289.97812,283.4126,283.25583,294.887,299.40543,296.70587,290.9824,297.92163,283.99948,295.7239,295.8389,297.0791,311.69125,276.29828,254.5807,283.2581,287.39767,289.188,285.5279,292.10767,295.83978,267.92307,275.3425,288.6401,295.15704,265.20926,297.88748,299.48706,295.8394,298.85696,298.51895,281.55667,297.98132,289.66364,295.84012,293.2077,283.41675,285.5772,295.8305,295.39792,297.98172,295.55194,253.46263,252.82182,280.2728,324.83963,285.41037,299.27008,296.0519,294.98602,294.986,299.27008,297.84296,299.26715,294.98535,294.57285,283.15363,299.4872,294.9866,294.97995,294.98676,299.27026,294.98685,290.29678,295.82974,288.73383,298.84607,298.5078,295.83856,298.26065,296.99512,295.24866,272.52017,299.26764,287.48035,294.5616,299.2677,258.61484,299.26755,294.98834,296.9108,294.56146,299.26797,294.5625,299.26794,294.987,294.98938,297.0622,251.83687,298.41086,261.87717,292.75626,283.25977,297.73914,296.15735,292.477,286.8833,299.2644,299.26492,294.55127,299.2645,295.6996,283.69876,294.97614,294.5548,299.26443,294.55548,299.2647,294.9771,285.9991,294.97696,276.29663,299.22742,297.56616,294.9778,295.2501,296.9362,295.09033,297.8926,294.97946,294.70364,284.75085,296.26584,293.6454,299.26447,270.1153,294.97528,294.97522,294.5584,252.28362,294.97632,294.55975,294.55978,294.97632,299.26648,299.26514,294.56177,295.83347,297.1682,298.56122,292.31775,299.26382,295.83408,294.97946,294.97946,299.26358,294.97906,294.98126,294.56244,297.98334,277.11893,294.9813,294.98132,269.9052,299.26392,294.98282,294.44434,294.56186,296.4206,295.83295
6780,296.793,294.9174,299.24457,294.48114,299.2446,299.24313,294.48883,299.24316,299.24533,294.4825,294.923,294.4891,299.24536,294.4829,299.24506,299.24374,297.93463,298.1831,294.48422,299.24368,299.24405,294.9229,294.4845,299.2457,294.91855,294.92365,298.09824,277.16754,296.60114,294.9196,294.92136,299.24442,299.24478,290.2761,299.24454,299.24518,295.20456,294.48566,294.48727,299.24515,294.92227,294.9224,299.24512,294.92236,294.48715,294.4873,295.75827,272.01413,294.92392,299.2454,294.9227,294.92426,295.63544,294.487,294.4885,279.18692,293.73563,274.62662,259.34552,279.15756,299.246,294.4895,278.55136,294.92773,257.31985,294.92786,276.02887,294.92856,269.52905,294.9291,294.49002,295.18433,296.7189,294.49136,287.6705,294.4914,291.79645,296.23352,294.4914,299.2462,291.74475,295.7617,292.879,266.12115,299.43982,295.18222,275.72116,279.6089,295.76154,294.4934,294.49426,257.59735,299.24655,294.91226,294.4939,294.91156,297.93448,255.75688,282.30875,294.91214,294.49377,294.9128,299.2463,283.02048,290.82565,295.50415,292.02542,280.15118,297.9352,269.9084,285.46915,258.08994,299.35474,279.93286,295.54846,296.09546,277.66354,281.15753,298.68237,264.1548,294.48004,297.40045,299.24518,294.9075,294.90802,275.23422,299.245,294.90842,283.5386,294.4807,294.48138,299.2452,294.9094,280.13504,295.09113,289.9164,283.3107,283.15656,294.82056,299.38477,296.6464,290.91754,297.8754,283.91193,295.6447,295.7624,297.02228,311.4814,276.04218,254.49359,283.15884,287.3386,289.126,285.4722,292.0483,295.7633,267.89597,275.30887,288.57504,295.09024,265.1558,297.85437,299.4673,295.7629,298.83078,298.4898,281.45383,297.93573,289.45563,295.76367,293.0664,283.1442,285.5182,295.75378,295.35263,297.93613,295.4783,253.3767,252.73717,280.22855,324.6627,285.3467,299.24805,295.97586,294.91946,294.91937,299.24805,297.801,299.24512,294.91885,294.4906,283.02917,299.46747,294.9201,294.91333,294.92014,299.24826,294.92023,290.20593,295.75302,288.6742,298.8162,298.48047,295.76172,298.2296,296.95737,295.1817,272.48257,299.2456,287.2281,294.47934,299.24564,258.4749,299.2455,294.92172,296.85263,294.47937,299.24594,294.48026,299.24594,294.92038,294.92276,297.01028,251.75578,298.373,261.8141,292.69067,283.1605,297.7066,296.0817,292.41412,286.62506,299.24234,299.2429,294.46887,299.24246,295.62665,283.56915,294.90955,294.4724,299.2425,294.47308,299.24265,294.91055,285.90115,294.9105,276.04,299.20486,297.51544,294.9112,295.1832,296.89844,295.0102,297.84634,294.91302,294.4775,284.67447,296.19754,293.5793,299.24237,270.04593,294.90872,294.90863,294.47604,252.20062,294.90973,294.47745,294.47745,294.90973,299.24442,299.24304,294.47946,295.75684,297.112,298.52902,292.25232,299.2417,295.75748,294.91293,294.91287,299.24146,294.91263,294.9148,294.48016,297.9378,277.05182,294.91467,294.9147,269.88968,299.2418,294.9162,294.3606,294.47955,296.3642,295.75632
6840,296.73367,294.8509,299.22223,294.3981,299.22226,299.2208,294.4057,299.2208,299.22302,294.39926,294.85648,294.40594,299.22302,294.3998,299.22272,299.2214,297.8885,298.13907,294.401,299.2213,299.2217,294.8564,294.4013,299.2232,294.85205,294.85712,298.05396,277.10016,296.54108,294.85315,294.85486,299.22208,299.2226,290.08243,299.2222,299.22284,295.13446,294.40247,294.40408,299.2229,294.85574,294.85593,299.22278,294.85587,294.404,294.4041,295.68,271.9861,294.8574,299.22305,294.8562,294.85776,295.57358,294.4038,294.40533,278.98853,293.68344,274.57507,259.27344,279.08002,299.22366,294.40634,278.21692,294.8612,257.23444,294.86136,275.84113,294.86203,269.5131,294.8626,294.40686,295.1175,296.65567,294.40823,287.608,294.40823,291.73343,296.16257,294.40826,299.2239,291.6789,295.68347,292.81238,266.0848,299.41953,295.1154,275.63638,279.2254,295.68332,294.41028,294.4112,257.49295,299.2242,294.8458,294.41086,294.84515,297.8883,255.6723,282.19577,294.84564,294.41068,294.84634,299.224,282.92535,290.7616,295.43985,291.8812,280.10193,297.88907,269.88715,285.408,257.96756,299.33353,279.72183,295.47018,296.0333,277.40488,281.07022,298.65466,264.10742,294.39667,297.365,299.22287,294.84103,294.84155,275.19824,299.22266,294.84195,283.3035,294.39734,294.39804,299.22293,294.8429,279.92587,295.0244,289.85535,283.21063,283.05902,294.75418,299.3639,296.58524,290.853,297.8288,283.82578,295.56412,295.6842,296.96494,311.31125,275.85275,254.4092,283.06137,287.27988,289.06436,285.41684,291.98953,295.68515,267.8707,275.2755,288.51025,295.0235,265.10486,297.82114,299.44733,295.68472,298.80438,298.4605,281.35342,297.8896,289.25632,295.6855,292.92728,282.90527,285.4596,295.67538,295.30753,297.88998,295.40366,253.29314,252.65466,280.1846,324.515,285.2837,299.22574,295.89944,294.853,294.85303,299.22574,297.75824,299.22278,294.85242,294.40735,282.9071,299.44748,294.85364,294.84683,294.85364,299.22595,294.85373,290.11508,295.67462,288.6148,298.78604,298.45282,295.68326,298.19846,296.9196,295.11487,272.44537,299.22327,286.99286,294.3961,299.22342,258.33972,299.22318,294.85522,296.79416,294.39618,299.2236,294.397,299.2236,294.85388,294.85626,296.95676,251.6765,298.33478,261.75397,292.62582,283.063,297.67392,296.0057,292.35187,286.3844,299.2201,299.22055,294.38547,299.22012,295.55466,283.44116,294.84305,294.38907,299.22018,294.38974,299.22028,294.84412,285.80453,294.8441,275.85016,299.18204,297.46393,294.84473,295.1164,296.8607,294.92932,297.79913,294.84662,294.29984,284.59918,296.12775,293.51346,299.21997,269.97913,294.84225,294.84213,294.39273,252.11957,294.84323,294.39413,294.39413,294.84332,299.22205,299.22067,294.39618,295.67853,297.055,298.49652,292.18716,299.2193,295.67917,294.8465,294.84637,299.21902,294.84622,294.84836,294.39688,297.8917,276.9856,294.84818,294.8482,269.87555,299.2194,294.8497,294.27603,294.39627,296.30655,295.67798
6900,296.6738,294.7845,299.19977,294.31412,299.19962,299.19812,294.32172,299.19815,299.2004,294.3152,294.79007,294.32193,299.20038,294.31583,299.20007,299.19876,297.8421,298.0924,294.31696,299.19867,299.19907,294.79,294.31726,299.2005,294.78564,294.79083,298.008,277.0336,296.4809,294.7868,294.78845,299.19943,299.2,289.89856,299.19955,299.2002,295.06372,294.3184,294.32004,299.20032,294.7893,294.78955,299.20013,294.7895,294.31998,294.32007,295.60007,271.95834,294.791,299.20044,294.78976,294.79132,295.51172,294.31976,294.32132,278.8286,293.63153,274.52417,259.20425,279.00363,299.20105,294.32233,277.911,294.7948,257.15213,294.79495,275.69754,294.79562,269.4983,294.79626,294.32288,295.05078,296.5915,294.32425,287.54617,294.32425,291.67062,296.0904,294.32428,299.2013,291.6134,295.60358,292.74637,266.05038,299.39902,295.04865,275.55386,278.86392,295.60345,294.32632,294.32724,257.39224,299.2016,294.77942,294.32693,294.7788,297.84195,255.59059,282.08517,294.77924,294.32672,294.77994,299.2014,282.83188,290.69785,295.3756,291.74106,280.0532,297.8427,269.86612,285.3474,257.84933,299.31207,279.5431,295.3914,295.9711,277.17865,280.9843,298.62674,264.0624,294.31244,297.3295,299.20023,294.7747,294.77518,275.1626,299.20004,294.77557,283.09537,294.31314,294.31384,299.20035,294.77652,279.74875,294.95782,289.7949,283.11227,282.9632,294.68793,299.34277,296.52313,290.7888,297.78198,283.74103,295.48206,295.60434,296.907,311.1734,275.70764,254.32741,282.96558,287.22147,289.00308,285.36182,291.93124,295.60532,267.84692,275.24243,288.44598,294.95688,265.05618,297.78778,299.42712,295.60486,298.7777,298.431,281.25525,297.84323,289.06714,295.60568,292.79172,282.6936,285.4015,295.5953,295.2627,297.84366,295.3279,253.2119,252.57426,280.14096,324.39407,285.22134,299.20316,295.82263,294.78662,294.7867,299.20328,297.7147,299.20013,294.78604,294.32324,282.78717,299.42728,294.78726,294.78046,294.78726,299.20337,294.78732,290.02466,295.59457,288.55573,298.7556,298.42502,295.6,298.16714,296.88187,295.04813,272.4086,299.20065,286.775,294.31198,299.20087,258.20905,299.20053,294.78882,296.73535,294.31213,299.201,294.31293,299.201,294.78748,294.78986,296.90286,251.59897,298.2964,261.69644,292.56155,282.96716,297.64117,295.9294,292.2902,286.1615,299.1975,299.1979,294.30127,299.19748,295.4823,283.31482,294.77667,294.30487,299.19754,294.30557,299.1976,294.77774,285.70932,294.7777,275.70468,299.1589,297.41147,294.77835,295.04965,296.823,294.84778,297.7507,294.78027,294.15714,284.52493,296.05646,293.44775,299.1973,269.91464,294.77588,294.77576,294.30856,252.04045,294.77692,294.31,294.31,294.77698,299.1994,299.198,294.31207,295.59857,296.9972,298.46344,292.12225,299.19662,295.5992,294.78012,294.78,299.19635,294.77988,294.78198,294.31277,297.84537,276.9202,294.7818,294.7818,269.8625,299.19672,294.7833,294.1908,294.31216,296.2488,295.59802
6960,296.61432,294.7178,299.177,294.22913,299.1768,299.17526,294.23676,299.17526,299.17758,294.23013,294.72342,294.23697,299.17755,294.23083,299.17725,299.17587,297.7951,298.0308,294.23193,299.1758,299.17636,294.72336,294.23227,299.1776,294.71896,294.7242,297.94434,276.95386,296.4205,294.72015,294.72177,299.17657,299.1772,289.72495,299.1767,299.17734,294.99252,294.2334,294.23508,299.17746,294.72275,294.72287,299.17728,294.7228,294.235,294.2351,295.51962,271.93045,294.7243,299.17758,294.72308,294.72464,295.44986,294.23477,294.23633,278.6911,293.59006,274.46542,259.13782,278.92087,299.1782,294.23737,277.62836,294.72833,257.07278,294.7283,275.5747,294.72897,269.48456,294.72964,294.2379,294.98392,296.52615,294.2393,287.48456,294.23932,291.60776,296.01758,294.23935,299.17847,291.54767,295.52322,292.6809,266.01712,299.37827,294.98184,275.47357,278.52426,295.52307,294.2414,294.24234,257.2949,299.17874,294.71277,294.242,294.71216,297.79495,255.51161,281.97678,294.71268,294.2418,294.7133,299.17853,282.7377,290.63446,295.31113,291.62024,280.00296,297.79572,269.841,285.2867,257.73477,299.2905,279.38498,295.31198,295.90875,276.9737,280.8961,298.5986,264.01456,294.22733,297.29535,299.1774,294.70804,294.70853,275.1241,299.1772,294.70908,282.9076,294.22803,294.22873,299.17752,294.70987,279.59192,294.891,289.73572,283.01205,282.8673,294.62143,299.32135,296.4633,290.7249,297.7349,283.65598,295.40076,295.52402,296.84836,311.05994,275.58765,254.24803,282.8697,287.16336,288.9421,285.30676,291.87677,295.525,267.82443,275.2067,288.38153,294.89014,265.00797,297.75473,299.40668,295.52457,298.75085,298.40134,281.15915,297.79626,288.89822,295.52536,292.66095,282.50342,285.34344,295.51477,295.23367,297.79666,295.25195,253.1325,252.49394,280.09616,324.29517,285.15945,299.18033,295.74542,294.72,294.72015,299.18054,297.69186,299.17728,294.71945,294.23822,282.66928,299.40683,294.72067,294.71384,294.72064,299.18057,294.7207,289.93457,295.51407,288.4967,298.72485,298.3976,295.5167,298.13574,296.84167,294.9813,272.36694,299.17783,286.57315,294.22696,299.17807,258.0824,299.17773,294.72223,296.67615,294.2271,299.17816,294.22772,299.1782,294.72107,294.72324,296.8556,251.5209,298.2576,261.64093,292.4985,282.87125,297.60983,295.85272,292.23077,285.95792,299.17465,299.17502,294.21622,299.1746,295.40976,283.19016,294.71005,294.2198,299.17468,294.2205,299.17474,294.71112,285.61545,294.71112,275.58444,299.13644,297.35452,294.7117,294.9828,296.78876,294.76556,297.69095,294.71365,294.03705,284.45065,295.98563,293.38266,299.1745,269.85184,294.7093,294.70914,294.2235,251.95865,294.71036,294.22495,294.22498,294.7104,299.1766,299.1752,294.22705,295.51828,296.9378,298.44205,292.05792,299.17383,295.5188,294.7135,294.71338,299.17355,294.7133,294.7154,294.22775,297.79843,276.8445,294.71518,294.71518,269.85046,299.17392,294.7167,294.10516,294.22717,296.19327,295.5176
7020,296.556,294.65143,299.1525,294.14462,299.15237,299.15063,294.15228,299.15067,299.15308,294.1456,294.65686,294.15247,299.153,294.14633,299.1527,299.1513,297.74982,297.96915,294.1474,299.1512,299.15186,294.6568,294.14774,299.15308,294.65244,294.65768,297.8834,276.8771,296.35983,294.6536,294.6552,299.152,299.15262,289.5629,299.15213,299.1528,294.92258,294.1489,294.1508,299.15292,294.65625,294.6563,299.15274,294.65625,294.15048,294.15057,295.44327,271.90335,294.6577,299.15314,294.65652,294.65808,295.3886,294.15027,294.15182,278.57562,293.5362,274.40833,259.08313,278.83954,299.15366,294.1529,277.36774,294.6619,256.99866,294.66174,275.47644,294.6624,269.47177,294.66312,294.1534,294.91714,296.461,294.15482,287.4241,294.15485,291.545,295.9472,294.15497,299.15393,291.4824,295.44684,292.61682,265.98752,299.35684,294.91513,275.39578,278.2061,295.44672,294.15692,294.15787,257.20148,299.15424,294.64624,294.15756,294.64563,297.74963,255.43571,281.87042,294.64618,294.15732,294.64676,299.15402,282.64496,290.5717,295.24667,291.48242,279.95404,297.75046,269.81836,285.2269,257.62442,299.26773,279.24747,295.2326,295.84628,276.79074,280.80832,298.56332,263.97324,294.14264,297.25287,299.15283,294.6415,294.642,275.08795,299.15262,294.64264,282.73825,294.14337,294.14407,299.1529,294.64334,279.45514,294.82437,289.6767,282.91452,282.77267,294.55508,299.2992,296.40247,290.66153,297.69156,283.5722,295.32303,295.44754,296.78867,310.9669,275.4903,254.17099,282.77512,287.10547,288.88153,285.25195,291.81943,295.44852,267.80353,275.173,288.3179,294.82355,264.96817,297.70026,299.3859,295.44806,298.72253,298.35016,281.06503,297.751,288.7281,295.44888,292.53818,282.33234,285.2858,295.4381,295.18106,297.7514,295.17886,253.05507,252.41591,280.05197,324.21408,285.0983,299.15588,295.66794,294.6535,294.65366,299.15613,297.63806,299.15283,294.65295,294.15363,282.55328,299.3859,294.65414,294.6473,294.6541,299.1564,294.6542,289.84543,295.4374,288.43784,298.69318,298.36887,295.43872,298.06735,296.80188,294.9148,272.3268,299.1534,286.38675,294.14233,299.1537,257.96036,299.15332,294.6557,296.6164,294.14252,299.15375,294.143,299.15378,294.65466,294.65674,296.80005,251.44742,298.21967,261.6035,292.43573,282.77664,297.57626,295.7757,292.1703,285.768,299.1501,299.15048,294.1316,299.15002,295.33795,283.06723,294.64352,294.13516,299.15012,294.13586,299.15018,294.64462,285.52292,294.6446,275.4869,299.1117,297.29507,294.6452,294.9162,296.74832,294.6836,297.63095,294.64716,293.93845,284.3775,295.91763,293.31677,299.15012,269.7932,294.64276,294.64282,294.1389,251.88148,294.64386,294.14032,294.1405,294.6439,299.1523,299.15088,294.14243,295.44174,296.87686,298.40427,291.9934,299.14948,295.44217,294.647,294.64685,299.1492,294.64676,294.64886,294.14316,297.7532,276.7716,294.64865,294.64868,269.83932,299.1496,294.65018,294.01956,294.14252,296.136,295.441
7080,296.49796,294.58508,299.1278,294.05817,299.12772,299.1259,294.0659,299.12592,299.12836,294.05914,294.59042,294.06622,299.12833,294.05984,299.12802,299.12656,297.70532,297.90796,294.06094,299.12646,299.12717,294.59036,294.06128,299.1284,294.586,294.59128,297.82266,276.80283,296.29892,294.58716,294.58878,299.1273,299.1279,289.40982,299.1274,299.12808,294.85132,294.06244,294.06445,299.1282,294.58984,294.58987,299.12802,294.58978,294.06406,294.06415,295.36157,271.8761,294.59128,299.1285,294.5901,294.5916,295.32626,294.06384,294.06543,278.48444,293.4818,274.35272,259.01956,278.7597,299.12894,294.06647,277.1294,294.59552,256.92783,294.5953,275.4046,294.59598,269.45987,294.59668,294.06702,294.85046,296.39355,294.06845,287.3637,294.06845,291.48242,295.87244,294.06866,299.12924,291.41745,295.36505,292.55322,265.95728,299.3352,294.8485,275.32,277.91003,295.3649,294.07074,294.07153,257.1121,299.12952,294.57983,294.0712,294.57922,297.70517,255.37212,281.76593,294.57977,294.0712,294.58032,299.12933,282.55365,290.5092,295.18225,291.3537,279.90607,297.70602,269.79688,285.16763,257.51828,299.2448,279.13187,295.1559,295.7837,276.6308,280.72183,298.53143,263.93262,294.0561,297.2135,299.1281,294.5751,294.5756,275.05267,299.1279,294.57626,282.58755,294.0568,294.05753,299.12814,294.57693,279.34055,294.75784,289.61697,282.81873,282.6796,294.4888,299.2767,296.3391,290.59872,297.64774,283.48965,295.24036,295.36584,296.72803,310.8929,275.41837,254.11273,282.6819,287.04788,288.8213,285.1975,291.76062,295.36685,267.7837,275.13998,288.2548,294.75708,264.9223,297.66867,299.36475,295.3664,298.6934,298.32227,280.97275,297.70654,288.56775,295.36722,292.4168,282.17883,285.2286,295.35632,295.1323,297.70694,295.10184,252.9862,252.34288,280.00845,324.14838,285.03757,299.13126,295.60107,294.58707,294.58725,299.1315,297.5894,299.12814,294.58652,294.06717,282.43915,299.36465,294.58774,294.5809,294.5877,299.13187,294.58777,289.75568,295.35553,288.37915,298.66187,298.33948,295.3562,298.04852,296.76172,294.84827,272.2876,299.12878,286.21503,294.05588,299.12906,257.84262,299.1287,294.58926,296.55603,294.05606,299.12912,294.0565,299.12918,294.5883,294.5903,296.74435,251.37584,298.18213,261.54437,292.37326,282.6836,297.54172,295.70285,292.10938,285.59137,299.12537,299.12573,294.04504,299.1253,295.26514,282.94604,294.57712,294.0486,299.1254,294.04935,299.12546,294.57822,285.43118,294.5782,275.41492,299.08664,297.23444,294.57904,294.8496,296.708,294.60095,297.5706,294.58075,293.86258,284.30527,295.8449,293.2513,299.1255,269.73456,294.57635,294.57654,294.05255,251.80785,294.57745,294.05386,294.0541,294.57748,299.12775,299.12628,294.056,295.36005,296.81454,298.36646,291.9292,299.12485,295.3605,294.5806,294.58044,299.12457,294.58035,294.58246,294.0567,297.70883,276.70038,294.58224,294.58228,269.829,299.12506,294.58377,293.93246,294.0561,296.0774,295.35922
7140,296.43997,294.51843,299.10294,293.97137,299.10287,299.1012,293.97916,299.101,299.10352,293.97235,294.52386,293.97958,299.1035,293.97293,299.10315,299.10165,297.66107,297.847,293.97418,299.10156,299.1023,294.52383,293.97455,299.10352,294.51947,294.52475,297.7619,276.7306,296.23813,294.52048,294.52225,299.1024,299.10303,289.2822,299.10254,299.1032,294.78085,293.97568,293.97775,299.10333,294.52332,294.52332,299.10315,294.52325,293.97733,293.97726,295.28058,271.84875,294.52475,299.10367,294.52353,294.5251,295.26367,293.9771,293.9787,278.39557,293.4286,274.29843,258.9586,278.68143,299.10406,293.97977,276.9058,294.529,256.85556,294.52878,275.3335,294.52945,269.4483,294.53015,293.98032,294.78387,296.3251,293.98193,287.3049,293.98175,291.4197,295.79813,293.982,299.10437,291.35355,295.28403,292.49,265.92728,299.31323,294.78192,275.24542,277.6323,295.28387,293.98398,293.98486,257.02475,299.10468,294.5133,293.98453,294.5127,297.66104,255.29774,281.66492,294.51324,293.98462,294.51382,299.10446,282.46497,290.44537,295.1178,291.23087,279.85898,297.6619,269.77588,285.1089,257.41577,299.22168,279.0217,295.08032,295.7212,276.477,280.63715,298.50174,263.89243,293.9692,297.1777,299.10324,294.5086,294.50906,275.01794,299.10303,294.5096,282.44864,293.96994,293.97064,299.10327,294.51044,279.23093,294.69125,289.5593,282.72495,282.58838,294.42245,299.2541,296.27542,290.53473,297.6035,283.40875,295.16022,295.28488,296.66653,310.82874,275.3471,254.03253,282.5908,286.98984,288.76013,285.1428,291.70267,295.2859,267.764,275.10715,288.19357,294.69055,264.8786,297.6375,299.3432,295.28543,298.66385,298.29407,280.88324,297.66232,288.4163,295.28625,292.32736,282.03595,285.17148,295.27533,295.08484,297.6628,295.0263,252.91208,252.27095,279.96494,324.0899,284.97794,299.1066,295.53348,294.5206,294.52075,299.1067,297.54626,299.1033,294.52005,293.98038,282.32715,299.34317,294.52124,294.51453,294.5214,299.10712,294.5213,289.66733,295.27454,288.32022,298.6306,298.3096,295.27487,298.02078,296.72122,294.78174,272.24908,299.10394,286.05933,293.96912,299.10425,257.729,299.10385,294.5228,296.49533,293.96912,299.1043,293.9697,299.10434,294.52182,294.52383,296.6892,251.31642,298.14438,261.49298,292.31097,282.59238,297.50665,295.6322,292.04855,285.4255,299.10046,299.10086,293.9582,299.1004,295.19327,282.82568,294.51077,293.9618,299.1005,293.96252,299.10056,294.51172,285.3422,294.51172,275.34354,299.06146,297.17285,294.5127,294.78287,296.6681,294.5191,297.50974,294.51428,293.79288,284.23422,295.77298,293.18564,299.10065,269.67642,294.5099,294.5101,293.96585,251.73982,294.511,293.96707,293.96738,294.51102,299.10312,299.10147,293.9692,295.27908,296.75113,298.33374,291.86423,299.1,295.27957,294.5141,294.51398,299.09973,294.5139,294.516,293.96994,297.66464,276.63077,294.5159,294.51578,269.81912,299.10025,294.51727,293.84528,293.96936,296.0185,295.27826
7200,296.38297,294.45267,299.0778,293.88452,299.0779,299.0763,293.89233,299.076,299.07852,293.8855,294.45813,293.8928,299.0785,293.886,299.07816,299.07666,297.61682,297.7867,293.88733,299.07657,299.0773,294.4581,293.8875,299.07855,294.45377,294.459,297.7026,276.66013,296.1755,294.45468,294.45654,299.0774,299.07803,289.1434,299.07767,299.07822,294.70923,293.88882,293.89096,299.07834,294.45758,294.45758,299.07816,294.45752,293.89047,293.89032,295.19836,271.8214,294.45898,299.07867,294.4578,294.45917,295.2023,293.89026,293.89185,278.31583,293.3748,274.24524,258.89804,278.60477,299.07892,293.8929,276.69818,294.46326,256.78442,294.463,275.2717,294.46387,269.43735,294.46442,293.8937,294.71735,296.25705,293.89523,287.24457,293.89502,291.3575,295.72305,293.89517,299.07938,291.2893,295.2018,292.4271,265.89832,299.29102,294.7155,275.17215,277.37338,295.20166,293.89713,293.89804,256.9396,299.07968,294.44757,293.89774,294.44696,297.61673,255.22543,281.564,294.4475,293.89786,294.44806,299.07965,282.37753,290.38208,295.0535,291.11325,279.8122,297.6176,269.7551,285.0503,257.31644,299.19833,278.91898,295.00595,295.65765,276.33636,280.55405,298.47263,263.85364,293.8824,297.14188,299.07825,294.4428,294.44327,274.98352,299.07803,294.44373,282.32114,293.883,293.8839,299.07834,294.44464,279.13116,294.62506,289.49863,282.63287,282.4988,294.35757,299.2312,296.21185,290.471,297.55902,283.32913,295.07678,295.20273,296.6041,310.77252,275.28488,253.9594,282.50128,286.9317,288.69922,285.08807,291.64395,295.20374,267.745,275.07434,288.13065,294.62448,264.83612,297.60635,299.32123,295.20325,298.63458,298.26538,280.7939,297.6181,288.27472,295.2041,292.20303,281.90317,285.11447,295.19305,295.03784,297.61853,294.94907,252.84119,252.20259,279.92145,324.04205,284.91797,299.08154,295.4653,294.45483,294.45483,299.08173,297.50314,299.0783,294.45428,293.8935,282.21768,299.32132,294.45547,294.44882,294.45554,299.0822,294.4555,289.57953,295.19223,288.26135,298.5993,298.2797,295.1924,297.99182,296.68115,294.71536,272.21118,299.0792,285.91312,293.8822,299.07925,257.61923,299.0789,294.457,296.4331,293.88214,299.07935,293.88278,299.07938,294.45605,294.45804,296.6349,251.2584,298.10672,261.44168,292.24905,282.50284,297.4719,295.56366,291.98804,285.27307,299.07547,299.07584,293.87125,299.0754,295.12173,282.70807,294.44504,293.8749,299.07547,293.8756,299.07556,294.44592,285.25266,294.44592,275.28125,299.0361,297.11087,294.44693,294.71628,296.6292,294.43814,297.449,294.4483,293.7292,284.16397,295.69974,293.12057,299.0757,269.6199,294.44406,294.4443,293.87885,251.67558,294.4452,293.88037,293.88034,294.4452,299.07806,299.0767,293.88235,295.19687,296.68738,298.29987,291.7997,299.075,295.1974,294.4482,294.44824,299.07486,294.44788,294.45032,293.88324,297.62045,276.56265,294.4503,294.45013,269.80978,299.0753,294.4516,293.75818,293.8826,295.96118,295.196
7260,296.32413,294.38742,299.05237,293.79733,299.05258,299.05096,293.80518,299.05063,299.0532,293.79834,294.39288,293.8057,299.05316,293.79877,299.05283,299.0515,297.57227,297.7263,293.80017,299.0512,299.05194,294.39285,293.80026,299.05344,294.3887,294.39377,297.64154,276.59128,296.11414,294.38943,294.39142,299.05206,299.0527,289.0109,299.05237,299.0529,294.63913,293.80167,293.8038,299.053,294.39233,294.39233,299.05283,294.39227,293.8033,293.80313,295.11588,271.79416,294.39374,299.05338,294.39255,294.39383,295.14035,293.8033,293.80472,278.24515,293.3224,274.1931,259.04837,278.52963,299.0535,293.8058,276.5056,294.398,256.75873,294.39777,275.21762,294.39868,269.46677,294.39914,293.80667,294.6511,296.1864,293.80814,287.18472,293.80792,291.29578,295.6467,293.80804,299.05408,291.22562,295.11932,292.36453,266.44748,299.2685,294.64935,275.30637,277.13208,295.1192,293.80997,293.81094,256.86508,299.05435,294.3823,293.8106,294.3817,297.57214,255.16428,281.47104,294.38226,293.81076,294.3828,299.05426,282.2913,290.31943,294.9902,291.00015,279.76578,297.57306,269.73444,284.99344,257.2214,299.17462,278.8266,294.93115,295.59598,276.2074,280.47238,298.43674,264.59454,293.7952,297.10092,299.05292,294.3775,294.378,274.9493,299.0527,294.3784,282.2056,293.79575,293.79678,299.05304,294.37933,279.04245,294.55917,289.43915,282.54233,282.41068,294.29282,299.20792,296.1474,290.40768,297.51395,283.25058,294.99362,295.12027,296.54083,310.72485,275.23035,253.8908,282.41318,286.87433,288.6388,285.03467,291.58618,295.12128,267.9381,275.04178,288.0687,294.5587,265.5928,297.5523,299.29916,295.1208,298.60495,298.21457,280.74347,297.57355,288.14136,295.12164,292.08817,281.78104,285.06033,295.11047,294.9923,297.57397,294.87256,252.7725,252.13655,279.8787,324.00177,284.85873,299.0562,295.39603,294.38953,294.38947,299.05646,297.45474,299.05298,294.389,293.80627,282.10834,299.29922,294.3902,294.3836,294.3902,299.05695,294.39023,289.49152,295.10965,288.20334,298.5678,298.25137,295.10995,297.9241,296.64264,294.64923,272.17383,299.054,285.7756,293.795,299.05396,257.51318,299.0536,294.39172,296.37088,293.7949,299.05405,293.7956,299.05408,294.39078,294.39273,296.57834,251.20111,298.06873,261.96442,292.18747,282.4147,297.44055,295.495,291.92795,285.12997,299.0501,299.05048,293.784,299.05005,295.04816,282.5913,294.37976,293.7879,299.05014,293.7885,299.0502,294.3806,285.17075,294.3806,275.22665,299.01035,297.04816,294.38165,294.65002,296.59064,294.35712,297.38763,294.3829,293.675,284.0945,295.6263,293.05798,299.05045,270.13153,294.37875,294.379,293.7916,251.61351,294.37985,293.79312,293.79312,294.37988,299.0527,299.05148,293.7954,295.11435,296.6222,298.2622,291.73697,299.04965,295.11487,294.38287,294.383,299.0496,294.38248,294.38513,293.79617,297.57605,276.49597,294.38513,294.38495,269.8098,299.04996,294.3864,293.67087,293.79547,295.90176,295.1135
7320,296.26492,294.3224,299.0268,293.7102,299.02704,299.02545,293.71805,299.0251,299.02765,293.71118,294.32785,293.71857,299.0278,293.71164,299.0273,299.02606,297.52716,297.66544,293.71304,299.02567,299.0264,294.3278,293.7131,299.02798,294.3236,294.3287,297.58014,276.52396,296.0514,294.32437,294.32645,299.02652,299.02716,288.88925,299.02686,299.02734,294.5675,293.71454,293.71667,299.0275,294.32727,294.32727,299.02728,294.3272,293.71622,293.716,295.03314,271.76712,294.32867,299.02783,294.32748,294.3287,295.07843,293.7163,293.7176,278.1813,293.27124,274.14197,259.2643,278.4559,299.02795,293.71866,276.32697,294.33295,256.7861,294.3327,275.16956,294.3335,269.53375,294.33408,293.7196,294.58508,296.11542,293.72104,287.12573,293.72083,291.2346,295.5699,293.72095,299.02838,291.16226,295.0366,292.3024,266.89236,299.24576,294.58344,275.50336,276.90744,295.03647,293.72287,293.72382,256.81796,299.02884,294.31723,293.72348,294.31665,297.527,255.13005,281.4017,294.3172,293.72366,294.31775,299.0287,282.20627,290.25836,294.9272,290.89157,279.7197,297.52792,269.7139,284.93558,257.13766,299.15067,278.74228,294.85587,295.5328,276.0886,280.39206,298.40494,265.26428,293.70804,297.06067,299.02737,294.3124,294.3129,274.9153,299.0272,294.3133,282.09634,293.70853,293.7094,299.02753,294.31424,278.96,294.49347,289.38113,282.45322,282.32385,294.22797,299.1844,296.0824,290.3461,297.46826,283.17307,294.91064,295.03754,296.47693,310.6842,275.18182,253.83276,282.3264,286.81836,288.58005,284.9818,291.53012,295.03854,268.1859,275.00977,288.0073,294.49304,266.12036,297.52048,299.27667,295.0381,298.57648,298.18686,280.73663,297.52844,288.01636,295.03894,291.98187,281.6683,285.0039,295.02765,294.9464,297.52884,294.79526,252.70767,252.07298,279.83682,323.96768,284.79987,299.0307,295.32584,294.32446,294.32434,299.03094,297.40695,299.02747,294.3239,293.7191,282.00858,299.2769,294.3251,294.31857,294.32507,299.03143,294.32513,289.4115,295.02686,288.1463,298.5357,298.22058,295.027,297.90552,296.60315,294.5833,272.13705,299.02853,285.64825,293.70782,299.02844,257.41275,299.02808,294.32663,296.30798,293.70767,299.02853,293.7084,299.02856,294.32568,294.32764,296.52164,251.14452,298.03,262.38998,292.12656,282.32788,297.40405,295.42572,291.86908,284.9971,299.02457,299.02493,293.6968,299.0245,294.97537,282.478,294.31467,293.70087,299.02457,293.7014,299.02466,294.31552,285.1116,294.31552,275.1781,298.9843,296.98468,294.31656,294.58398,296.5502,294.27606,297.32562,294.31775,293.6278,284.02585,295.55252,292.9927,299.0249,270.54807,294.31366,294.3139,293.70444,251.5531,294.31476,293.70593,293.70593,294.31476,299.02716,299.02576,293.70837,295.0316,296.55634,298.2244,291.6738,299.02408,295.0321,294.31778,294.31793,299.02405,294.3173,294.32013,293.70908,297.531,276.43066,294.32016,294.31995,269.83328,299.02438,294.3214,293.5839,293.70837,295.8426,295.0307
7380,296.20685,294.25745,299.00092,293.62326,299.0012,298.99957,293.6311,298.9992,299.0018,293.62427,294.26288,293.63162,299.00204,293.6247,299.00146,299.00024,297.48206,297.60422,293.6261,298.9998,299.00055,294.26285,293.62613,299.0022,294.2586,294.26373,297.51846,276.45804,295.98886,294.2594,294.2615,299.00064,299.0013,288.77307,299.001,299.0015,294.49634,293.62762,293.62976,299.00162,294.2623,294.2623,299.00143,294.26224,293.62927,293.62906,294.95032,271.7403,294.26367,299.00198,294.2625,294.26373,295.0161,293.62943,293.63065,278.1234,293.22043,274.09177,259.47897,278.3835,299.00208,293.6317,276.16245,294.26797,256.83743,294.26773,275.1264,294.26843,269.61584,294.2691,293.6327,294.51926,296.04398,293.63412,287.06744,293.6339,291.17358,295.49286,293.634,299.00244,291.09915,294.9538,292.24075,267.26862,299.22266,294.5177,275.69458,276.69913,294.95364,293.63593,293.63687,256.7948,299.003,294.25226,293.63654,294.25168,297.4819,255.11932,281.35345,294.25223,293.63672,294.25278,299.0028,282.12244,290.19724,294.86295,290.78613,279.67395,297.48282,269.69348,284.87827,257.06937,299.1264,278.66507,294.78012,295.47028,275.9796,280.31305,298.37546,265.8337,293.62103,297.027,299.00153,294.24744,294.2479,274.88156,299.0013,294.2483,281.99524,293.62152,293.62253,299.00168,294.24924,278.88425,294.4279,289.32373,282.3655,282.23828,294.16315,299.16052,296.0171,290.28473,297.42288,283.09653,294.82785,294.95474,296.41245,310.6492,275.13818,253.7888,282.24088,286.7626,288.52148,284.92917,291.4744,294.95575,268.42252,274.97797,287.94635,294.42755,266.55884,297.49106,299.25406,294.9553,298.5458,298.15964,280.75122,297.48334,287.89697,294.95615,291.87958,281.56442,284.94846,294.94476,294.90125,297.48376,294.7181,252.64845,252.01259,279.79507,323.9386,284.74152,299.00488,295.25485,294.25946,294.25934,299.00513,297.35962,299.00162,294.25894,293.63208,281.92166,299.25418,294.26013,294.2536,294.2601,299.00565,294.26016,289.3418,294.94397,288.0894,298.5047,298.19125,294.94424,297.87943,296.56387,294.51758,272.10083,299.00272,285.5283,293.62082,299.00262,257.32114,299.00223,294.26163,296.24472,293.6207,299.00272,293.6214,299.00275,294.2607,294.26263,296.46466,251.0888,297.9936,262.75278,292.0662,282.2423,297.36966,295.35574,291.8107,284.8734,298.9987,298.99905,293.6098,298.99863,294.90308,282.3704,294.2497,293.61395,298.99872,293.61447,298.99878,294.25052,285.07248,294.25052,275.13446,298.95804,296.9206,294.2516,294.51816,296.51154,294.19495,297.26306,294.25272,293.58624,283.9579,295.47858,292.92844,298.99905,270.89886,294.24866,294.2489,293.6175,251.49457,294.24976,293.619,293.619,294.24976,299.0013,299.00006,293.6215,294.94876,296.4899,298.1873,291.61087,298.9982,294.94928,294.25278,294.25296,298.99817,294.25226,294.25522,293.62216,297.48596,276.36664,294.25522,294.255,269.87662,298.9985,294.25647,293.4974,293.62146,295.783,294.94788
7440,296.14716,294.19257,298.97476,293.53674,298.975,298.97342,293.54456,298.97302,298.97565,293.53772,294.198,293.54507,298.97592,293.53815,298.9753,298.9741,297.43625,297.5427,293.53955,298.9736,298.97437,294.19794,293.53958,298.97607,294.1937,294.19885,297.45654,276.39343,295.92618,294.19452,294.19662,298.9745,298.97516,288.66528,298.97488,298.97534,294.42538,293.54105,293.5432,298.97546,294.1974,294.1974,298.97528,294.19733,293.5427,293.54248,294.86777,271.71368,294.19876,298.97586,294.1976,294.1988,294.95386,293.54288,293.5441,278.07043,293.17007,274.04245,259.6787,278.31238,298.97592,293.54517,276.00876,294.20306,256.89847,294.20282,275.08725,294.20352,269.70316,294.2042,293.5461,294.4536,295.97226,293.54758,287.00974,293.54733,291.11273,295.4159,293.54745,298.97626,291.03632,294.87128,292.1796,267.59402,299.1993,294.45212,275.8718,276.50595,294.87112,293.54935,293.5503,256.78815,298.97687,294.18738,293.55,294.1868,297.4361,255.12442,281.3227,294.18732,293.55014,294.18787,298.97668,282.03983,290.13632,294.79828,290.68433,279.6286,297.43704,269.67322,284.82156,257.0158,299.10184,278.59387,294.70398,295.40616,275.87817,280.23532,298.3465,266.31738,293.53442,296.9909,298.97537,294.18253,294.18298,274.84808,298.97516,294.18338,281.90137,293.5349,293.53598,298.97556,294.18433,278.81433,294.36246,289.26688,282.2791,282.15396,294.09833,299.13638,295.95166,290.22354,297.37634,283.02097,294.74567,294.8722,296.34763,310.61868,275.0986,253.75754,282.15656,286.7071,288.46313,284.87686,291.41913,294.87323,268.63696,274.94635,287.88577,294.36215,266.93478,297.4609,299.23102,294.87274,298.51544,298.1323,280.7791,297.43756,287.78397,294.8736,291.78387,281.46786,284.8936,294.86218,294.8563,297.43796,294.64133,252.5956,251.95592,279.75354,323.91354,284.6837,298.97876,295.1831,294.19455,294.19443,298.97903,297.31274,298.97546,294.19403,293.54544,281.84805,299.23126,294.19522,294.18872,294.1952,298.97952,294.19525,289.2821,294.86142,288.03265,298.4714,298.1595,294.86157,297.85254,296.5246,294.452,272.06516,298.97638,285.41653,293.5342,298.9765,257.2402,298.9761,294.19672,296.18146,293.5341,298.97656,293.5348,298.9766,294.1958,294.19772,296.4076,251.03416,297.9529,263.06943,292.00632,282.158,297.33414,295.28503,291.75278,284.75757,298.9725,298.9729,293.52325,298.97244,294.82977,282.27017,294.18478,293.52747,298.97253,293.52795,298.9726,294.1856,285.04956,294.1856,275.09485,298.9314,296.85596,294.18668,294.4525,296.47235,294.1139,297.20007,294.1878,293.54922,283.89072,295.40472,292.86453,298.97287,271.20377,294.18375,294.184,293.53098,251.43803,294.1848,293.53244,293.53247,294.18484,298.97516,298.97394,293.535,294.8662,296.42303,298.15054,291.54825,298.97202,294.86673,294.18787,294.18805,298.972,294.18735,294.19034,293.5355,297.44022,276.30383,294.19034,294.19012,269.9325,298.97232,294.1916,293.4116,293.5349,295.72336,294.86533
7500,296.08707,294.12772,298.9483,293.45078,298.94858,298.94693,293.45856,298.94656,298.94922,293.45175,294.13315,293.45908,298.9495,293.45215,298.94885,298.94766,297.38992,297.4809,293.45358,298.94714,298.9479,294.13312,293.45358,298.94965,294.12885,294.134,297.3943,276.3301,295.86313,294.12967,294.1318,298.94803,298.9487,288.56094,298.94843,298.9489,294.35464,293.45508,293.45718,298.94904,294.13254,294.13254,298.94885,294.13248,293.4567,293.45648,294.78534,271.68732,294.1339,298.9494,294.13275,294.13394,294.89163,293.4569,293.4581,278.0224,293.11993,273.99405,259.86295,278.2425,298.9495,293.45917,275.86633,294.1382,256.9634,294.13797,275.05185,294.13864,269.79095,294.13934,293.4601,294.3881,295.9004,293.46155,286.95258,293.46133,291.05197,295.3389,293.46143,298.9498,290.97366,294.78885,292.1189,267.8781,299.17566,294.3867,276.03302,276.32602,294.78873,293.46332,293.46426,256.79266,298.95044,294.12253,293.46396,294.12195,297.38974,255.13956,281.30072,294.1225,293.4641,294.12302,298.95023,281.95837,290.07565,294.7339,290.58588,279.58362,297.39072,269.65308,284.76538,256.9749,299.077,278.52817,294.6275,295.34235,275.78458,280.15878,298.31793,266.73114,293.44836,296.95483,298.9489,294.11768,294.11816,274.81485,298.94873,294.11853,281.81396,293.44885,293.44995,298.9491,294.11948,278.74985,294.29715,289.21054,282.19403,282.07083,294.03357,299.11197,295.88614,290.16257,297.32938,282.94635,294.6635,294.7898,296.2824,310.5937,275.06277,253.73622,282.07346,286.65182,288.405,284.8248,291.36426,294.7908,268.82956,274.91492,287.8256,294.2969,267.26096,297.42804,299.20773,294.79034,298.48605,298.10394,280.81192,297.39124,287.67664,294.7912,291.68732,281.3779,284.83917,294.7797,294.81155,297.39166,294.5648,252.54907,251.90347,279.7122,323.89246,284.6264,298.95236,295.11066,294.12973,294.12955,298.9526,297.2656,298.949,294.12918,293.45932,281.7847,299.20804,294.13037,294.12387,294.1303,298.95312,294.1304,289.22766,294.77896,287.9761,298.43793,298.12823,294.77924,297.8229,296.4854,294.38657,272.03003,298.95007,285.31137,293.44818,298.95007,257.17038,298.94968,294.13187,296.1176,293.44803,298.95013,293.44876,298.9502,294.13095,294.13287,296.3504,250.98077,297.9127,263.349,291.94693,282.07486,297.29883,295.2136,291.69534,284.64893,298.94604,298.94644,293.43726,298.94598,294.7568,282.17868,294.11993,293.44153,298.94608,293.44202,298.94614,294.12076,285.03317,294.12076,275.05902,298.90448,296.79092,294.12183,294.387,296.43338,294.033,297.1367,294.12292,293.5189,283.82425,295.33084,292.80084,298.9464,271.47125,294.1189,294.11914,293.44504,251.38406,294.11996,293.4465,293.44653,294.12,298.94873,298.94754,293.44904,294.78378,296.35583,298.1136,291.4859,298.94553,294.78433,294.12302,294.1232,298.94553,294.12247,294.1255,293.44943,297.39392,276.2422,294.12552,294.1253,269.99503,298.94586,294.12677,293.3265,293.44897,295.6637,294.7829
7560,296.02658,294.06293,298.92157,293.36548,298.92188,298.92023,293.3732,298.91983,298.92233,293.36642,294.06836,293.37372,298.92282,293.36685,298.92215,298.92072,297.34305,297.41876,293.36826,298.9204,298.9212,294.06833,293.3683,298.92294,294.06406,294.0692,297.33176,276.26797,295.79977,294.0649,294.06702,298.92133,298.922,288.46176,298.92172,298.9222,294.28397,293.36975,293.37186,298.92233,294.06772,294.06775,298.92215,294.06766,293.37137,293.37115,294.7032,271.66116,294.06912,298.9227,294.06793,294.06912,294.8294,293.37155,293.37274,278.29376,293.07025,273.94644,260.02823,278.1738,298.9228,293.3738,275.74246,294.07343,257.02826,294.07318,275.08493,294.07382,269.8764,294.07452,293.37476,294.32272,295.82816,293.3762,286.8959,293.37595,290.99136,295.26187,293.37607,298.92313,290.91125,294.70673,292.0587,268.12744,299.15173,294.32138,276.17914,276.1597,294.70657,293.37793,293.37888,256.80484,298.92374,294.05774,293.37857,294.05716,297.3429,255.16103,281.28714,294.0577,293.37875,294.05826,298.92355,281.87808,290.0152,294.6696,290.4906,279.53903,297.34384,269.63312,284.7097,256.94464,299.05188,278.52325,294.5508,295.27853,275.75418,280.08347,298.28888,267.0877,293.363,296.91885,298.9222,294.05292,294.05338,274.78192,298.92203,294.05374,281.74045,293.36346,293.3646,298.9224,294.0547,278.74576,294.23196,289.1547,282.11023,281.9889,293.96887,299.08725,295.82083,290.1018,297.2819,282.8727,294.58185,294.70764,296.21674,319.79068,275.09433,253.72249,281.99152,286.59683,288.3471,284.773,291.30988,294.70868,269.0022,274.8837,287.76578,294.23175,267.5454,297.395,299.18417,294.7082,298.4566,298.07462,280.84802,297.3444,287.57462,294.70905,291.5946,281.30225,284.7852,294.6975,294.76712,297.3448,294.48834,252.50845,251.85522,279.67108,342.84433,284.56958,298.9257,295.0376,294.0649,294.06476,298.92593,297.2186,298.9223,294.0644,293.37387,281.7301,299.18448,294.06558,294.05908,294.06552,298.92645,294.0656,289.17776,294.6968,287.9198,298.4043,298.09714,294.6971,297.79224,296.4464,294.32126,271.9954,298.92346,285.21323,293.36282,298.92337,257.1114,298.92297,294.06708,296.05338,293.36267,298.92346,293.36337,298.9235,294.06616,294.06808,296.2932,250.92899,297.8722,263.59485,291.88803,281.99292,297.26373,295.14142,291.63837,284.54776,298.9193,298.9197,293.35196,298.91925,294.6844,282.09448,294.05515,293.35626,298.91934,293.35675,298.91943,294.05597,285.02307,294.05597,275.09024,298.87732,296.72552,294.05704,294.32166,296.3946,293.95233,297.07297,294.05814,296.257,283.75854,295.2573,292.73734,298.9197,271.7069,294.0541,294.05435,293.35977,251.33275,294.05518,293.36124,293.36124,294.0552,298.92203,298.92084,293.36377,294.70166,296.2882,298.0766,291.42377,298.9188,294.70218,294.05823,294.0584,298.9188,294.05768,294.06073,293.3641,297.3471,276.1817,294.06073,294.06052,270.0601,298.91913,294.06198,293.24225,293.36368,295.604,294.70078
7620,295.96686,293.99823,298.8946,293.2809,298.89487,298.89322,293.28857,298.89282,298.89526,293.28186,294.00363,293.28894,298.8958,293.2823,298.89517,298.89383,297.2958,297.35635,293.28366,298.8934,298.8942,294.0036,293.2837,298.89597,293.99936,294.0045,297.26892,276.20697,295.73615,294.00018,294.00232,298.89435,298.89502,288.36917,298.8947,298.89523,294.21344,293.28516,293.28726,298.89532,294.003,294.00302,298.89514,294.00293,293.28677,293.28656,294.62143,271.63525,294.00436,298.89572,294.0032,294.0044,294.76724,293.28696,293.28812,278.9083,293.02094,273.89966,260.18533,278.10626,298.8958,293.28918,275.66867,294.0087,257.10202,294.00845,275.29846,294.0091,269.95782,294.0098,293.29013,294.25748,295.75583,293.29153,286.83972,293.29132,290.93088,295.18497,293.2914,298.89612,290.84906,294.62494,291.99893,268.34723,299.1275,294.25616,276.3113,276.0154,294.62482,293.29327,293.29422,256.82895,298.89676,293.99304,293.2939,293.99246,297.29565,255.19287,281.27917,293.99298,293.2941,293.99353,298.89658,281.79895,289.95493,294.60535,290.3986,279.4948,297.29663,269.61328,284.65445,256.92557,299.02646,278.66006,294.4785,295.2147,275.86807,280.0093,298.2594,267.39713,293.27838,296.88284,298.89523,293.9882,293.98865,274.74927,298.89505,293.98904,281.71167,293.27884,293.27994,298.89542,293.99,278.8827,294.16687,289.0993,282.02762,281.9081,293.90424,299.06223,295.75537,290.04126,297.2342,282.80002,294.50064,294.6259,296.15073,327.85226,275.3038,253.7167,281.9108,286.54208,288.28946,284.7215,291.25592,294.6269,269.15692,274.85266,287.7063,294.1667,267.79526,297.36157,299.1603,294.62643,298.42712,298.04465,280.88504,297.29718,287.47928,294.62726,291.50522,281.27197,284.73154,294.61563,294.72296,297.2976,294.41223,252.47357,251.81052,279.63022,353.6615,284.51328,298.89874,294.9652,294.0002,294.00006,298.899,297.1714,298.89532,293.99966,293.28915,281.6829,299.16068,294.00085,293.9944,294.00082,298.8995,294.0009,289.13098,294.61502,287.86365,298.37048,298.066,294.61536,297.76093,296.40753,294.25604,271.96127,298.8965,285.12918,293.27817,298.8964,257.06308,298.89603,294.00235,295.98877,293.27805,298.89648,293.27875,298.89655,294.00143,294.00336,296.2359,250.86847,297.8316,263.8151,291.82956,281.91217,297.22876,295.07516,291.58185,284.46112,298.8923,298.8927,293.26743,298.89224,294.61203,282.01764,293.99045,293.27176,298.89233,293.27225,298.89243,293.99127,285.01654,293.99124,275.29868,298.84988,296.65973,293.9923,294.2564,296.35593,293.87402,297.00888,293.9934,300.30582,283.69357,295.18384,292.67398,298.8927,271.9153,293.98938,293.98965,293.27527,251.281,293.99048,293.2767,293.2769,293.99048,298.89505,298.89383,293.27924,294.61987,296.2203,298.03943,291.36185,298.89175,294.6204,293.99353,293.9937,298.89175,293.99295,293.996,293.27957,297.29993,276.12225,293.99603,293.9958,270.12485,298.89212,293.99728,293.15884,293.27914,295.54428,294.619
7680,295.90793,293.93356,298.86774,293.19717,298.868,298.86633,293.2048,298.86597,298.86838,293.19812,293.93896,293.20505,298.869,293.19855,298.86832,298.86703,297.24866,297.2936,293.19992,298.86655,298.86734,293.93893,293.19995,298.8691,293.9347,293.93982,297.20575,276.1471,295.67227,293.93552,293.93765,298.8675,298.86816,288.28738,298.86786,298.86838,294.14313,293.2014,293.2035,298.86847,293.93832,293.93832,298.8683,293.93826,293.203,293.20276,294.5401,271.6096,293.9397,298.86887,293.93854,293.9397,294.70517,293.2032,293.20435,279.59848,292.972,273.85364,260.31827,278.03983,298.86896,293.20538,275.65195,293.94403,257.15616,293.94376,275.63123,293.94443,270.03418,293.94513,293.20633,294.19235,295.68344,293.20773,286.78403,293.20752,290.8705,295.10828,293.2076,298.8693,290.78708,294.54364,291.93964,268.54224,299.10303,294.19107,276.4468,275.90427,294.5435,293.20944,293.2104,256.84647,298.8699,293.92838,293.21008,293.9278,297.2485,255.21648,281.27734,293.92834,293.21024,293.92886,298.86972,281.72098,289.8949,294.54108,290.3114,279.451,297.24948,269.59363,284.5996,256.91156,299.00095,278.87814,294.3948,295.1507,276.06546,279.9363,298.22958,267.66797,293.19458,296.84677,298.86838,293.92355,293.924,274.7169,298.8682,293.92438,281.7346,293.19504,293.19614,298.8686,293.92532,279.1005,294.1019,289.0444,281.94626,281.8285,293.83966,299.03683,295.69006,289.98093,297.18768,282.72827,294.4201,294.54456,296.08438,334.12674,275.6318,253.71262,281.8312,286.48755,288.23203,284.67026,291.2024,294.54556,269.29565,274.82184,287.6472,294.1017,268.01764,297.32785,299.1362,294.5451,298.39755,298.01413,280.92764,297.25,287.39536,294.54596,291.4203,281.29407,284.67825,294.53424,294.67908,297.25046,294.33652,252.443,251.7685,279.58957,360.9812,284.45743,298.8719,294.87808,293.93555,293.9354,298.87216,297.1244,298.8684,293.935,293.20526,281.64243,299.13657,293.9362,293.92972,293.93616,298.87268,293.93622,289.08673,294.5337,287.8077,298.35455,298.03516,294.53406,297.72913,296.36884,294.19095,271.9276,298.8697,285.0682,293.19437,298.8696,257.0242,298.8692,293.93768,295.92386,293.19424,298.86966,293.19495,298.86972,293.93677,293.9387,296.17862,250.81009,297.80222,264.00928,291.77158,281.83255,297.19394,294.9937,291.5258,284.39853,298.86548,298.86588,293.18372,298.86542,294.54095,281.94788,293.92578,293.1881,298.8655,293.18857,298.8656,293.9266,285.01398,293.9266,275.62552,298.82297,296.59366,293.92764,294.19125,296.31744,293.79257,296.9445,293.92877,304.06158,283.6293,295.1106,292.61072,298.86584,272.10977,293.9247,293.925,293.1916,251.2302,293.9258,293.19302,293.1933,293.9258,298.86823,298.867,293.19553,294.53857,296.15213,298.00253,291.30008,298.8649,294.539,293.92886,293.92905,298.8649,293.9283,293.93134,293.19583,297.2528,276.06384,293.93137,293.93115,270.1874,298.86523,293.93262,293.07635,293.19543,295.48462,294.5377
7740,295.84656,293.869,298.84033,293.11435,298.8406,298.83893,293.1219,298.83853,298.84094,293.11526,293.8744,293.1221,298.84158,293.11566,298.8409,298.83966,297.19946,297.2308,293.11703,298.83914,298.83994,293.87433,293.11707,298.84174,293.8701,293.87524,297.14288,276.08826,295.60825,293.87094,293.87305,298.8401,298.84076,288.21982,298.84045,298.84097,294.07376,293.1185,293.12057,298.8411,293.87372,293.87372,298.8409,293.87363,293.1201,293.11987,294.4596,271.5842,293.8751,298.8415,293.87393,293.8751,294.64297,293.1203,293.12143,280.23895,292.92624,273.80838,260.43842,277.9745,298.84155,293.12247,275.67776,293.87943,257.20984,293.87915,275.99927,293.87982,270.10507,293.88052,293.1234,294.12732,295.63232,293.12457,286.73853,293.12457,290.8103,295.04385,293.12466,298.8419,290.72537,294.46332,291.8803,268.71536,299.07825,294.12607,276.5481,275.83063,294.46317,293.12646,293.1274,256.86615,298.84253,293.8638,293.1271,293.8632,297.1993,255.2406,281.27652,293.86374,293.1273,293.8643,298.84235,281.64407,289.8346,294.47678,290.2313,279.408,297.20023,269.57416,284.54565,256.90222,298.97498,279.12564,294.3108,295.0866,276.28616,279.86444,298.19943,267.9062,293.11166,296.81104,298.84097,293.85898,293.85944,274.68488,298.8408,293.8598,281.79272,293.11212,293.11322,298.8412,293.86075,279.33868,294.03702,289.0068,281.8661,281.7499,293.77518,299.0112,295.62506,289.92044,297.13538,282.65753,294.3414,294.46423,296.02127,338.9253,275.99573,253.70999,281.7528,286.43326,288.17465,284.61926,291.15714,294.4652,269.4202,274.79123,287.5889,294.03687,268.2126,297.29395,299.11182,294.46475,298.3678,297.98322,280.96143,297.20078,287.32806,294.4656,291.34204,281.36755,284.6254,294.4539,294.63644,297.20123,294.26193,252.41574,251.72917,279.54913,366.302,284.40384,298.84454,294.79245,293.87094,293.8708,298.84467,297.07712,298.84097,293.87042,293.12225,281.60736,299.11218,293.87158,293.86514,293.87155,298.8453,293.8716,289.04373,294.45337,287.75198,298.30994,298.00397,294.45374,297.69693,296.33508,294.12595,271.89447,298.84232,285.03137,293.11145,298.8422,256.99295,298.8418,293.87308,295.8595,293.11133,298.8423,293.112,298.84232,293.8722,293.87408,296.12134,250.75455,297.7559,264.18115,291.71454,281.75397,297.15952,294.90994,291.4729,284.3673,298.83804,298.83844,293.1009,298.83798,294.46976,281.8849,293.8612,293.10532,298.83807,293.10577,298.83817,293.86203,285.0104,293.862,275.9886,298.79492,296.5313,293.86307,294.12622,296.2801,293.71002,296.8815,293.86417,307.1308,283.56622,295.0382,292.54758,298.83844,272.27264,293.86014,293.8604,293.1088,251.18167,293.86115,293.11023,293.11035,293.86115,298.84082,298.8396,293.1127,294.45825,296.09378,297.9651,291.2383,298.83746,294.45862,293.86426,293.86447,298.83746,293.8637,293.86676,293.113,297.20358,276.00647,293.8668,293.86655,270.2467,298.83783,293.86804,292.9948,293.1126,295.4249,294.45728
7800,295.78537,293.80582,298.8126,293.03284,298.81287,298.8112,293.04053,298.8108,298.8132,293.034,293.8112,293.0407,298.8137,293.0344,298.81317,298.81192,297.14865,297.18304,293.03574,298.8114,298.81204,293.81116,293.03577,298.814,293.80695,293.81192,297.0965,276.04416,295.54434,293.80777,293.80988,298.81235,298.81305,288.1676,298.81274,298.81326,294.00458,293.0372,293.03925,298.81335,293.81052,293.81052,298.8132,293.81042,293.03876,293.03854,294.37927,271.55942,293.81186,298.81378,293.8107,293.8119,294.5818,293.03897,293.04007,280.86188,292.8792,273.7722,260.54684,277.91745,298.81387,293.0411,275.75327,293.8162,257.26047,293.81595,276.43747,293.81677,270.1703,293.8173,293.04202,294.06305,295.55063,293.0433,286.68234,293.04318,290.75107,294.96436,293.04327,298.8142,290.66516,294.3831,291.82175,268.86917,299.05325,294.0617,276.64163,275.79688,294.38297,293.04504,293.046,256.8873,298.81485,293.80057,293.0457,293.7999,297.1485,255.26454,281.27643,293.80054,293.04565,293.80106,298.81467,281.56927,289.77463,294.41333,290.15952,279.36737,297.1494,269.55908,284.4928,256.89777,298.9487,279.40845,294.22696,295.02292,276.5576,279.79678,298.16904,268.12048,293.03033,296.77536,298.81326,293.79587,293.79633,274.65643,298.81308,293.7967,281.89206,293.03076,293.03186,298.81348,293.79764,279.6238,293.97302,288.94614,281.7904,281.67358,293.71112,298.98544,295.5606,289.86014,297.0827,282.5889,294.26166,294.38397,295.95547,342.61105,276.42584,253.70898,281.67642,286.37924,288.11746,284.56897,291.10318,294.38495,269.5318,274.76373,287.532,293.97272,268.38593,297.25995,299.0873,294.3845,298.33792,297.95197,280.9929,297.14996,287.2751,294.38535,291.27072,281.45895,284.5734,294.37366,294.59442,297.15042,294.18738,252.39188,251.69458,279.51044,370.29535,284.3495,298.81683,294.7071,293.80753,293.80734,298.81693,297.0297,298.81323,293.807,293.04077,281.5762,299.08752,293.80817,293.80173,293.8081,298.8176,293.8082,289.00143,294.37317,287.697,298.27084,297.9727,294.37485,297.66446,296.29962,294.06137,271.86697,298.81458,285.02,293.03006,298.81445,256.96887,298.81406,293.80963,295.79517,293.02994,298.81454,293.03064,298.81458,293.80875,293.81064,296.0642,250.70406,297.70953,264.33414,291.65814,281.6776,297.12524,294.8253,291.4187,284.35318,298.81018,298.8107,293.01965,298.81024,294.3991,281.8279,293.7979,293.02414,298.81033,293.02457,298.81042,293.79874,285.00583,293.79874,276.4179,298.76608,296.469,293.79977,294.06198,296.24286,293.62796,296.82755,293.80087,309.5953,283.50476,294.96655,292.4852,298.81064,272.41714,293.79684,293.79712,293.0276,251.1403,293.7978,293.029,293.02905,293.79782,298.81302,298.81177,293.03143,294.37787,296.0235,297.92737,291.17703,298.80963,294.3784,293.80087,293.80106,298.80963,293.8004,293.80325,293.0317,297.15265,275.961,293.80328,293.80304,270.3021,298.80997,293.8043,292.9149,293.03128,295.36578,294.37708
7860,295.72458,293.7422,298.78427,292.95242,298.78442,298.78287,292.96002,298.78247,298.7849,292.9537,293.7476,292.96033,298.7853,292.9541,298.78488,298.78363,297.09705,297.13428,292.9554,298.78308,298.78366,293.74747,292.95544,298.7857,293.74332,293.74826,297.0462,275.99915,295.48026,293.74414,293.74612,298.78406,298.78464,288.13272,298.78445,298.78497,293.93542,292.95667,292.95865,298.7851,293.7469,293.7469,298.7849,293.7468,292.9584,292.95816,294.29953,271.5343,293.74823,298.78537,293.74707,293.74826,294.5203,292.9586,292.9597,281.515,292.83185,273.7357,260.64493,277.86093,298.7856,292.9607,275.89233,293.75256,257.30786,293.75232,276.9768,293.7532,270.22986,293.75366,292.96164,293.99902,295.4748,292.96292,286.62646,292.96274,290.6917,294.88577,292.9627,298.78595,290.6047,294.30338,291.76373,269.00598,299.02795,293.9973,276.72696,275.80975,294.30322,292.9646,292.96542,256.90918,298.7866,293.73697,292.96524,293.73627,297.09686,255.28784,281.2769,293.7369,292.9651,293.73746,298.7864,281.49564,289.71494,294.3496,290.09567,279.32608,297.09778,269.54187,284.4398,256.89697,298.92212,279.7656,294.14337,294.95914,276.90732,279.7308,298.13843,268.30762,292.94986,296.7397,298.78497,293.73236,293.73282,274.6263,298.7848,293.7332,282.04532,292.9504,292.9515,298.7851,293.73392,279.98285,293.90894,288.89023,281.71414,281.59833,293.64713,298.95935,295.4958,289.80008,297.03018,282.52094,294.18314,294.3042,295.88867,345.483,276.95898,253.70937,281.60117,286.32562,288.06058,284.51904,291.0502,294.3052,269.63174,274.73453,287.4748,293.90842,268.53952,297.22586,299.06235,294.30475,298.30795,297.92047,281.02173,297.09833,287.23883,294.30557,291.20773,281.6086,284.5218,294.29398,294.5523,297.09882,294.11322,252.37091,251.66243,279.4716,373.35138,284.29517,298.7886,294.622,293.7438,293.74365,298.78864,296.98282,298.78494,293.74316,292.9603,281.54843,299.06256,293.74426,293.73804,293.74442,298.78912,293.74448,288.95923,294.2935,287.6422,298.23352,297.94128,294.29538,297.6318,296.26297,293.9969,271.8388,298.78607,285.0388,292.94968,298.78604,256.9506,298.78577,293.74594,295.73013,292.94955,298.78625,292.95044,298.7862,293.74506,293.74695,296.00723,250.65352,297.66415,264.4707,291.60178,281.6024,297.09106,294.74036,291.36404,284.3698,298.7818,298.78238,292.93942,298.78192,294.3294,281.77646,293.7343,292.9439,298.782,292.94427,298.7821,293.73514,285.00006,293.7351,276.95023,298.73706,296.40686,293.73593,293.99774,296.2056,293.54636,296.77222,293.73727,311.6129,283.44342,294.89398,292.42267,298.7822,272.54663,293.73325,293.7333,292.94733,251.0989,293.73416,292.94873,292.94876,293.7342,298.7847,298.78342,292.95117,294.29807,295.95468,297.88983,291.11584,298.78125,294.29868,293.73715,293.73737,298.78125,293.7368,293.73947,292.95142,297.10098,275.91455,293.73947,293.73926,270.3533,298.78152,293.74042,292.8361,292.9509,295.30658,294.2974
7920,295.66257,293.6784,298.7555,292.87314,298.7556,298.7541,292.8806,298.75372,298.75613,292.87445,293.68378,292.88098,298.75653,292.87482,298.7561,298.75488,297.0448,297.0845,292.87616,298.75433,298.75488,293.68362,292.87616,298.75696,293.6795,293.68442,296.99475,275.95343,295.4161,293.68033,293.68228,298.7553,298.75583,288.11737,298.75558,298.75626,293.86627,292.87726,292.87924,298.75613,293.68304,293.68292,298.7562,293.6829,292.87897,292.87888,294.22083,271.50986,293.68442,298.7566,293.68326,293.68442,294.45898,292.87927,292.88037,282.1703,292.78433,273.69907,260.73312,277.80505,298.75687,292.88135,276.08682,293.68854,257.3519,293.6885,277.57166,293.68927,270.28397,293.68976,292.88226,293.93494,295.401,292.88358,286.5717,292.8833,290.63245,294.809,292.8833,298.75723,290.54413,294.22467,291.70645,269.12775,299.00223,293.93307,276.8037,275.8725,294.22455,292.88522,292.88596,256.93134,298.75787,293.67297,292.8857,293.67245,297.04462,255.31023,281.2783,293.67303,292.88565,293.67358,298.7577,281.42343,289.6556,294.28574,290.04138,279.2845,297.04553,269.52386,284.3871,256.89938,298.89502,280.16458,294.06033,294.89526,277.30283,279.66605,298.10773,268.4726,292.8705,296.7041,298.756,293.6685,293.669,274.5958,298.75604,293.66946,282.2431,292.87112,292.87222,298.75632,293.67007,280.38263,293.845,288.8357,281.63904,281.52438,293.5832,298.93283,295.43127,289.74033,296.9774,282.45383,294.10638,294.2255,295.82196,347.74945,277.5492,253.71075,281.52722,286.27243,288.00412,284.46948,290.99774,294.22647,269.72116,274.7052,287.41757,293.84424,268.6759,297.19183,299.0372,294.226,298.2779,297.88895,281.0478,297.04608,287.22226,294.22684,291.15427,281.80417,284.47052,294.2153,294.51007,297.04657,294.03943,252.35231,251.63228,279.4327,375.72708,284.24133,298.7599,294.5374,293.67987,293.67984,298.75992,296.935,298.7562,293.6793,292.8809,281.52475,299.03723,293.68033,293.6741,293.6806,298.7603,293.68066,288.91675,294.21484,287.58774,298.19586,297.90958,294.21704,297.59924,296.2261,293.93262,271.81067,298.75723,285.08908,292.8704,298.75723,256.93774,298.75702,293.6821,295.66483,292.87024,298.7575,292.87122,298.75742,293.681,293.6831,295.9503,250.60568,297.6188,264.5924,291.54575,281.52844,297.05664,294.65558,291.30957,284.41833,298.75302,298.75342,292.86014,298.75308,294.25854,281.73065,293.6704,292.86478,298.7531,292.86508,298.75336,293.67123,284.99295,293.67123,277.5398,298.70767,296.3448,293.67203,293.93375,296.16833,293.46548,296.716,293.6735,313.27344,283.3826,294.8226,292.3603,298.7534,272.66235,293.6694,293.66943,292.86816,251.05916,293.6704,292.86954,292.86957,293.6704,298.75592,298.75464,292.87195,294.21936,295.88678,297.8513,291.05505,298.7524,294.22,293.67334,293.67343,298.7523,293.67303,293.67545,292.8722,297.04874,275.86826,293.67548,293.67535,270.40018,298.7527,293.67645,292.75845,292.8716,295.24765,294.21875
7980,295.601,293.61456,298.7264,292.79504,298.72647,298.72498,292.80243,298.72458,298.72705,292.79636,293.61993,292.8028,298.7274,292.79675,298.72702,298.72577,296.99225,297.03372,292.79803,298.72522,298.72574,293.61975,292.79807,298.72763,293.61566,293.62057,296.9422,275.90762,295.35175,293.6165,293.6184,298.72623,298.7267,288.12222,298.72644,298.72717,293.79764,292.7991,292.80106,298.72696,293.61908,293.61902,298.72708,293.619,292.80075,292.80072,294.14368,271.48596,293.62054,298.72748,293.6194,293.62057,294.39725,292.80115,292.80222,282.81284,292.73715,273.66248,260.81265,277.7497,298.72778,292.8032,276.32574,293.6246,257.39267,293.62466,278.19,293.62537,270.33292,293.6259,292.80408,293.8709,295.3291,292.8054,286.5177,292.80505,290.57327,294.73428,292.80505,298.72815,290.48364,294.14752,291.64957,269.23615,298.97617,293.869,276.8724,275.9831,294.1474,292.80698,292.80768,256.9535,298.7288,293.60904,292.8074,293.6086,296.9921,255.33144,281.27985,293.6092,292.80737,293.6097,298.72864,281.35245,289.59662,294.22186,289.9975,279.24295,296.99298,269.50574,284.33466,256.9045,298.86765,280.58533,293.97778,294.83124,277.7251,279.60223,298.07693,268.61847,292.79242,296.66833,298.7268,293.60464,293.60516,274.56534,298.72696,293.60565,282.47345,292.79306,292.79413,298.72723,293.60626,280.8038,293.78104,288.78226,281.5651,281.45166,293.51932,298.9059,295.36697,289.681,296.9246,282.3876,294.03174,294.1483,295.75555,349.56085,278.16403,253.71274,281.45453,286.2195,287.948,284.42007,290.94592,294.14926,269.80112,274.676,287.3605,293.78024,268.79706,297.15768,299.0115,294.14883,298.24777,297.85727,281.07098,296.99353,287.2259,294.14963,291.11172,282.03308,284.41943,294.1382,294.46786,296.99405,293.96683,252.33566,251.60408,279.39386,377.59897,284.18793,298.73083,294.4531,293.61597,293.616,298.73087,296.88696,298.7271,293.61542,292.80267,281.5027,299.01163,293.61642,293.61023,293.61676,298.7312,293.61682,288.87418,294.1378,287.5334,298.1586,297.87762,294.14008,297.56647,296.1889,293.8685,271.78262,298.7281,285.16815,292.79224,298.72812,256.92953,298.72794,293.61826,295.5995,292.7921,298.72842,292.79315,298.72833,293.61707,293.61926,295.893,250.56058,297.57373,264.70108,291.49002,281.45572,297.02197,294.571,291.2555,284.49606,298.72388,298.7242,292.78214,298.7239,294.1889,281.68896,293.60654,292.7868,298.72394,292.78708,298.72424,293.60736,284.9844,293.60736,278.1542,298.67807,296.28275,293.60815,293.86978,296.1309,293.38544,296.6591,293.60968,314.6551,283.32236,294.75214,292.29785,298.72424,272.7654,293.60556,293.60556,292.79016,251.02153,293.6066,292.79153,292.79153,293.6066,298.72684,298.7255,292.79388,294.14224,295.8197,297.81256,290.9941,298.72327,294.14288,293.6095,293.60956,298.72308,293.60922,293.61148,292.79416,296.99622,275.82208,293.6115,293.61148,270.4429,298.7235,293.61255,292.6822,292.79355,295.18808,294.14166
8040,295.5397,293.55072,298.69702,292.71826,298.69708,298.6956,292.72552,298.6952,298.69766,292.71957,293.55612,292.72592,298.69803,292.71997,298.69763,298.69638,296.93958,296.98184,292.72125,298.69583,298.69635,293.55594,292.72125,298.69818,293.55185,293.55673,296.88885,275.86166,295.28732,293.55267,293.55457,298.69684,298.69733,288.14612,298.69702,298.6978,293.72968,292.72226,292.72418,298.69754,293.55518,293.55515,298.69772,293.55515,292.72388,292.72388,294.06845,271.4624,293.55673,298.6981,293.55557,293.55673,294.33557,292.7243,292.72534,283.4336,292.69016,273.62582,260.88437,277.6949,298.69846,292.7263,276.59943,293.56073,257.4303,293.56082,278.80627,293.5615,270.37704,293.56204,292.7272,293.80695,295.25845,292.7285,286.46448,292.72812,290.51416,294.66144,292.72812,298.6988,290.42322,294.07227,291.59305,269.3327,298.9498,293.80487,276.9335,276.13727,294.07214,292.73004,292.7307,256.9752,298.69946,293.5452,292.7304,293.5448,296.9394,255.35136,281.27954,293.54535,292.7304,293.5459,298.69928,281.28265,289.53784,294.15793,289.96402,279.2016,296.94028,269.48764,284.2825,256.9117,298.84,281.01477,293.8959,294.76712,278.16144,279.5393,298.04605,268.7478,292.71564,296.6325,298.6974,293.54083,293.54138,274.53503,298.6976,293.5419,282.72665,292.71628,292.71735,298.69785,293.54245,281.2334,293.71713,288.72968,281.49228,281.3802,293.4556,298.8787,295.3034,289.6219,296.87183,282.3223,293.95953,294.07303,295.6894,351.02768,278.7817,253.71503,281.38306,286.16675,287.8921,284.37076,290.8947,294.07397,269.87256,274.6469,287.30368,293.7162,268.905,297.12354,298.98553,294.07355,298.21756,297.8256,281.0905,296.94086,287.24844,294.0743,291.08,282.28525,284.36853,294.06308,294.42538,296.94135,293.89566,252.32068,251.57779,279.35507,379.09308,284.13495,298.7015,294.36917,293.55225,293.5522,298.70154,296.83908,298.69775,293.55157,292.72574,281.48224,298.98572,293.55258,293.5464,293.55292,298.70184,293.553,288.8316,294.06265,287.47906,298.12167,297.84558,294.065,297.53378,296.15152,293.80435,271.7547,298.69873,285.27234,292.71542,298.69876,256.92532,298.69858,293.55444,295.53412,292.71527,298.6991,292.7163,298.69897,293.5532,293.55545,295.83597,250.51819,297.52936,264.79828,291.43475,281.38425,296.98724,294.48663,291.20203,284.59903,298.6945,298.69476,292.70544,298.69452,294.11984,281.65125,293.54272,292.70996,298.69452,292.71042,298.69485,293.54355,284.97403,293.54355,278.77167,298.64825,296.22076,293.54434,293.80585,296.09335,293.3064,296.60175,293.5459,315.81903,283.2628,294.68314,292.23557,298.69482,272.85742,293.54175,293.54175,292.7135,250.98608,293.5428,292.7148,292.71484,293.54282,298.69745,298.6961,292.71716,294.06705,295.75317,297.77386,290.93344,298.69385,294.0677,293.5457,293.54572,298.69366,293.54544,293.54764,292.7174,296.94354,275.77606,293.54764,293.54764,270.48157,298.6941,293.5487,292.6074,292.7168,295.12866,294.0665
8100,295.47842,293.48697,298.6674,292.64294,298.66745,298.66592,292.65005,298.66556,298.66806,292.64423,293.49237,292.65045,298.66843,292.6446,298.66803,298.66656,296.88666,296.92892,292.64584,298.6662,298.66675,293.49216,292.64587,298.66852,293.4881,293.49298,296.8346,275.81207,295.22278,293.48892,293.4908,298.66724,298.66772,288.18713,298.6674,298.6682,293.66248,292.64682,292.6487,298.6679,293.49136,293.49136,298.66812,293.49136,292.64844,292.64844,293.9955,271.43912,293.49295,298.6685,293.4918,293.49298,294.27402,292.64883,292.64987,284.0294,292.64346,273.58896,260.949,277.6402,298.66885,292.65082,276.90033,293.49695,257.4651,293.49707,279.4178,293.49774,270.4167,293.49826,292.65167,293.743,295.19028,292.65295,286.4117,292.65262,290.45517,294.59125,292.65262,298.6692,290.363,293.9993,291.5369,269.4187,298.92316,293.7408,276.98743,276.3303,293.99915,292.6545,292.65515,256.99655,298.66986,293.4814,292.65488,293.48108,296.8865,255.37007,281.27896,293.4816,292.65488,293.48215,298.6697,281.21387,289.47928,294.09412,289.94034,279.16055,296.8874,269.4697,284.23074,256.9207,298.81207,281.4443,293.81458,294.7031,278.60388,279.47708,298.01495,268.86264,292.64032,296.59656,298.6678,293.4771,293.47763,274.50497,298.668,293.47818,282.99478,292.64096,292.64178,298.66824,293.4787,281.6631,293.6533,288.6773,281.4205,281.30984,293.39194,298.85117,295.2408,289.563,296.8188,282.25784,293.89,294.0,295.62372,352.23163,279.38916,253.71762,281.3127,286.1142,287.83636,284.32162,290.8437,294.00095,269.9363,274.618,287.24716,293.65222,269.00098,297.08908,298.9593,294.00052,298.18713,297.79358,281.10696,296.88794,287.28802,294.00128,291.05872,282.55255,284.3179,293.9902,294.38333,296.88846,293.82608,252.3072,251.5534,279.3164,380.30124,284.0825,298.67194,294.28555,293.48853,293.48843,298.67197,296.79138,298.66815,293.48782,292.65027,281.46365,298.95947,293.48883,293.48264,293.48917,298.67224,293.48926,288.78885,293.98978,287.42493,298.08395,297.8133,293.9922,297.50058,296.11404,293.7403,271.72684,298.66928,285.3973,292.64,298.66916,256.92447,298.66898,293.4907,295.46887,292.63986,298.6695,292.64093,298.66937,293.4894,293.4917,295.77914,250.47833,297.48358,264.88516,291.37976,281.31387,296.9524,294.40253,291.14868,284.72314,298.66486,298.66513,292.6302,298.6649,294.0518,281.6171,293.47897,292.6348,298.6649,292.6352,298.66547,293.4798,284.96204,293.4798,279.37906,298.61823,296.159,293.4806,293.7419,296.05582,293.22836,296.54395,293.48215,316.81256,283.2039,294.61594,292.1734,298.6652,272.9391,293.478,293.47803,292.63824,250.9529,293.47906,292.63953,292.63956,293.4791,298.66785,298.66644,292.6418,293.99414,295.68774,297.73526,290.87292,298.6642,293.99475,293.48193,293.48196,298.664,293.48172,293.48386,292.6421,296.89066,275.72906,293.4839,293.4839,270.51648,298.66446,293.48492,292.53418,292.64148,295.06934,293.99362
8160,295.41833,293.42334,298.63757,292.5691,298.6376,298.63586,292.5761,298.6357,298.63824,292.57037,293.4287,292.57648,298.63858,292.57074,298.6382,298.63678,296.8337,296.87512,292.57196,298.63635,298.6369,293.42853,292.572,298.63882,293.42444,293.42932,296.7797,275.76392,295.15808,293.42526,293.42715,298.6374,298.63788,288.2431,298.63754,298.63858,293.59616,292.57294,292.5748,298.63806,293.4277,293.42783,298.6383,293.4277,292.57462,292.57452,293.92502,271.41605,293.4293,298.63867,293.42813,293.42932,294.21265,292.5747,292.57593,284.59753,292.5968,273.55212,261.0075,277.58582,298.639,292.57687,277.222,293.43326,257.49716,293.4334,280.0093,293.43405,270.45227,293.4346,292.5775,293.67914,295.12262,292.57892,286.35947,292.57858,290.39648,294.52243,292.5786,298.63937,290.303,293.92877,291.48117,269.49536,298.89618,293.67685,277.03458,276.55698,293.92862,292.58047,292.5811,257.01736,298.64005,293.418,292.58093,293.41742,296.83356,255.3874,281.2777,293.41797,292.5808,293.41852,298.6399,281.14615,289.42087,294.03015,289.92554,279.11984,296.83444,269.45187,284.17926,256.9311,298.78387,281.86826,293.73392,294.63867,279.0465,279.41556,297.98367,268.96478,292.56653,296.5605,298.63815,293.4136,293.414,274.47516,298.63815,293.41455,283.27234,292.56717,292.56805,298.63843,293.4151,282.08728,293.5895,288.62552,281.3498,281.2406,293.32846,298.82336,295.17892,289.5043,296.76593,282.19427,293.8232,293.92944,295.55887,353.2333,279.9782,253.72006,281.2435,286.0618,287.78082,284.27267,290.79303,293.93033,269.99326,274.58926,287.19092,293.58838,269.08652,297.05438,298.93286,293.92993,298.1566,297.7613,281.1203,296.83502,287.3423,293.93066,291.0469,282.82913,284.26746,293.9198,294.341,296.8355,293.7582,252.2949,251.53078,279.2779,381.29105,284.03043,298.64215,294.20242,293.42493,293.42477,298.64218,296.74335,298.6383,293.42416,292.5763,281.44656,298.9329,293.42517,293.41898,293.42554,298.64246,293.4256,288.7462,293.9194,287.371,298.0464,297.7807,293.9218,297.4671,296.0765,293.6763,271.69907,298.63953,285.5395,292.5661,298.6393,256.92645,298.63916,293.42728,295.4039,292.56598,298.63968,292.56702,298.63956,293.42578,293.42804,295.72247,250.44089,297.43842,264.9631,291.32513,281.24463,296.91733,294.31882,291.09576,284.86426,298.635,298.63525,292.55646,298.6351,293.98508,281.58612,293.41534,292.56116,298.63516,292.5615,298.6357,293.41617,284.94843,293.4163,279.96817,298.58798,296.09784,293.41696,293.67807,296.01813,293.15137,296.48602,293.41852,317.67126,283.14563,294.5502,292.1114,298.63535,273.0114,293.41437,293.4144,292.56448,250.92186,293.41544,292.56577,292.5658,293.41547,298.638,298.63657,292.5678,293.9237,295.62326,297.696,290.8126,298.63434,293.9243,293.4183,293.41833,298.63412,293.4181,293.4202,292.56827,296.83774,275.6824,293.42023,293.42023,270.54785,298.63458,293.4213,292.4626,292.56766,295.01025,293.9232
8220,295.3589,293.3598,298.60748,292.49686,298.60754,298.6057,292.50372,298.60565,298.60815,292.4981,293.3652,292.5041,298.60852,292.49844,298.60812,298.60672,296.78085,296.82056,292.49966,298.6063,298.6068,293.365,292.4997,298.60883,293.36093,293.36578,296.72418,275.71664,295.0937,293.36176,293.36362,298.60733,298.60794,288.3116,298.60748,298.6086,293.53088,292.5008,292.5024,298.608,293.36417,293.36435,298.60825,293.36426,292.50232,292.50214,293.85718,271.3932,293.36575,298.6086,293.3646,293.36578,294.1514,292.50226,292.50354,285.13757,292.5503,273.51544,261.0601,277.53192,298.60898,292.50446,277.5594,293.36972,257.5267,293.36987,280.57687,293.3705,270.48413,293.37106,292.505,293.61536,295.05618,292.5063,286.30774,292.50616,290.33768,294.4557,292.50616,298.60934,290.24335,293.86084,291.4258,269.5638,298.869,293.61295,277.07593,276.81244,293.86072,292.508,292.50873,257.03754,298.61,293.35458,292.5085,293.3539,296.7807,255.40347,281.27576,293.35446,292.50833,293.35498,298.60983,281.0794,289.3626,293.9663,289.91843,279.0795,296.7816,269.43423,284.12817,256.9425,298.7555,282.28296,293.6541,294.57455,279.48547,279.3547,297.9522,269.0558,292.49432,296.52426,298.6082,293.35016,293.35052,274.4456,298.60812,293.35104,283.5546,292.49493,292.49585,298.60837,293.3516,282.50192,293.52585,288.57422,281.28015,281.1724,293.2651,298.79535,295.118,289.44574,296.71317,282.13153,293.75925,293.8615,295.49417,354.07816,280.54422,253.72252,281.17532,286.00958,287.72543,284.22388,290.74274,293.86237,270.0441,274.5607,287.1351,293.52463,269.16278,297.0196,298.90594,293.862,298.1259,297.72888,281.1309,296.78214,287.40866,293.8627,291.0435,283.11057,284.21732,293.85205,294.2988,296.78265,293.69223,252.28374,251.50981,279.23956,382.1131,283.97882,298.61212,294.1198,293.36142,293.36127,298.61215,296.69553,298.60825,293.36078,292.5039,281.43066,298.9061,293.36166,293.35547,293.362,298.61243,293.3621,288.7035,293.85165,287.31708,298.0086,297.74805,293.85406,297.43356,296.03885,293.61243,271.6714,298.60953,285.6952,292.49377,298.60928,256.93088,298.6091,293.36383,295.33926,292.49365,298.60962,292.4947,298.6096,293.36224,293.36453,295.66614,250.40576,297.393,265.03275,291.27094,281.17642,296.88217,294.23553,291.04324,285.0187,298.60492,298.60538,292.48434,298.60507,293.91943,281.5579,293.35184,292.48904,298.60513,292.48935,298.60568,293.35278,284.93338,293.35284,280.5343,298.55753,296.03653,293.35345,293.6143,295.9804,293.0756,296.42783,293.355,318.42227,283.088,294.48633,292.0495,298.60526,273.07562,293.35086,293.3509,292.49234,250.89284,293.35193,292.4936,292.49362,293.35196,298.60797,298.6065,292.4955,293.8559,295.55887,297.65686,290.75238,298.60425,293.85648,293.3548,293.35483,298.604,293.35458,293.3567,292.49603,296.78488,275.63617,293.3567,293.35672,270.57602,298.6045,293.35776,292.39267,292.49545,294.95123,293.8554
8280,295.2995,293.29642,298.57724,292.42624,298.57727,298.57538,292.43295,298.57535,298.5779,292.42746,293.3018,292.43332,298.57828,292.4278,298.57788,298.57648,296.728,296.76535,292.429,298.57602,298.57657,293.30167,292.42902,298.57846,293.29755,293.30252,296.66812,275.67,295.0291,293.29837,293.30023,298.57706,298.57773,288.3904,298.5772,298.57843,293.46646,292.4302,292.43167,298.57773,293.30075,293.30096,298.57797,293.3009,292.4316,292.43143,293.79208,271.37045,293.30234,298.57834,293.3012,293.30237,294.0906,292.4315,292.4328,285.6502,292.50412,273.47906,261.10754,277.47858,298.5787,292.4337,277.90836,293.30634,257.55392,293.3065,281.11877,293.30713,270.51263,293.30765,292.43417,293.55167,294.99075,292.4354,286.25656,292.43533,290.27905,294.39084,292.43536,298.57907,290.18375,293.79572,291.37088,269.6247,298.8415,293.54916,277.11185,277.09204,293.79556,292.43713,292.43793,257.05707,298.57974,293.29123,292.43768,293.29062,296.72784,255.41846,281.27292,293.29108,292.43747,293.2916,298.5796,281.01358,289.3046,293.90253,289.9179,279.0395,296.72873,269.4167,284.07745,256.95483,298.7268,282.6861,293.5752,294.51028,279.9182,279.2946,297.92062,269.13672,292.4238,296.48798,298.57797,293.28683,293.28714,274.41626,298.57785,293.28766,283.83823,292.42438,292.42514,298.5781,293.2882,282.90503,293.46225,288.5234,281.21152,281.1052,293.2019,298.7671,295.05844,289.38742,296.66043,282.0696,293.69818,293.79633,295.4297,354.80026,281.08508,253.72508,281.10815,285.95758,287.67026,284.17532,290.69284,293.79715,270.08945,274.5323,287.07956,293.461,269.2306,296.9847,298.87894,293.79678,298.09503,297.69638,281.13873,296.72928,287.485,293.79745,291.04736,283.39343,284.16745,293.7871,294.25674,296.7298,293.62808,252.27365,251.49039,279.20142,382.80508,283.92767,298.5819,294.0378,293.29803,293.29785,298.5819,296.64798,298.578,293.29745,292.43314,281.41574,298.87897,293.29825,293.29208,293.2986,298.58218,293.2987,288.66086,293.78668,287.26337,297.97073,297.7152,293.78894,297.39993,296.00116,293.54865,271.64386,298.57928,285.86118,292.4231,298.57916,256.93732,298.57886,293.3005,295.2746,292.42297,298.57938,292.42398,298.57938,293.29883,293.30112,295.61038,250.37273,297.34766,265.09506,291.21713,281.10925,296.84692,294.1528,290.99112,285.18335,298.57477,298.57523,292.41385,298.5748,293.8547,281.53214,293.28848,292.41858,298.5749,292.41888,298.57544,293.28946,284.9169,293.2895,281.07532,298.5269,295.97525,293.29007,293.5506,295.94263,293.0011,296.36935,293.29166,319.08652,283.03107,294.42453,291.9878,298.57498,273.13232,293.2875,293.2875,292.4218,250.8657,293.28857,292.42307,292.42307,293.28857,298.5777,298.5762,292.4249,293.79083,295.49487,297.61786,290.69238,298.57394,293.7914,293.2914,293.29144,298.57373,293.2912,293.29327,292.4256,296.73206,275.59036,293.2933,293.29333,270.60123,298.5742,293.29437,292.32446,292.42487,294.89288,293.79037
8340,295.24103,293.23315,298.54675,292.35727,298.54678,298.54486,292.36386,298.54486,298.54742,292.3585,293.23853,292.36423,298.5478,292.35883,298.5474,298.54584,296.67526,296.70956,292.36,298.54553,298.54608,293.23843,292.36,298.5479,293.23428,293.23932,296.61154,275.62393,294.96463,293.2351,293.23697,298.54657,298.5473,288.47772,298.54675,298.54797,293.40308,292.36124,292.3626,298.54724,293.2375,293.23773,298.54752,293.23764,292.36258,292.36237,293.7298,271.34793,293.23907,298.54788,293.23795,293.2391,294.02957,292.3624,292.3637,286.13657,292.45822,273.44296,261.15048,277.42584,298.54825,292.36456,278.26538,293.24307,257.5791,293.24323,281.63452,293.24387,270.53806,293.2444,292.36502,293.48807,294.92667,292.3662,286.2058,292.36618,290.22064,294.32812,292.3662,298.5486,290.12442,293.73337,291.31638,269.67892,298.8137,293.4855,277.14297,277.3914,293.73322,292.36795,292.36874,257.07596,298.5493,293.22803,292.3685,293.22742,296.6751,255.43236,281.26926,293.2278,292.3683,293.22836,298.54913,280.9487,289.24677,293.83884,289.92285,278.9998,296.676,269.3993,284.02707,256.96783,298.69785,283.0764,293.49725,294.4461,280.343,279.23526,297.8889,269.20865,292.35492,296.45163,298.54752,293.2236,293.2239,274.38718,298.5474,293.22443,284.12097,292.3555,292.35617,298.54764,293.22498,283.2956,293.3988,288.4731,281.1439,281.039,293.13885,298.73846,294.9999,289.3293,296.60788,282.00848,293.63998,293.73395,295.36545,355.4254,281.6002,253.7274,281.04196,285.9058,287.61533,284.127,290.64337,293.73474,270.12985,274.5041,287.02432,293.3975,269.2909,296.94974,298.85147,293.7344,298.06406,297.66373,281.14413,296.67654,287.56912,293.73505,291.0577,283.6751,284.11792,293.72495,294.2148,296.67706,293.56586,252.26433,251.4723,279.16357,383.3953,283.87692,298.55145,293.95645,293.23477,293.23462,298.55148,296.60068,298.54752,293.23422,292.36407,281.40158,298.8516,293.235,293.22885,293.23535,298.55176,293.23544,288.61844,293.72455,287.20987,297.93268,297.68225,293.7269,297.3662,295.9634,293.485,271.61655,298.54868,286.03473,292.35406,298.54877,256.94543,298.5484,293.23724,295.2101,292.35394,298.54892,292.35495,298.54895,293.2356,293.23785,295.555,250.34178,297.30234,265.15088,291.16376,281.04303,296.81158,294.07062,290.9394,285.3553,298.54434,298.54477,292.34503,298.5443,293.7912,281.50854,293.22525,292.3498,298.5444,292.35007,298.54495,293.22626,284.8992,293.22626,281.59058,298.496,295.914,293.22684,293.48697,295.90485,292.9279,296.31058,293.2284,319.68008,282.97473,294.36465,291.92624,298.5445,273.1824,293.22427,293.22427,292.35297,250.84036,293.2254,292.3542,292.3542,293.22534,298.5472,298.54572,292.35596,293.7286,295.43137,297.5789,290.63257,298.54343,293.72916,293.22815,293.22818,298.5432,293.22794,293.23004,292.35675,296.67935,275.545,293.23007,293.23007,270.62378,298.5437,293.2311,292.25793,292.35593,294.8344,293.72818
8400,295.1841,293.16797,298.51614,292.2898,298.51617,298.5142,292.2962,298.51422,298.5168,292.29095,293.17337,292.29657,298.51718,292.2913,298.51678,298.5151,296.62274,296.63803,292.29242,298.51486,298.5154,293.1733,292.29245,298.51727,293.1691,293.17407,296.53754,275.5679,294.90015,293.16992,293.17178,298.51593,298.51666,288.5726,298.51608,298.51733,293.34088,292.2935,292.295,298.5166,293.17245,293.17258,298.51688,293.1725,292.29498,292.29477,293.67587,271.32516,293.17395,298.51724,293.1728,293.17395,293.96817,292.29477,292.29608,286.5931,292.42972,273.39923,261.189,277.36667,298.5176,292.29694,278.62616,293.17795,257.6021,293.1781,282.1154,293.17874,270.56073,293.17935,292.29733,293.42365,294.86533,292.2985,286.15524,292.2985,290.16107,294.27136,292.2985,298.51797,290.06372,293.67932,291.2623,269.72675,298.78558,293.42123,277.16934,277.70633,293.67917,292.3002,292.3009,257.09396,298.51865,293.16275,292.30063,293.1623,296.6226,255.44508,281.2647,293.16284,292.30054,293.1634,298.5185,280.88245,289.18985,293.774,289.94666,278.95844,296.62347,269.37772,283.9764,256.98093,298.6687,283.44962,293.4202,294.3815,280.755,279.17316,297.857,269.26892,292.28757,296.41528,298.51688,293.15848,293.15878,274.3551,298.51675,293.15933,284.39923,292.28815,292.28876,298.517,293.15988,283.66895,293.33414,288.4256,281.07352,280.97195,293.07428,298.70953,294.9471,289.27167,296.55603,281.9465,293.5905,293.67972,295.30145,355.97177,282.0847,253.7295,280.9749,285.8542,287.5608,284.07846,290.60248,293.68045,270.16574,274.47308,286.96823,293.33298,269.34326,296.9146,298.82385,293.68015,298.0329,297.6309,281.14728,296.62405,287.6685,293.68073,291.07712,283.953,284.06827,293.67096,294.18253,296.62454,293.5089,252.25542,251.45361,279.1243,383.90482,283.82635,298.52084,293.87576,293.16992,293.16977,298.52087,296.57425,298.5169,293.16928,292.2965,281.388,298.82385,293.17017,293.16394,293.17053,298.52118,293.1706,288.5765,293.67056,287.15588,297.8955,297.64935,293.67172,297.33228,295.92148,293.42072,271.58432,298.518,286.21332,292.28656,298.51807,256.95465,298.5178,293.17245,295.14578,292.28644,298.51825,292.2872,298.51834,293.17096,293.17297,295.5073,250.31058,297.25833,265.2003,291.11188,280.976,296.77628,293.98904,290.89185,285.53452,298.51358,298.51413,292.27783,298.51367,293.72968,281.48676,293.1603,292.28235,298.51376,292.28278,298.5143,293.16135,284.8807,293.16135,282.07532,298.46585,295.84943,293.16193,293.42258,295.86774,292.85593,296.2413,293.1635,320.21185,282.91794,294.31158,291.86728,298.5139,273.22595,293.15936,293.1594,292.28564,250.81226,293.1605,292.2868,292.28683,293.16046,298.51666,298.51517,292.2885,293.6745,295.36807,297.5518,290.57523,298.51288,293.675,293.1633,293.16342,298.51263,293.1631,293.1653,292.2892,296.62686,275.4902,293.16522,293.16522,270.64392,298.51312,293.1663,292.1933,292.28857,294.7784,293.67413
8460,295.1286,293.10312,298.48557,292.22516,298.48575,298.4836,292.23138,298.4836,298.48627,292.2263,293.10852,292.23172,298.4866,292.22662,298.48624,298.48447,296.57217,296.56638,292.22772,298.48428,298.48483,293.10846,292.22772,298.4867,293.10422,293.10916,296.46664,275.51328,294.83566,293.10507,293.10693,298.48535,298.48608,288.67255,298.4855,298.48676,293.2802,292.22864,292.23044,298.48624,293.10767,293.10773,298.48627,293.10764,292.2302,292.22998,293.62494,271.3031,293.1091,298.4868,293.10794,293.1091,293.9075,292.22998,292.23126,287.02744,292.3773,273.35693,261.23337,277.3086,298.48703,292.2321,278.9899,293.1133,257.62595,293.11325,282.57425,293.11392,270.581,293.11456,292.23248,293.3592,294.80545,292.23358,286.10587,292.2336,290.1017,294.21655,292.23373,298.4874,290.00348,293.62827,291.20956,269.7715,298.75732,293.35693,277.19263,278.03354,293.6281,292.23526,292.23587,257.1119,298.48807,293.09787,292.23563,293.09744,296.57202,255.45724,281.2595,293.09808,292.23557,293.09863,298.4879,280.81696,289.1348,293.7093,289.9521,278.91818,296.57294,269.35858,283.9264,256.99463,298.63947,283.8099,293.34448,294.31686,281.1586,279.11093,297.82495,269.32687,292.223,296.3788,298.4863,293.0937,293.09406,274.3252,298.48618,293.0945,284.67285,292.22357,292.22412,298.48642,293.09506,284.02924,293.26962,288.37677,281.00516,280.90555,293.00986,298.68048,294.89386,289.2163,296.50803,281.8853,293.5436,293.6286,295.23764,356.45544,282.54526,253.73132,280.9085,285.8032,287.50787,284.03006,290.55206,293.62927,270.1981,274.44403,286.91278,293.26868,269.39642,296.87946,298.7958,293.62903,298.00162,297.59793,281.14862,296.57352,287.76013,293.62955,291.10065,284.22598,284.0188,293.62006,294.13837,296.574,293.45377,252.2469,251.43628,279.08554,384.34976,283.77634,298.4903,293.79587,293.10522,293.10507,