keys,corridor_constructionYardNorth_squareNorth,home_c65,home_c113,home_c66,home_c114,home_c63,home_c115,home_c64,home_c116,home_c69,home_c117,home_c118,home_Sasha,home_c67,home_c119,home_c68,home_Rui,bioengineeringHeadquarters,home_c72,home_Boulos,home_c73,home_c110,home_c70,home_c111,home_c71,home_c112,farm,industryHeadquarters,electrolysisStationSouth,home_c76,home_c102,home_c77,home_c103,corridor_rescueStationWest_mainControlRoom,home_c74,home_c104,corridor_squareSouth_mainControlRoom,home_c75,home_c105,home_c106,home_c107,home_c78,home_c108,home_c79,home_c109,home_c80,home_Evan,excavationShaftB,home_c83,home_c84,home_c100,home_c81,corridor_squareSouth_securityCheckCenter,home_c101,home_c82,excavationShaftA,corridor_securityCheckEast_rescueStationNorth,corridor_constructionYardSouth_excavationShaftB,corridor_outerBarrierCenter_outerBarrierWest,corridor_constructionYardSouth_techSchool,home_c87,home_c88,corridor_reservoirWest_excavationShaftA,home_c85,outerBarrierCenter,home_c86,miningHeadquarters,home_c89,observatory,home_c90,home_c91,home_AmmServer,corridor_reservoirEast_mainControlRoom,home_c94,corridor_miningSchool_securityCheckEast,home_c95,corridor_squareSouth_rescueStationSouth,corridor_mainControlRoom_reservoirEast,home_c92,home_c93,corridor_squareSouth_miningSchool,home_Peiyu,cemetery,corridor_outerBarrierWest_observatory,fineFoodStore-1,home_JwlServer,corridor_recycleFacilityWest_outerBarrierWest,reservoirWest,home_Kasem,home_c98,home_c124,corridor_outerBarrierCenter_spacePort,home_c99,home_c125,home_c96,home_c97,home_Yuhoa,corridor_outerBarrierCenter_outerBarrierEast,corridor_recycleFacilityWest_electrolysisStationNorth,home_c120,home_c121,home_c122,home_c123,techSchool,welfareStationEast,corridor_squareSouth_electrolysisStationSouth,corridor_squareNorth_securityCheckWest,corridor_miningSchool_excavationShaftB,home_Vaeme,home_Dion,corridor_miningSchool_rescueStationSouth,corridor_spacePort_outerBarrierCenter,tavern,corridor_excavationShaftA_securityCheckWest,corridor_welfareStationWest_squareNorth,corridor_electrolysisStationSouth_squareSouth,corridor_excavationShaftA_reservoirWest,corridor_techSchool_constructionYardSouth,corridor_tankArray_recycleFacilityEast,infrastructureHeadquarters,home_c0,corridor_rescueStationNorth_recycleFacilityEast,home_c2,home_c1,home_c4,corridor_excavationShaftB_miningSchool,home_c3,home_c6,corridor_rescueStationWest_excavationShaftA,home_c5,home_c8,home_c7,home_c9,corridor_excavationShaftA_rescueStationWest,ammoniaShop,corridor_securityCheckEast_miningSchool,educationHeadquarters,home_Eugene,squareSouth,home_RstSupplier,corridor_securityCheckCenter_mainControlRoom,home_DrHess,constructionYardNorth,corridor_techSchool_miningSchool,mainControlRoom,home_Charles,corridor_reservoirEast_electrolysisStationSouth,corridor_theEngine_excavationShaftA,home_Maisarah,corridor_outerBarrierEast_outerBarrierCenter,home_teacher2,corridor_rescueStationSouth_welfareStationEast,corridor_welfareStationEast_rescueStationSouth,rescueStationSouth,securityCheckEast,home_ctrler,corridor_observatory_outerBarrierWest,corridor_excavationShaftB_rescueStationSouth,corridor_miningSchool_squareSouth,diamondShop,outerBarrierWest,corridor_recycleFacilityEast_rescueStationNorth,home_RstServer,home_Muos,tankArray,corridor_recycleFacilityEast_tankArray,recycleFacilityWest,home_Megaros,corridor_securityCheckWest_squareNorth,home_Kae,corridor_mainControlRoom_rescueStationWest,corridor_securityCheckWest_excavationShaftA,corridor_rescueStationSouth_miningSchool,home_Alina,corridor_rescueStationNorth_securityCheckEast,home_Krailin,corridor_mainControlRoom_squareSouth,outerBarrierEast,corridor_outerBarrierEast_asteroidMine,corridor_rescueStationSouth_excavationShaftB,theEngine,miningSchool,home_c18,welfareStationWest,home_c19,home_c16,home_c17,corridor_securityCheckCenter_market,home_Agros,home_c10,home_c11,corridor_electrolysisStationNorth_recycleFacilityWest,home_Chef,home_c14,home_JwlSupplier,home_c15,home_c12,home_c13,corridor_squareNorth_recycleFacilityWest,home_Bahriye,corridor_rescueStationSouth_squareSouth,corridor_market_constructionYardNorth,corridor_market_rescueStationNorth,interiorHeadquarters,recycleFacilityEast,safetyHeadquarters,home_Jeweler,corridor_excavationShaftB_constructionYardSouth,home_c29,rescueStationWest,home_c27,home_c28,spacePort,home_c21,home_c22,corridor_electrolysisStationSouth_reservoirEast,home_c20,home_c25,home_c26,home_c23,home_AmmSupplier,home_c24,securityCheckCenter,asteroidMine,corridor_constructionYardNorth_market,corridor_outerBarrierWest_outerBarrierCenter,corridor_cemetery_securityCheckEast,home_Jan,corridor_rescueStationNorth_market,home_DrPaik,corridor_securityCheckEast_cemetery,securityCheckWest,home_Lynn,home_c38,home_c39,home_c32,corridor_squareNorth_constructionYardNorth,electrolysisStationNorth,home_c33,home_c30,home_c31,home_c36,home_c37,home_c34,corridor_recycleFacilityWest_squareNorth,home_c35,home_Metros,market,corridor_reservoirEast_farm,home_c40,home_Chemist,rescueStationNorth,corridor_squareNorth_welfareStationWest,corridor_farm_reservoirEast,home_c49,corridor_excavationShaftA_theEngine,corridor_miningSchool_techSchool,corridor_mainControlRoom_securityCheckCenter,corridor_squareSouth_welfareStationEast,home_c43,corridor_outerBarrierWest_recycleFacilityWest,home_c44,home_c41,home_c42,corridor_asteroidMine_outerBarrierEast,home_c47,home_c48,home_c45,home_c46,home_Hans,home_c50,home_c51,home_Indu,reservoirEast,corridor_market_securityCheckCenter,corridor_welfareStationEast_squareSouth,home_Yuri,home_Hiroshi,home_c54,home_c55,home_c52,home_c53,home_c58,home_c59,home_Salvor,constructionYardSouth,home_c56,home_c57,home_observer,home_c61,home_c62,squareNorth,home_c60,corridor_securityCheckCenter_squareSouth,home_Astinomis
2940,0.0,0.0,0.0,0.0,0.0,0.0,0.0,0.0,0.0,0.0,0.0,0.0,0.0,0.0,0.0,0.0,0.0,0.0,0.0,0.0,0.0,0.0,0.0,0.0,0.0,0.0,0.0,0.0,0.0,0.0,0.0,0.0,0.0,0.0,0.0,0.0,0.0,0.0,0.0,0.0,0.0,0.0,0.0,0.0,0.0,0.0,0.0,0.0,0.0,0.0,0.0,0.0,0.0,0.0,0.0,0.0,0.0,0.0,0.0,0.0,0.0,0.0,0.0,0.0,0.0,0.0,0.0,0.0,0.0,0.0,0.0,0.0,0.0,0.0,0.0,0.0,0.0,0.0,0.0,0.0,0.0,0.0,0.0,0.0,0.0,0.0,0.0,0.0,0.0,0.0,0.0,0.0,0.0,0.0,0.0,0.0,0.0,0.0,0.0,0.0,0.0,0.0,0.0,0.0,0.0,0.0,0.0,0.0,0.0,0.0,0.0,0.0,0.0,0.0,0.0,0.0,0.0,0.0,0.0,0.0,0.0,0.0,0.0,0.0,0.0,0.0,0.0,0.0,0.0,0.0,0.0,0.0,0.0,0.0,0.0,0.0,0.0,0.0,0.0,0.0,0.0,0.0,0.0,0.0,0.0,0.0,0.0,0.0,0.0,0.0,0.0,0.0,0.0,0.0,0.0,0.0,0.0,0.0,0.0,0.0,0.0,0.0,0.0,0.0,0.0,0.0,0.0,0.0,0.0,0.0,0.0,0.0,0.0,0.0,0.0,0.0,0.0,0.0,0.0,0.0,0.0,0.0,0.0,0.0,0.0,0.0,0.0,0.0,0.0,0.0,0.0,0.0,0.0,0.0,0.0,0.0,0.0,0.0,0.0,0.0,0.0,0.0,0.0,0.0,0.0,0.0,0.0,0.0,0.0,0.0,0.0,0.0,0.0,0.0,0.0,0.0,0.0,0.0,0.0,0.0,0.0,0.0,0.0,0.0,0.0,0.0,0.0,0.0,0.0,0.0,0.0,0.0,0.0,0.0,0.0,0.0,0.0,0.0,0.0,0.0,0.0,0.0,0.0,0.0,0.0,0.0,0.0,0.0,0.0,0.0,0.0,0.0,0.0,0.0,0.0,0.0,0.0,0.0,0.0,0.0,0.0,0.0,0.0,0.0,0.0,0.0,0.0,0.0,0.0,0.0,0.0,0.0,0.0,0.0,0.0,0.0,0.0,0.0,0.0,0.0,0.0,0.0,0.0,0.0,0.0,0.0,0.0,0.0,0.0,0.0,0.0,0.0,0.0,0.0,0.0
3000,0.0,0.0,0.0,0.0,0.0,0.0,0.0,0.0,0.0,0.0,0.0,0.0,0.0,0.0,0.0,0.0,0.0,0.0,0.0,0.0,0.0,0.0,0.0,0.0,0.0,0.0,0.0,0.0,0.0,0.0,0.0,0.0,0.0,0.0,0.0,0.0,0.0,0.0,0.0,0.0,0.0,0.0,0.0,0.0,0.0,0.0,0.0,0.0,0.0,0.0,0.0,0.0,0.0,0.0,0.0,0.0,0.0,0.0,0.0,0.0,0.0,0.0,0.0,0.0,0.0,0.0,0.0,0.0,0.0,0.0,0.0,0.0,0.0,0.0,0.0,0.0,0.0,0.0,0.0,0.0,0.0,0.0,0.0,0.0,0.0,0.0,0.0,0.0,0.0,0.0,0.0,0.0,0.0,0.0,0.0,0.0,0.0,0.0,0.0,0.0,0.0,0.0,0.0,0.0,0.0,0.0,0.0,0.0,0.0,0.0,0.0,0.0,0.0,0.0,0.0,0.0,0.0,0.0,0.0,0.0,0.0,0.0,0.0,0.0,0.0,0.0,0.0,0.0,0.0,0.0,0.0,0.0,0.0,0.0,0.0,0.0,0.0,0.0,0.0,0.0,0.0,0.0,0.0,0.0,0.0,0.0,0.0,0.0,0.0,0.0,0.0,0.0,0.0,0.0,0.0,0.0,0.0,0.0,0.0,0.0,0.0,0.0,0.0,0.0,0.0,0.0,0.0,0.0,0.0,0.0,0.0,0.0,0.0,0.0,0.0,0.0,0.0,0.0,0.0,0.0,0.0,0.0,0.0,0.0,0.0,0.0,0.0,0.0,0.0,0.0,0.0,0.0,0.0,0.0,0.0,0.0,0.0,0.0,0.0,0.0,0.0,0.0,0.0,0.0,0.0,0.0,0.0,0.0,0.0,0.0,0.0,0.0,0.0,0.0,0.0,0.0,0.0,0.0,0.0,0.0,0.0,0.0,0.0,0.0,0.0,0.0,0.0,0.0,0.0,0.0,0.0,0.0,0.0,0.0,0.0,0.0,0.0,0.0,0.0,0.0,0.0,0.0,0.0,0.0,0.0,0.0,0.0,0.0,0.0,0.0,0.0,0.0,0.0,0.0,0.0,0.0,0.0,0.0,0.0,0.0,0.0,0.0,0.0,0.0,0.0,0.0,0.0,0.0,0.0,0.0,0.0,0.0,0.0,0.0,0.0,0.0,0.0,0.0,0.0,0.0,0.0,0.0,0.0,0.0,0.0,0.0,0.0,0.0,0.0,0.0,0.0,0.0,0.0,0.0,0.0
3060,0.0,0.0,0.0,0.0,0.0,0.0,0.0,0.0,0.0,0.0,0.0,0.0,0.0,0.0,0.0,0.0,0.0,0.0,0.0,0.0,0.0,0.0,0.0,0.0,0.0,0.0,0.0,0.0,0.0,0.0,0.0,0.0,0.0,0.0,0.0,0.0,0.0,0.0,0.0,0.0,0.0,0.0,0.0,0.0,0.0,0.0,0.0,0.0,0.0,0.0,0.0,0.0,0.0,0.0,0.0,0.0,0.0,0.0,0.0,0.0,0.0,0.0,0.0,0.0,0.0,0.0,0.0,0.0,0.0,0.0,0.0,0.0,0.0,0.0,0.0,0.0,0.0,0.0,0.0,0.0,0.0,0.0,0.0,0.0,0.0,0.0,0.0,0.0,0.0,0.0,0.0,0.0,0.0,0.0,0.0,0.0,0.0,0.0,0.0,0.0,0.0,0.0,0.0,0.0,0.0,0.0,0.0,0.0,0.0,0.0,0.0,0.0,0.0,0.0,0.0,0.0,0.0,0.0,0.0,0.0,0.0,0.0,0.0,0.0,0.0,0.0,0.0,0.0,0.0,0.0,0.0,0.0,0.0,0.0,0.0,0.0,0.0,0.0,0.0,0.0,0.0,0.0,0.0,0.0,0.0,0.0,0.0,0.0,0.0,0.0,0.0,0.0,0.0,0.0,0.0,0.0,0.0,0.0,0.0,0.0,0.0,0.0,0.0,0.0,0.0,0.0,0.0,0.0,0.0,0.0,0.0,0.0,0.0,0.0,0.0,0.0,0.0,0.0,0.0,0.0,0.0,0.0,0.0,0.0,0.0,0.0,0.0,0.0,0.0,0.0,0.0,0.0,0.0,0.0,0.0,0.0,0.0,0.0,0.0,0.0,0.0,0.0,0.0,0.0,0.0,0.0,0.0,0.0,0.0,0.0,0.0,0.0,0.0,0.0,0.0,0.0,0.0,0.0,0.0,0.0,0.0,0.0,0.0,0.0,0.0,0.0,0.0,0.0,0.0,0.0,0.0,0.0,0.0,0.0,0.0,0.0,0.0,0.0,0.0,0.0,0.0,0.0,0.0,0.0,0.0,0.0,0.0,0.0,0.0,0.0,0.0,0.0,0.0,0.0,0.0,0.0,0.0,0.0,0.0,0.0,0.0,0.0,0.0,0.0,0.0,0.0,0.0,0.0,0.0,0.0,0.0,0.0,0.0,0.0,0.0,0.0,0.0,0.0,0.0,0.0,0.0,0.0,0.0,0.0,0.0,0.0,0.0,0.0,0.0,0.0,0.0,0.0,0.0,0.0,0.0
3120,0.0,0.0,0.0,0.0,0.0,0.0,0.0,0.0,0.0,0.0,0.0,0.0,0.0,0.0,0.0,0.0,0.0,0.0,0.0,0.0,0.0,0.0,0.0,0.0,0.0,0.0,0.0,0.0,0.0,0.0,0.0,0.0,0.0,0.0,0.0,0.0,0.0,0.0,0.0,0.0,0.0,0.0,0.0,0.0,0.0,0.0,0.0,0.0,0.0,0.0,0.0,0.0,0.0,0.0,0.0,0.0,0.0,0.0,0.0,0.0,0.0,0.0,0.0,0.0,0.0,0.0,0.0,0.0,0.0,0.0,0.0,0.0,0.0,0.0,0.0,0.0,0.0,0.0,0.0,0.0,0.0,0.0,0.0,0.0,0.0,0.0,0.0,0.0,0.0,0.0,0.0,0.0,0.0,0.0,0.0,0.0,0.0,0.0,0.0,0.0,0.0,0.0,0.0,0.0,0.0,0.0,0.0,0.0,0.0,0.0,0.0,0.0,0.0,0.0,0.0,0.0,0.0,0.0,0.0,0.0,0.0,0.0,0.0,0.0,0.0,0.0,0.0,0.0,0.0,0.0,0.0,0.0,0.0,0.0,0.0,0.0,0.0,0.0,0.0,0.0,0.0,0.0,0.0,0.0,0.0,0.0,0.0,0.0,0.0,0.0,0.0,0.0,0.0,0.0,0.0,0.0,0.0,0.0,0.0,0.0,0.0,0.0,0.0,0.0,0.0,0.0,0.0,0.0,0.0,0.0,0.0,0.0,0.0,0.0,0.0,0.0,0.0,0.0,0.0,0.0,0.0,0.0,0.0,0.0,0.0,0.0,0.0,0.0,0.0,0.0,0.0,0.0,0.0,0.0,0.0,0.0,0.0,0.0,0.0,0.0,0.0,0.0,0.0,0.0,0.0,0.0,0.0,0.0,0.0,0.0,0.0,0.0,0.0,0.0,0.0,0.0,0.0,0.0,0.0,0.0,0.0,0.0,0.0,0.0,0.0,0.0,0.0,0.0,0.0,0.0,0.0,0.0,0.0,0.0,0.0,0.0,0.0,0.0,0.0,0.0,0.0,0.0,0.0,0.0,0.0,0.0,0.0,0.0,0.0,0.0,0.0,0.0,0.0,0.0,0.0,0.0,0.0,0.0,0.0,0.0,0.0,0.0,0.0,0.0,0.0,0.0,0.0,0.0,0.0,0.0,0.0,0.0,0.0,0.0,0.0,0.0,0.0,0.0,0.0,0.0,0.0,0.0,0.0,0.0,0.0,0.0,0.0,0.0,0.0,0.0,0.0,0.0,0.0,0.0,0.0
3180,0.0,0.0,0.0,0.0,0.0,0.0,0.0,0.0,0.0,0.0,0.0,0.0,0.0,0.0,0.0,0.0,0.0,0.0,0.0,0.0,0.0,0.0,0.0,0.0,0.0,0.0,0.0,0.0,0.0,0.0,0.0,0.0,0.0,0.0,0.0,0.0,0.0,0.0,0.0,0.0,0.0,0.0,0.0,0.0,0.0,0.0,0.0,0.0,0.0,0.0,0.0,0.0,0.0,0.0,0.0,0.0,0.0,0.0,0.0,0.0,0.0,0.0,0.0,0.0,0.0,0.0,0.0,0.0,0.0,0.0,0.0,0.0,0.0,0.0,0.0,0.0,0.0,0.0,0.0,0.0,0.0,0.0,0.0,0.0,0.0,0.0,0.0,0.0,0.0,0.0,0.0,0.0,0.0,0.0,0.0,0.0,0.0,0.0,0.0,0.0,0.0,0.0,0.0,0.0,0.0,0.0,0.0,0.0,0.0,0.0,0.0,0.0,0.0,0.0,0.0,0.0,0.0,0.0,0.0,0.0,0.0,0.0,0.0,0.0,0.0,0.0,0.0,0.0,0.0,0.0,0.0,0.0,0.0,0.0,0.0,0.0,0.0,0.0,0.0,0.0,0.0,0.0,0.0,0.0,0.0,0.0,0.0,0.0,0.0,0.0,0.0,0.0,0.0,0.0,0.0,0.0,0.0,0.0,0.0,0.0,0.0,0.0,0.0,0.0,0.0,0.0,0.0,0.0,0.0,0.0,0.0,0.0,0.0,0.0,0.0,0.0,0.0,0.0,0.0,0.0,0.0,0.0,0.0,0.0,0.0,0.0,0.0,0.0,0.0,0.0,0.0,0.0,0.0,0.0,0.0,0.0,0.0,0.0,0.0,0.0,0.0,0.0,0.0,0.0,0.0,0.0,0.0,0.0,0.0,0.0,0.0,0.0,0.0,0.0,0.0,0.0,0.0,0.0,0.0,0.0,0.0,0.0,0.0,0.0,0.0,0.0,0.0,0.0,0.0,0.0,0.0,0.0,0.0,0.0,0.0,0.0,0.0,0.0,0.0,0.0,0.0,0.0,0.0,0.0,0.0,0.0,0.0,0.0,0.0,0.0,0.0,0.0,0.0,0.0,0.0,0.0,0.0,0.0,0.0,0.0,0.0,0.0,0.0,0.0,0.0,0.0,0.0,0.0,0.0,0.0,0.0,0.0,0.0,0.0,0.0,0.0,0.0,0.0,0.0,0.0,0.0,0.0,0.0,0.0,0.0,0.0,0.0,0.0,0.0,0.0,0.0,0.0,0.0,0.0,0.0
3240,0.0,0.0,0.0,0.0,0.0,0.0,0.0,0.0,0.0,0.0,0.0,0.0,0.0,0.0,0.0,0.0,0.0,0.0,0.0,0.0,0.0,0.0,0.0,0.0,0.0,0.0,0.0,0.0,0.0,0.0,0.0,0.0,0.0,0.0,0.0,0.0,0.0,0.0,0.0,0.0,0.0,0.0,0.0,0.0,0.0,0.0,0.0,0.0,0.0,0.0,0.0,0.0,0.0,0.0,0.0,0.0,0.0,0.0,0.0,0.0,0.0,0.0,0.0,0.0,0.0,0.0,0.0,0.0,0.0,0.0,0.0,0.0,0.0,0.0,0.0,0.0,0.0,0.0,0.0,0.0,0.0,0.0,0.0,0.0,0.0,0.0,0.0,0.0,0.0,0.0,0.0,0.0,0.0,0.0,0.0,0.0,0.0,0.0,0.0,0.0,0.0,0.0,0.0,0.0,0.0,0.0,0.0,0.0,0.0,0.0,0.0,0.0,0.0,0.0,0.0,0.0,0.0,0.0,0.0,0.0,0.0,0.0,0.0,0.0,0.0,0.0,0.0,0.0,0.0,0.0,0.0,0.0,0.0,0.0,0.0,0.0,0.0,0.0,0.0,0.0,0.0,0.0,0.0,0.0,0.0,0.0,0.0,0.0,0.0,0.0,0.0,0.0,0.0,0.0,0.0,0.0,0.0,0.0,0.0,0.0,0.0,0.0,0.0,0.0,0.0,0.0,0.0,0.0,0.0,0.0,0.0,0.0,0.0,0.0,0.0,0.0,0.0,0.0,0.0,0.0,0.0,0.0,0.0,0.0,0.0,0.0,0.0,0.0,0.0,0.0,0.0,0.0,0.0,0.0,0.0,0.0,0.0,0.0,0.0,0.0,0.0,0.0,0.0,0.0,0.0,0.0,0.0,0.0,0.0,0.0,0.0,0.0,0.0,0.0,0.0,0.0,0.0,0.0,0.0,0.0,0.0,0.0,0.0,0.0,0.0,0.0,0.0,0.0,0.0,0.0,0.0,0.0,0.0,0.0,0.0,0.0,0.0,0.0,0.0,0.0,0.0,0.0,0.0,0.0,0.0,0.0,0.0,0.0,0.0,0.0,0.0,0.0,0.0,0.0,0.0,0.0,0.0,0.0,0.0,0.0,0.0,0.0,0.0,0.0,0.0,0.0,0.0,0.0,0.0,0.0,0.0,0.0,0.0,0.0,0.0,0.0,0.0,0.0,0.0,0.0,0.0,0.0,0.0,0.0,0.0,0.0,0.0,0.0,0.0,0.0,0.0,0.0,0.0,0.0,0.0
3300,0.0,0.0,0.0,0.0,0.0,0.0,0.0,0.0,0.0,0.0,0.0,0.0,0.0,0.0,0.0,0.0,0.0,0.0,0.0,0.0,0.0,0.0,0.0,0.0,0.0,0.0,0.0,0.0,0.0,0.0,0.0,0.0,0.0,0.0,0.0,0.0,0.0,0.0,0.0,0.0,0.0,0.0,0.0,0.0,0.0,0.0,0.0,0.0,0.0,0.0,0.0,0.0,0.0,0.0,0.0,0.0,0.0,0.0,0.0,0.0,0.0,0.0,0.0,0.0,0.0,0.0,0.0,0.0,0.0,0.0,0.0,0.0,0.0,0.0,0.0,0.0,0.0,0.0,0.0,0.0,0.0,0.0,0.0,0.0,0.0,0.0,0.0,0.0,0.0,0.0,0.0,0.0,0.0,0.0,0.0,0.0,0.0,0.0,0.0,0.0,0.0,0.0,0.0,0.0,0.0,0.0,0.0,0.0,0.0,0.0,0.0,0.0,0.0,0.0,0.0,0.0,0.0,0.0,0.0,0.0,0.0,0.0,0.0,0.0,0.0,0.0,0.0,0.0,0.0,0.0,0.0,0.0,0.0,0.0,0.0,0.0,0.0,0.0,0.0,0.0,0.0,0.0,0.0,0.0,0.0,0.0,0.0,0.0,0.0,0.0,0.0,0.0,0.0,0.0,0.0,0.0,0.0,0.0,0.0,0.0,0.0,0.0,0.0,0.0,0.0,0.0,0.0,0.0,0.0,0.0,0.0,0.0,0.0,0.0,0.0,0.0,0.0,0.0,0.0,0.0,0.0,0.0,0.0,0.0,0.0,0.0,0.0,0.0,0.0,0.0,0.0,0.0,0.0,0.0,0.0,0.0,0.0,0.0,0.0,0.0,0.0,0.0,0.0,0.0,0.0,0.0,0.0,0.0,0.0,0.0,0.0,0.0,0.0,0.0,0.0,0.0,0.0,0.0,0.0,0.0,0.0,0.0,0.0,0.0,0.0,0.0,0.0,0.0,0.0,0.0,0.0,0.0,0.0,0.0,0.0,0.0,0.0,0.0,0.0,0.0,0.0,0.0,0.0,0.0,0.0,0.0,0.0,0.0,0.0,0.0,0.0,0.0,0.0,0.0,0.0,0.0,0.0,0.0,0.0,0.0,0.0,0.0,0.0,0.0,0.0,0.0,0.0,0.0,0.0,0.0,0.0,0.0,0.0,0.0,0.0,0.0,0.0,0.0,0.0,0.0,0.0,0.0,0.0,0.0,0.0,0.0,0.0,0.0,0.0,0.0,0.0,0.0,0.0,0.0,0.0
3360,0.0,0.0,0.0,0.0,0.0,0.0,0.0,0.0,0.0,0.0,0.0,0.0,0.0,0.0,0.0,0.0,0.0,0.0,0.0,0.0,0.0,0.0,0.0,0.0,0.0,0.0,0.0,0.0,0.0,0.0,0.0,0.0,0.0,0.0,0.0,0.0,0.0,0.0,0.0,0.0,0.0,0.0,0.0,0.0,0.0,0.0,0.0,0.0,0.0,0.0,0.0,0.0,0.0,0.0,0.0,0.0,0.0,0.0,0.0,0.0,0.0,0.0,0.0,0.0,0.0,0.0,0.0,0.0,0.0,0.0,0.0,0.0,0.0,0.0,0.0,0.0,0.0,0.0,0.0,0.0,0.0,0.0,0.0,0.0,0.0,0.0,0.0,0.0,0.0,0.0,0.0,0.0,0.0,0.0,0.0,0.0,0.0,0.0,0.0,0.0,0.0,0.0,0.0,0.0,0.0,0.0,0.0,0.0,0.0,0.0,0.0,0.0,0.0,0.0,0.0,0.0,0.0,0.0,0.0,0.0,0.0,0.0,0.0,0.0,0.0,0.0,0.0,0.0,0.0,0.0,0.0,0.0,0.0,0.0,0.0,0.0,0.0,0.0,0.0,0.0,0.0,0.0,0.0,0.0,0.0,0.0,0.0,0.0,0.0,0.0,0.0,0.0,0.0,0.0,0.0,0.0,0.0,0.0,0.0,0.0,0.0,0.0,0.0,0.0,0.0,0.0,0.0,0.0,0.0,0.0,0.0,0.0,0.0,0.0,0.0,0.0,0.0,0.0,0.0,0.0,0.0,0.0,0.0,0.0,0.0,0.0,0.0,0.0,0.0,0.0,0.0,0.0,0.0,0.0,0.0,0.0,0.0,0.0,0.0,0.0,0.0,0.0,0.0,0.0,0.0,0.0,0.0,0.0,0.0,0.0,0.0,0.0,0.0,0.0,0.0,0.0,0.0,0.0,0.0,0.0,0.0,0.0,0.0,0.0,0.0,0.0,0.0,0.0,0.0,0.0,0.0,0.0,0.0,0.0,0.0,0.0,0.0,0.0,0.0,0.0,0.0,0.0,0.0,0.0,0.0,0.0,0.0,0.0,0.0,0.0,0.0,0.0,0.0,0.0,0.0,0.0,0.0,0.0,0.0,0.0,0.0,0.0,0.0,0.0,0.0,0.0,0.0,0.0,0.0,0.0,0.0,0.0,0.0,0.0,0.0,0.0,0.0,0.0,0.0,0.0,0.0,0.0,0.0,0.0,0.0,0.0,0.0,0.0,0.0,0.0,0.0,0.0,0.0,0.0,0.0
3420,0.0,0.0,0.0,0.0,0.0,0.0,0.0,0.0,0.0,0.0,0.0,0.0,0.0,0.0,0.0,0.0,0.0,0.0,0.0,0.0,0.0,0.0,0.0,0.0,0.0,0.0,0.0,0.0,0.0,0.0,0.0,0.0,0.0,0.0,0.0,0.0,0.0,0.0,0.0,0.0,0.0,0.0,0.0,0.0,0.0,0.0,0.0,0.0,0.0,0.0,0.0,0.0,0.0,0.0,0.0,0.0,0.0,0.0,0.0,0.0,0.0,0.0,0.0,0.0,0.0,0.0,0.0,0.0,0.0,0.0,0.0,0.0,0.0,0.0,0.0,0.0,0.0,0.0,0.0,0.0,0.0,0.0,0.0,0.0,0.0,0.0,0.0,0.0,0.0,0.0,0.0,0.0,0.0,0.0,0.0,0.0,0.0,0.0,0.0,0.0,0.0,0.0,0.0,0.0,0.0,0.0,0.0,0.0,0.0,0.0,0.0,0.0,0.0,0.0,0.0,0.0,0.0,0.0,0.0,0.0,0.0,0.0,0.0,0.0,0.0,0.0,0.0,0.0,0.0,0.0,0.0,0.0,0.0,0.0,0.0,0.0,0.0,0.0,0.0,0.0,0.0,0.0,0.0,0.0,0.0,0.0,0.0,0.0,0.0,0.0,0.0,0.0,0.0,0.0,0.0,0.0,0.0,0.0,0.0,0.0,0.0,0.0,0.0,0.0,0.0,0.0,0.0,0.0,0.0,0.0,0.0,0.0,0.0,0.0,0.0,0.0,0.0,0.0,0.0,0.0,0.0,0.0,0.0,0.0,0.0,0.0,0.0,0.0,0.0,0.0,0.0,0.0,0.0,0.0,0.0,0.0,0.0,0.0,0.0,0.0,0.0,0.0,0.0,0.0,0.0,0.0,0.0,0.0,0.0,0.0,0.0,0.0,0.0,0.0,0.0,0.0,0.0,0.0,0.0,0.0,0.0,0.0,0.0,0.0,0.0,0.0,0.0,0.0,0.0,0.0,0.0,0.0,0.0,0.0,0.0,0.0,0.0,0.0,0.0,0.0,0.0,0.0,0.0,0.0,0.0,0.0,0.0,0.0,0.0,0.0,0.0,0.0,0.0,0.0,0.0,0.0,0.0,0.0,0.0,0.0,0.0,0.0,0.0,0.0,0.0,0.0,0.0,0.0,0.0,0.0,0.0,0.0,0.0,0.0,0.0,0.0,0.0,0.0,0.0,0.0,0.0,0.0,0.0,0.0,0.0,0.0,0.0,0.0,0.0,0.0,0.0,0.0,0.0,0.0,0.0
3480,0.0,0.0,0.0,0.0,0.0,0.0,0.0,0.0,0.0,0.0,0.0,0.0,0.0,0.0,0.0,0.0,0.0,0.0,0.0,0.0,0.0,0.0,0.0,0.0,0.0,0.0,0.0,0.0,0.0,0.0,0.0,0.0,0.0,0.0,0.0,0.0,0.0,0.0,0.0,0.0,0.0,0.0,0.0,0.0,0.0,0.0,0.0,0.0,0.0,0.0,0.0,0.0,0.0,0.0,0.0,0.0,0.0,0.0,0.0,0.0,0.0,0.0,0.0,0.0,0.0,0.0,0.0,0.0,0.0,0.0,0.0,0.0,0.0,0.0,0.0,0.0,0.0,0.0,0.0,0.0,0.0,0.0,0.0,0.0,0.0,0.0,0.0,0.0,0.0,0.0,0.0,0.0,0.0,0.0,0.0,0.0,0.0,0.0,0.0,0.0,0.0,0.0,0.0,0.0,0.0,0.0,0.0,0.0,0.0,0.0,0.0,0.0,0.0,0.0,0.0,0.0,0.0,0.0,0.0,0.0,0.0,0.0,0.0,0.0,0.0,0.0,0.0,0.0,0.0,0.0,0.0,0.0,0.0,0.0,0.0,0.0,0.0,0.0,0.0,0.0,0.0,0.0,0.0,0.0,0.0,0.0,0.0,0.0,0.0,0.0,0.0,0.0,0.0,0.0,0.0,0.0,0.0,0.0,0.0,0.0,0.0,0.0,0.0,0.0,0.0,0.0,0.0,0.0,0.0,0.0,0.0,0.0,0.0,0.0,0.0,0.0,0.0,0.0,0.0,0.0,0.0,0.0,0.0,0.0,0.0,0.0,0.0,0.0,0.0,0.0,0.0,0.0,0.0,0.0,0.0,0.0,0.0,0.0,0.0,0.0,0.0,0.0,0.0,0.0,0.0,0.0,0.0,0.0,0.0,0.0,0.0,0.0,0.0,0.0,0.0,0.0,0.0,0.0,0.0,0.0,0.0,0.0,0.0,0.0,0.0,0.0,0.0,0.0,0.0,0.0,0.0,0.0,0.0,0.0,0.0,0.0,0.0,0.0,0.0,0.0,0.0,0.0,0.0,0.0,0.0,0.0,0.0,0.0,0.0,0.0,0.0,0.0,0.0,0.0,0.0,0.0,0.0,0.0,0.0,0.0,0.0,0.0,0.0,0.0,0.0,0.0,0.0,0.0,0.0,0.0,0.0,0.0,0.0,0.0,0.0,0.0,0.0,0.0,0.0,0.0,0.0,0.0,0.0,0.0,0.0,0.0,0.0,0.0,0.0,0.0,0.0,0.0,0.0,0.0,0.0
3540,0.0,0.0,0.0,0.0,0.0,0.0,0.0,0.0,0.0,0.0,0.0,0.0,0.0,0.0,0.0,0.0,0.0,0.0,0.0,0.0,0.0,0.0,0.0,0.0,0.0,0.0,0.0,0.0,0.0,0.0,0.0,0.0,0.0,0.0,0.0,0.0,0.0,0.0,0.0,0.0,0.0,0.0,0.0,0.0,0.0,0.0,0.0,0.0,0.0,0.0,0.0,0.0,0.0,0.0,0.0,0.0,0.0,0.0,0.0,0.0,0.0,0.0,0.0,0.0,0.0,0.0,0.0,0.0,0.0,0.0,0.0,0.0,0.0,0.0,0.0,0.0,0.0,0.0,0.0,0.0,0.0,0.0,0.0,0.0,0.0,0.0,0.0,0.0,0.0,0.0,0.0,0.0,0.0,0.0,0.0,0.0,0.0,0.0,0.0,0.0,0.0,0.0,0.0,0.0,0.0,0.0,0.0,0.0,0.0,0.0,0.0,0.0,0.0,0.0,0.0,0.0,0.0,0.0,0.0,0.0,0.0,0.0,0.0,0.0,0.0,0.0,0.0,0.0,0.0,0.0,0.0,0.0,0.0,0.0,0.0,0.0,0.0,0.0,0.0,0.0,0.0,0.0,0.0,0.0,0.0,0.0,0.0,0.0,0.0,0.0,0.0,0.0,0.0,0.0,0.0,0.0,0.0,0.0,0.0,0.0,0.0,0.0,0.0,0.0,0.0,0.0,0.0,0.0,0.0,0.0,0.0,0.0,0.0,0.0,0.0,0.0,0.0,0.0,0.0,0.0,0.0,0.0,0.0,0.0,0.0,0.0,0.0,0.0,0.0,0.0,0.0,0.0,0.0,0.0,0.0,0.0,0.0,0.0,0.0,0.0,0.0,0.0,0.0,0.0,0.0,0.0,0.0,0.0,0.0,0.0,0.0,0.0,0.0,0.0,0.0,0.0,0.0,0.0,0.0,0.0,0.0,0.0,0.0,0.0,0.0,0.0,0.0,0.0,0.0,0.0,0.0,0.0,0.0,0.0,0.0,0.0,0.0,0.0,0.0,0.0,0.0,0.0,0.0,0.0,0.0,0.0,0.0,0.0,0.0,0.0,0.0,0.0,0.0,0.0,0.0,0.0,0.0,0.0,0.0,0.0,0.0,0.0,0.0,0.0,0.0,0.0,0.0,0.0,0.0,0.0,0.0,0.0,0.0,0.0,0.0,0.0,0.0,0.0,0.0,0.0,0.0,0.0,0.0,0.0,0.0,0.0,0.0,0.0,0.0,0.0,0.0,0.0,0.0,0.0,0.0
3600,0.0,0.0,0.0,0.0,0.0,0.0,0.0,0.0,0.0,0.0,0.0,0.0,0.0,0.0,0.0,0.0,0.0,0.0,0.0,0.0,0.0,0.0,0.0,0.0,0.0,0.0,0.0,0.0,0.0,0.0,0.0,0.0,0.0,0.0,0.0,0.0,0.0,0.0,0.0,0.0,0.0,0.0,0.0,0.0,0.0,0.0,0.0,0.0,0.0,0.0,0.0,0.0,0.0,0.0,0.0,0.0,0.0,0.0,0.0,0.0,0.0,0.0,0.0,0.0,0.0,0.0,0.0,0.0,0.0,0.0,0.0,0.0,0.0,0.0,0.0,0.0,0.0,0.0,0.0,0.0,0.0,0.0,0.0,0.0,0.0,0.0,0.0,0.0,0.0,0.0,0.0,0.0,0.0,0.0,0.0,0.0,0.0,0.0,0.0,0.0,0.0,0.0,0.0,0.0,0.0,0.0,0.0,0.0,0.0,0.0,0.0,0.0,0.0,0.0,0.0,0.0,0.0,0.0,0.0,0.0,0.0,0.0,0.0,0.0,0.0,0.0,0.0,0.0,0.0,0.0,0.0,0.0,0.0,0.0,0.0,0.0,0.0,0.0,0.0,0.0,0.0,0.0,0.0,0.0,0.0,0.0,0.0,0.0,0.0,0.0,0.0,0.0,0.0,0.0,0.0,0.0,0.0,0.0,0.0,0.0,0.0,0.0,0.0,0.0,0.0,0.0,0.0,0.0,0.0,0.0,0.0,0.0,0.0,0.0,0.0,0.0,0.0,0.0,0.0,0.0,0.0,0.0,0.0,0.0,0.0,0.0,0.0,0.0,0.0,0.0,0.0,0.0,0.0,0.0,0.0,0.0,0.0,0.0,0.0,0.0,0.0,0.0,0.0,0.0,0.0,0.0,0.0,0.0,0.0,0.0,0.0,0.0,0.0,0.0,0.0,0.0,0.0,0.0,0.0,0.0,0.0,0.0,0.0,0.0,0.0,0.0,0.0,0.0,0.0,0.0,0.0,0.0,0.0,0.0,0.0,0.0,0.0,0.0,0.0,0.0,0.0,0.0,0.0,0.0,0.0,0.0,0.0,0.0,0.0,0.0,0.0,0.0,0.0,0.0,0.0,0.0,0.0,0.0,0.0,0.0,0.0,0.0,0.0,0.0,0.0,0.0,0.0,0.0,0.0,0.0,0.0,0.0,0.0,0.0,0.0,0.0,0.0,0.0,0.0,0.0,0.0,0.0,0.0,0.0,0.0,0.0,0.0,0.0,0.0,0.0,0.0,0.0,0.0,0.0,0.0
3660,0.0,0.0,0.0,0.0,0.0,0.0,0.0,0.0,0.0,0.0,0.0,0.0,0.0,0.0,0.0,0.0,0.0,0.0,0.0,0.0,0.0,0.0,0.0,0.0,0.0,0.0,0.0,0.0,0.0,0.0,0.0,0.0,0.0,0.0,0.0,0.0,0.0,0.0,0.0,0.0,0.0,0.0,0.0,0.0,0.0,0.0,0.0,0.0,0.0,0.0,0.0,0.0,0.0,0.0,0.0,0.0,0.0,0.0,0.0,0.0,0.0,0.0,0.0,0.0,0.0,0.0,0.0,0.0,0.0,0.0,0.0,0.0,0.0,0.0,0.0,0.0,0.0,0.0,0.0,0.0,0.0,0.0,0.0,0.0,0.0,0.0,0.0,0.0,0.0,0.0,0.0,0.0,0.0,0.0,0.0,0.0,0.0,0.0,0.0,0.0,0.0,0.0,0.0,0.0,0.0,0.0,0.0,0.0,0.0,0.0,0.0,0.0,0.0,0.0,0.0,0.0,0.0,0.0,0.0,0.0,0.0,0.0,0.0,0.0,0.0,0.0,0.0,0.0,0.0,0.0,0.0,0.0,0.0,0.0,0.0,0.0,0.0,0.0,0.0,0.0,0.0,0.0,0.0,0.0,0.0,0.0,0.0,0.0,0.0,0.0,0.0,0.0,0.0,0.0,0.0,0.0,0.0,0.0,0.0,0.0,0.0,0.0,0.0,0.0,0.0,0.0,0.0,0.0,0.0,0.0,0.0,0.0,0.0,0.0,0.0,0.0,0.0,0.0,0.0,0.0,0.0,0.0,0.0,0.0,0.0,0.0,0.0,0.0,0.0,0.0,0.0,0.0,0.0,0.0,0.0,0.0,0.0,0.0,0.0,0.0,0.0,0.0,0.0,0.0,0.0,0.0,0.0,0.0,0.0,0.0,0.0,0.0,0.0,0.0,0.0,0.0,0.0,0.0,0.0,0.0,0.0,0.0,0.0,0.0,0.0,0.0,0.0,0.0,0.0,0.0,0.0,0.0,0.0,0.0,0.0,0.0,0.0,0.0,0.0,0.0,0.0,0.0,0.0,0.0,0.0,0.0,0.0,0.0,0.0,0.0,0.0,0.0,0.0,0.0,0.0,0.0,0.0,0.0,0.0,0.0,0.0,0.0,0.0,0.0,0.0,0.0,0.0,0.0,0.0,0.0,0.0,0.0,0.0,0.0,0.0,0.0,0.0,0.0,0.0,0.0,0.0,0.0,0.0,0.0,0.0,0.0,0.0,0.0,0.0,0.0,0.0,0.0,0.0,0.0,0.0
3720,0.06457991,3326.6855,0.9842006,5543.0396,2230.3186,0.8380997,2217.5881,0.8381212,3345.0037,0.46767282,0.44616,0.4964416,1.0066793,3326.045,0.993437,0.84715927,1140.4484,5.561917E-18,0.47680068,1115.513,0.8501252,0.4462009,0.47680828,0.99646056,0.41887897,0.44612965,1.4897688E-14,6.782534E-9,7.3935503E-6,0.4188108,0.4371535,0.8499273,0.8497095,1.6872467E-4,0.8499078,0.84951174,0.15347314,0.47672293,0.49049366,0.84971005,0.42720935,2217.9756,0.84961104,0.42722043,2297.47,3326.106,0.03748774,42.129642,0.44249952,0.84945273,1109.2028,3326.7898,0.15828696,0.48745358,1109.0448,1.139957E-13,5.7008736E-9,9.565799E-4,0.0,1.09611584E-7,3344.864,1109.0542,5.79102E-19,0.457027,0.0,1109.2474,1.7590893E-16,0.46003905,0.0,0.45998654,0.5103987,0.003025193,9.5365336E-5,0.51027477,0.11395259,0.51028234,0.15873128,0.0150896115,0.51028997,0.86775815,0.15843065,1110.895,4.860013E-20,0.0,0.0019899264,0.00432148,9.238804E-9,4.4808733E-22,0.041218866,0.52245075,0.5223912,3.4991757E-5,5574.231,0.46437657,0.52243453,0.45826796,0.12985626,0.0,9.337471E-9,1109.2012,4434.773,1109.2094,0.8985946,0.03182104,2.4092324E-5,0.1626617,0.18608722,0.113917656,0.13234143,1009.1624,0.11339121,0.034893066,0.4322721,6.3372065E-11,0.008562381,0.0011783593,1.7305111E-16,6.3772386E-5,4.2568613E-18,0.0,0.48038054,6.509154E-8,0.84278125,2191.854,0.442228,0.17603615,0.8426831,0.4421776,6.075086E-9,0.4803258,0.48027104,0.84258497,0.44212714,2.071511E-11,0.21705383,3.4495615E-4,10.708466,2.7719134E-4,18.832525,0.004958439,1.696177E-4,2.0969077E-7,19.429464,9.532175E-4,1.9282236,0.05186012,2.680418E-9,1.5342352E-18,7.456626E-16,0.0,2.767471E-4,3.103311E-8,8.74131E-8,2.3729515E-5,2.7434432E-6,0.052847367,0.0,0.2164096,0.11599555,0.24470936,5.483719E-14,1.6586875E-10,2.520089E-5,1110.9099,7.9082465E-21,1.9909268E-15,7.3185656E-6,1113.9673,0.0012472565,0.055936866,0.018867163,3.8704275E-8,3.419086E-4,0.049771015,6.503208E-8,0.24928865,0.020321673,2.2043766E-6,9.689539E-4,0.0017413106,3.5649037E-21,27.92188,1.0324914,1.031444,2271.0227,0.532132,1.0325274,0.0031166752,0.8426822,0.53222376,4594.5874,3.5113513E-11,2.5197944E-5,0.5321023,0.49598688,0.53207237,1.1550645,0.5320728,0.18682311,0.04965603,0.0014072271,0.393931,0.39014074,0.025522131,1.1090884E-12,9.827862E-8,0.0057355105,0.21637452,1.1513976,1.7736648E-6,0.55284876,1.1514196,11.584882,1.1507936,0.5350524,3.066391E-8,0.54498935,1155.9861,5675.5547,1.1514077,0.5320735,1096.3057,3.1150143E-5,39.683983,0.10437771,5.5698465E-17,1.6727343E-11,2.7635906E-4,0.0023776316,1112.6881,8.28051E-9,1.2262127E-5,0.96408075,0.96396863,1162.5591,0.9640806,0.19175284,1.8316106E-13,0.48132575,0.48946586,0.9640805,0.4894101,0.9639123,2297.859,0.0012465678,2297.859,7.45531E-16,61.668694,2.5064772E-9,0.48755792,0.0042846682,2.6367998E-5,0.18996917,7.027583E-12,3326.7126,3.5018322E-16,0.16997872,0.01884915,0.18752788,1.1396245,3.4724664E-11,0.49556503,0.4955575,0.4883573,0.19951853,0.49545202,0.48826012,0.4882607,0.49544445,1.175608,4459.811,0.4880927,0.048404045,8.776485E-7,0.45384777,0.0023183129,5574.496,0.049329236,0.5107829,0.5107772,1.1716735,0.51202065,0.5090698,0.48803708,0.24765652,5.163638E-6,0.50906426,0.5090588,0.0,1.1900269,0.5089482,22.792013,0.553123,0.0014053099,0.049438667
3780,33.939877,1691.5598,251.80997,2804.4473,1348.8987,249.52304,1169.2994,249.52328,1897.5088,3791.7878,4537.583,78.65981,252.27858,1714.079,251.83943,2997.993,645.5423,5.7818187E-7,4670.9673,798.19226,249.69139,55.728954,2703.9253,251.91672,55.27503,55.72161,1.6059481E-5,24.049242,0.2594111,2179.0251,55.572918,3897.8708,249.74706,2.9583347,2117.348,3302.9287,22.845396,3616.9739,78.71498,5823.076,1686.6167,1146.3611,249.87062,833.40076,1208.6725,1714.6976,1250.5769,546.3381,4335.4536,249.83633,600.9,1692.0533,20.128796,2450.268,624.25665,90.251175,1.7247363,24.604216,0.031819288,21.158957,1895.6245,624.2969,1.4953362,5730.7026,0.66372323,601.106,19.312763,2874.815,3.7292208E-5,1040.8593,3836.888,3397.86,2.8288813,79.06519,38.948795,1075.6433,20.190718,35.308464,79.06542,250.03131,24.939579,647.36365,1.9009669E-4,0.010025751,49.522797,3435.2485,18.037315,0.17524767,1031.2786,79.150925,2218.5889,3.011824,2992.853,4085.7405,79.15812,55.602753,83.80837,3.6767151,18.313042,601.0941,2260.5413,601.1388,250.23015,391.13416,14.700153,19.975897,28.181513,48.313026,770.7125,701.033,39.147285,24.942902,154.83379,12.135056,43.29677,2.4088635,12.117676,51.334282,5.318272E-4,0.015664885,78.37042,13.823836,4161.064,1133.1705,55.103714,78.98108,249.4877,2776.036,1.5010983,78.36365,78.356865,249.46495,55.173515,12.084783,82.98266,5.329078,272.5627,1783.0525,184.96347,1868.9478,10.456124,1263.161,215.91408,55.53688,415.39673,1080.8842,0.008292746,1.5826813,34.370728,31.255453,137.43141,7.2724648,1.2663314,118.13768,0.7840282,103.53374,5.87439E-4,74.51789,41.354122,73.05004,0.2133456,1.6983491,2385.2786,649.99695,3.2464835E-5,0.009235667,139.41339,633.5674,3.6067576,1033.9984,35.866783,1.5360014,12.670589,1173.5266,13.796818,85.54783,38.512943,252.0171,40.96658,17.22853,0.1936379,261.94284,2218.6348,316.82504,1173.237,56.21422,252.37782,18.209791,838.82965,56.221973,2339.236,4.9178987,650.4407,56.211918,641.6038,56.233257,254.37135,56.233376,30.474445,1020.84314,9.819878,94.60723,91.50091,55.955486,0.19267547,22.000618,4827.3403,75.6991,253.48111,0.3940913,4065.5225,2099.2102,203.50964,253.47165,5099.5596,0.014279551,79.2011,821.78217,2871.1257,1244.0447,3092.3616,595.57153,171.23851,578.0271,41.35481,0.012156903,0.0027374616,138.75632,24.342167,659.5928,0.042078894,0.5754767,250.00764,249.98491,650.13446,890.0237,32.48429,106.19546,1343.6233,78.32683,1530.1516,78.32006,3527.1187,1185.7941,22.10893,1185.7932,34.366413,890.22314,0.0073545715,55.65515,2976.782,102.55841,33.033733,3.2202763E-4,1692.0955,12.498062,45.753723,36.193066,20.097116,252.49521,2.1948016,55.613213,55.613186,78.19325,79.4474,55.60338,78.18147,78.18154,55.603348,253.45242,2447.2805,78.16114,1502.7301,0.21240517,91.080154,3.3397028,2995.546,733.06055,2362.25,1006.5289,2404.923,2651.324,2049.3252,78.15438,85.18383,126.52018,1648.865,4090.2444,3.1838135E-6,253.29993,55.817966,225.9585,78.57865,10.0364685,716.66675
3840,86.216034,1026.4078,688.6163,1533.6068,1228.5123,685.8828,730.06854,685.883,1498.4581,2019.4872,2427.1252,193.61092,689.4818,997.3807,4124.0015,2038.5408,461.19278,69.59842,2452.2214,956.03625,3487.4988,1218.7915,1484.5614,688.682,221.5172,222.18146,366.73267,57.40861,2.2917144,1266.3511,2214.987,2481.5144,1981.9204,39.126633,1605.316,2189.1262,104.45028,1933.9297,3946.283,3429.1853,1023.8787,758.0913,3739.7354,604.12585,749.4514,998.3826,865.24884,626.424,2327.1829,2144.5242,489.8242,1026.7128,90.43431,1360.2354,462.05386,85.463455,11.210582,71.892555,0.5486555,60.51219,1496.846,462.17856,6.090761,3013.4846,5.3844447,489.9035,39.746338,1608.6516,0.002539023,706.47375,2042.6476,1748.8722,22.911873,4179.425,72.31602,684.43854,86.71352,109.831024,1863.5042,2518.899,99.272415,563.03015,150.0076,0.15647334,144.89467,1768.5906,36.57938,1.5045252,751.9098,3113.6184,1246.9291,13.804829,2036.9604,2203.897,1863.7703,221.1642,1125.7203,17.001753,44.233932,489.5283,1267.5385,489.55798,2562.923,490.5547,169.8918,81.54659,77.55208,110.03685,523.5697,649.76276,77.74049,57.6042,397.09024,28.045023,101.577194,14.274997,23.457747,122.97708,0.02004416,0.25293195,1465.4424,59.498627,2610.724,748.4909,811.0367,174.90105,3601.2556,1556.8251,22.145464,193.04474,193.0319,1800.5518,5260.2075,24.763796,218.26004,19.367834,415.0032,1121.3502,558.8871,1069.0452,83.3468,687.93506,534.5695,134.74358,497.27087,782.34454,0.36976263,6.411156,901.2838,71.82238,1199.7391,33.78292,27.286465,150.34514,5.498155,297.5612,0.01946909,162.43112,86.20337,227.60962,1.543522,10.85968,1224.8308,566.37604,0.0023012569,0.17500405,135.28935,457.39676,56.494987,755.3367,111.36929,46.364483,49.88738,821.5583,59.42009,812.33997,124.8336,319.11514,111.10815,69.72012,1.6813976,257.9413,1657.351,332.87357,771.6196,222.07462,689.7231,116.42054,975.8608,2336.2395,1306.2137,59.790405,371.13257,3760.7976,509.40625,222.09424,4696.657,3407.6902,82.15333,746.03436,45.249954,275.57343,268.73193,183.9929,1.9611032,97.34985,2454.1238,164.20636,4128.6523,186.98874,2155.4373,1597.9072,242.66272,3778.859,2703.5286,0.2499306,2316.9048,969.3615,1567.9122,1177.1647,1715.8745,487.84534,417.04868,675.27246,127.19049,0.22284518,12.181045,1191.0641,114.79326,494.23764,1.5736592,341.79688,2913.3213,3596.4326,474.1886,999.1103,88.97309,345.3058,852.7245,3124.622,1314.1276,1088.5786,2296.9192,775.1295,53.088192,775.12866,834.9495,1187.875,5.604616,4248.364,1542.1803,347.51898,93.73084,44.198177,1024.4767,24.136253,99.818665,119.500534,84.01346,1713.5519,9.154602,863.0087,5028.45,192.43082,181.35008,219.10106,2525.1653,3438.6792,219.10106,3994.1772,1768.7358,3861.689,991.2738,4.2529407,268.9128,36.000862,2037.6967,605.81903,1355.854,688.8842,1747.7173,1496.3314,1203.877,2638.1687,1017.1566,137.15353,1006.86346,2207.9385,4.462692E-4,688.90674,223.26509,376.35477,1354.7422,74.66586,595.7795
3900,223.49109,803.2137,3353.8674,966.26874,1216.6265,3729.2378,571.5903,3898.251,1349.664,1205.3672,1492.6731,2171.4036,4256.519,702.6175,2641.6921,1614.2537,623.0133,172.7392,1418.4191,1081.398,2327.3667,898.1716,942.3895,4007.3743,2659.103,1680.5436,430.3643,81.491615,371.57837,921.47156,1388.2391,1832.4539,1586.7367,101.77105,1401.2798,1688.7693,209.25621,1163.5466,2153.6465,2298.932,801.815,671.05646,2451.858,595.3108,580.99884,703.45734,687.11957,650.52625,1443.0892,1666.918,539.1143,803.2657,188.64871,881.4662,439.6566,74.50152,30.781666,119.39428,2.272668,99.73158,1348.231,439.79266,21.771406,1780.372,14.610278,538.8576,51.601402,1089.3125,285.8089,645.49603,1217.3204,1010.43774,52.35983,2268.6318,93.21631,549.3119,171.14647,162.87773,1129.3392,1851.2897,189.62341,535.7288,221.73419,1.759067,258.51495,1026.7444,46.388676,144.9005,628.6532,1744.536,826.31134,28.477892,1614.1637,1381.3004,1129.7034,405.8475,951.08606,35.84371,72.13486,537.86694,836.3933,537.87805,1873.0437,484.9143,187.22404,162.13525,144.2597,165.39534,655.5364,645.24695,106.43045,80.469444,559.661,51.0538,190.95995,77.56411,30.375536,177.93475,30.431988,0.9785007,932.72205,101.20037,1895.4279,662.1073,692.88666,250.75261,2382.9622,1059.817,61.535526,3238.1582,3136.3394,1496.8713,2881.8862,39.816605,349.51428,35.51212,476.61188,804.7975,601.39307,776.12463,172.16977,435.45935,896.5519,196.63448,511.0868,647.0643,5.9006476,11.815769,482.30414,105.961586,842.9424,57.837517,60.973457,145.85437,16.303461,406.76993,18.090122,232.18716,134.09183,363.6744,3.8399541,29.517576,708.4247,539.0043,247.00423,4.579988,121.08105,623.7298,130.28745,631.98553,172.90358,104.28898,79.55165,662.5285,101.23207,798.38586,205.36256,325.7896,181.79013,120.093185,4.626446,250.40451,1428.3456,881.6186,676.25055,405.88907,952.1619,241.98714,1090.939,1445.887,855.49036,116.87253,288.3236,2146.8853,546.83124,405.93512,2924.7424,1973.1628,139.10349,625.0258,88.13264,430.7566,411.52762,282.06662,7.921615,172.70079,1364.5643,233.132,2643.6843,240.22018,1273.0673,1398.2651,233.49289,2471.551,1626.8903,35.994606,1352.4768,1089.0015,984.07404,1191.265,1140.8424,536.89966,463.50204,697.8757,309.6762,0.98500335,44.244274,839.2958,220.49226,526.606,11.013577,390.2125,2042.593,2378.845,444.8717,1100.6084,167.9872,387.65695,713.2081,1748.4216,1255.6327,746.88257,1739.2992,675.0484,82.96042,675.04785,449.80002,1207.9912,26.07244,2383.842,909.2377,344.11023,164.66171,103.08634,797.971,30.440308,146.9804,193.75049,168.64853,1453.2856,16.915579,718.0898,2767.3477,2259.5044,264.81522,401.392,1453.5521,1902.9434,401.39212,2577.129,1481.5364,2111.3926,750.0085,16.537758,415.63562,89.2715,1613.0679,557.1652,963.02295,634.8957,1470.7804,1029.9043,890.58746,1509.6124,900.42395,138.89565,793.66315,1384.5519,51.347763,2012.9414,5755.5063,419.9679,878.37085,163.2373,550.5806
3960,350.28528,706.321,2253.784,672.2979,1202.0168,2437.6008,478.46762,2520.7754,1267.6432,789.95874,1045.7224,1265.4939,2698.5127,542.6759,1903.4867,1397.0017,786.93463,249.86787,894.86005,1134.6509,1747.965,753.22375,660.68494,2575.589,1619.4272,1138.1971,422.31763,99.95725,482.85104,764.64185,994.3073,1504.5109,1383.6611,153.36244,1292.3326,1433.906,291.6477,769.5293,1256.67,1734.1306,705.4418,641.1131,1809.4368,603.84894,483.0287,543.26996,603.70544,660.8673,1020.9697,1423.2017,576.21967,706.181,268.85556,630.83826,413.52054,69.77715,52.790276,162.61902,5.4904385,134.33963,1266.3949,413.6268,56.773617,1186.5634,26.28877,575.7822,57.35343,846.61957,476.06415,628.28864,796.1376,700.11475,83.771034,1313.3896,108.25389,467.59723,233.69562,202.25597,752.932,1514.0033,256.5827,527.8039,223.55496,17.341152,369.5938,715.4093,52.0172,220.95554,573.5201,1055.6804,604.0116,43.158146,1397.3328,989.5001,753.23206,1088.417,948.35785,55.447758,98.60701,574.5736,608.9425,574.5766,1524.7544,464.73257,180.13159,235.99748,193.3451,212.77495,804.359,650.6491,128.3374,93.83015,660.53265,75.10771,355.87415,180.22368,40.58641,215.10493,130.93488,2.4817848,655.6982,126.9301,1534.9778,632.8713,648.0172,308.8079,1774.9395,828.547,89.57172,1789.8854,1739.9132,1338.9137,1725.0038,55.696247,435.80365,51.503445,494.19586,638.8539,624.2471,696.0087,239.63397,309.10004,981.2056,239.1011,521.7363,584.7945,28.896,16.58271,272.7036,127.61115,657.1697,78.652016,85.32123,149.59459,31.906435,465.75922,87.76313,285.77805,180.24538,449.4123,8.4885845,50.172363,511.84058,530.807,890.26807,25.515053,115.357285,788.84607,187.51292,576.55896,224.11308,143.40953,102.38085,589.8494,127.35825,874.7784,276.29044,306.7951,240.17874,164.02214,8.382393,248.9049,1306.7357,1192.0231,642.2166,3793.493,2496.014,345.11298,1139.146,1020.7802,618.3548,157.14319,305.10626,1365.7472,578.2845,3605.3462,2043.7511,1280.2792,172.74756,571.1193,130.86766,561.274,512.9762,353.71365,20.35537,221.101,881.95996,285.83798,1904.1527,233.9116,823.6002,1291.2642,211.9088,1819.446,1110.0305,106.9228,862.6526,1139.098,681.45184,1189.4236,870.805,573.8164,452.94543,1137.3702,478.06314,2.6978843,70.15467,655.8345,308.2964,811.392,26.650305,375.3251,1605.9397,1771.456,415.55087,1142.3894,242.70148,380.0729,657.8321,1056.6261,1218.6788,563.97095,1456.7091,639.06476,109.72005,639.0644,256.7746,1166.2273,53.876328,1479.77,650.662,327.90128,236.75993,144.90015,699.69885,33.748306,185.70706,257.3229,233.55914,1316.7145,23.744442,659.95715,1668.1204,1307.9447,361.26614,1211.6252,911.56134,1132.6313,1254.6246,1870.9208,1331.4957,1235.3926,635.09973,37.953712,523.89185,138.06386,1395.5227,538.7055,782.6983,621.27094,1325.8025,813.55237,749.1657,939.41565,925.86395,147.98056,701.4822,992.1792,237.57903,1592.6377,3142.6758,363.65457,628.8001,235.90823,534.06836
4020,448.2553,667.93695,1688.3237,505.77567,1170.7324,1778.0521,410.60693,1818.9833,1203.1105,563.6801,835.0096,797.7815,1907.5355,442.0533,1516.0269,1266.0681,895.9527,298.43042,615.3353,1136.8967,1438.8007,691.09863,500.13748,1846.7972,1117.188,880.52747,400.67447,116.58617,462.42358,696.69714,809.6986,1319.0461,1259.6133,191.92393,1214.6353,1284.3601,357.68973,553.7088,793.3919,1432.0801,667.2799,635.6325,1469.1653,617.2999,412.81192,442.44632,566.578,664.48987,822.5285,1279.1183,603.7157,667.6549,333.46744,485.52365,378.63394,71.59673,73.579,201.00548,10.098892,163.72903,1201.966,378.70853,84.88906,903.6882,38.283154,603.2056,61.052216,736.4634,489.70615,629.05743,566.8882,583.33997,115.01127,821.3815,120.877525,405.31042,282.44955,233.95729,545.67505,1323.8435,308.43753,528.45166,205.63486,44.965664,467.54956,597.25946,56.544056,226.51372,550.9426,694.66724,472.49792,55.96626,1266.4415,806.03595,545.889,854.70276,975.184,72.92742,121.42122,601.91394,474.90842,601.9137,1329.1609,444.0306,176.18808,304.3845,224.96742,252.50665,905.72626,656.37317,146.08481,100.83338,723.00665,96.26818,496.04218,259.09,54.702217,240.29123,264.8143,5.5893636,497.54788,144.14417,1333.6555,628.1697,635.62225,353.34317,1451.7654,724.4423,106.98551,1055.5225,1030.9987,1237.2083,1165.4979,70.142654,495.8496,66.95954,491.3372,545.59814,633.1642,695.9025,290.39713,242.99352,1022.4645,267.81097,530.40356,558.0284,62.486423,20.677414,169.46332,141.46742,554.1979,96.9509,102.805374,160.59337,49.312653,499.12317,145.71089,327.21088,221.38292,507.19907,17.089613,70.28531,467.938,531.12103,1027.417,75.89132,116.23562,898.13464,225.40079,553.63293,265.74005,167.06996,121.56801,558.68097,145.10123,940.4107,336.51282,294.80893,304.8264,202.1407,12.354128,251.46739,1222.5316,1287.3767,634.84595,2185.19,1807.7944,424.0455,1138.9061,820.99927,479.52808,183.04874,366.1985,990.8121,603.218,2092.6323,1585.8008,948.7636,189.67052,549.2439,170.43898,664.3829,580.8616,406.37595,43.294342,250.88971,679.43665,326.75406,1516.0591,221.39676,580.3585,1214.4473,189.82251,1474.3734,865.1725,157.14119,599.5627,1139.5782,510.44095,1164.3446,747.3164,601.38477,447.94592,1349.1305,611.5033,5.9647903,86.83847,553.887,376.19418,1034.731,43.84122,351.47046,1367.3923,1448.8684,379.2838,1139.2786,305.55365,361.20404,640.3831,694.578,1176.8217,452.2457,1293.9689,631.1524,130.32864,631.1522,161.65585,1121.7644,82.75423,1044.7681,559.252,317.14978,310.07007,172.41293,661.0692,36.571445,216.33084,309.38525,284.5367,1225.7275,30.060127,641.1195,1137.1006,818.1883,504.6447,912.5697,623.24414,731.99475,933.7237,1499.3705,1233.7627,782.6592,582.25977,66.1076,598.8256,179.04428,1264.7007,534.14484,703.5069,624.09033,1230.6298,716.7952,688.9305,637.0903,966.2965,162.86514,665.4718,808.4847,366.7018,1361.9624,1866.5201,334.22208,484.2481,293.4532,530.6702
4080,523.57196,651.0899,1391.1046,416.28717,1136.3893,1434.6493,369.57004,1454.7915,1152.3673,444.7846,733.33295,560.03613,1499.2332,384.96368,1306.3616,1182.7523,966.2294,325.54117,470.2221,1119.151,1267.7682,662.5282,413.5538,1469.1509,872.122,755.73773,378.719,133.21486,429.26404,665.27295,720.87274,1208.8641,1179.6388,221.03069,1157.4854,1191.8304,409.30606,439.9214,557.8506,1264.5112,650.55676,634.9874,1282.7755,625.96857,370.63348,385.21118,551.4677,663.8967,726.94336,1189.2651,619.28986,650.7471,383.49802,406.4018,353.82962,76.81675,92.23549,234.77473,15.870083,188.45398,1151.3066,353.87848,102.792816,766.6073,49.44827,618.7813,64.78489,684.3467,460.4509,631.50977,446.45416,550.51465,145.32513,571.66693,132.59769,366.99255,320.05432,260.90164,436.04083,1211.2997,347.92593,532.23737,185.02814,74.47524,549.97156,562.487,61.29207,211.75043,543.30225,509.3657,400.08658,66.37216,1183.0596,717.9219,436.18146,741.8659,1005.0001,87.844635,139.90936,617.5053,401.2645,617.5045,1213.9327,425.29587,178.55331,360.0189,247.58717,285.45016,972.06934,659.6503,161.42763,104.08553,766.3398,113.405136,603.2645,313.27292,69.18162,257.78604,359.59705,10.832501,412.18668,157.59753,1215.7593,628.27026,631.93744,387.59158,1273.8948,675.63635,118.21634,686.6836,674.6495,1168.318,892.63446,82.467735,536.5732,81.82291,479.66696,489.17456,638.04254,721.61615,330.55048,209.79172,1049.3766,287.18762,536.69745,547.9332,96.804886,24.457933,120.799736,152.50798,493.055,113.56342,116.99601,175.61269,66.43506,518.83185,182.70616,359.59818,256.669,545.44556,28.226168,90.57378,491.56396,534.57214,1008.7117,139.29625,120.47843,968.3486,249.00232,545.64874,298.72403,180.96928,138.90147,546.8441,158.73189,989.1452,386.32156,295.94098,374.15137,235.23273,16.271078,256.5016,1162.0015,1329.3,633.3651,1396.0895,1450.019,483.9194,1119.9446,724.9033,403.50705,199.17871,441.49155,808.49445,617.71893,1350.557,1341.2949,787.8081,200.96889,542.02747,205.9239,745.50397,627.1271,445.16202,76.67151,269.30914,603.07544,358.99414,1306.1172,212.82172,452.98352,1157.6891,170.7229,1285.6016,746.766,188.38986,462.4268,1120.8528,418.59476,1133.0409,688.704,616.99774,450.93924,1388.5195,714.9854,11.024758,96.85818,493.1662,426.91245,1175.1101,59.83243,329.2892,1231.3904,1271.499,353.8893,1119.1351,360.1077,341.3704,634.2026,508.99515,1137.6106,389.79718,1195.2673,629.6626,145.72226,629.6625,116.97197,1089.9374,109.95488,833.1551,538.83246,311.35556,380.36807,191.07355,644.4236,39.886444,240.07489,351.20267,323.28683,1162.2728,36.62368,634.2639,878.26825,569.8472,618.1183,767.8315,473.97546,527.472,778.2384,1297.6863,1166.8907,552.4529,559.3057,96.48105,651.56964,213.22504,1181.6415,535.3409,666.77344,627.7037,1165.0645,671.5495,661.38354,480.86047,1002.5452,180.76604,649.84265,720.19977,422.57053,1229.7078,1240.7466,329.57242,405.6763,340.0474,532.60876
4140,582.62805,646.1334,1230.9786,374.33096,1105.6294,1251.8853,351.39786,1261.7972,1113.5172,388.35577,686.61786,445.09558,1284.3727,358.93338,1189.3011,1127.9556,1011.98584,338.1826,400.88232,1096.6381,1169.8004,651.78174,373.00595,1269.4196,754.8815,697.64594,359.35486,150.42665,402.44098,653.1278,680.4844,1140.8296,1126.4608,243.67313,1115.5477,1132.4696,450.8165,385.984,444.0077,1168.2279,645.6806,638.0211,1177.224,633.5843,351.91068,359.0818,546.19354,660.45886,683.26483,1131.2152,630.3007,645.7773,423.48642,369.5058,343.64893,83.285416,108.77714,264.33716,22.547842,209.32533,1112.5417,343.6789,113.13659,702.54736,59.51288,629.8227,69.19484,662.0821,424.46045,636.08966,389.22192,551.60803,174.12839,450.82758,144.0002,350.14374,350.88657,284.4862,384.11008,1142.0743,379.5341,536.4087,167.01956,100.34396,618.3235,561.42645,66.69238,193.6137,541.8524,420.19604,366.44455,74.53137,1128.1824,677.9972,384.1966,689.7779,1030.8765,100.875824,154.3386,628.59827,367.0201,628.5975,1143.3805,408.97272,185.82822,403.6695,265.65186,312.59412,1015.7527,660.0295,175.4316,105.27077,799.417,126.70056,685.6187,350.70142,81.83798,270.34247,422.03674,18.03802,372.25406,169.92397,1143.9888,631.9529,633.7574,413.90982,1172.605,655.25696,126.341995,507.29358,501.38843,1120.6555,762.0192,92.83442,566.07074,96.0547,464.6833,452.2723,645.43243,753.17413,363.62454,195.83162,1067.5267,300.22305,540.697,545.03485,127.71299,28.220356,99.97583,163.54196,453.8928,129.21379,130.05586,192.47156,82.29153,530.6911,204.27193,385.16266,286.4652,572.7764,40.134106,111.77027,540.88586,538.4341,964.7358,201.21297,126.26125,1013.9243,263.61478,543.8841,324.46933,188.9892,155.23863,543.3526,170.27397,1024.1537,426.78925,307.15292,439.386,263.95587,20.100008,262.9939,1118.2772,1352.1722,636.08887,1011.32684,1260.0154,529.7002,1096.8511,681.10187,368.0749,208.96825,516.239,722.2499,628.35034,988.92816,1206.9796,712.07336,211.51935,540.84955,237.35164,809.29645,659.2709,473.5944,115.38072,281.07117,581.5102,384.6882,1188.9575,208.96046,392.28568,1115.914,155.1957,1178.86,691.9219,208.8731,396.92932,1097.7909,375.37177,1103.7891,663.3182,628.08356,459.32495,1394.3262,794.9031,17.616339,102.86762,454.15088,464.3297,1259.3635,73.61299,310.63876,1150.878,1170.6238,343.45047,1095.6372,408.46017,323.23856,634.804,419.80542,1104.7291,361.17447,1133.108,632.57104,157.9752,632.571,98.09825,1066.0071,134.48734,732.68616,545.9857,309.24942,444.70233,204.55919,639.85394,43.825565,258.35086,384.69455,354.18063,1117.3925,43.73425,634.54456,754.5855,449.83676,701.37854,700.26654,402.68777,429.00388,705.38635,1184.66,1120.2422,441.32083,550.11176,125.87708,689.539,242.09216,1127.0961,538.2109,652.2025,632.98193,1119.0873,652.91504,651.20215,406.11096,1031.3398,199.75732,645.52454,680.1375,432.53625,1150.9077,936.24286,339.5498,369.15338,378.6023,535.9875
4200,629.9309,647.6002,1141.4073,361.14697,1079.7213,1151.2451,349.88455,1156.1228,1083.6174,368.04837,667.5281,395.9775,1167.819,353.57712,1120.9121,1090.2765,1041.9125,341.61316,374.2158,1074.8544,1110.8739,650.3886,360.50296,1160.3444,701.10425,672.95624,342.9776,168.17122,383.57794,651.04944,664.5094,1096.6271,1089.5645,261.80627,1084.1871,1092.5278,484.70523,366.89005,395.43735,1110.1193,647.2065,643.43835,1114.5509,641.2557,350.13306,353.66068,544.81744,655.1195,665.6987,1091.9154,639.64136,647.2555,456.3393,358.7884,346.07034,90.0205,123.49774,290.12296,29.886492,227.0995,1082.7303,346.08734,118.73996,674.9803,68.65416,639.2026,74.28263,655.0747,391.06195,642.288,368.49182,565.0568,200.95967,398.80106,155.2556,349.273,377.19742,305.38306,365.9816,1097.2697,405.67502,539.74945,152.76416,120.905045,674.85034,572.8269,72.77771,177.34305,542.42773,383.7394,357.30032,80.87951,1090.4369,662.3397,366.03122,668.13635,1051.0607,112.877014,165.37267,638.0388,357.5818,638.0382,1097.9193,394.99387,196.36113,437.3993,281.31168,334.883,1044.5449,657.8362,188.69681,105.39549,825.882,136.81776,750.202,377.4213,92.01396,279.69955,463.79095,26.650908,360.05298,182.45815,1097.9918,637.91815,638.806,434.04834,1112.0784,649.38367,133.05719,426.48492,423.58698,1086.5176,701.91016,101.69206,588.7324,109.6232,448.96976,426.31345,653.11145,783.5595,391.61404,193.4599,1079.2482,308.93918,542.7968,544.74054,154.33737,33.070087,93.140114,175.61804,426.87714,144.40953,143.03287,209.938,96.60734,537.691,215.96439,405.48486,311.72598,593.70465,51.73376,133.85185,596.3549,541.4998,919.8761,255.84361,132.7512,1043.6412,273.08115,544.1816,344.44885,193.5038,170.96858,542.9417,180.71344,1048.6721,459.44818,324.40314,496.96045,288.8815,24.81805,270.34515,1085.9495,1365.2764,641.43976,826.0458,1155.7012,565.2826,1074.8031,663.57495,358.0348,214.66106,584.2206,683.83,637.61414,815.0276,1130.0187,678.8239,222.99957,541.61084,265.30383,859.1397,681.70465,494.20026,154.74487,289.13757,582.79694,405.31485,1120.5547,208.78728,369.80676,1084.6091,142.90437,1115.5844,668.92944,223.77028,372.09055,1075.6935,361.48776,1078.6454,654.83875,637.5247,470.96475,1391.1462,856.4112,25.27445,106.678734,427.16193,491.9157,1309.4384,85.126656,295.57904,1100.7128,1110.4346,345.74768,1073.5287,451.6804,307.32956,639.2613,383.39523,1078.0029,354.5558,1091.9725,638.16296,168.78386,638.1629,92.21774,1046.8372,156.15472,687.4181,562.3885,309.91943,502.07953,214.96982,641.7559,48.812195,272.44473,411.66568,379.7563,1084.6962,51.345085,638.85583,697.9115,398.3043,763.3835,671.1942,375.1164,388.06168,673.713,1118.3334,1086.5999,394.13327,546.7739,152.81425,717.33185,267.0651,1089.6199,540.8856,649.0755,639.61993,1085.7953,647.9066,650.11383,376.81638,1052.7412,218.68251,647.3208,664.349,419.5727,1101.4606,790.35065,357.36432,358.6768,411.26526,539.03345
4260,668.5055,652.02234,1088.4296,364.8628,1058.0731,1092.8788,359.32455,1095.2792,1059.9994,368.25763,661.831,381.99884,1101.5304,361.13974,1078.3527,1062.8871,1061.2455,339.4987,371.29254,1055.2915,1073.027,653.39844,364.54703,1097.7612,678.3463,664.50287,329.36545,186.15073,371.39545,653.7233,660.3458,1066.0223,1062.5526,276.67072,1059.9019,1064.0156,512.4523,367.68945,381.73254,1072.6687,651.6761,649.8224,1074.8524,648.7487,359.44687,361.1822,544.58636,648.52313,660.77466,1063.7173,647.9551,651.7009,483.84445,363.7046,357.44778,96.563156,136.7263,312.5495,37.668205,242.40446,1059.2007,357.4563,121.605896,665.1575,77.15965,647.5563,79.88969,655.36566,362.1242,649.0753,368.47733,581.8004,225.54094,383.38773,166.36687,359.02417,400.10352,323.93753,367.24338,1066.3596,427.65186,541.8722,142.05592,136.35559,721.6009,587.79285,79.44126,164.128,543.19,375.97998,362.9746,85.90291,1062.9999,658.40717,367.269,661.25964,1065.6388,124.48273,173.7561,646.45306,363.11258,646.45264,1066.6843,383.14328,208.92975,463.34076,295.6325,353.16025,1063.224,653.617,201.53607,105.05004,847.3777,144.54341,801.7755,397.2452,99.90673,286.96484,492.4081,36.05765,364.23785,195.71645,1066.5386,644.765,645.2019,449.3462,1073.4733,650.4061,139.23862,396.91797,395.4952,1060.8975,676.2487,109.52764,606.7693,122.517235,433.74188,406.9368,659.99115,810.52026,415.73056,198.14531,1086.1334,314.72784,543.43774,544.9646,177.05746,38.026314,93.21139,188.8631,407.0267,159.44553,156.34892,227.33669,109.449234,541.5098,221.51358,421.71524,333.35468,610.4159,62.539932,156.38078,649.4512,543.38324,878.7339,301.91214,139.59898,1062.772,279.87738,544.7032,359.96118,196.00967,186.25716,543.2339,190.5352,1065.246,485.71628,344.7683,546.40576,310.5226,29.306581,278.17435,1061.1239,1372.0247,647.8666,738.6874,1095.45,593.44214,1055.1323,658.752,363.2533,217.7018,643.47504,668.7224,645.9768,733.26776,1083.1807,666.26,235.74892,542.5082,290.35376,897.6544,697.23047,508.8653,192.00676,295.34497,592.77,421.93716,1078.0205,211.18042,368.89456,1060.3314,133.29828,1075.5734,661.40155,235.81879,370.01816,1055.9458,364.80276,1057.3986,654.4609,645.95233,484.39157,1384.476,903.46844,33.549675,109.38391,407.29013,512.3628,1338.8115,94.708336,283.80127,1067.3148,1072.1023,357.05258,1053.9376,490.3853,293.55704,645.37354,375.68088,1056.1394,361.49472,1063.0172,644.8333,179.20769,644.83325,92.75609,1030.5859,175.11151,669.0659,580.56635,312.6982,552.576,223.45815,646.6056,54.355293,283.42102,433.59262,401.45007,1059.8354,59.28727,644.90826,673.9614,383.18088,810.65314,660.82025,371.77606,378.144,662.0594,1076.8463,1061.2078,381.13504,545.5597,176.86935,737.8926,289.16446,1062.3816,542.657,651.3523,646.7008,1060.5914,649.3672,653.2825,372.61758,1067.7297,236.88571,651.90857,660.28564,397.3011,1068.3049,722.2773,378.9163,363.7409,439.4974,541.0902
4320,700.38904,657.34595,1054.6278,378.0621,1039.6892,1056.4744,375.3305,1057.6555,1040.6432,379.73065,662.1738,386.4842,1061.1555,376.22928,1049.6749,1041.7229,1073.2445,334.30032,381.22226,1037.9811,1046.7157,658.025,377.90408,1059.2288,670.2974,663.4891,318.16376,204.01282,364.35916,658.18494,661.4434,1043.2732,1041.57,289.08328,1040.2622,1042.2937,535.0911,379.44913,386.35507,1046.549,657.0398,656.12787,1047.6255,655.5998,375.39288,376.24652,544.33344,641.1211,661.51654,1042.1489,655.20966,657.05255,507.17648,377.4873,374.4078,102.65475,148.76305,332.00537,45.717842,255.73486,1039.9288,374.41098,122.98192,663.50806,85.29574,654.84894,85.76389,658.6914,337.49536,655.5969,379.83163,598.17725,247.7718,387.1652,177.27904,375.18045,420.22766,340.36514,379.22363,1043.455,446.27173,542.7941,134.32483,147.54523,760.2435,602.7147,86.53152,153.84708,543.4426,383.51968,377.12167,90.04174,1041.8036,659.6833,379.23434,661.08746,1075.332,136.08391,180.16733,653.80334,377.1897,653.8031,1043.6184,373.17407,222.70131,483.3323,309.15555,368.14832,1074.821,647.90765,214.09157,104.58485,864.79236,150.5062,843.4832,412.5239,105.950516,292.85123,512.3295,45.742695,377.6538,209.74268,1043.3993,651.4663,651.68134,460.8428,1046.8138,654.2418,145.28896,393.7295,393.03043,1040.6274,666.95624,116.66723,621.3507,134.74861,419.55936,391.84702,665.6313,833.53876,436.7644,207.12756,1089.3503,318.5607,543.0088,544.8688,196.58134,43.02051,96.49578,203.0849,391.74146,174.45482,170.10939,244.29541,121.017876,543.17786,223.23799,434.71005,352.05872,624.009,72.40482,178.84352,696.9134,544.09906,841.9454,339.9291,146.65607,1074.5896,285.50107,544.7492,372.06052,197.44125,201.1621,543.2681,199.98613,1075.8063,506.771,366.42346,588.44415,329.33707,33.82321,286.2193,1041.1703,1374.2953,654.26056,698.9421,1058.0629,616.1037,1037.7898,659.61414,377.16202,219.03946,693.96844,664.522,653.3278,696.2767,1052.3518,663.311,249.59898,542.864,312.9437,926.94714,707.7551,519.0288,225.93391,300.8006,605.2226,435.34155,1049.3834,215.25175,379.77603,1040.6786,125.85176,1048.1782,660.9253,246.40799,380.3293,1038.5217,377.76324,1039.2368,657.5069,653.32526,498.60522,1375.9329,939.11475,42.092552,111.60838,391.968,527.65643,1355.346,102.789314,274.9252,1043.3047,1045.6631,373.95956,1036.7219,525.0077,281.6801,651.72034,383.2466,1037.8053,376.2678,1041.1926,651.4546,189.7915,651.4546,96.2689,1016.19037,191.65051,663.3766,597.63434,317.06772,596.70013,230.6646,652.32886,59.968307,292.1148,451.61798,420.14688,1039.9736,67.378174,651.23755,665.5307,387.1247,847.3285,659.067,381.5142,384.64664,659.6767,1048.7402,1041.0281,386.11795,544.8129,198.12456,753.18445,309.06482,1041.3259,543.38477,655.7203,653.4322,1040.5182,653.4345,657.9875,381.92783,1077.4652,254.01733,657.3117,661.4328,372.72522,1044.3176,691.93207,401.79636,377.60944,464.26712,542.0458
4380,726.9797,662.44183,1031.0262,396.18182,1023.67487,1031.6329,394.82626,1032.2142,1024.1489,397.00055,664.81885,400.31256,1034.3031,395.2778,1028.5933,1024.3794,1080.0215,327.62473,397.7318,1022.5353,1026.8387,662.77765,396.0996,1033.2969,668.8143,665.4664,309.01926,221.4387,361.16196,662.8561,664.45966,1025.1481,1024.3132,299.6062,1023.6673,1024.6726,553.42773,396.8582,400.25208,1026.7644,662.1702,661.7217,1027.2955,661.4619,394.86023,395.28015,543.6453,633.2348,664.37317,1024.603,661.27026,662.17706,527.13654,395.89053,394.3734,108.23602,159.8598,348.84418,53.901325,267.47104,1023.51263,394.37335,123.593506,665.20483,93.24988,660.9449,91.66645,662.83563,316.55838,661.31335,397.03882,612.82513,267.68567,400.64423,187.92789,394.74887,437.97043,354.839,396.73776,1025.2502,462.099,542.6945,128.98183,155.4222,792.10425,616.2169,93.90168,146.02072,543.01373,398.84805,395.69983,93.64958,1024.4395,662.8454,396.73956,663.5367,1081.0022,147.85722,185.1668,659.95337,395.73376,659.95337,1025.3339,364.8501,237.11436,498.83127,322.1576,380.45032,1081.3322,641.16016,226.40839,104.212776,878.7216,155.19624,877.4749,424.7267,110.59612,297.82135,526.23364,55.331783,395.8673,224.3493,1025.1053,657.404,657.5099,469.35236,1026.7871,658.7697,151.3484,403.77438,403.43015,1023.74457,665.0253,123.3152,633.1522,146.34674,406.6595,379.77643,669.92444,852.71814,455.26624,218.69197,1089.7657,321.1206,541.8222,544.20105,213.59608,48.026386,101.09725,217.98965,379.60492,189.4641,184.26945,260.61087,131.54178,543.36993,222.57872,445.12103,368.36362,635.0846,81.344475,200.80643,737.8821,543.82263,809.27264,370.96497,153.84978,1081.2085,290.8066,544.1434,381.56833,198.36594,215.68819,542.7429,209.1934,1081.8071,523.5605,388.26892,624.1089,345.72717,38.41348,294.29248,1024.3842,1373.2947,659.9589,681.94116,1032.6976,634.6256,1022.3476,662.5921,395.6101,219.3136,736.4295,665.0081,659.49854,680.63074,1030.1763,664.4128,264.22565,542.517,333.3979,948.74225,714.6327,525.79596,256.18756,306.13916,617.49963,446.12592,1028.3462,220.35104,396.72485,1024.0626,120.132225,1027.7523,663.24146,256.2334,396.9978,1023.0023,395.73456,1023.3543,661.558,659.50287,512.9354,1366.2969,965.7067,50.66244,113.700775,379.79306,539.2302,1363.6542,109.769806,268.55927,1024.6516,1025.8141,393.88028,1021.4123,555.9015,271.44354,657.49005,398.5823,1021.9454,395.1484,1023.6146,657.3595,200.7425,657.35944,100.98217,1003.04224,206.09895,663.2249,612.61053,322.61353,635.0957,236.96133,657.7911,65.45997,299.15982,466.6039,436.4342,1023.31616,75.46923,657.0105,664.04224,400.69592,876.11847,660.8631,397.93475,399.4756,661.1631,1027.9738,1024.1658,400.19717,543.87616,216.85794,764.5885,327.20346,1024.0593,543.17053,660.43475,659.3093,1023.72095,658.09357,662.77466,398.13507,1083.021,269.91223,662.4424,664.46967,349.0619,1025.5938,679.4752,424.62033,396.05838,486.2034,542.0185
4440,749.2718,666.75366,1012.97565,416.46014,1009.3581,1013.0072,415.77966,1013.2933,1009.595,416.8606,667.92535,418.47794,1014.6412,416.0126,1011.7819,1009.44226,1082.9929,320.49048,417.21732,1008.53265,1010.6546,666.92096,416.41446,1014.09845,669.8894,668.2443,301.617,238.17581,360.77673,666.9588,667.7485,1009.82544,1009.4174,308.63794,1009.0975,1009.5971,568.1308,416.78592,418.45175,1010.62445,666.51196,666.2914,1010.8869,666.16364,415.80005,416.00662,542.4486,625.09625,667.59644,1009.56415,666.0696,666.5161,544.3186,416.30682,415.5581,113.34223,170.21582,363.38315,62.12033,277.90283,1009.0294,415.55627,123.85356,667.87256,101.13774,665.77686,97.42554,666.70746,298.67322,665.9588,416.86624,625.3433,285.40286,418.63733,198.25899,415.73743,453.62564,367.52548,416.71582,1009.8866,475.56433,541.79553,125.52318,160.82541,818.244,627.8567,101.42693,140.14099,541.9527,417.7503,416.2005,96.990906,1009.48914,666.25836,416.71255,666.59875,1083.4513,159.84627,189.19267,664.8361,416.2178,664.8363,1009.93036,357.95923,251.78705,510.94687,334.77335,390.5622,1084.115,633.73175,238.48001,104.06461,889.63525,158.99852,905.284,434.79022,114.23443,302.17722,530.4884,64.58225,416.18063,233.9395,1009.71893,662.2774,662.3297,475.5159,1010.5476,662.94965,157.4327,420.06912,419.89893,1009.052,666.0277,129.59915,642.61676,157.3513,395.11624,369.9798,672.92957,868.37274,471.638,231.75468,1088.0342,322.88705,540.118,542.96606,228.66388,53.012226,106.08301,233.29013,369.80002,204.43828,198.71951,276.1765,141.23074,542.5501,220.45276,453.45428,382.65912,644.02075,89.443275,192.67665,772.52795,542.7722,779.5631,366.87418,161.13322,1084.0443,296.24265,542.931,389.1079,199.13252,229.81514,541.6445,218.18262,1084.3392,536.84766,409.65283,654.4113,360.04123,43.06578,302.25906,1009.6918,1369.8611,664.63617,675.451,1013.7832,649.9568,1008.364,665.9315,416.0355,218.96376,771.81036,667.1211,664.4082,674.8072,1012.7988,666.8287,279.29166,541.5229,351.9575,964.4578,718.84576,530.0174,173.18484,311.6317,628.5277,454.7562,1011.57745,226.0178,416.40433,1009.4697,115.804955,1011.2845,666.2539,265.63556,416.53946,1008.9488,415.91693,1009.1221,665.42487,664.4151,526.9397,1356.0087,985.0881,59.107765,115.85153,369.95346,548.07245,1366.5059,115.97705,264.33173,1009.1449,1009.7185,415.02496,1007.5509,583.3915,262.61942,662.287,417.47845,1007.8132,415.78815,1008.6367,662.2231,212.07292,662.223,106.02271,990.79193,218.76991,665.10895,625.2803,328.397,668.41425,242.57935,662.4367,70.76641,305.02658,479.19592,450.72845,1008.7519,83.45396,661.82056,665.28,418.73703,898.88464,663.7166,417.37704,418.13495,663.8642,1011.3442,1009.4594,418.4868,542.55383,233.39607,773.07776,343.86798,1009.1764,542.1983,664.6392,664.0858,1009.0587,662.3555,666.92993,417.47125,1085.2997,284.51566,666.7666,667.7638,327.56598,1009.983,675.1467,446.62003,416.49527,505.75415,541.2024
4500,767.9927,670.05945,998.05383,437.25897,996.2737,997.83203,436.91028,997.97284,996.39343,437.45364,670.63885,438.2371,998.918,437.03592,997.4694,996.08167,1083.143,313.51947,437.62604,995.6323,996.6802,670.1446,437.23117,998.611,671.6029,670.7962,295.6879,254.04315,362.41998,670.1618,670.5514,996.2746,996.07635,316.46918,995.91705,996.1673,579.76965,437.41214,438.22784,996.6711,669.8435,669.73505,996.80115,669.6723,436.92404,437.0257,540.80676,616.87415,670.378,996.15216,669.6263,669.8466,559.1483,437.17337,436.80258,118.04245,179.9535,375.90466,70.30529,287.25125,995.8908,436.79984,123.995865,670.3946,109.02001,669.3635,102.939224,669.82196,283.29,669.45386,437.44302,635.72473,301.09174,438.3117,208.23329,436.88528,467.4298,378.59073,437.36658,996.3144,487.01328,540.3079,123.54773,164.43118,839.5264,637.57666,109.0081,135.77365,540.38544,437.87177,437.10822,100.253006,996.12024,669.1698,437.36075,669.33734,1083.3617,172.01772,192.5752,668.4705,437.11734,668.47095,996.3384,352.31537,266.4565,520.5054,347.05872,398.8882,1084.1228,625.89575,250.27531,104.22003,897.93604,162.21098,928.048,443.3229,117.174515,306.11636,530.29785,73.35557,436.9872,242.36942,996.1532,665.99274,666.0188,479.83957,996.56195,666.32404,163.50749,438.8988,438.81406,995.82745,667.83887,135.59703,650.07324,167.80563,384.9187,361.9854,674.77216,880.876,486.184,245.61841,1084.65,324.19434,538.0761,541.2644,242.2129,57.949177,111.024826,248.7389,361.82092,219.3113,213.32848,290.9431,150.25528,541.0464,217.4587,460.10855,395.24112,651.0946,96.80717,209.22977,801.4145,541.1549,751.6493,383.67694,168.46712,1084.0781,302.01245,541.23425,395.1462,199.95802,243.51256,540.0676,226.81596,1084.224,547.2525,430.19803,680.2353,372.57755,47.75212,310.02383,996.4285,1364.6018,668.1842,673.50494,998.44214,662.77325,995.4883,668.8215,436.89645,218.29509,801.0591,669.40753,668.0699,673.1892,998.1858,669.26416,294.49945,540.0113,368.81158,975.2618,721.08575,532.347,244.56805,317.1386,637.939,461.60284,997.30347,231.93571,436.89166,996.2664,112.618195,997.1586,668.9826,274.7723,436.959,996.01086,436.65164,996.09625,668.57416,668.07855,540.32764,1345.3446,998.71674,67.34148,118.16148,361.94492,554.7502,1365.6198,121.661095,261.90723,995.566,995.8496,436.2338,994.7816,607.7768,255.01624,665.97034,437.5858,994.9106,436.75314,995.3178,665.93933,223.69637,665.93933,110.99142,979.23334,229.94328,667.3595,635.7276,333.84296,697.2648,247.67339,666.04596,75.87275,310.05856,489.87732,463.33936,995.60284,91.262665,665.52155,667.22363,438.43335,916.9592,666.4551,437.76254,438.1353,666.5278,997.1423,996.20514,438.30493,540.8486,248.05034,779.3517,359.25458,995.8545,540.6599,667.965,667.69305,995.8377,665.78723,670.15375,437.8041,1085.0293,297.83817,670.07355,670.564,308.5501,996.2949,674.1967,467.39325,437.36697,523.215,539.7961
4560,783.7013,672.3225,984.9869,457.634,984.11096,984.6659,457.4491,984.7352,984.17267,457.72757,672.61145,458.1013,985.4506,457.5215,984.702,983.8081,1081.1729,307.0707,457.8094,983.58545,984.1044,672.3681,457.6152,985.26526,673.0828,672.68933,291.00565,268.92456,365.50153,672.3746,672.5677,983.907,983.8118,323.31723,983.73175,983.85895,588.832,457.70258,458.10022,984.1052,672.1288,672.07544,984.17004,672.0447,457.45944,457.50946,538.826,608.69116,672.39294,983.8525,672.0223,672.1316,571.97,457.5822,457.3974,122.41159,189.14923,386.6587,78.4085,295.68588,983.72546,457.39426,124.15194,672.2946,116.919975,671.78735,108.16093,672.01355,269.96423,671.8328,457.70953,644.11383,314.94492,458.13437,217.82666,457.4328,479.58456,388.20496,457.6696,983.9356,496.73145,538.4111,122.74582,166.76035,856.6665,645.4741,116.57008,132.57614,538.44934,457.9145,457.53775,103.561874,983.8414,671.2828,457.66263,671.3652,1081.2876,184.29991,195.9015,670.93915,457.54288,670.93976,983.94965,347.75656,280.93964,528.11664,359.0263,405.75662,1082.0404,617.8578,261.75464,104.72528,903.97784,165.05959,946.6395,450.7258,119.64821,309.76767,530.36035,81.58844,457.3582,253.33739,983.79236,668.57886,668.5921,482.72357,983.9943,668.7426,169.52411,458.29736,458.25458,983.6343,669.4884,141.355,655.79095,177.75133,376.01105,355.47092,675.60333,890.6022,499.1414,259.82718,1079.9965,325.2721,535.82996,539.2195,254.55757,62.815086,115.751526,264.13443,355.3295,234.00597,227.96577,304.89584,158.7413,539.09406,213.99493,465.40152,406.3411,656.53625,103.542305,230.15585,825.21277,539.1467,726.3672,402.04736,175.8315,1082.0089,308.1771,539.18695,400.03076,200.97606,256.74847,538.1348,235.12527,1082.0817,555.2822,449.6976,702.3191,383.5899,52.44234,317.5218,984.1843,1357.9668,670.6236,673.24146,985.1754,673.563,983.4668,670.93713,457.29486,224.209,825.03595,671.2263,670.5643,673.08716,985.2527,671.1563,309.60696,538.1221,384.11642,982.1109,721.8473,533.28564,283.58286,322.69388,645.67786,466.9656,984.5696,237.8921,457.10114,984.05945,110.384445,984.49774,671.01904,283.7068,457.1351,983.9344,456.98285,983.9765,670.81744,670.57495,552.92303,1334.4884,1007.75244,75.32007,120.68028,355.42923,559.81256,1362.1028,127.003784,260.99222,983.23627,983.37714,456.79745,982.85034,629.34534,372.42117,668.54596,457.61057,982.91376,457.1999,983.1159,668.5313,235.48738,668.5313,115.73132,968.2388,239.86006,669.23047,644.1418,339.7548,722.19745,252.35408,668.5855,80.78407,314.50342,499.0114,474.5068,983.45575,98.85403,668.11676,668.95416,458.26285,931.3258,668.57684,457.93112,458.11444,668.6126,984.44617,983.97626,458.1945,538.83575,261.09763,783.917,373.50388,983.60895,538.72504,670.30493,670.1714,983.636,668.25037,672.37225,457.9469,1082.7834,309.92816,672.33295,672.5741,291.91467,983.8632,674.3621,486.75528,457.77188,538.82526,537.97375
4620,796.8348,673.60144,973.0978,477.06494,972.6668,972.74994,476.96167,972.78406,972.6998,477.10898,673.74835,477.282,973.3598,477.00705,972.96014,972.3311,1077.5983,301.33203,477.14645,972.22015,972.4785,673.6284,477.051,973.2387,673.9766,673.78723,287.38138,282.75754,369.57947,673.629,673.7257,972.3835,972.33887,329.34833,972.2979,972.3643,595.73615,477.09244,477.28473,972.48395,673.4267,673.4005,972.5166,673.38544,476.97006,476.99466,536.6136,600.6362,673.5581,972.36206,673.37476,673.4296,583.0454,477.03055,476.9374,126.51877,197.88739,395.86597,86.39828,303.33832,972.301,476.93423,124.394554,673.41504,124.83756,673.16547,113.08242,673.2775,258.3444,673.1891,477.0883,650.7079,327.15826,477.29498,227.02701,476.94998,490.2669,396.53323,477.06647,972.406,504.95862,536.2481,122.88119,168.2041,870.2651,651.7058,124.12015,130.28778,536.2671,477.18362,476.99725,106.99731,972.36096,672.5281,477.05927,672.5685,1077.6724,196.6071,205.0679,672.3594,477.00034,672.36017,972.41504,344.14215,295.10828,534.2292,370.66595,411.43347,1078.374,609.7703,272.87863,105.603836,908.0746,167.71194,961.7461,457.26715,121.82378,313.21484,525.3878,89.26839,476.78076,260.7674,972.2841,670.1279,670.135,484.48474,972.38434,670.2094,175.43552,477.24167,477.21957,972.20844,670.577,146.90024,660.00275,187.22612,368.3143,350.19983,675.5711,897.904,510.69986,274.07776,1074.3678,326.27484,533.4768,536.946,265.92493,67.594826,120.21754,279.3179,350.08234,248.44568,242.51161,318.04086,166.78662,536.863,210.32948,469.58832,416.14645,660.5492,109.74667,221.26357,844.582,536.8882,703.1769,388.5558,184.0496,1078.3492,314.71933,536.9091,404.0209,202.26521,269.494,535.9615,243.1857,1078.3862,561.3562,468.05103,721.26843,393.29327,57.109573,324.71106,972.70667,1350.2949,672.04144,673.32947,973.19446,682.6851,972.1255,672.19556,476.7323,255.91182,844.49347,672.33887,672.0082,673.2547,973.4147,672.30493,324.42953,535.9796,398.00772,985.79016,721.5258,533.21564,200.42474,328.3904,651.82556,471.0901,972.8562,243.74855,476.4419,972.60535,108.963646,972.8203,672.23883,292.4538,476.4594,972.54456,476.38354,972.5653,672.13885,672.02106,564.62463,1323.5659,1013.1241,83.0279,123.427795,350.16232,563.7141,1356.6945,132.13281,261.3338,971.7743,971.84485,476.31104,971.5844,648.36176,463.54166,670.09454,476.86072,971.6156,476.6577,971.7168,670.0881,247.37819,670.0881,120.20385,957.73,248.72365,670.4326,650.7417,345.62122,743.70056,256.70474,670.1169,85.51404,318.53735,506.87372,484.42233,972.0589,106.21253,669.6854,670.09753,477.42175,942.7273,669.9128,477.257,477.3471,669.9304,972.7529,972.5134,477.38333,536.6074,272.77377,787.1464,386.72287,972.15265,536.5319,671.6833,671.6178,972.19696,669.75464,673.6254,477.26035,1079.013,320.85498,673.60626,673.7248,277.40778,972.31085,674.6055,504.64725,477.21127,552.7631,535.87726
4680,807.75543,673.9975,962.02155,495.28986,961.8096,961.6794,495.228,961.69617,961.8283,495.30975,674.0754,495.3852,962.1809,495.25912,961.95624,961.4764,1072.8041,296.3824,495.32568,961.4205,961.55054,674.0161,495.2788,962.09467,674.18335,674.0951,284.65735,295.5214,374.32367,674.01324,674.0628,961.50574,961.48584,334.69223,961.46423,961.50055,600.83984,495.29782,495.38947,961.558,673.8389,673.8261,961.5747,673.8187,495.2351,495.24722,534.26245,592.7731,673.9053,961.5003,673.81384,673.84216,592.59216,495.265,495.2172,130.42326,206.22218,403.7209,94.25442,310.31235,961.47174,495.21414,124.76233,673.7511,132.75949,673.6283,117.71942,673.6844,248.15417,673.64136,495.289,655.714,337.92154,495.38858,235.8315,495.219,499.63434,403.73267,495.2763,961.5249,511.89798,533.9295,123.773735,169.0526,880.83246,656.4464,131.88371,128.71324,533.939,495.33096,495.23834,110.60558,961.5039,672.9445,495.26938,672.9642,1072.8665,208.85336,219.8861,672.8619,495.24036,672.86285,961.5313,341.34958,308.87256,539.1733,381.9581,416.13437,1073.5033,601.74554,283.61295,106.86334,910.5041,170.28944,973.92053,463.1284,123.820755,316.51144,519.0026,96.41591,494.99658,267.73434,961.4242,670.75903,670.7631,485.3739,961.4742,670.80023,181.20262,495.2223,495.21048,961.3889,670.98175,152.24892,662.91455,196.26434,361.7384,345.98853,674.81287,903.1042,521.0152,288.16583,1067.9987,327.303,531.08716,534.5396,276.47815,72.2794,124.43466,294.1676,345.893,262.56073,256.86145,330.39713,174.46715,534.47565,206.64304,472.8749,424.813,663.3179,115.51339,236.57646,860.12445,534.48724,681.08905,397.84137,194.15683,1073.482,321.5825,534.4988,407.31073,203.86678,281.7256,533.64453,250.89972,1073.5016,565.82184,485.2246,737.5772,401.86948,61.73212,331.56705,961.83905,1341.8453,672.5536,673.18744,962.0792,690.40955,961.3476,672.6292,494.95715,282.26428,860.0797,672.7008,672.5323,673.1518,962.3512,672.6847,338.88184,533.68555,410.60703,986.94,720.4071,532.4271,268.87878,334.02722,656.51965,474.17966,961.8762,249.41777,494.61664,961.7529,108.24974,961.85803,672.65375,301.0047,494.62604,961.7237,494.58786,961.73395,672.6036,672.5475,575.385,1312.6648,1015.5768,90.46682,126.406586,345.957,566.6364,1349.9071,137.1361,262.71613,960.9626,960.9984,494.56903,960.8692,665.07965,464.3052,670.72955,494.98984,960.88446,494.88907,960.9359,670.72723,259.51886,670.72723,124.42419,947.65533,256.7039,670.89746,655.74506,350.9565,762.2043,260.79016,670.74384,90.07978,322.2841,513.6756,493.24237,961.2581,113.38271,670.3404,670.5433,495.5091,951.734,670.45337,495.42664,495.4709,670.4621,961.78394,961.65826,495.48584,534.24854,283.2771,789.3164,398.99722,961.3137,534.1886,672.1852,672.1532,961.3631,670.3784,674.0057,495.4243,1074.0697,330.6983,673.9964,674.05457,264.7456,961.4212,674.48914,521.09076,495.43423,565.1808,533.61707
4740,816.75366,673.6258,951.55597,512.2056,951.4517,951.2329,512.1655,951.2412,951.4633,512.2139,673.67035,512.2425,951.6621,512.18854,951.5262,951.13605,1067.0839,292.23325,512.21954,951.1073,951.174,673.64087,512.19653,951.5955,673.71857,673.6807,282.7017,307.22653,379.48785,673.6359,673.66254,951.1539,951.1461,339.45215,951.1341,951.1554,604.4472,512.2047,512.2472,951.18225,673.48096,673.4747,951.19116,673.4711,512.17163,512.1776,531.84674,585.14636,673.51544,951.1561,673.4691,673.4845,600.7891,512.1865,512.1612,134.17386,214.18172,410.39462,101.96676,316.69104,951.14343,512.1584,125.27401,673.366,140.67072,673.30554,122.10082,673.33417,239.1762,673.3136,512.19446,659.3321,347.41217,512.2416,244.24413,512.15826,507.82733,409.9491,512.18646,951.171,517.72284,531.538,125.2854,169.5212,888.8055,659.8707,140.01659,127.706894,531.5428,512.2107,512.1643,114.41116,951.1619,672.61676,512.18005,672.6261,1067.1469,220.96811,235.57874,672.5764,512.1658,672.5775,951.17615,339.27182,322.1702,543.19305,392.8823,420.03436,1067.7181,593.8647,293.93033,108.500786,911.5109,172.87732,983.6147,468.43384,125.722786,319.6913,509.50793,103.07432,511.90405,272.13705,951.08984,670.59705,670.59973,485.5898,951.1152,670.6185,186.796,512.0142,512.00757,951.07446,670.7086,157.4114,664.70996,204.89635,356.18927,342.68808,673.45,906.49335,530.2181,301.9525,1061.0693,328.41852,528.7109,532.0752,286.335,76.864716,128.43727,308.60596,342.6118,276.29144,270.9273,341.99097,181.83505,532.0197,203.05695,475.42844,432.47308,665.01025,120.938225,226.57596,872.37396,532.02466,660.2804,380.82935,205.49692,1067.6989,328.6937,532.03156,410.047,205.7965,293.42645,531.2599,258.27542,1067.71,568.96783,501.23273,751.646,409.4721,66.29377,338.0782,951.4817,1332.8173,672.2828,672.5948,951.6,696.9442,951.0536,672.3197,511.8709,298.62125,872.3511,672.35614,672.2665,672.5784,951.88153,672.34875,352.96335,531.3185,422.02478,986.0833,718.6911,531.1395,194.56935,339.54742,659.9167,476.404,951.4658,254.84811,511.50433,951.40533,108.16074,951.4564,672.33527,309.34094,511.50964,951.3916,511.49014,951.3967,672.30945,672.284,585.1936,1301.7736,1015.7117,97.651215,129.60924,342.66278,568.79395,1342.1061,142.07196,264.95572,950.6731,950.69183,511.49576,950.6272,679.7264,445.58978,670.5732,511.85306,950.63464,511.80273,950.66156,670.57294,271.9886,670.57294,128.4284,937.9757,263.94168,670.65753,659.35706,355.9836,778.0869,264.66165,670.5838,94.49931,325.82935,519.5813,501.09702,950.956,120.464676,670.2035,670.3034,512.35345,958.7697,670.2604,512.3117,512.33344,670.26465,951.3799,951.3105,512.33826,531.82935,292.77332,790.6346,410.39853,950.9856,531.7762,671.91815,671.90265,951.035,670.2266,673.6234,512.307,1068.2297,339.54178,673.619,673.6475,253.66264,951.0655,673.86273,536.15796,512.3432,576.20844,531.2764
4800,824.0906,672.60016,941.5836,527.80945,941.5325,941.2842,527.7812,941.2883,941.54047,527.81226,672.6289,527.8188,941.6615,527.7993,941.5712,941.23944,1060.664,288.8563,527.81305,941.22406,941.2596,672.6141,527.80176,941.60657,672.6473,672.6347,281.40375,317.9056,384.88846,672.6077,672.62317,941.25146,941.2496,343.71124,941.2423,941.25616,606.8165,527.80475,527.82336,941.26807,672.46704,672.464,941.2731,672.4623,527.78656,527.7895,529.4228,577.7863,672.486,941.2574,672.4617,672.4709,607.7878,527.794,527.77997,137.80966,221.78395,416.03778,109.531876,322.54227,941.25244,527.77747,125.936806,672.3483,148.54002,672.3185,126.2613,672.3337,231.23883,672.32416,527.7945,661.74786,355.7926,527.81604,252.27347,527.77515,514.97266,415.31558,527.789,941.2674,522.58185,529.1339,127.30922,169.77292,894.5599,662.1454,148.46376,127.15986,529.1364,527.79865,527.7751,118.41777,941.26404,671.64386,527.78326,671.6481,1060.7319,232.86417,249.57358,671.6243,527.7762,671.6256,941.2717,337.8151,334.95883,546.47046,403.4238,423.27567,1061.2423,586.1858,303.81116,110.50461,911.30853,175.53313,991.1827,473.2699,127.58774,322.77524,500.35022,109.30437,527.5008,277.13297,941.2036,669.7615,669.7635,485.29007,941.2167,669.7733,192.19583,527.5542,527.5502,941.1979,669.8185,162.39557,665.55194,213.14833,351.57315,340.17413,671.5882,908.32983,538.4182,315.34308,1053.7283,329.65616,526.3829,529.6089,295.58197,81.35037,132.2655,322.53662,340.11426,289.58884,284.63724,352.85336,188.9271,529.55743,199.65312,477.38452,439.24112,665.77814,126.11373,241.48375,881.7968,529.55914,640.26605,388.0957,217.10086,1061.2244,335.97806,529.5637,412.34152,208.05273,304.5861,528.86475,265.2604,1061.2313,571.0352,516.0948,763.7994,416.2308,70.78337,344.2422,941.5676,1323.2778,671.347,671.5006,941.6259,702.4481,941.1871,671.36475,527.4724,307.92203,881.7849,671.38403,671.3325,671.49384,941.89825,671.381,366.6801,528.937,432.36285,983.6438,716.5239,529.5173,265.4426,344.80765,662.17395,477.90558,941.52704,260.01212,527.0925,941.49744,108.631386,941.5219,671.3762,317.4415,527.0958,941.4913,527.08563,941.49384,671.3622,671.35205,594.06433,1291.0221,1014.01276,104.6065,133.02252,340.1547,570.2868,1333.5068,146.97717,267.89737,940.82635,940.8367,527.1015,940.80383,692.52686,425.1255,669.74347,527.4268,940.80743,527.40137,940.8222,669.7444,284.66302,669.7444,132.25742,928.65955,270.5541,669.7869,661.76575,360.5105,791.6796,268.36038,669.7527,98.79012,329.2312,524.71985,508.09583,941.08765,127.54137,669.3927,669.442,527.9185,964.1958,669.42206,527.897,527.90753,669.4242,941.4449,941.40356,527.9077,529.4042,301.40118,791.25525,420.98862,941.0988,529.3541,670.9928,670.98535,941.1462,669.4088,672.5904,527.89154,1061.71,347.46896,672.5884,672.60223,243.92917,941.163,672.70966,549.9483,527.93787,585.9613,528.9166
4860,829.973,671.0261,932.02924,542.14905,932.00415,931.7536,542.12775,931.7557,932.0103,542.1493,671.0478,542.146,932.0915,542.1426,932.0254,931.73444,1053.701,286.2011,542.14795,931.72577,931.7458,671.04,542.14246,932.04395,671.05084,671.0512,280.67007,327.60623,390.38882,671.03253,671.0427,931.7436,931.74457,347.5384,931.7397,931.7498,608.16516,542.14307,542.15027,931.75433,670.90295,670.9015,931.7574,670.90076,542.13245,542.13385,527.0321,570.7122,670.9144,931.7512,670.9008,670.9071,613.7239,542.1362,542.1279,141.36105,229.0514,420.78268,116.9397,327.9224,931.7501,542.12573,126.750534,670.79126,156.35048,670.77655,130.2363,670.78516,224.20586,670.7811,542.1335,663.12976,363.20743,542.14264,259.93198,542.1226,521.18304,419.95093,542.12946,931.75885,526.6029,526.7607,129.76111,169.92467,898.41785,663.4246,157.06693,126.99059,526.762,542.1322,542.12,122.62218,931.7583,670.1246,542.1244,670.12616,1053.7754,244.5009,261.14264,670.11523,542.12085,670.1166,931.7628,336.89706,347.21112,549.142,413.5722,425.97412,1054.2308,578.7491,313.24316,112.85789,910.08124,178.29318,996.9499,477.69766,129.4544,325.77545,489.23676,115.16877,541.83484,280.20496,931.7101,668.3613,668.3631,484.59943,931.71716,668.3686,197.39037,541.86035,541.8578,931.70905,668.39166,167.2082,665.5848,221.04568,347.79926,338.34082,669.31854,908.83856,545.71844,328.2734,1046.0525,331.0318,524.12695,527.1816,304.28262,85.73862,135.95709,335.93378,338.29483,302.41486,297.93423,363.0172,195.77394,527.13257,196.48494,478.85382,445.21686,665.75757,131.10408,231.02325,888.79694,527.1326,621.3634,369.60257,228.34966,1054.2136,343.36575,527.13605,414.2809,210.62224,315.2005,526.5011,271.91473,1054.2189,572.22363,529.8633,774.3099,422.2554,75.19413,350.0636,932.04645,1313.4518,669.85425,669.92993,932.07513,707.07715,931.7032,669.86255,541.8103,312.94672,888.79065,669.8735,669.84015,669.92786,932.331,669.87256,380.00208,526.58405,441.71448,979.96014,714.0145,527.6834,191.40936,349.8318,663.44147,478.80447,931.9945,264.8989,541.4244,931.9801,109.60757,931.9915,669.87225,325.28607,541.4266,931.97766,541.421,931.979,669.86383,669.86145,602.0436,1280.4353,1010.85876,111.34971,136.63055,338.32663,571.27783,1324.3383,151.87527,271.41,931.36694,931.3731,541.44025,931.3559,703.6757,406.94214,668.34906,541.7486,931.3576,541.7355,931.36646,668.35065,297.32684,668.3506,135.9494,919.6825,276.63693,668.3725,663.1407,364.79956,803.27185,271.9189,668.35785,102.968315,332.52823,529.19635,514.33325,931.60504,134.63666,668.01654,668.0409,542.2356,968.29535,668.03235,542.2241,542.22925,668.03345,931.91547,931.888,542.2275,527.01337,309.27637,791.33325,430.82306,931.6029,526.9653,669.51355,669.5101,931.6476,668.02954,671.011,542.2187,1054.6611,354.5609,671.0102,671.01685,235.35378,931.6577,671.0713,562.56024,542.2675,594.55743,526.58185
4920,834.5956,668.9981,922.84015,555.28925,922.82806,922.58716,555.2729,922.5882,922.83325,555.28876,669.0164,555.2816,922.8934,555.285,922.8406,922.5807,1046.3472,284.22556,555.28656,922.57526,922.58765,669.0122,555.28394,922.8507,669.0118,669.0188,280.43054,336.4014,395.88766,669.0041,669.0118,922.5883,922.59064,350.9902,922.587,922.59515,608.6759,555.2835,555.2854,922.5961,668.88336,668.8827,922.5982,668.8824,555.27686,555.2776,524.6992,563.9163,668.8913,922.5966,668.8829,668.88776,618.7013,555.2789,555.2736,144.85289,235.98007,424.75894,124.20115,332.8884,922.59735,555.2717,127.71311,668.7832,164.0838,668.7759,134.06303,668.7814,217.9679,668.7801,555.2752,663.6303,369.78525,555.2784,267.23254,555.2686,526.56055,423.9583,555.272,922.60297,529.8972,524.4437,132.57413,170.06584,900.6606,663.84985,165.6693,127.13768,524.4445,555.27167,555.26514,127.013794,922.6038,668.1497,555.26764,668.15,1046.4272,255.83168,270.4225,668.14545,555.26575,668.1469,922.6067,336.44794,358.91034,551.31195,423.31635,428.22772,1046.8347,571.58167,322.22113,115.540695,907.9874,181.18033,1001.186,481.7619,131.35097,328.70514,479.17096,120.73356,554.9713,284.19888,922.56726,666.4932,666.49493,483.61865,922.57135,666.4983,202.37611,554.98334,554.9814,922.56854,666.51056,171.85825,664.9353,228.60323,344.7849,337.1004,666.71704,908.22125,552.18896,340.70056,1038.1821,332.55115,521.9509,524.8171,312.48645,90.034134,139.54741,348.7696,337.0661,314.74127,310.77405,372.5176,202.38092,524.7701,193.5867,479.92746,450.4892,665.0694,135.96439,245.33754,893.72546,524.7694,603.1112,375.6998,238.96135,1046.8182,350.79062,524.77216,415.93015,213.48563,325.2717,524.19366,278.18137,1046.8225,572.6978,542.59955,783.41376,427.64166,79.52299,355.5514,922.87756,1303.4333,667.9,667.93744,922.8918,710.867,922.5652,667.9036,554.95056,315.47958,893.7221,667.91046,667.8856,667.9377,923.12866,667.91064,392.8763,524.2849,450.16653,975.30927,711.24695,525.7302,261.82184,354.5313,663.8581,479.2093,922.82007,269.5091,554.5628,922.8131,111.04325,922.8181,667.9126,332.8576,554.56445,922.8125,554.5613,922.81323,667.90686,667.90845,609.1333,1269.9829,1006.5737,117.91383,140.41411,337.09076,571.8191,1314.7794,156.77274,275.38223,922.253,922.25714,554.58026,922.24774,713.3518,391.5765,666.486,554.87854,922.24854,554.87164,922.25433,666.4879,309.78287,666.4879,139.53992,910.99713,282.2751,666.4997,663.63477,368.6366,813.1164,275.37344,666.49475,107.04957,335.74655,533.0904,519.8873,922.46783,141.73561,666.1709,666.183,555.36206,971.2999,666.18024,555.3559,555.35834,666.1808,922.7428,922.72253,555.3559,524.681,316.4976,790.8675,439.95007,922.45575,524.63477,667.574,667.57245,922.49774,666.18256,668.9786,555.35095,1047.2325,360.9017,668.9784,668.98145,227.77956,922.5045,669.00995,574.08307,555.39905,602.06824,524.29834
4980,838.1277,666.5966,913.99384,567.31244,913.98785,913.76154,567.29926,913.7621,913.9925,567.3115,666.6135,567.3034,914.0413,567.3094,913.9961,913.761,1038.7303,282.8422,567.3091,913.75726,913.7656,666.61115,567.308,914.00226,666.60504,666.61566,280.61005,344.33356,401.31033,666.60236,666.609,913.76776,913.77057,354.11456,913.76764,913.7748,608.50195,567.30725,567.3068,913.77405,666.48914,666.48883,913.7756,666.4888,567.30273,567.3031,522.4471,557.4337,666.49536,913.7761,666.48944,666.4938,622.8263,567.3039,567.30035,148.30234,242.59883,428.05142,131.32222,337.4705,913.77783,567.29877,128.81818,666.4021,171.72475,666.3985,137.76662,666.40247,212.43709,666.4025,567.30005,663.381,375.63953,567.3005,274.18762,567.2959,531.1948,427.43118,567.2975,913.78186,532.5589,522.2062,135.69318,170.25893,901.52924,663.5465,174.1277,127.553894,522.20667,567.296,567.29236,131.57828,913.7833,665.7988,567.2939,665.79846,1038.8152,266.8243,277.79358,665.797,567.29297,665.7985,913.7853,336.40198,370.04968,553.0593,432.65427,430.1077,1039.181,564.69055,330.74448,118.5308,905.1729,184.2013,1004.11926,485.49524,133.29268,331.56152,467.58484,126.05366,566.9918,286.4259,913.75745,664.23956,664.2412,482.41943,913.7599,664.2436,207.1525,566.9972,566.9959,913.75977,664.2506,176.35088,663.71277,235.83917,342.4436,336.36865,663.849,906.6513,557.9084,352.59814,1030.2098,334.20532,519.8729,522.5376,320.2329,94.24169,143.0603,361.02905,336.34427,326.54883,323.12476,381.38748,208.77156,522.4927,190.97992,480.67355,455.13416,663.8193,140.72324,234.1964,896.88556,522.49164,585.8297,356.2789,248.8438,1039.165,358.2,522.4941,417.34283,216.61612,334.80548,521.9652,284.13367,1039.1691,572.5963,554.3638,791.2865,432.4633,83.769516,360.7181,914.04395,1293.2946,665.5664,665.5851,914.05115,713.96375,913.7577,665.5675,566.9745,316.55988,896.88367,665.5725,665.5515,665.5865,914.26935,665.57306,405.2212,522.06287,457.79736,969.95685,708.2908,523.7161,187.09612,358.96307,663.54816,479.19562,913.9837,273.8497,566.5875,913.9805,112.89824,913.98254,665.5764,340.14328,566.58887,913.9809,566.58704,913.98126,665.5719,665.57556,615.4066,1259.75,1001.48376,124.32026,144.35382,336.363,572.0295,1304.9556,161.67467,279.7202,913.4681,913.4711,566.60425,913.4655,721.7174,378.73724,664.2368,566.8954,913.4659,566.8918,913.47015,664.23895,321.84274,664.23895,143.0529,902.62195,287.53107,664.24567,663.37994,372.26852,821.43854,278.73312,664.2458,111.045555,338.89905,536.47095,524.8286,913.6614,148.78934,663.9385,663.9445,567.37573,973.3659,663.94464,567.3722,567.37317,663.945,913.90845,913.89185,567.37085,522.42975,323.1469,789.9987,448.41592,913.6419,522.3853,665.2551,665.2547,913.68146,663.9496,666.5737,567.36774,1039.5505,366.55862,666.5738,666.5752,221.07916,913.68646,666.59094,584.59705,567.4136,608.5971,522.0899
5040,840.71295,663.8952,905.44946,578.29565,905.44653,905.23553,578.28503,905.2358,905.45087,578.2944,663.9116,578.287,905.4932,578.2934,905.4525,905.2375,1030.9349,281.98883,578.2924,905.2348,905.24133,663.9103,578.2918,905.4568,663.90125,663.91376,281.15015,351.46878,406.60272,663.9011,663.9072,905.24384,905.2472,356.9524,905.2444,905.2511,607.7737,578.29114,578.2898,905.2495,663.79395,663.7938,905.2508,663.7939,578.2879,578.28815,520.2898,551.25757,663.7993,905.2525,663.7947,663.7987,626.18915,578.28864,578.28613,151.72195,248.9193,430.7519,138.30782,341.7055,905.2545,578.2848,130.05899,663.7203,179.25987,663.71844,141.37373,663.7217,207.54187,663.7224,578.2849,662.5025,380.8691,578.2845,280.8124,578.2823,535.1684,430.4502,578.28314,905.25757,534.67224,520.0625,139.07268,170.54575,901.23224,662.6285,182.3642,128.20245,520.06287,578.2811,578.2791,136.29903,905.2595,663.1447,578.28,663.14404,1031.0234,277.4561,283.70477,663.14404,578.27966,663.14557,905.2611,336.7021,380.62842,554.44824,441.58344,431.67868,1031.3531,558.0958,338.81818,121.805275,901.7506,187.3569,1005.94147,488.9244,135.29036,334.3462,457.32077,131.17612,577.97363,289.65,905.24286,661.67505,661.67676,481.06845,905.2447,661.6786,211.72307,577.9758,577.975,905.24567,661.6831,180.6937,662.01544,242.7701,340.7026,336.07776,660.7714,904.2781,562.94464,363.95135,1022.1538,335.98495,517.89734,520.3569,327.554,98.36716,146.51717,372.70758,336.06177,337.8257,334.96405,389.66055,214.95633,520.3142,188.6754,481.15698,459.22168,662.1016,145.39835,247.79037,898.53986,520.31305,569.0636,361.65472,258.00613,1031.3378,365.548,520.31525,418.5616,219.9855,343.812,519.8301,289.74103,1031.3416,572.03516,565.2165,798.08594,436.78824,87.93523,365.57718,905.50836,1283.0935,662.9268,662.93634,905.51227,716.426,905.24426,662.9269,577.95905,316.8146,898.539,662.93085,662.91144,662.93835,905.7132,662.93176,416.9832,519.93256,464.68027,963.96844,705.1895,521.6949,256.7775,363.05295,662.62506,478.83972,905.44653,277.93225,577.5747,905.4451,115.13665,905.4455,662.93567,347.13428,577.5758,905.4458,577.57477,905.44604,662.9317,662.93646,620.91016,1249.7264,995.61975,130.58606,148.43092,336.07562,571.9225,1294.9596,166.58078,284.34415,904.9741,904.9765,577.5897,904.9728,728.92053,368.0068,661.67584,577.87524,904.97284,577.87317,904.9765,661.6781,333.41373,661.67804,146.5098,894.5064,292.4582,661.68256,662.49677,375.4767,828.4299,282.0156,661.68494,114.96758,341.99466,539.39734,529.219,905.1485,155.75203,661.39343,661.39655,578.3516,974.6528,661.3982,578.34955,578.35,661.3984,905.37286,905.3578,578.3478,520.27356,329.2932,788.77295,456.26276,905.1236,520.2312,662.63055,662.6305,905.1609,661.40454,663.86914,578.34576,1031.6973,371.59644,663.86926,663.8698,215.14952,905.1652,663.8795,594.1757,578.38855,614.2301,519.97156
5100,842.4686,660.94745,897.193,588.21423,897.1916,896.9953,588.2059,896.9955,897.1958,588.213,660.9638,588.2067,897.234,588.2125,897.1964,896.99866,1023.02386,281.60602,588.2115,896.9963,897.00195,660.963,588.2112,897.19977,660.9523,660.966,282.00034,357.87213,411.72534,660.9535,660.9594,897.0047,897.0081,359.5386,897.0055,897.0117,606.5954,588.2105,588.209,897.00977,660.8516,660.85156,897.0109,660.8517,588.2081,588.20825,518.23444,545.38165,660.85675,897.01324,660.8525,660.8565,628.8654,588.2087,588.2068,155.12148,254.96643,432.93982,145.16043,345.62463,897.0153,588.2057,131.42838,660.79083,186.67838,660.78986,144.90654,660.7928,203.22244,660.79395,588.20544,661.0937,385.5591,588.2047,287.1288,588.2037,538.55,433.08405,588.20416,897.0181,536.3062,518.01984,142.67535,170.91765,899.9492,661.1909,167.60056,129.05434,518.0201,588.2022,588.20105,141.15846,897.0201,660.24115,588.2016,660.2403,1023.11487,287.7123,265.68338,660.2411,588.20154,660.24274,897.0216,337.29837,390.65042,555.5246,450.0687,432.99396,1023.41345,551.802,346.45074,125.34065,897.8286,190.64223,1006.8109,492.06784,137.35013,337.059,445.71237,136.08183,587.8921,291.1479,897.01135,658.8545,658.8562,479.61517,897.013,658.85785,216.09535,587.8929,587.8922,897.0144,658.861,184.89507,659.9218,249.42247,339.49246,336.16608,657.5265,901.2323,567.35693,374.75336,1014.0753,337.87537,516.02374,518.2813,334.47647,102.41653,149.93437,383.80847,336.15723,348.56665,346.27765,397.3693,220.94812,518.2411,186.67325,481.42694,462.81094,659.9934,149.42937,235.92418,898.91364,518.23987,553.14233,341.68277,198.92119,1023.3985,372.79272,518.2419,419.61963,223.56494,352.3047,517.7953,295.0668,1023.4022,571.1063,575.2185,803.94604,440.67456,92.022896,370.14456,897.25854,1272.8756,660.03735,660.0423,897.2606,718.3206,897.01337,660.03674,587.8803,312.09775,898.9136,660.0403,660.0212,660.04456,897.44604,660.04144,423.58057,517.90137,470.87906,957.6011,701.9858,519.7007,181.35759,366.86957,661.1832,478.2039,897.1953,281.7712,587.4977,897.1947,117.725395,897.1943,660.0456,353.82507,587.49866,897.19556,587.498,897.19574,660.04175,660.0473,625.69556,1239.9071,989.273,136.68925,152.63092,336.16693,571.58875,1284.8615,171.4954,289.1861,896.76,896.7621,587.5104,896.75934,735.0503,358.30905,658.85895,587.79083,896.75934,587.7896,896.76245,658.86127,321.69672,658.86127,149.92699,886.65436,297.10068,658.86475,661.084,378.5026,834.2194,285.2332,658.86835,118.82525,345.0366,541.91785,533.109,896.91785,158.11357,658.59186,658.5935,588.26294,975.2809,658.59595,588.2616,588.2618,658.59607,897.1231,897.1092,588.2599,518.2193,334.99493,787.24335,463.52713,896.88916,518.17926,659.75543,659.7555,896.9246,658.6032,660.92,588.2586,1023.7346,376.07684,660.9201,660.9203,209.90619,896.92847,660.9269,602.3636,588.2968,619.0411,517.95074
5160,843.4804,657.8084,889.2069,596.811,889.20624,889.0235,596.8048,889.0236,889.2103,596.81,657.82465,596.80524,889.2458,596.8098,889.2104,889.0276,1015.05597,281.63785,596.8089,889.02527,889.0305,657.8243,596.8087,889.21326,657.8126,657.8271,283.11783,363.60654,416.65085,657.8145,657.82043,889.0334,889.03674,361.90347,889.0343,889.04016,605.0588,596.8082,596.80695,889.0381,657.7173,657.7173,889.0391,657.7174,596.8066,596.8066,516.28345,539.7985,657.72235,889.04175,657.7182,657.7222,630.92993,596.80695,596.8056,158.5076,260.72363,434.68527,151.85338,349.25595,889.04376,596.8048,132.91913,657.6686,193.96729,657.668,148.38298,657.67084,199.42332,657.67224,596.8045,659.24524,389.78305,596.80383,293.13837,596.80334,541.40564,435.39127,596.8036,889.04645,537.52545,516.0806,146.46759,171.24437,897.8364,659.32117,175.47844,130.08646,516.0808,596.80206,596.80133,146.13878,889.04834,657.14307,596.80176,657.14215,1015.14874,297.58505,269.90186,657.1434,596.80176,657.145,889.0498,338.1469,400.1237,556.3302,457.9902,434.0971,1015.42035,545.80756,353.6537,129.11371,893.4967,194.04832,1006.83563,494.9438,139.47488,339.69977,435.57617,140.5519,596.4906,293.67285,889.0465,655.83374,655.83545,478.09824,889.04803,655.8371,220.2784,596.4908,596.4903,889.04956,655.83954,188.9631,657.5048,255.78163,338.74954,336.57956,654.15546,897.6275,571.2004,385.0038,1006.01416,339.86157,514.2507,516.31305,341.0238,106.3959,153.32417,394.34174,336.5768,358.7717,357.05817,404.54565,226.74661,516.2753,184.93947,481.52377,465.95712,657.56573,152.65224,248.81496,898.2029,516.2741,537.63617,346.67325,240.05331,1015.4058,379.87427,516.276,420.5441,227.32544,360.2995,515.86346,300.06598,1015.4095,569.88885,584.42914,808.9809,444.17194,96.036446,374.43417,889.27747,1262.6731,656.95184,656.95447,889.27856,719.7018,889.0487,656.95087,596.4819,307.14273,898.2031,656.95416,656.9351,656.9569,889.45013,656.9555,429.62494,515.97205,476.455,950.94684,698.7102,517.7576,250.42726,370.35263,659.30994,477.3413,889.21295,285.38263,596.0986,889.2127,120.633965,889.2118,656.95984,360.21353,596.09937,889.2135,596.09894,889.2138,656.956,656.962,629.8141,1230.2905,982.5737,142.49509,156.92874,336.5831,571.02167,1274.715,176.39395,294.1839,888.8099,888.8117,596.10834,888.8095,740.0982,348.77872,655.8411,596.3845,888.8095,596.3837,888.8123,655.84357,332.26703,655.8435,153.31677,879.0454,301.49625,655.8465,659.23224,381.12668,838.8253,288.39572,655.85077,122.62673,348.02612,544.07526,536.5463,888.9533,160.35864,655.5886,655.5895,596.8525,975.3486,655.59235,596.85175,596.8518,655.5924,889.1423,889.12915,596.85034,516.2694,340.30228,785.4458,470.24496,888.92206,516.2318,656.6839,656.684,888.95593,655.60016,657.7796,596.8495,1015.7207,380.05685,657.7797,657.7798,205.27866,888.9594,657.7848,609.1778,596.8828,623.10443,516.0306
5220,843.81415,654.5211,881.48096,604.33215,881.48065,881.31036,604.32806,881.3104,881.4846,604.33154,654.53754,604.3283,881.518,604.3314,881.4844,881.3147,1007.07367,282.03366,604.3308,881.31244,881.3173,654.5372,604.33075,881.487,654.52496,654.53986,284.46573,368.73242,421.36096,654.5273,654.53314,881.3203,881.32355,364.07327,881.32117,881.3268,603.2381,604.3304,604.32947,881.32465,654.4341,654.4341,881.3256,654.43414,604.32935,604.3292,514.4366,534.49896,654.43915,881.32837,654.435,654.439,632.4474,604.3296,604.3287,161.88487,266.22052,436.0493,158.35594,352.62454,881.3303,604.3281,134.52415,654.39655,201.10861,654.39624,151.81721,654.399,196.08601,654.4005,604.32794,657.03357,393.60394,604.3274,298.85883,604.3272,543.7923,437.4217,604.32733,881.33295,538.3841,514.24475,150.419,171.5731,895.0295,657.0941,185.03183,131.28004,514.24493,604.3263,604.32587,151.22102,881.33466,653.8937,604.32623,653.8927,1007.1674,307.0704,275.5296,653.89417,604.3262,653.8958,881.3362,339.20874,409.0595,556.89746,465.39722,435.02304,1007.4155,540.10693,360.44006,133.10146,888.83527,197.56335,1006.1042,497.56754,141.66534,342.26816,424.1318,144.64655,604.01465,294.50003,881.33875,652.6565,652.6582,476.54727,881.3403,652.65985,224.28275,604.01465,604.01434,881.34186,652.6619,192.9062,654.82513,261.87796,338.41602,337.27075,650.6912,893.5629,574.5245,394.70767,997.99146,341.92734,512.5751,514.4513,347.21698,110.311195,156.69542,404.3218,337.27325,368.44547,367.30423,411.22,232.36111,514.4162,183.43213,481.47943,468.7077,654.8784,156.02661,236.27052,896.57697,514.41504,522.8627,326.39905,256.01935,1007.4014,386.73935,514.4168,421.35666,231.23727,367.81403,514.03436,304.79944,1007.4051,568.44684,592.9045,813.2867,447.32202,99.98038,378.461,881.5551,1252.5048,653.714,653.71545,881.5557,720.6194,881.34106,653.71277,604.0088,304.28845,896.5774,653.71594,653.69684,653.71796,881.71497,653.7174,437.32547,514.1446,481.46298,944.0971,695.4109,515.8814,174.44351,373.57657,657.08,476.29684,881.4897,288.78305,603.62573,881.4896,123.833786,881.4885,653.7218,366.30045,603.62646,881.4904,603.62616,881.49066,653.71796,653.7241,633.31635,1220.8739,975.6213,148.05078,161.30927,337.2766,570.33307,1264.5583,181.28247,299.27768,881.1151,881.11676,603.63275,881.115,744.2102,340.36777,652.66626,603.9048,881.11487,603.9043,881.11743,652.6688,344.27246,652.66876,156.68799,871.67346,305.67584,652.6715,657.01776,383.59763,842.416,291.5105,652.6761,126.37895,350.96146,545.9059,539.5722,881.2459,164.67723,652.4277,652.42816,604.3684,974.9367,652.4312,604.3681,604.3681,652.4313,881.4206,881.40814,604.3671,514.42365,345.25818,783.4152,476.44937,881.21295,514.38855,653.4594,653.4596,881.2454,652.43933,654.49115,604.3666,1007.6971,383.58868,654.4913,654.49133,201.20276,881.24866,654.4955,615.4509,604.3965,626.4877,514.2112
5280,843.5554,651.1216,873.983,611.0051,873.98285,873.82355,611.00275,873.8236,873.9867,611.0048,651.13824,611.0029,874.01855,611.0048,873.9863,873.82806,999.10815,282.74774,611.0044,873.8258,873.8305,651.1378,611.0044,873.9889,651.1253,651.14044,286.01202,373.30685,425.84436,651.12775,651.13367,873.8335,873.8366,366.07062,873.83435,873.8398,601.1947,611.00415,611.0036,873.8376,651.0382,651.0383,873.8384,651.03827,611.00366,611.0034,512.6911,529.4732,651.0433,873.8414,651.03906,651.04315,633.47455,611.0038,611.0032,165.25595,271.46674,437.08536,164.67287,355.75317,873.84326,611.00287,136.23656,651.011,208.0906,651.01074,155.22023,651.0135,193.16026,651.0151,611.0028,654.52527,397.0758,611.0025,304.30646,611.0024,545.76074,439.2174,611.0025,873.8459,538.9296,512.5095,154.50464,171.97623,891.64343,654.57446,171.15155,132.6196,512.50964,611.00183,611.00165,156.3859,873.84753,650.52936,611.00183,650.5283,999.2023,316.16785,257.47562,650.5299,611.00183,650.53156,873.849,340.44955,417.47153,557.2538,472.34674,435.80096,999.4299,534.6926,366.82504,137.28113,883.90137,201.17351,1004.71844,499.95282,143.92065,344.76398,414.1846,148.5047,610.69104,296.37598,873.85645,649.35956,649.36127,474.9853,873.858,649.363,228.11949,610.691,610.69086,873.8595,649.36487,196.73254,651.9349,267.72202,338.4395,338.1977,647.1611,889.1205,577.3735,403.87375,990.0246,344.0566,510.99234,512.6931,353.0753,114.167984,160.05428,413.76608,338.2047,377.59625,377.0192,417.42154,237.79796,512.6606,182.14243,481.3209,471.10544,651.98254,159.12538,248.50793,894.1826,512.6595,508.3963,331.16672,199.11069,999.41614,393.36984,512.6612,422.07532,235.27104,374.86713,512.3054,309.23593,999.4198,566.8322,600.69745,816.94586,450.16156,103.85944,382.24075,874.0601,1242.3872,650.3603,650.36115,874.0605,721.1161,873.85876,650.3589,610.6877,298.224,894.1831,650.36206,650.34283,650.3637,874.20886,650.3636,441.25244,512.4165,485.95282,937.1175,692.0227,514.0813,243.00127,376.48077,654.5581,475.1087,873.99335,291.9891,610.305,873.9934,127.29784,873.9922,650.36804,372.08914,610.3056,873.99414,610.3055,873.9945,650.36414,650.3705,636.24976,1211.6539,968.4948,153.43065,165.7578,338.20563,569.3991,1254.4192,186.15305,304.41895,873.6434,873.64496,610.30963,873.6433,747.52515,332.62656,649.37134,610.5774,873.64343,610.57715,873.64575,649.3739,332.6118,649.37384,160.0468,864.4978,309.66537,649.3765,654.50714,385.6785,845.14795,294.58292,649.3813,130.08775,353.8404,547.4412,542.2232,873.7633,165.69026,649.146,649.14624,611.03625,974.1128,649.1495,611.03625,611.03625,649.14954,873.9258,873.9138,611.03564,512.67926,349.8995,781.17236,482.17114,873.72955,512.64667,650.1187,650.1188,873.76074,649.1578,651.0908,611.03534,999.6943,386.7199,651.0909,651.09094,197.61879,873.76385,651.0947,620.7967,611.0615,629.25146,512.4902
5340,842.76953,647.6404,866.70337,616.6727,866.70337,866.554,616.6719,866.5539,866.70715,616.67267,647.6573,616.67206,866.7376,616.6727,866.7067,866.5584,991.1823,283.7392,616.67255,866.55615,866.5608,647.6568,616.6726,866.70917,647.64404,647.65936,287.72882,377.38318,430.09464,647.64667,647.6525,866.5637,866.5669,367.9155,866.5646,866.5698,598.97943,616.67255,616.6723,866.5677,647.56024,647.5603,866.56854,647.56036,616.67236,616.6721,511.043,524.7105,647.56537,866.5714,647.5611,647.5652,634.0652,616.6724,616.6721,168.62209,276.47253,437.84027,170.7993,358.6624,866.57324,616.672,138.0497,647.5425,214.90724,647.5423,158.60023,647.54504,190.60522,647.5467,616.6721,651.7769,400.24463,616.672,309.49496,616.672,547.35626,440.81387,616.67206,866.57587,539.20306,510.87085,158.70232,172.36386,887.7771,651.8178,179.49698,134.09209,510.871,616.6718,616.67175,161.61534,866.5774,647.0809,616.67175,647.07983,991.2764,324.8809,261.70673,647.0814,616.6719,647.0831,866.5789,341.83908,425.37506,557.4216,478.76944,436.45508,991.486,529.55536,372.82504,141.63048,878.7538,204.86388,1002.7571,502.1121,146.23885,347.18716,408.3536,152.00974,616.3629,301.9019,866.59045,645.97424,645.9759,473.43018,866.5919,645.9776,231.79996,616.3629,616.3629,866.59344,645.9794,200.4501,648.8783,273.3242,338.77277,339.32346,643.58813,884.37054,579.7888,412.5136,982.1297,346.23425,509.49744,511.03412,358.61673,117.97147,163.40465,422.69382,339.3344,386.2352,386.2101,423.17807,243.06145,511.00415,181.04999,481.0697,473.1882,648.9219,161.68307,264.62238,891.1451,511.00308,495.31448,340.06854,241.13576,991.4726,399.74243,511.0047,422.71445,239.39926,381.4786,510.67267,313.46652,991.47626,565.08765,607.8576,820.02924,452.7219,107.678505,385.7882,866.78284,1232.3365,646.9217,646.92224,866.783,721.2307,866.5928,646.92017,616.36163,292.86282,891.1457,646.92334,646.90393,646.92474,866.92175,646.92487,445.27963,510.78403,489.96994,930.067,688.63617,512.3619,276.27914,379.19736,651.7996,473.8093,866.7147,295.01654,615.978,866.7148,131.00032,866.71356,646.9294,377.58496,615.9787,866.7155,615.9785,866.7158,646.9254,646.9319,638.66046,1202.6261,961.258,158.55127,170.25961,339.33325,568.3923,1244.3196,190.99812,309.56873,866.3865,866.388,615.98047,866.3864,750.0446,324.8549,645.98755,616.24426,866.3865,616.24414,866.3888,645.99005,342.8196,645.9902,163.39713,857.52344,313.4864,645.9927,651.757,388.22256,847.0363,297.617,645.9976,133.75787,356.66022,548.70935,544.532,866.49695,167.22896,645.7748,645.7749,616.6985,972.93353,645.7782,616.69867,616.6987,645.77826,866.64874,866.637,616.6985,511.03214,354.25793,778.7432,487.43903,866.463,511.00204,646.6923,646.6925,866.493,645.78674,647.609,616.69836,991.7348,389.49362,647.60913,647.60913,194.47476,866.49603,647.61273,625.131,616.72046,631.4544,510.8639
5400,845.02423,653.12085,4308.3022,628.69495,887.9276,4618.485,628.8527,4618.484,888.0271,628.69354,653.3162,628.8526,888.00946,628.69336,888.024,5556.448,1945.465,284.97162,628.6919,1819.8328,887.0553,1587.068,628.69196,888.03455,653.1343,2543.0542,289.59177,382.50812,434.1138,3487.7327,653.3243,887.0522,2797.4038,369.6364,887.0742,887.09106,599.83124,628.69086,628.796,887.07117,2730.006,2498.8103,887.0692,1575.9962,2516.1016,3459.7603,510.18527,769.9753,653.2699,887.08984,1575.9973,3454.6067,637.4619,4493.573,1572.5526,171.98346,281.29092,439.63474,176.72609,362.5296,3685.792,1550.5642,139.95718,653.29504,221.55304,1576.1237,161.96315,653.30835,188.38045,653.309,628.925,649.166,403.15958,628.9235,319.34744,628.9236,551.80414,442.4936,628.92365,887.17487,542.5604,1434.5138,162.992,172.79091,886.59515,649.22705,190.73586,135.68633,510.04526,628.9447,2494.1772,166.94922,887.17334,652.835,2494.176,1575.6205,993.0306,333.26337,268.89044,652.8479,628.96783,652.84863,887.17175,506.17258,432.79193,560.6418,487.28998,442.13922,2157.3354,1390.0929,383.3389,148.25865,896.75964,208.61925,1003.43756,504.17432,148.61723,354.24716,399.98138,155.26144,628.53595,305.1143,886.99695,2563.6362,651.611,479.9188,886.9954,651.6117,235.33519,628.5353,628.53455,886.99384,651.6125,204.06631,650.4447,278.84787,416.5285,354.57883,719.62683,3885.8794,581.8191,420.6415,1085.4379,353.47906,513.96277,510.21463,363.85794,121.72645,166.74883,433.35083,354.06262,394.37598,394.8874,428.53305,248.16705,510.20035,180.12914,488.84012,480.02798,650.5962,164.56502,250.6086,4391.433,1434.6707,483.1882,319.07666,316.71527,1924.1667,405.92206,510.21307,423.54913,243.59605,387.82022,509.8783,318.3127,2157.9958,563.63165,704.403,825.2103,455.31027,111.44231,540.2497,4228.6904,1345.1975,2542.6506,652.95105,888.0672,721.35004,1900.2233,2520.4746,4403.414,290.13687,1937.9592,652.97534,1655.0156,652.98444,888.9911,652.9846,453.9406,509.98795,493.67526,933.1478,695.24164,511.1204,186.82616,382.92447,649.2339,480.53003,4754.7925,297.88123,628.41376,2821.7776,208.02005,888.7439,653.0084,382.79465,3459.3396,1855.27,628.44745,1855.2704,652.9618,1620.4473,640.6072,1435.0137,957.9413,163.47536,174.80084,354.55768,568.4685,2170.1248,195.81117,314.6935,2843.5657,887.6427,1605.8342,1842.7836,754.6149,318.04434,2803.3765,628.4623,2797.9436,628.46155,887.6554,2541.485,355.93634,2541.4846,166.74124,1131.6398,317.15683,651.90137,649.1707,431.62448,850.8828,300.61554,651.9033,137.39334,364.7714,549.99786,549.8183,888.4526,171.1803,651.6743,651.6744,628.90497,979.1532,651.6757,628.90405,628.9041,651.6758,4113.081,888.52313,628.9018,510.2053,358.36127,786.3858,492.4159,888.2952,510.19064,3487.0728,652.5971,888.2812,3486.2395,653.49963,628.90106,994.15027,439.80978,653.4997,653.49976,191.72437,888.29016,653.5012,697.4269,629.0977,633.2693,510.0705
5460,883.71014,3438.974,2884.714,685.9434,3402.3872,3035.456,686.43567,3035.456,1201.7917,4371.6987,704.26904,686.4824,1202.4153,685.98083,1201.7273,3497.1858,1555.322,290.74734,4982.9824,1658.3254,1199.5012,1163.602,3291.9805,1201.8068,703.765,1633.9624,419.35513,417.3922,438.40405,2098.36,704.1715,4216.8257,2139.683,376.49417,2762.594,1199.6602,622.6751,686.13617,686.3706,1199.6532,1725.6128,1611.8728,1199.6244,1157.8873,1614.8508,2079.101,1777.9509,1088.5033,4142.2607,1199.6322,1157.9454,2082.3079,658.6745,2587.705,1150.84,174.98798,288.5488,473.46515,182.04936,393.86493,2576.8577,1140.0543,141.94336,704.2053,229.11276,1158.1967,165.23291,3050.5708,186.30705,1683.0353,4416.2456,659.1372,410.9661,686.7501,366.31937,1525.1831,573.8045,493.52728,686.75037,1199.7722,569.7464,1104.1271,167.35599,172.51562,951.40936,3083.4458,198.21333,137.39076,1432.8286,686.8016,1604.4738,176.77338,1199.7438,703.7156,1604.4741,1157.6873,1864.7783,346.99457,273.34683,1615.485,686.8493,703.7508,4311.813,762.7025,504.7771,580.52625,512.36206,498.89062,1659.5251,1189.1403,431.80792,181.96068,1078.6575,212.3999,1052.4479,509.57562,150.9985,418.4843,391.85025,157.25023,2809.2605,325.60062,1198.9453,1642.619,1727.9537,570.8488,1198.9166,2993.4915,238.74432,686.0467,686.042,1198.8881,702.1326,207.52269,695.8917,291.6912,647.1252,2075.6086,784.2443,2412.1848,607.63477,1727.7217,1204.435,422.83786,958.3385,1834.2737,368.83954,121.639404,169.97939,478.78677,2092.0334,415.13757,406.08423,570.66986,254.47087,652.3513,178.88597,574.6589,527.4601,716.2734,167.38791,263.26562,2628.6711,1107.1499,471.1292,322.50397,342.48666,1545.7769,417.13037,1417.6476,474.29303,249.89423,414.40744,1414.9457,340.42294,1660.8862,615.9356,877.8016,878.8393,485.10156,110.8083,653.8454,2846.0361,1541.9285,1633.5183,703.85046,1202.1512,756.77563,1697.5692,1622.6129,2543.661,297.7185,1421.4077,703.8993,1196.3722,703.92285,1204.3317,703.9232,479.48724,1414.7781,513.73846,1048.7057,809.7984,589.1523,249.60094,414.69366,668.5471,566.86694,3105.466,301.10205,4000.6584,2154.248,349.55066,1203.0096,703.9622,387.76367,2079.1165,1678.6254,686.4308,1678.626,703.87415,1179.9224,877.7237,1784.9158,1004.82666,167.50801,179.37514,2039.6688,602.4825,1823.7769,200.67426,425.65836,2161.2576,1198.7833,1166.7435,1668.7842,781.9463,500.50107,1760.6266,685.935,2138.807,685.9303,1198.7946,1631.9034,368.971,1631.9027,169.97215,1809.8438,320.79193,702.38336,3240.2546,595.57477,878.64075,306.79633,3162.0056,139.14297,419.5731,602.5179,571.5007,1201.633,174.63504,702.11316,702.1132,686.2878,1069.7687,702.10657,686.27997,686.28,702.1066,2789.766,4934.0234,686.2762,1792.8768,362.70822,901.2687,502.4599,1201.9446,1398.7921,2097.5105,1335.4456,3068.2466,2096.866,2305.4858,686.2715,1681.8873,525.2713,2045.6511,4308.1973,189.28273,1202.5908,704.1232,792.6457,686.5744,657.1554,1405.5225
5520,945.3414,2208.889,2377.9739,780.0779,2632.7175,2450.8894,780.841,2450.8894,3866.8323,2593.437,863.81006,4002.958,1550.9463,780.16736,1549.8665,2678.1975,1447.9928,382.3386,2894.3845,1773.2787,4345.9077,1089.7726,2062.4543,1549.9574,863.31305,1321.1812,687.51776,450.57654,522.2791,1549.4255,2562.1143,3032.4526,2010.3347,424.1405,2316.8442,1547.7981,703.4696,780.5774,780.7666,1547.7732,1365.7683,1309.8125,1547.7308,1086.4703,1237.5488,1465.9474,1386.5422,1142.6097,2554.8015,2872.6646,1086.5631,1541.3645,731.19855,1716.1666,1009.34924,186.82692,305.05405,520.94604,187.84853,435.1677,2225.5054,1004.05066,144.0222,863.17773,240.81073,1086.5227,169.53831,2017.5302,184.37624,1344.8145,2615.93,705.46533,436.16022,4831.1465,400.5435,1193.7534,641.26685,565.49316,2202.441,3335.0652,643.4701,1049.4026,351.58774,172.82292,1039.3022,1906.5015,199.48859,139.1841,1211.13,2744.183,1232.9901,193.68181,1547.974,862.1945,1232.9281,1085.5068,1601.8728,368.97977,280.9473,1310.7443,781.4816,1465.317,3079.4304,830.7425,625.31915,641.0865,560.0894,559.5999,1500.6755,1155.3164,472.74326,216.59721,1273.325,224.12912,1099.5396,525.8124,154.11066,488.80716,389.29605,159.7813,1824.723,381.52112,1546.7089,1320.5924,1362.6017,660.879,3901.6243,1985.2548,265.7757,5337.2583,5283.801,2209.2896,858.0252,214.1678,807.12573,311.40234,767.3564,1443.1938,1115.771,1792.6128,689.0241,1157.0714,1627.4875,500.71994,1005.01807,1416.1981,374.12897,122.47922,861.4396,524.43787,1450.2799,448.47366,446.2257,585.411,265.166,829.1179,177.87088,658.2216,570.6279,820.1907,170.21553,289.01764,1800.2363,1052.8445,553.67267,330.52438,304.46396,1446.12,482.70926,1205.6597,547.7774,304.68735,455.7099,1201.8615,394.88434,1502.7736,697.1496,941.09735,950.1299,539.85547,112.24416,648.343,2359.4727,1525.4366,1319.616,862.2501,1550.5325,862.299,1792.1747,1314.1914,1694.8068,347.5743,1206.1853,862.2873,1104.208,862.30334,1552.6482,3741.9062,520.30365,1201.4292,550.8194,1200.2128,961.1534,711.6173,281.91843,502.08,718.9352,649.4045,2486.4006,510.8718,2411.3616,2018.3142,376.64053,1550.2269,862.38196,394.82965,1465.9973,1784.2507,780.8416,1784.2515,862.26227,1096.5286,1083.6086,1843.9016,1101.5514,171.94583,204.26534,1425.0823,700.374,1677.3064,208.44112,684.5943,2018.3467,1544.7146,1016.26935,1776.0054,832.2131,662.891,1378.8442,3188.995,2007.2986,1569.9299,1544.7153,1315.5583,381.18063,1315.5576,886.159,1909.4227,333.24268,4211.6836,1975.7076,745.11804,931.002,365.27295,2068.5747,141.10573,474.29584,686.0515,637.3855,2513.924,178.5718,1461.0669,857.9964,4078.8503,1164.0088,857.99023,2652.2485,3447.606,857.99036,2330.64,3385.6416,3459.7083,1394.126,371.83322,1054.3142,545.1869,1548.271,1194.9401,1547.2402,1172.3347,2467.3132,1544.2993,1652.3553,2838.0,1514.1736,530.4021,1524.5265,2637.6091,187.0424,1549.2317,864.6553,925.773,1758.1528,728.0074,1196.3307
5580,1076.5371,1662.1448,2139.6655,4237.776,2265.023,2174.4475,2052.8232,2174.4475,2872.4084,1781.5951,1000.6077,2475.4937,4466.1997,3123.8547,1732.2585,2286.4087,1617.6881,482.5303,1929.8636,1841.0697,3107.1367,1111.7695,1520.5743,4259.8677,2896.5466,1225.6803,725.51917,474.7168,862.43787,1337.8684,1836.1299,2460.9646,1958.0015,486.36008,2108.823,1730.4156,789.6906,889.9794,890.09454,1730.3885,1247.1792,1219.6511,1730.3536,1109.7756,1114.8198,1227.1863,1199.9922,1158.512,1832.2141,2382.355,1109.8511,1333.6123,814.0178,1350.2877,1002.58203,193.0176,329.88046,566.98566,194.84058,474.84042,2063.9133,999.972,164.2945,999.68,256.3811,1109.5566,175.1467,1567.5879,551.71606,1236.6625,1793.0111,786.9221,468.5936,2882.9873,423.73376,1093.477,710.0369,616.2007,1589.7266,2609.962,716.81366,1031.2438,400.32883,176.54683,1136.3538,1383.2389,194.46231,310.9801,1110.818,1856.4747,1113.045,213.40092,1730.5747,998.2888,1112.9784,1108.1412,1692.7166,394.94586,291.3439,1218.9552,3835.053,1295.012,2484.2058,821.55493,634.9701,707.7366,628.2365,613.13885,1645.4281,1152.6973,503.96255,241.39294,1392.6628,247.76302,1207.5167,600.6043,159.84438,540.8122,420.55273,162.59468,1403.0137,420.6021,1729.2853,1220.4409,1241.118,730.6585,2888.146,1547.4642,301.9584,3131.201,3105.0789,2055.4158,992.9214,229.09091,910.23785,332.19943,817.2156,1134.2578,1143.6145,1563.6932,773.3125,894.3151,1863.0697,559.4715,1015.02704,1215.9968,387.19888,124.565834,519.1725,561.96735,1136.9652,478.13354,484.71954,585.4399,281.91644,924.4831,210.87001,723.29114,614.7572,918.7272,173.18854,292.75793,1440.7025,1034.5416,784.9917,315.50406,271.9892,1619.078,553.55096,1109.7517,607.57715,358.23346,488.09558,1105.7921,436.0533,1646.9354,769.35583,942.89557,1017.75183,589.977,114.459496,644.2736,2131.0242,2185.971,1222.6041,997.59503,1732.9534,975.13,1850.1138,1219.8928,1340.2306,389.35837,1148.3878,997.6183,1116.3984,997.6272,1734.8502,2414.298,568.15515,1105.2943,591.52765,1326.947,1075.1631,802.39996,197.4595,573.16187,799.4173,712.4047,2192.7842,542.00024,1692.339,1962.4435,368.41553,1732.1075,997.70374,447.998,1227.2388,1847.2562,890.15875,1847.257,997.5993,1112.8861,1098.9125,1852.7666,1270.8525,176.74551,240.15906,1125.0137,794.8365,1794.1703,224.5293,710.6898,1959.669,1726.5952,1004.87494,1840.4154,911.5419,679.6934,1248.7467,2073.6794,1954.232,1277.1934,1726.5929,1217.6271,393.5015,1217.6267,531.34216,1905.0836,359.34378,2642.4758,1412.2386,734.50696,1000.398,423.31113,1588.2299,144.29391,521.5073,758.77496,707.8822,2204.5632,180.66074,1288.9075,992.22046,2511.5745,1239.2765,992.20953,1809.8671,2201.1633,992.2098,2115.6526,2634.6636,2207.45,1203.7961,389.4889,1173.3772,596.8433,1729.7406,1103.271,1333.9751,1149.5363,2182.433,1329.8994,1388.4005,1901.673,1653.7726,535.3129,1325.5134,1873.1068,280.6483,2393.0818,1000.92786,1013.6328,1370.6149,808.3773,1102.3383
5640,1190.6111,1405.1509,2012.6965,2587.3145,2074.384,2028.9358,1512.7506,2028.9359,2373.318,1379.0785,1079.7932,1720.7123,3157.997,2039.4706,1812.3021,2084.122,1758.1943,554.14124,1452.1464,1864.9529,2488.0261,1134.4791,1250.7853,3056.1465,2012.4747,1190.5568,714.05365,494.2453,923.83984,1245.7051,1490.8573,2170.143,1922.6477,535.57056,1996.8596,1810.669,859.1365,940.57697,940.64734,1810.647,1200.7804,1187.2377,1810.6237,1133.1833,1051.2063,1106.4878,1110.8676,1163.3483,1488.6318,2131.4753,1133.235,1243.3237,882.82043,1167.0507,996.0049,202.64601,355.7712,608.5666,203.10925,509.72852,1974.7843,994.72064,197.26666,1078.7692,273.66922,1132.8242,181.27612,1358.163,678.5499,1195.3718,1384.8949,870.2638,502.14807,1921.2103,441.77673,1040.8124,762.8307,654.4149,1284.9554,2243.5127,772.85034,1026.2957,398.5219,196.0025,1227.3627,1167.251,187.39078,360.504,1065.4487,1416.3246,1050.5956,232.60233,1810.7881,1077.2273,1050.5444,1131.267,1794.3962,420.50732,300.99777,1185.7855,2389.7405,1223.2085,2181.6511,802.9613,630.91925,773.7898,681.58746,658.57635,1773.3282,1155.8108,528.6033,257.74554,1467.8185,273.8035,1363.4003,695.459,172.6431,576.4594,533.18854,165.89723,1192.5024,444.78012,1809.6794,1183.5405,1193.7173,783.7191,2379.9583,1344.4397,326.80573,2042.782,2030.0195,1970.2068,1071.6304,246.73672,983.9226,352.47772,830.287,972.05396,1176.4014,1498.0238,835.7921,762.704,1922.6201,600.21246,1022.7878,1119.847,417.431,127.57568,354.81345,587.7134,972.78235,504.03226,513.097,593.7167,302.61307,975.1483,281.2371,773.06213,655.6926,989.6321,178.57883,321.73828,1311.6646,1029.2905,1387.0321,345.2358,251.4902,1760.4606,608.5308,1066.3063,656.79645,393.67096,514.0247,1062.5643,462.8181,1774.1527,830.95264,930.14594,1075.1654,633.4964,117.23377,645.4298,2008.7743,2396.9224,1187.0289,4300.785,3303.5764,1062.9536,1869.1975,1185.6362,1162.2438,413.50342,1167.8218,1076.3458,1134.6279,3777.6665,1814.5634,1773.3083,596.7458,1062.0957,630.5837,1435.7125,1157.015,868.0626,272.58054,618.1821,880.33374,760.2941,2038.6493,532.8301,1335.0709,1925.3019,351.96902,1811.9581,1076.4583,519.30914,1106.2498,1868.617,940.4153,1868.6176,1076.3339,1133.1187,1085.3038,2341.1216,1415.5001,182.25964,267.8496,967.2602,869.7276,2062.6648,245.41142,693.4772,1921.6582,1806.9644,996.2349,1862.975,987.4864,659.16174,1197.2546,1522.0287,1918.9827,1130.2043,1806.9624,1181.9514,406.02805,1181.951,360.797,1878.7916,390.79102,1882.9546,1178.1976,719.05286,1077.3463,463.92456,1364.3811,148.37166,560.1931,819.541,763.8885,2043.0063,180.89124,1216.6692,1070.7106,1737.588,1344.2563,1852.2388,1392.4381,1584.9464,1816.2028,2000.2786,2255.596,1588.2058,1112.7838,415.88123,1262.0626,641.63745,1809.6287,1062.1276,1241.3583,1150.6217,2032.7124,1236.9283,1270.6036,1437.8152,1778.4609,547.5657,1239.6655,1509.0609,463.5965,2136.3838,1080.0034,971.24243,1176.4834,871.06903,1060.2899
5700,1278.6542,1294.0742,1935.558,1758.1497,1965.914,1942.8167,1229.6979,1942.8168,2113.0422,1163.8026,1134.0482,1332.0197,2499.4492,1488.7162,1836.9916,1970.0225,1847.2491,598.8077,1199.8154,1862.1584,2168.797,1160.9515,1100.7501,2449.0925,1592.8756,1188.5573,694.1101,512.4266,897.87646,1215.6727,1336.2891,2012.4185,1890.635,572.21155,1927.1489,1835.541,917.90295,948.1522,948.199,1835.5243,1193.2832,1186.6207,1835.5107,1160.0282,1002.59,1029.7871,1069.4608,1162.3499,1334.9113,1993.4048,1160.0603,1214.2213,940.92566,1059.5826,975.4442,215.09013,379.84006,645.3543,212.47395,539.53345,1916.3064,974.81494,222.31812,1133.0103,290.77438,1159.6033,188.87181,1270.4628,672.64264,1190.3807,1166.7816,944.28906,535.11945,1430.6758,457.58423,997.5404,807.4849,685.4754,1117.653,2048.5583,819.5489,1026.9646,383.6015,224.72273,1306.8397,1092.885,180.68466,357.77194,1046.2295,1182.3555,1002.43744,249.79266,1835.6268,1131.4185,1002.4024,1158.0034,1864.567,443.4663,307.83957,1184.825,1661.2552,1203.2379,2018.1302,784.8007,631.2622,837.4699,716.9424,696.4312,1855.9744,1157.8997,549.11694,268.62747,1517.8297,297.53772,1489.7849,765.0013,189.55508,601.3105,649.67786,170.49567,1071.7666,459.05972,1834.7268,1181.0554,1186.0635,824.107,2115.3643,1260.2183,342.9466,1490.1117,1483.878,1913.7443,1126.0079,263.71225,1042.3961,371.9677,826.5543,881.7478,1193.9716,1496.1853,882.70404,695.98035,1950.7606,628.3886,1028.6144,1074.7598,455.32498,131.41983,279.85226,606.64307,881.6403,526.94037,534.81805,608.0668,324.32312,1002.9799,333.6668,811.3883,692.40924,1046.3217,187.36374,325.04547,1291.1388,1029.6149,1455.4585,377.83456,239.13063,1849.6709,646.3755,1047.8328,696.23895,415.94452,536.36096,1044.4397,482.02707,1856.399,882.99976,925.9134,1140.6552,671.1567,120.527534,650.06085,1933.7974,2461.404,1184.9777,2716.8542,2570.9556,1129.3004,1864.0581,1184.2292,1057.2178,424.1318,1220.3531,1130.5264,1159.0979,2459.494,1838.8842,1473.4111,609.0911,1044.0374,667.1614,1524.2756,1214.3145,915.69745,216.90935,645.86725,951.97266,797.2491,1948.118,521.31616,1141.8844,1892.3413,336.16608,1836.566,1130.71,567.77234,1029.3076,1864.447,947.7233,1864.4476,1130.5198,1158.5813,1078.8809,2485.047,1528.2018,189.07153,286.88544,879.2079,926.8683,2251.483,266.86066,671.72516,1888.6812,1832.2428,974.85156,1859.804,1049.6716,630.1462,1187.682,1233.601,1887.3644,1040.8483,1832.2421,1180.1555,415.02655,1180.1553,282.7912,1849.1729,422.32516,1525.0372,1096.0259,708.9257,1151.4825,491.60388,1269.9666,153.82397,590.94806,868.3793,811.1924,1949.1157,180.53972,1196.8651,1125.0588,1339.857,1478.473,1509.5693,1170.091,1264.8004,1491.8408,1928.9463,2054.5337,1266.4907,1070.4313,447.7996,1325.912,679.6388,1834.5111,1044.9608,1211.3035,1166.6649,1944.5275,1206.8986,1227.942,1192.5261,1859.3413,564.70294,1212.7217,1345.2544,572.9437,1995.5524,1134.1831,948.45325,1063.9271,920.5894,1042.8759
5760,1346.0438,1245.5261,1883.8684,1345.0099,1898.8065,1886.8124,1085.1357,1886.8125,1971.2228,1052.645,1166.8174,1135.4808,2161.5696,1212.503,1835.3904,1900.2285,1901.7642,623.9471,1070.3965,1847.1414,1998.0535,1180.053,1021.65845,2136.6091,1392.5356,1193.6427,675.0388,530.705,866.5704,1206.9753,1266.3193,1921.128,1861.2054,599.9193,1879.1692,1834.1014,965.0448,946.59375,946.625,1834.0887,1195.7086,1192.431,1834.0822,1179.3486,973.383,986.7633,1050.8612,1157.6417,1265.3925,1911.7852,1179.3679,1206.0138,986.9793,1001.4219,960.0354,228.27132,401.453,677.6072,222.67789,564.8597,1873.8516,959.7282,238.43094,1165.8376,306.77936,1178.9203,198.01912,1233.4596,636.5388,1194.0648,1054.1771,1005.99896,566.8109,1184.0272,472.44858,970.93524,843.6643,711.9913,1030.0277,1938.9398,856.6665,1029.3927,368.10196,253.27731,1373.9149,1080.8387,197.88994,341.02454,1038.8721,1061.8975,973.38885,264.6236,1834.1637,1164.2755,973.3664,1177.3545,1909.9602,463.71677,334.1248,1190.55,1297.5063,1199.6095,1923.9758,768.79895,637.5922,889.9467,742.63495,727.66034,1907.1731,1157.2051,567.1526,276.3196,1553.5217,317.5596,1585.369,812.99927,206.52542,619.249,727.5425,176.81816,1007.1553,470.90146,1833.4451,1186.2672,1188.7318,854.8222,1971.5497,1225.2156,354.3929,1212.9855,1209.9412,1872.343,1159.1901,278.89474,1086.095,390.62164,815.75073,828.1208,1205.0824,1516.2975,919.60516,664.54144,1966.7114,648.0291,1032.301,1054.1788,492.3302,136.10452,249.64389,623.1885,827.7088,547.76294,553.26556,625.7097,345.2346,1018.6039,365.50906,841.1645,724.6892,1088.8441,198.49518,353.8542,1317.7848,1031.707,1416.3562,444.97998,298.71915,1904.0771,671.3391,1040.6733,727.0938,430.22647,556.6907,1037.6512,497.33774,1907.3827,926.3378,933.6862,1208.8115,703.75793,124.37647,656.90625,1883.0812,2486.8809,1190.1901,1943.8291,2196.6191,1179.6271,1847.9021,1189.7914,1000.176,430.42365,1282.9481,1163.4028,1177.4103,1817.2152,1836.956,1332.0928,620.3146,1037.3256,700.8765,1594.3087,1254.144,950.17346,316.7077,662.888,1011.6965,826.1356,1889.8406,514.31586,1041.483,1862.3937,323.4747,1834.9464,1163.5565,598.8899,986.09656,1848.6678,945.9611,1848.6685,1163.4001,1177.2665,1080.1185,2506.366,1614.838,197.34082,300.0623,826.73596,969.5582,2364.19,286.6672,652.72784,1859.0334,1831.2628,959.13055,1844.8234,1102.3353,601.20624,1189.4102,1086.5691,1858.3854,991.7482,1831.2632,1185.7084,443.23404,1185.7083,251.08577,1824.3475,451.75616,1355.3844,1080.8345,703.22296,1219.6431,511.4558,1229.9227,160.52036,615.1026,907.0038,848.8116,1889.4056,185.02663,1193.5706,1158.2444,1139.1157,1580.9974,1347.4232,1055.6157,1102.2104,1338.7014,1880.211,1941.9753,1103.0873,1051.3534,480.85867,1371.4955,712.37213,1833.2156,1038.585,1202.7697,1180.8096,1887.5363,1198.5396,1213.0363,1066.7108,1909.5645,584.1325,1205.5485,1270.7499,613.21674,1912.6522,1166.9148,947.27264,1003.4516,961.16583,1036.5442
5820,1398.2671,1227.1243,1846.7688,1145.0867,1854.1199,1847.6735,1017.29126,1847.6736,1889.7657,1001.2706,1188.4115,1042.0624,1983.5831,1079.9207,1822.9281,1854.2928,1934.4789,636.13196,1010.0208,1828.1633,1902.438,1194.9232,986.0427,1971.1615,1299.4529,1201.6132,658.79395,549.4501,842.5989,1208.169,1237.3668,1864.5995,1835.1172,621.49945,1843.9531,1821.7854,1003.3657,949.1179,949.1376,1821.7755,1202.404,1200.7916,1821.7731,1194.3557,962.3012,968.884,1042.6337,1150.5007,1236.6903,1860.0143,1194.367,1207.4762,1024.1676,976.0955,955.73846,240.96571,420.73495,705.7259,233.49284,586.48517,1841.352,955.5887,248.27567,1187.515,321.54303,1193.9512,208.27171,1220.7828,597.6075,1201.4034,1002.05817,1055.5348,596.6811,1065.9514,486.87894,961.1156,874.16986,735.2247,990.18756,1873.3871,887.1207,1031.6704,355.712,277.41748,1429.6958,1093.5869,193.64207,323.10553,1036.3348,1005.8855,962.3449,277.31058,1821.8315,1186.011,962.3313,1192.4459,1938.3033,482.01364,334.2194,1198.9379,1121.8,1203.3954,1866.0304,755.1922,648.4207,931.3785,763.2908,753.2889,1938.121,1153.663,583.72656,282.2629,1580.487,333.92288,1658.004,846.8064,221.48979,632.72833,774.457,184.8559,978.6899,480.21503,1821.2576,1194.6023,1195.8153,878.0709,1889.2217,1213.7651,363.64224,1079.9603,1078.4738,1840.4084,1181.2836,292.24286,1119.7341,408.41754,802.45605,793.97217,1215.3677,1541.7189,949.7206,653.3272,1974.8303,661.85297,1033.9962,1044.8435,525.2748,141.57742,241.39691,639.68945,793.4928,567.2825,570.42035,644.77856,364.5796,1027.232,383.1288,864.46423,752.7213,1121.691,210.58484,358.53964,1361.628,1033.6781,1361.2125,484.0301,259.9816,1936.5927,688.0187,1038.0913,750.8966,439.7761,575.81415,1035.4177,510.595,1938.2168,961.8322,950.0279,1271.8741,731.9861,128.82428,665.0897,1846.4144,2497.0354,1198.3668,1569.1357,2000.7026,1218.2294,1828.3854,1198.1562,975.3455,431.14716,1344.4812,1185.1892,1192.057,1506.846,1824.2294,1268.1808,630.5211,1035.1674,731.5746,1648.7404,1281.7233,974.87244,276.49222,673.7025,1059.7128,848.90594,1849.5194,511.941,995.31934,1836.0131,314.17447,1822.5052,1185.2965,620.38727,968.06995,1829.2599,948.3255,1829.2604,1185.189,1192.0406,1086.5317,2502.8618,1680.918,206.90335,309.7975,793.1895,1001.1688,2427.7378,304.1368,637.5075,1833.039,1819.3756,954.7162,1826.0465,1148.1405,575.0079,1196.0482,1017.5968,1832.72,970.9518,1819.3768,1194.2277,446.49146,1194.2275,242.10307,1802.8296,478.34393,1277.7056,1092.4971,701.08655,1280.4136,526.72046,1215.9948,168.0806,634.0791,937.46954,879.6614,1848.5371,190.19568,1197.7515,1180.3722,1043.7675,1655.6875,1273.4482,1002.6981,1025.6216,1269.1573,1844.6407,1875.0076,1026.0756,1042.881,512.2926,1404.1383,741.00665,1821.0588,1036.5028,1204.2065,1193.4033,1847.9303,1200.2126,1211.1841,1008.1853,1939.9515,604.1669,1207.5004,1239.5774,613.4279,1860.2954,1188.4963,958.94586,977.0941,995.2134,1034.6238
5880,1439.3392,1222.8383,1818.1656,1054.5457,1821.7833,1818.1356,991.6986,1818.1357,1839.3319,983.80164,1203.7981,1003.8865,1885.613,1022.4971,1806.4435,1821.4048,1953.1147,640.1883,988.11426,1808.5424,1845.1011,1207.002,976.3175,1879.3925,1258.4243,1210.2955,645.53107,568.52795,826.4801,1213.5184,1227.8845,1826.4912,1811.9877,638.7746,1816.3324,1805.432,1034.6499,958.1537,958.16473,1805.4242,1210.4849,1209.6917,1805.4242,1206.5256,964.6406,967.87915,1038.713,1141.779,1227.3551,1824.246,1206.5321,1212.9818,1054.7357,971.427,961.4134,252.67055,438.01627,730.1379,244.71455,605.1246,1815.0662,961.33997,254.29434,1202.9885,335.28256,1206.1548,219.06561,1219.3553,562.5916,1209.8223,984.203,1094.8556,624.33636,1015.64136,501.0244,964.06494,900.5261,755.79,978.36755,1830.8347,912.5997,1032.9963,347.04614,296.11383,1475.7302,1114.4662,188.73236,307.83765,1035.2916,986.0989,964.6796,288.28357,1805.4677,1201.5498,964.67175,1204.7162,1954.869,499.17197,329.76245,1207.9103,1043.1262,1210.1036,1827.2201,743.84314,662.1878,963.49036,781.08014,774.2668,1955.7744,1147.7561,599.4198,287.31177,1601.2854,347.17868,1714.028,871.551,233.8997,643.294,798.7696,194.03845,972.4895,485.7216,1805.0065,1203.7205,1204.3175,895.51434,1838.4542,1213.1488,371.9752,1022.3151,1021.5891,1814.4374,1197.1697,304.0691,1146.185,425.3494,788.81824,770.7184,1223.9371,1566.1237,974.9453,654.01166,1977.2404,671.7073,1034.0625,1040.272,553.7142,147.72388,243.51422,656.948,770.26935,586.0439,587.2518,664.19055,382.2015,1031.5624,391.8794,882.7792,777.08826,1147.5972,221.82568,359.86002,1408.6451,1034.7333,1306.0735,511.3585,247.28952,1955.0118,699.8277,1036.9058,769.15015,446.51138,594.11957,1034.543,522.60443,1955.8104,990.61816,971.22003,1327.0553,756.436,133.88152,674.05054,1818.0033,2498.692,1207.2728,1389.6809,1893.9266,1248.2183,1808.5225,1207.1626,970.88403,426.2051,1400.2034,1200.7908,1204.1576,1359.037,1807.5386,1241.6215,639.151,1034.3613,759.482,1690.2102,1300.4685,992.23096,271.57172,680.96356,1097.914,866.9273,1819.3572,513.0708,980.35205,1812.7108,307.86945,1806.0625,1200.8599,636.8637,966.946,1809.3889,957.2327,1809.3894,1200.7921,1204.1776,1096.1008,2492.307,1730.7297,217.27193,317.66318,770.25714,1024.3956,2461.5618,319.34518,625.8675,1810.116,1803.3948,960.3379,1806.6752,1188.3477,550.8096,1204.347,991.48615,1809.9591,968.5399,1803.3964,1203.4518,446.95566,1203.4518,243.85884,1783.3911,502.00113,1244.5216,1113.1559,700.8411,1333.5264,539.21674,1214.1683,176.13188,649.1262,961.6268,905.59106,1818.2227,193.82812,1204.8558,1196.3055,1004.716,1710.9751,1242.0994,984.516,995.7937,1239.9885,1816.8488,1831.7709,996.02747,1038.8325,540.9313,1427.4708,766.52295,1804.841,1035.6571,1209.8147,1204.5004,1818.1743,1206.0756,1215.0334,987.22864,1957.2634,623.81683,1213.2213,1229.0023,594.8149,1824.264,1203.8733,976.7274,971.97345,1024.376,1033.976
5940,1472.011,1224.5183,1794.5885,1019.8997,1796.369,1794.1561,988.98846,1794.1562,1805.0106,985.09985,1215.1554,994.985,1827.8752,1004.13745,1788.827,1795.7737,1962.3381,639.44147,987.22437,1789.4406,1807.4379,1216.7318,981.42053,1824.7284,1242.0273,1218.3536,634.966,587.6243,816.7609,1219.9369,1227.0062,1798.2872,1791.1542,652.9126,1793.2891,1787.9323,1060.0787,972.48505,972.4899,1787.9259,1218.2676,1217.8774,1787.9266,1216.3201,975.6759,977.26917,1036.2618,1132.0635,1226.5692,1797.1926,1216.3239,1219.4976,1080.1765,979.01434,974.0882,263.2827,453.6163,751.25793,256.1451,621.36615,1792.6786,974.05164,258.13126,1214.4281,348.292,1215.9857,229.92558,1222.4802,532.5516,1217.791,985.29987,1126.011,649.56824,1000.768,514.88544,975.3939,923.54443,774.01215,982.4303,1800.4417,934.09546,1033.1659,341.7373,309.8028,1513.4666,1136.3096,207.95242,295.9124,1034.2955,986.2368,975.6995,298.00064,1787.961,1213.0546,975.6954,1214.6129,1963.1309,515.7777,346.6493,1216.1846,1014.2928,1217.2642,1798.6676,734.5145,677.7365,988.2062,797.0751,791.42316,1964.4192,1140.0709,614.5401,291.96597,1617.2517,357.97668,1757.7069,890.38824,243.95311,651.9298,808.5901,203.70848,979.3248,489.2891,1787.5881,1212.2162,1212.5104,908.42706,1804.0504,1216.8556,379.977,1003.8389,1003.4839,1792.2345,1208.995,314.7299,1167.124,441.43158,775.8385,753.9741,1230.5022,1587.3042,996.4418,661.7682,1975.3762,678.8688,1032.8877,1037.4155,578.18494,154.39914,250.17827,675.0232,753.5891,604.3695,604.1617,683.33685,398.22113,1033.1083,395.1921,897.20184,798.3664,1168.1555,232.30841,362.1067,1452.7021,1034.6677,1253.81,530.95074,307.87955,1964.0306,708.9756,1035.7378,783.13794,451.58423,611.78754,1033.6454,533.69293,1964.424,1013.7671,994.6901,1374.1866,777.6318,139.51108,683.4133,1794.5135,2494.721,1215.5474,1305.2874,1831.8745,1271.7961,1789.3242,1215.4902,978.5482,422.3437,1448.5446,1212.3594,1214.0085,1290.2128,1789.7637,1232.4482,652.0274,1033.5244,784.86957,1721.0001,1312.7083,1004.05994,277.24478,686.17487,1128.2568,881.1877,1795.0398,516.59033,982.83575,1791.7692,304.02667,1788.4962,1212.4025,650.72595,976.2406,1790.1357,971.4619,1790.1361,1212.3616,1214.0349,1107.398,2478.823,1767.5887,227.98041,324.58612,753.6901,1041.2617,2477.3508,332.66016,617.3796,1789.5137,1786.2086,972.9775,1787.8207,1223.6656,528.838,1212.4537,988.5331,1789.4364,977.2447,1786.2102,1212.0139,470.57068,1212.0138,250.34512,1765.3147,522.9271,1232.2198,1135.107,701.75854,1379.3705,549.9401,1217.2906,184.39323,661.2548,980.94354,927.7377,1793.9199,201.10025,1212.3894,1208.1829,995.42316,1752.677,1230.7141,985.4872,991.0355,1229.6757,1793.7169,1801.042,991.15454,1036.3136,566.52124,1444.0143,789.59607,1787.4458,1034.7339,1216.482,1213.868,1794.0947,1212.9954,1220.7076,986.82654,1965.6853,642.53485,1219.8163,1227.5802,569.33545,1797.0958,1215.2184,997.4703,979.36725,1049.734,1033.2507
6000,1498.1826,1228.1122,1774.056,1013.75446,1774.9324,1773.4739,998.5457,1773.474,1779.1902,996.6353,1223.5104,1001.4958,1790.5143,1006.0012,1771.2262,1774.2771,1965.0581,636.105,997.6808,1771.1575,1780.0198,1224.2864,994.8253,1788.8964,1236.7277,1225.0854,626.7304,606.4009,811.90735,1225.8613,1229.3411,1775.5226,1772.016,664.6843,1773.0637,1770.4343,1080.5509,990.4291,990.4298,1770.429,1224.8809,1224.689,1770.431,1223.9229,991.9974,992.7812,1034.0422,1121.7664,1228.967,1774.9934,1223.9253,1225.4875,1101.5242,993.63983,991.2154,272.88223,467.80496,769.47174,267.6402,635.6722,1772.775,991.1965,260.7911,1222.8582,360.81738,1223.6244,240.5197,1226.8201,507.059,1224.5139,996.73,1150.6733,672.3324,1004.3396,528.41266,991.8563,943.7215,790.10236,995.318,1776.5983,952.2781,1032.2574,339.1872,319.53534,1544.1403,1156.2213,205.56186,287.02332,1032.8136,997.1906,992.0064,306.86453,1770.4586,1221.5476,992.00446,1222.3148,1965.4188,532.1699,339.58994,1223.0885,1010.9935,1223.6201,1775.7295,726.9566,694.26715,1007.2196,811.9424,805.4574,1966.7737,1131.1393,629.23145,296.52225,1629.2151,366.91162,1791.9249,905.2527,252.10373,659.26953,809.188,213.572,993.5756,492.28787,1770.1556,1219.3615,1219.5067,917.79956,1778.2593,1221.6448,387.87582,1005.63605,1005.46204,1772.4469,1217.7784,324.51868,1183.625,456.69656,763.96765,741.4263,1235.0935,1604.6907,1014.9765,673.71204,1970.2822,684.2291,1030.8096,1034.9269,599.43933,161.46149,258.54114,693.70184,741.1108,622.4145,621.25977,701.8774,412.85202,1032.7905,395.18283,908.5501,817.0295,1184.3877,242.24203,365.51947,1491.4556,1033.5571,1204.9034,544.1899,269.86707,1966.5679,716.8183,1034.0848,793.8816,455.70892,628.8923,1032.2252,544.03516,1966.7627,1032.2025,1018.8485,1414.0613,796.0337,145.64415,692.91406,1774.0245,2486.7522,1222.4801,1266.63,1792.4095,1290.5188,1771.0146,1222.4507,993.19275,416.58008,1489.4067,1220.9126,1221.7179,1259.2151,1772.0413,1230.7972,665.0779,1032.157,807.9707,1743.0442,1320.0958,1011.7282,285.20316,690.24347,1152.332,892.4234,1774.168,521.62683,994.92163,1772.5585,302.15665,1770.9467,1220.9396,663.1961,991.6775,1771.756,989.3262,1771.7563,1220.9154,1221.7433,1119.4423,2463.8003,1794.0936,238.82278,331.0888,741.244,1053.3146,2481.9084,344.5015,611.59265,1770.5948,1768.9706,990.074,1769.7618,1254.6996,509.4799,1219.4199,997.9704,1770.5568,992.4166,1768.9724,1219.2042,472.15228,1219.2042,258.6205,1748.1868,541.4296,1229.1458,1155.2225,703.50684,1418.7078,559.4466,1221.8038,192.67899,671.2456,996.53827,946.85394,1773.1257,208.01244,1219.0883,1217.0186,1001.76074,1784.5105,1228.105,996.87286,999.6025,1227.5942,1773.44,1777.0284,999.6617,1034.0573,589.22656,1455.5465,810.6674,1770.025,1033.2659,1222.6377,1221.3522,1773.3683,1219.3914,1226.2582,997.5323,1967.8835,660.04004,1225.8197,1229.6395,542.9022,1774.849,1223.5587,1019.2014,993.9095,1071.9961,1031.9662
6060,1519.1876,1231.6897,1755.4359,1021.5371,1755.8674,1754.821,1014.04944,1754.8212,1757.9674,1013.11505,1229.4319,1015.5006,1763.6002,1017.72253,1754.0479,1755.2227,1963.1622,631.61145,1013.62854,1753.6846,1758.0511,1229.8135,1012.2236,1762.7463,1235.9299,1230.2078,620.47156,624.5649,810.6439,1230.5853,1232.2994,1755.8429,1754.1207,674.6194,1754.6337,1753.3458,1096.8087,1010.0601,1010.0583,1753.3411,1229.9587,1229.8644,1753.3436,1229.4877,1010.8298,1011.21533,1031.5834,1111.1807,1231.9713,1755.5914,1229.4893,1230.2593,1119.5226,1011.63794,1010.44385,281.615,480.8078,785.12976,279.1012,648.3985,1754.5026,1010.4334,262.8654,1228.8466,373.03485,1229.2234,250.6515,1230.7963,485.3973,1229.6626,1013.1552,1170.1139,692.7027,1016.8979,541.54865,1010.7565,961.40857,804.23584,1012.4595,1756.3868,967.6503,1030.4583,338.82074,326.22348,1568.7837,1173.2031,202.11894,280.62756,1030.732,1013.3794,1010.8284,315.1945,1753.3673,1227.5961,1010.82776,1227.9739,1963.3405,548.5006,329.9641,1228.3551,1020.1699,1228.6173,1755.9631,720.93774,711.23413,1021.8871,825.9358,816.9479,1964.6292,1121.3943,643.54407,301.1596,1637.7776,374.48093,1818.693,917.35754,258.82635,665.72565,803.7663,223.25224,1011.3828,495.34613,1753.1208,1224.865,1224.9371,924.4065,1757.1111,1225.9895,395.72928,1017.3159,1017.23016,1754.2527,1224.0883,333.64932,1196.4484,471.18683,753.3853,731.79865,1237.8857,1618.353,1031.0818,688.0778,1962.7401,688.4141,1028.0988,1032.2784,618.1668,168.78639,267.26776,712.70746,731.54706,640.22455,638.51294,719.62646,426.31665,1031.208,393.16904,917.4488,833.4502,1197.0195,250.8348,369.60114,1524.3198,1031.5844,1159.273,552.0453,257.6867,1964.5128,724.1387,1031.8453,802.16504,459.34192,645.453,1030.1858,553.7459,1964.6105,1046.7012,1042.7476,1447.7013,812.0409,152.19249,702.3638,1755.4305,2475.8665,1227.7856,1249.5065,1764.4777,1305.4934,1753.5474,1227.7706,1011.18726,407.6371,1523.3092,1227.0153,1227.4052,1245.8601,1754.7694,1231.88,676.1534,1030.1624,828.97797,1757.9661,1323.8441,1016.2788,292.52167,693.7234,1171.3472,901.19836,1755.4031,527.5497,1011.64655,1754.6108,301.86057,1753.8165,1227.0332,674.88696,1010.05115,1754.2173,1008.89386,1754.2175,1227.0187,1227.4296,1131.5696,2447.897,1812.3075,249.5489,337.45767,731.67786,1061.7328,2479.238,355.24207,608.0899,1752.8938,1752.0967,1009.2704,1752.484,1281.8141,491.43835,1224.8466,1013.4067,1752.8751,1010.6738,1752.0984,1224.7413,472.53592,1224.7413,267.304,1731.7709,557.8373,1229.633,1172.4106,705.85504,1452.2058,568.063,1226.0236,200.8784,679.6848,1009.24646,963.4701,1754.4552,212.57553,1224.3975,1223.379,1015.6863,1808.9325,1228.835,1013.2811,1014.624,1228.5837,1754.9744,1756.7255,1014.65234,1031.5781,609.36145,1463.3368,830.0276,1752.9924,1031.1714,1227.5739,1226.9418,1754.6971,1224.5516,1230.7903,1013.6041,1965.6218,676.2115,1230.5747,1232.4542,518.10114,1755.4296,1229.4635,1040.027,1011.8664,1091.6384,1030.0356
6120,1535.9601,1234.4076,1738.0812,1035.4952,1738.2937,1737.485,1031.8049,1737.4851,1739.3315,1031.3514,1233.3041,1032.5187,1742.1549,1033.6178,1737.4022,1737.6885,1957.9178,626.8588,1031.6028,1736.9287,1739.0826,1233.4917,1030.9114,1741.6853,1236.4955,1233.6869,615.879,641.8925,811.9768,1233.8674,1234.7135,1738.0002,1737.1561,683.0957,1737.4059,1736.7781,1109.4873,1029.8463,1029.8433,1736.7738,1233.4279,1233.3815,1736.7762,1233.1963,1030.223,1030.4127,1028.7656,1100.517,1234.4205,1737.8853,1233.1976,1233.5781,1134.7235,1030.6208,1030.032,289.6368,492.81183,798.5461,290.4335,659.81744,1737.352,1030.0258,264.69714,1232.7788,385.0572,1232.9641,260.22903,1233.739,466.8836,1233.1821,1031.3643,1185.2905,710.82715,1033.2043,554.2454,1030.1829,976.8837,816.5827,1031.0208,1738.282,980.6147,1027.9766,340.15714,330.5842,1588.2617,1187.082,199.7388,276.20184,1028.1116,1031.4714,1030.216,323.22836,1736.7977,1231.5856,1030.216,1231.7716,1958.0287,564.8306,320.4487,1231.96,1034.812,1232.0897,1738.077,716.25214,728.26385,1033.2478,839.1364,826.3672,1959.2036,1111.1719,657.47754,305.9871,1643.4238,381.08017,1839.4427,927.48315,264.5274,671.5682,794.29333,232.38869,1030.2651,498.63202,1736.5977,1228.6932,1228.7295,928.8566,1738.5635,1229.2479,403.52176,1033.1837,1033.1411,1737.1587,1228.3136,342.26886,1206.1791,484.9493,744.13367,724.3447,1239.1041,1628.5951,1045.1434,703.7616,1953.335,691.86145,1024.9636,1029.32,634.9189,176.27194,275.78043,731.80475,724.1478,657.78107,655.8249,736.4894,438.8133,1028.7697,389.9594,924.3835,847.9236,1206.6129,258.1175,373.86642,1551.4807,1028.9539,1116.6652,555.40686,251.158,1959.1312,731.3311,1029.0837,808.57855,462.77835,661.46136,1027.5961,562.9056,1959.1815,1057.9141,1065.8644,1476.0916,825.9962,159.06273,711.6278,1738.0952,2462.8232,1231.4314,1242.1178,1742.5474,1317.5187,1736.811,1231.4236,1030.1598,396.95596,1550.9816,1231.0538,1231.2375,1240.3256,1738.0509,1233.4484,686.04987,1027.6107,848.0557,1767.1132,1324.8616,1018.5086,298.21118,696.9385,1186.2137,907.9545,1737.996,533.92175,1029.984,1737.606,302.83014,1737.214,1231.0664,686.09784,1029.1997,1737.4135,1028.6299,1737.4138,1231.0569,1231.2625,1143.3398,2431.3557,1823.876,259.94098,343.8449,724.263,1067.4049,2471.7588,365.17938,606.4952,1736.0958,1735.7056,1028.8256,1735.8943,1305.2958,474.17682,1228.6466,1031.1174,1736.0865,1029.7722,1735.7073,1228.596,473.99258,1228.596,275.7953,1715.9315,572.4585,1231.0035,1186.4658,708.6078,1480.4736,575.99524,1229.2303,208.93205,687.0042,1019.68805,977.97876,1737.1404,215.7478,1228.1538,1227.6526,1032.6643,1827.6138,1230.3385,1031.4805,1032.1411,1230.215,1737.7186,1738.5663,1032.1537,1028.749,627.2668,1468.3014,847.8762,1736.4652,1028.5269,1231.0503,1230.7396,1737.3549,1228.2352,1233.971,1031.6372,1960.1033,691.0233,1233.8649,1234.7898,495.84534,1737.719,1233.3197,1059.2782,1030.8236,1108.9957,1027.5352
6180,1549.1835,1235.9686,1721.621,1051.6289,1721.7258,1721.0637,1049.8071,1721.0638,1722.2408,1049.5897,1235.4341,1050.158,1723.6752,1050.7043,1721.2908,1721.1694,1950.2064,622.3864,1049.7122,1720.793,1721.8578,1235.5264,1049.3718,1723.4014,1236.9978,1235.6238,612.6887,658.2301,815.1511,1235.7064,1236.1257,1721.3291,1720.9169,690.3922,1721.0374,1720.734,1119.1367,1048.8472,1048.8438,1720.73,1235.3698,1235.347,1720.7324,1235.256,1049.0308,1049.1241,1025.6149,1089.9263,1235.8611,1721.2809,1235.2572,1235.4464,1147.5476,1049.2267,1048.9357,297.0898,503.9703,810.0001,301.5676,670.138,1721.021,1048.9316,266.4839,1234.9628,396.92337,1235.0538,269.2322,1235.4363,450.9395,1235.1633,1049.5897,1196.9385,726.88934,1050.4938,566.4688,1049.0073,990.38324,827.3107,1049.4194,1721.4812,991.50476,1025.0017,342.81607,333.2178,1603.3053,1198.0276,198.25063,273.3126,1025.0684,1049.6394,1049.0212,331.1311,1720.7524,1233.8239,1049.0216,1233.9154,1950.3008,581.06305,311.26898,1234.009,1051.2826,1234.0737,1721.3839,712.7203,745.09937,1042.0804,851.59296,834.099,1951.3523,1100.7251,671.0072,311.06964,1646.5645,387.01456,1855.1976,936.14233,269.5246,676.9745,782.0248,240.79164,1048.8156,502.09305,1720.591,1230.9492,1230.968,931.6289,1721.5607,1231.2238,411.2119,1050.251,1050.2295,1720.8708,1230.7653,350.4748,1213.2937,498.03088,736.1836,718.59515,1238.9792,1635.791,1057.4515,720.0598,1942.5106,694.87415,1021.5591,1026.06,650.1131,183.83855,283.87048,750.708,718.4436,675.0325,673.0773,752.426,450.507,1025.7617,386.06128,929.73663,860.6887,1213.6285,264.35083,377.96362,1573.4291,1025.8513,1076.7776,555.0852,246.67967,1951.3016,738.5649,1025.9169,813.56305,466.20746,676.89734,1024.5769,571.57184,1951.3291,1066.3868,1087.8134,1500.0421,838.1919,166.16606,720.61237,1721.652,2448.0083,1233.5198,1238.7775,1723.8429,1327.1737,1720.6992,1233.5155,1048.7548,385.52988,1573.182,1233.3352,1233.4164,1237.8976,1721.8821,1234.5146,695.2833,1024.6235,865.3511,1771.6061,1323.8344,1019.02484,302.02997,700.0614,1197.6345,913.0453,1721.526,540.44855,1048.2571,1721.334,304.83252,1721.1399,1233.3453,696.9671,1047.8717,1721.2404,1047.5911,1721.2407,1233.3384,1233.4431,1154.4683,2414.5808,1830.1255,269.89938,350.32666,718.5398,1070.9967,2460.8862,374.53732,606.4751,1719.9972,1719.8071,1047.6975,1719.8981,1325.445,457.5943,1230.8972,1049.0854,1719.9927,1048.423,1719.809,1230.8737,476.39023,1230.8735,283.8747,1700.5897,585.5685,1232.0592,1197.5509,711.5973,1504.1,583.3842,1231.1896,216.81308,693.51666,1028.3229,990.6822,1720.7537,218.2154,1230.3964,1230.1495,1050.2795,1841.8014,1231.473,1049.6964,1050.0215,1231.4124,1721.3256,1721.7294,1050.0262,1025.5919,643.2583,1471.1038,864.3589,1720.4508,1025.4562,1233.0671,1232.9148,1720.933,1230.4427,1235.7535,1049.7715,1952.1749,704.5055,1235.7015,1236.1569,476.26685,1721.1156,1235.4349,1076.7465,1049.4083,1124.3158,1024.5897
6240,1559.379,1236.3398,1705.8457,1068.0094,1705.8976,1705.3331,1067.1082,1705.3333,1706.155,1067.0059,1236.0864,1067.2806,1706.9011,1067.5538,1705.6869,1705.3905,1940.6406,618.49695,1067.0651,1705.2026,1705.7313,1236.1317,1066.8975,1706.7285,1236.8484,1236.1812,610.67926,673.4851,819.6,1236.2147,1236.4246,1705.4751,1705.2751,696.7208,1705.332,1705.1882,1126.2333,1066.6389,1066.6357,1705.1844,1235.9381,1235.927,1705.1868,1235.8823,1066.7279,1066.7738,1022.20935,1079.5168,1236.1831,1705.4595,1235.8835,1235.9789,1158.3286,1066.8245,1066.6803,304.09332,514.40686,819.7391,312.4155,679.52167,1705.334,1066.6776,268.33627,1235.6635,408.64005,1235.7081,277.685,1235.8976,437.09674,1235.7645,1067.001,1205.6392,741.0937,1067.4448,578.19885,1066.7135,1002.1144,836.5935,1066.9163,1705.5629,1000.60266,1021.6931,346.50394,334.63187,1614.5388,1206.3357,220.01743,271.62253,1021.72614,1067.0231,1066.7185,339.00793,1705.2058,1234.576,1066.719,1234.6211,1940.7397,597.1695,326.21103,1234.6681,1067.8313,1234.7009,1705.5184,710.1859,761.563,1048.964,863.3711,840.45386,1941.6733,1090.2416,684.1,316.44153,1647.5574,392.51297,1866.7974,943.67847,274.0528,682.06067,767.79724,248.44936,1066.3809,505.5965,1705.0768,1231.7988,1231.8091,933.1009,1705.5563,1231.9358,418.75452,1067.0868,1067.0758,1705.2184,1231.7115,358.33054,1218.1929,510.4769,729.46857,714.23175,1237.7257,1640.318,1068.2433,736.51575,1930.544,697.6587,1018.00244,1022.5675,664.05383,191.42612,291.5,769.29266,714.1171,691.9142,690.151,767.42914,461.5297,1022.39014,381.8045,933.8128,871.9446,1218.4562,270.315,381.66168,1590.7457,1022.43317,1039.3098,551.7867,310.91382,1941.6329,745.8875,1022.4671,817.4493,469.7465,691.7376,1021.2545,579.78595,1941.6492,1072.5802,1108.4783,1520.2758,848.87585,173.42383,729.25476,1705.8921,2432.0176,1234.2151,1236.802,1706.9705,1334.9364,1705.1332,1234.2125,1066.3439,390.80054,1590.6232,1234.1255,1234.1549,1236.371,1706.2324,1234.7073,708.5934,1021.3279,880.9995,1772.359,1321.2838,1018.2909,304.03183,703.16675,1206.1674,916.7573,1705.7588,546.9377,1065.6821,1705.6642,307.69247,1705.5676,1234.1345,707.54895,1065.493,1705.6193,1065.3546,1705.6196,1234.1288,1234.1842,1164.8094,2397.7222,1832.1105,279.40143,356.93634,714.19495,1073.0054,2447.6514,383.47858,607.7404,1704.4733,1704.3817,1065.4152,1704.4246,1342.6017,599.31604,1231.7515,1066.3605,1704.4711,1066.0339,1704.3834,1231.7413,502.1781,1231.7413,291.4988,1685.7076,597.40216,1232.3259,1205.9652,714.6845,1523.6652,590.33234,1231.9012,224.5138,699.44617,1035.4988,1001.8209,1705.0592,224.76169,1231.2599,1231.1382,1067.386,1852.4204,1231.7915,1067.0988,1067.2588,1231.7617,1705.5979,1705.7833,1067.26,1022.1831,657.61273,1472.2997,879.589,1704.9272,1022.0865,1233.739,1233.6644,1705.2042,1231.2897,1236.2288,1067.1339,1942.4287,716.71954,1236.2032,1236.4276,459.1695,1705.2975,1236.074,1092.9222,1066.9905,1137.8068,1021.329
6300,1566.9755,1235.6116,1690.6224,1083.9647,1690.6481,1690.1539,1083.5178,1690.1538,1690.7788,1083.4708,1235.4973,1083.6027,1691.1826,1083.7402,1690.5477,1690.187,1929.6483,615.35535,1083.4993,1690.092,1690.3568,1235.5195,1083.4166,1691.0635,1235.864,1235.5455,609.69135,687.6148,824.9007,1235.5541,1235.6611,1690.2345,1690.139,702.24493,1690.1647,1690.0992,1131.2054,1083.2892,1083.2866,1690.0956,1235.3153,1235.3099,1690.0978,1235.2881,1083.332,1083.3545,1018.62756,1069.3658,1235.4393,1690.2347,1235.2892,1235.3387,1167.3298,1083.3798,1083.308,336.6952,524.2221,827.981,322.9949,688.0952,1690.1753,1083.3062,270.32187,1235.1178,420.21222,1235.1396,286.08368,1235.2344,424.9881,1235.1702,1083.4651,1211.8658,753.6447,1083.6827,589.44354,1083.3229,1012.2645,844.5934,1083.4226,1690.2904,1008.15283,1018.1694,350.99518,335.34653,1622.4984,1212.3346,219.42232,270.87573,1018.18585,1083.4741,1083.324,346.92395,1690.1161,1234.0793,1083.3245,1234.1012,1929.7594,613.07043,325.38788,1234.1255,1083.8716,1234.1427,1690.2719,708.5138,777.53125,1054.3287,874.6097,845.6896,1930.5876,1079.8586,696.72815,322.11597,1646.7094,398.07547,1874.944,950.3258,278.60544,686.903,752.1913,255.63197,1082.9153,508.99878,1690.0146,1231.4316,1231.4379,933.5725,1690.2528,1231.5011,426.117,1083.2625,1083.2567,1690.088,1231.3921,366.20142,1221.2218,522.35126,723.90356,711.02295,1235.5391,1642.5289,1077.6722,752.8279,1917.7872,700.3542,1014.3671,1018.91473,676.96484,198.9963,299.728,787.4108,710.93835,708.3606,706.93634,781.512,471.99222,1018.7949,377.439,936.85583,881.868,1221.4331,276.3685,384.81796,1604.0074,1018.8149,1003.9851,546.106,276.29282,1930.5536,753.31,1018.83344,820.48114,473.4868,705.963,1017.7314,587.5789,1930.5648,1076.9075,1127.7885,1537.3828,858.25793,180.76999,737.52527,1690.6832,2415.1606,1233.7053,1234.978,1691.2139,1340.9996,1690.0453,1233.7035,1082.892,416.41547,1603.9464,1233.6625,1233.6654,1234.7681,1691.0562,1233.9503,721.3413,1017.82684,895.1293,1770.1263,1317.6008,1016.6534,304.3806,706.26996,1212.269,919.32635,1690.5505,553.2677,1082.147,1690.5038,311.27673,1690.4552,1233.6713,717.85645,1082.0543,1690.4828,1081.9862,1690.4832,1233.6659,1233.6974,1174.1959,2380.8853,1830.714,288.61682,363.6834,711.0,1073.8021,2432.7617,392.1198,610.0566,1689.4359,1689.3928,1082.0221,1689.4121,1357.1602,652.3749,1231.3928,1082.7498,1689.4348,1082.5886,1689.3944,1231.3895,505.5341,1231.3895,299.7238,1671.2201,608.18933,1231.6785,1212.043,717.75836,1539.7982,596.9422,1231.4729,232.39418,704.9565,1041.4672,1011.5921,1689.9133,231.06981,1230.9183,1230.8583,1083.6948,1860.174,1231.182,1083.5533,1083.6321,1231.1674,1690.4097,1690.4884,1083.6322,1018.59985,670.57776,1472.0754,893.66016,1689.855,1018.5202,1233.2291,1233.1927,1690.0273,1230.9406,1235.5475,1083.5695,1931.2866,727.7442,1235.5349,1235.6456,444.2484,1690.0765,1235.4734,1107.867,1083.5314,1149.606,1017.85736
6360,1572.3794,1233.8865,1675.8674,1098.8676,1675.8806,1675.4398,1098.6459,1675.44,1675.9489,1098.6249,1233.8419,1098.6876,1676.1812,1098.757,1675.8345,1675.4612,1917.6326,613.0336,1098.6385,1675.412,1675.5469,1233.8527,1098.5977,1676.0913,1234.0131,1233.8671,609.53253,700.6482,830.7374,1233.8627,1233.9196,1675.4902,1675.4462,707.1101,1675.4565,1675.4296,1134.3433,1098.5349,1098.5331,1675.426,1233.6493,1233.6467,1675.4281,1233.6361,1098.5553,1098.5664,1014.9539,1059.4918,1233.7142,1675.4982,1233.6373,1233.6644,1174.7603,1098.5791,1098.5433,402.01346,533.49,834.94415,333.32504,695.9778,1675.4712,1098.5421,274.53668,1233.5012,431.63843,1233.512,315.70343,1233.5602,414.33652,1233.5299,1098.6202,1216.0071,764.7318,1098.7269,600.1594,1098.5498,1020.99097,851.4698,1098.5989,1675.5303,1014.3494,1014.5343,356.1184,335.60162,1627.6459,1216.3379,217.51976,271.17334,1014.5426,1098.6235,1098.5496,354.91776,1675.4459,1232.5092,1098.5499,1232.5195,1917.7567,628.6898,327.61212,1232.5328,1098.8188,1232.5425,1675.5243,707.58704,792.9218,1058.4823,885.2848,850.0032,1918.493,1069.6759,708.8535,328.0934,1644.2881,416.80557,1880.2069,956.2444,296.278,691.5613,735.623,262.35727,1098.1006,512.17535,1675.3679,1230.0013,1230.0056,933.2799,1675.4873,1230.0378,435.33606,1098.2714,1098.2684,1675.4076,1229.9857,387.0753,1222.6581,533.6394,719.3993,708.7926,1232.5317,1642.7422,1085.912,768.79706,1904.4286,703.0493,1010.72687,1015.18207,689.0005,208.70721,344.57535,804.959,708.7325,724.3125,723.33887,794.7018,481.95856,1015.08966,373.14835,939.0653,890.593,1222.8314,281.69904,387.35144,1613.7482,1015.09827,970.55756,538.53326,268.6994,1918.4622,760.83,1015.1093,822.84906,479.50906,719.55664,1014.1032,594.9735,1918.471,1079.6218,1145.7382,1551.8594,866.5219,188.47736,745.3789,1675.9421,2397.6758,1232.1422,1232.7687,1676.2034,1345.7875,1675.3859,1232.1405,1098.0862,432.1318,1613.7179,1232.1223,1232.111,1232.6674,1676.3121,1232.2656,731.38086,1014.2167,907.861,1765.469,1313.0797,1014.3901,303.27097,709.3592,1216.3163,920.9615,1675.8114,559.63226,1097.2974,1675.7882,315.48212,1675.7632,1232.1313,727.87836,1097.2521,1675.779,1097.2186,1675.7793,1232.1259,1232.146,1182.6726,2364.058,1826.558,297.52695,370.5635,708.7802,1073.6643,2416.6946,400.53796,613.47705,1674.8245,1674.8053,1097.2401,1674.8131,1369.3702,638.42755,1229.9718,1097.86,1674.8242,1097.7805,1674.807,1229.972,507.43896,1229.9719,344.56543,1657.1221,618.03375,1230.1157,1216.1039,720.73486,1552.9083,603.23627,1230.0182,253.79726,710.15027,1046.4313,1020.1476,1675.2275,235.08282,1229.5181,1229.4883,1098.7662,1865.6194,1229.6501,1098.6969,1098.7357,1229.643,1675.681,1675.7079,1098.7354,1014.9254,682.327,1470.9116,906.6523,1675.1979,1014.85333,1231.677,1231.6594,1675.316,1229.5371,1233.8413,1098.7041,1919.1416,737.6799,1233.8352,1233.8899,431.19434,1675.3434,1233.8071,1120.9208,1098.714,1159.8822,1014.2723
6420,1575.8724,1231.325,1661.5411,1112.2977,1661.5476,1661.149,1112.1881,1661.1498,1661.585,1112.1786,1231.3153,1112.2086,1661.7313,1112.2435,1661.5282,1661.1652,1904.8523,611.4776,1112.1853,1661.1385,1661.2091,1231.3203,1112.165,1661.6577,1231.3899,1231.3295,610.0921,712.5666,836.87524,1231.3176,1231.3502,1661.185,1661.166,711.54266,1661.1691,1661.1608,1136.0052,1112.1343,1112.1334,1661.1575,1231.1229,1231.1217,1661.1592,1231.1166,1112.144,1112.1495,1011.25354,1049.9851,1231.1589,1661.1964,1231.1178,1231.1343,1180.8032,1112.156,1112.1382,394.01715,542.27075,840.7631,343.3977,703.23016,1661.1857,1112.1376,281.37512,1231.0098,442.9074,1231.0148,339.46036,1231.0403,404.92468,1231.0269,1112.176,1218.3881,774.53217,1112.2285,610.39105,1112.1412,1028.4507,857.36725,1112.1652,1661.217,1019.37177,1010.8627,361.7405,335.50113,1630.3812,1218.6318,216.7368,273.28177,1010.86694,1112.1772,1112.1407,363.00763,1661.1769,1230.0615,1112.1412,1230.0663,1904.9882,643.96216,330.8011,1230.0741,1112.2734,1230.0801,1661.217,707.3033,807.6779,1061.6686,895.3459,853.55206,1905.6451,1059.7446,720.45703,334.36426,1640.5338,430.7812,1883.0286,961.5457,309.16425,696.05804,718.3975,268.53116,1111.6681,515.02856,1661.1188,1227.6924,1227.6959,932.39325,1661.1797,1227.7129,446.752,1111.7524,1111.751,1661.1417,1227.6887,403.0244,1222.7623,544.4096,715.85284,707.3938,1228.9083,1641.2417,1093.0536,784.2897,1890.6465,705.79156,1007.12836,1011.4324,700.27563,220.91457,370.69162,821.8652,707.3536,739.7193,739.27985,807.0276,491.4953,1011.3534,369.029,940.5887,898.24945,1222.9078,286.2907,389.22318,1620.4465,1011.3563,938.8128,529.46704,267.39212,1905.6163,768.50305,1011.3637,824.71533,488.18137,732.50525,1010.44104,601.9864,1905.624,1081.053,1162.3522,1564.0706,873.80676,197.5421,752.823,1661.6278,2379.746,1229.7106,1230.0192,1661.7568,1349.2802,1661.1306,1229.7087,1111.6605,437.2487,1620.4315,1229.7019,1229.6826,1229.9714,1661.9803,1229.7742,739.68445,1010.5691,919.30707,1758.9565,1307.9475,1011.6857,300.8946,712.3864,1218.6265,921.8049,1661.4994,566.6718,1110.8468,1661.4875,320.22757,1661.4745,1229.7114,737.5978,1110.8248,1661.4844,1110.8086,1661.4845,1229.7054,1229.7205,1190.1208,2347.4329,1820.2797,306.06262,377.5641,707.3898,1072.7986,2399.7869,408.78552,618.47546,1660.6127,1660.6051,1110.8204,1660.6072,1379.3948,610.44696,1227.6722,1111.3864,1660.6125,1111.3469,1660.6067,1227.6742,510.27878,1227.6741,370.6808,1643.392,627.11017,1227.7462,1218.44,723.54626,1563.3132,609.2843,1227.7023,270.18173,715.10455,1050.5425,1027.6305,1660.9612,237.82814,1227.2402,1227.2253,1112.2737,1869.1332,1227.3079,1112.2396,1112.2588,1227.3044,1661.3754,1661.3767,1112.2584,1011.22516,693.03424,1468.7589,918.63586,1660.9396,1011.15643,1229.2612,1229.253,1661.0289,1227.2582,1231.2864,1112.243,1906.2493,746.60486,1231.2834,1231.3107,419.73315,1661.0454,1231.2719,1132.1359,1112.2723,1168.7229,1010.6464
6480,1577.6908,1228.0721,1647.6104,1124.1163,1647.6135,1647.2501,1124.0642,1647.2507,1647.6359,1124.0583,1228.0803,1124.0746,1647.738,1124.0903,1647.6068,1647.2632,1891.5181,610.65717,1124.0621,1647.2477,1647.2869,1228.0829,1124.0518,1647.674,1228.1073,1228.0895,611.25665,723.41675,843.1406,1228.0737,1228.0944,1647.2784,1647.2719,715.728,1647.271,1647.2719,1136.4412,1124.0374,1124.0371,1647.2688,1227.893,1227.8922,1647.2708,1227.8899,1124.0424,1124.0452,1007.577,1040.855,1227.9148,1647.2916,1227.8914,1227.9025,1185.6168,1124.0486,1124.04,386.41037,550.60846,845.5897,353.1918,709.9215,1647.2885,1124.0399,288.23798,1227.8068,453.9976,1227.809,353.3701,1227.8231,396.57385,1227.8181,1124.0592,1219.2924,783.2098,1124.0853,620.1426,1124.0422,1034.783,862.41754,1124.0541,1647.306,1023.378,1007.2099,367.75775,335.14493,1631.0525,1219.4788,216.9577,276.9074,1007.21216,1124.0602,1124.0427,371.19647,1647.2878,1226.8995,1124.0427,1226.9017,1891.6636,658.8313,332.84027,1226.9067,1124.108,1226.911,1647.3094,707.5717,821.7645,1064.0707,904.8016,856.4734,1892.2526,1050.1324,731.5258,340.91345,1635.6532,439.2414,1883.7522,966.31256,316.53577,700.4116,700.7431,274.12952,1123.5549,517.4883,1647.2465,1224.6635,1224.6666,931.0684,1647.2789,1224.676,457.69113,1123.5968,1123.5962,1647.2616,1224.6661,413.25198,1221.7576,554.69257,713.1744,706.70715,1224.7816,1638.2797,1099.2081,799.217,1876.5679,708.6123,1003.6065,1007.7144,710.8771,232.88431,379.04443,838.08014,706.6832,754.54004,754.69586,818.5252,500.6495,1007.6426,365.12567,941.56384,904.955,1221.8829,290.34586,390.42267,1624.5267,1007.64276,908.56616,519.2299,268.00192,1892.225,776.34045,1007.6484,826.23584,496.82214,744.8052,1006.7984,608.62805,1892.2322,1081.4347,1177.6764,1574.3396,880.2407,207.76634,759.855,1647.7075,2361.5066,1226.5677,1226.7202,1647.7716,1351.7853,1647.2556,1226.566,1123.5538,435.56168,1624.5195,1226.5646,1226.5408,1226.6989,1648.0378,1226.6022,746.9701,1006.9381,929.5747,1750.9705,1302.3694,1008.69965,297.42697,715.3137,1219.4769,921.99854,1647.5808,574.02966,1122.7253,1647.575,325.44778,1647.5675,1226.5747,746.996,1122.7145,1647.5743,1122.7072,1647.5746,1226.5682,1226.581,1196.6251,2331.0164,1812.3225,314.2054,384.66922,706.7099,1071.3574,2382.2822,416.89764,624.54626,1646.7754,1646.7733,1122.7109,1646.7725,1387.4264,581.72015,1224.6516,1123.2488,1646.775,1123.2295,1646.7753,1224.6545,513.8958,1224.6545,379.03458,1630.0199,635.5311,1224.692,1219.3174,726.1433,1571.308,615.12067,1224.6741,280.80405,719.87354,1053.9144,1034.162,1647.0822,240.06168,1224.2417,1224.234,1124.1262,1871.0757,1224.2778,1124.1101,1124.1195,1224.2762,1647.461,1647.45,1124.1199,1007.5493,702.83813,1465.9353,929.6779,1647.0599,1007.4826,1226.1371,1226.1332,1647.1328,1224.2598,1228.0347,1124.1124,1892.8167,754.6013,1228.0333,1228.0471,409.63174,1647.1443,1228.0303,1141.724,1124.1487,1176.2609,1007.0343
6540,1578.0441,1224.2527,1634.054,1134.3838,1634.0555,1633.7216,1134.3618,1633.7222,1634.0703,1134.3561,1224.2701,1134.3672,1634.1494,1134.3721,1634.0553,1633.7329,1877.7887,610.5175,1134.3589,1633.723,1633.7467,1224.2711,1134.3536,1634.0912,1224.273,1224.2765,612.9315,733.2556,849.4054,1224.2585,1224.2734,1633.7458,1633.7456,719.70575,1633.7428,1633.7483,1135.8679,1134.3475,1134.3479,1633.7451,1224.0887,1224.0886,1633.7473,1224.0875,1134.3503,1134.3517,1003.9654,1032.1086,1224.104,1633.76,1224.089,1224.0977,1189.3367,1134.3536,1134.35,382.5214,558.5402,849.5558,362.69577,716.1083,1633.7605,1134.3505,294.2903,1224.0243,464.88748,1224.0256,361.37354,1224.0345,389.13574,1224.0336,1134.3604,1218.962,790.9097,1134.3738,629.42883,1134.3525,1040.1107,866.7414,1134.3585,1633.7714,1026.5032,1003.6192,374.0881,334.63074,1629.9617,1219.1097,217.84293,281.31192,1003.6205,1134.3623,1134.3541,379.47754,1633.7638,1223.1567,1134.354,1223.1573,1877.9418,673.2525,333.0564,1223.1611,1134.3862,1223.1646,1633.7762,708.3114,835.1606,1065.826,913.69006,858.8783,1878.4723,1040.8735,742.0526,347.72092,1629.8264,445.0879,1882.6769,970.60535,321.31943,704.63403,682.8307,279.19333,1133.8569,519.50946,1633.7372,1221.046,1221.049,929.4226,1633.7551,1221.0548,467.27933,1133.8779,1133.878,1633.748,1221.0515,420.6294,1219.832,564.5152,711.27234,706.62994,1220.248,1634.0784,1104.4725,813.5211,1862.2963,711.5223,1000.19006,1004.0678,720.8674,243.74637,380.33685,853.5726,706.61945,768.74445,769.53784,829.23346,509.45663,1004.0007,361.46075,942.0963,910.8122,1219.9423,294.03687,390.95865,1626.359,1003.9994,879.6584,508.08035,269.1646,1878.4456,784.24176,1004.0042,827.52936,504.54504,756.45844,1003.21796,614.9105,1878.4526,1080.9613,1191.7715,1582.9337,885.9331,218.37582,766.4819,1634.1605,2343.062,1222.8445,1222.9199,1634.1924,1353.3994,1633.7445,1222.8427,1133.8615,429.9364,1626.3558,1222.8442,1222.8174,1222.9116,1634.4675,1222.8643,753.58997,1003.3669,938.7652,1741.8499,1296.4719,1005.54944,293.02307,718.1014,1219.1053,921.6579,1634.0344,581.15796,1133.0238,1634.0316,331.08743,1634.0267,1222.8544,756.055,1133.0187,1634.0322,1133.0155,1634.0325,1222.8478,1222.8595,1202.2084,2314.818,1803.0613,321.97717,391.86093,706.6383,1069.4581,2364.357,424.8959,631.0515,1633.2965,1633.2971,1133.0126,1633.295,1393.6814,555.21094,1221.0416,1133.535,1633.2961,1133.5259,1633.2985,1221.0452,517.9226,1221.045,380.32797,1616.9908,643.3866,1221.0656,1218.97,728.4933,1577.1936,620.7747,1221.0607,288.64026,724.4903,1056.6504,1039.8424,1633.5698,242.15466,1220.6532,1220.6493,1134.406,1871.7151,1220.6738,1134.399,1134.4037,1220.673,1633.9176,1633.9005,1134.4048,1003.93866,711.85333,1462.5563,939.8386,1633.5435,1003.87396,1222.433,1222.4313,1633.6074,1220.6716,1224.2139,1134.4015,1879.0004,761.7519,1224.2133,1224.2203,400.69324,1633.6162,1224.2144,1149.8933,1134.4382,1182.6036,1003.47925
6600,1577.1904,1219.972,1620.8524,1143.2231,1620.8533,1620.5446,1143.2174,1620.545,1620.8643,1143.2106,1219.9945,1143.2205,1620.9307,1143.2188,1620.8563,1620.5549,1863.8313,610.99365,1143.2131,1620.5477,1620.564,1219.9946,1143.2104,1620.8766,1219.985,1219.9994,615.03784,742.1476,855.5745,1219.98,1219.9923,1620.5667,1620.5693,723.44836,1620.5658,1620.5736,1134.4694,1143.2083,1143.2097,1620.5701,1219.8196,1219.8196,1620.5726,1219.8192,1143.2108,1143.2113,1000.4493,1023.7481,1219.8314,1620.581,1219.8206,1219.8281,1192.0859,1143.2126,1143.2115,381.43127,566.0942,852.777,371.90683,721.8389,1620.5833,1143.2124,299.53784,1219.774,475.55753,1219.7747,366.25665,1219.7812,382.48892,1219.7822,1143.2179,1217.6023,797.75946,1143.2255,638.2666,1143.215,1044.5441,870.4434,1143.218,1620.5911,1028.8634,1000.12225,380.66608,334.04218,1627.3718,1217.7227,219.10782,285.96103,1000.1231,1143.2212,1143.2177,387.83743,1620.5885,1218.9435,1143.2174,1218.9431,1863.99,687.1914,331.48184,1218.9463,1143.2333,1218.9495,1620.5966,709.4524,847.8579,1067.0391,922.0297,860.85645,1864.4701,1031.9862,752.03595,354.76373,1623.2089,449.83423,1880.0562,974.46906,325.04785,708.7328,664.7897,283.79388,1142.715,521.06683,1620.5747,1216.9502,1216.9531,927.5465,1620.5852,1216.9573,475.5345,1142.7257,1142.7263,1620.5831,1216.957,426.65955,1217.145,573.9019,710.0609,707.0736,1215.3907,1628.8312,1108.9303,827.166,1847.9657,714.5221,996.8957,1000.5221,730.2955,253.50435,379.82397,868.3273,707.0742,782.31085,783.7689,839.1919,517.94336,1000.45874,358.04745,942.2708,915.91266,1217.2443,297.477,390.85263,1626.2676,1000.4568,851.9526,496.2257,270.3061,1864.4438,792.0693,1000.4612,828.6629,511.35028,767.4715,999.73096,620.8436,1864.4507,1079.7971,1204.7059,1590.0789,890.9754,228.77937,772.71576,1620.9673,2324.4946,1218.6503,1218.6876,1620.9832,1354.2217,1620.5808,1218.6482,1142.7242,422.0754,1626.2664,1218.6514,1218.6226,1218.6858,1621.2521,1218.6627,759.66956,999.88696,946.9722,1731.8667,1290.3494,1002.3223,287.81757,720.7131,1217.7142,920.8804,1620.8408,587.77734,1141.881,1620.8395,337.09903,1620.8359,1218.6615,764.7595,1141.8787,1620.8407,1141.8779,1620.8411,1218.655,1218.6661,1206.915,2298.8528,1792.8141,329.41254,399.12076,707.0866,1067.1897,2346.145,432.79257,637.63416,1620.16,1620.1619,1141.8691,1620.1593,1398.4554,531.26794,1216.9523,1142.3821,1620.1598,1142.3779,1620.1631,1216.956,522.03864,1216.956,379.81564,1604.2872,650.7535,1216.9683,1217.5988,730.5737,1581.2389,626.27106,1216.9698,295.25006,728.9768,1058.833,1044.7605,1620.4059,244.24986,1216.5846,1216.5826,1143.2477,1871.2671,1216.5975,1143.2455,1143.2478,1216.5972,1620.7263,1620.7064,1143.2496,1000.42377,720.1746,1458.7046,949.1748,1620.3748,1000.36145,1218.2578,1218.2572,1620.4335,1216.6034,1219.9312,1143.2485,1864.9653,768.1362,1219.9309,1219.9346,392.75375,1620.4409,1219.934,1156.8267,1143.2831,1187.8552,1000.0134
6660,1575.077,1215.3208,1607.9956,1150.7574,1607.9961,1607.7095,1150.7614,1607.7097,1608.0051,1150.7526,1215.3461,1150.7633,1608.0642,1150.757,1608.0006,1607.7191,1849.6604,612.01904,1150.7554,1607.7134,1607.7257,1215.3456,1150.754,1608.0131,1215.3303,1215.3502,617.5091,750.16034,861.58057,1215.33,1215.341,1607.73,1607.7341,726.9228,1607.7302,1607.739,1132.4014,1150.7538,1150.7565,1607.7354,1215.1775,1215.1776,1607.7379,1215.1774,1150.7567,1150.7567,997.0485,1015.7705,1215.1877,1607.7443,1215.1787,1215.1859,1193.9698,1150.7577,1150.7582,382.25168,573.2923,855.35406,380.83023,727.15546,1607.7472,1150.7595,304.19202,1215.1487,485.9924,1215.1489,369.66553,1215.1544,376.53452,1215.1564,1150.7631,1215.3898,803.8729,1150.768,646.6747,1150.7628,1048.1814,873.61676,1150.7643,1607.7534,1030.5596,996.73944,387.43854,333.44348,1623.515,1215.4902,220.56107,290.57806,996.74,1150.7676,1150.7665,396.25916,1607.7533,1214.3529,1150.7661,1214.3519,1849.8232,700.6238,328.49594,1214.355,1150.7739,1214.3579,1607.759,710.93274,859.85626,1067.7935,929.8177,862.4809,1850.26,1023.4782,761.4804,362.017,1615.9396,454.17706,1876.1118,977.9403,328.42508,712.71216,646.7183,288.00742,1150.2607,522.1503,1607.7509,1212.4696,1212.4725,925.51117,1607.7572,1212.4758,482.7112,1150.2667,1150.2676,1607.7577,1212.4769,432.0397,1213.8326,582.8755,709.45996,707.96075,1210.2798,1622.7117,1112.6528,840.1321,1833.5128,717.6039,993.7299,997.0962,739.20123,262.37347,379.58954,882.3405,707.9707,795.22723,797.36444,848.4395,526.1302,997.03644,354.89346,942.1564,920.3381,1213.9233,300.73544,390.1344,1624.538,997.0342,825.331,483.83237,271.21667,1850.2344,799.7064,997.0384,829.6647,517.4699,777.85614,996.35754,626.4364,1850.2413,1078.0797,1216.5497,1595.9603,895.4458,238.67455,778.57135,1608.1167,2305.8704,1214.0775,1214.0963,1608.1246,1354.3375,1607.7559,1214.0753,1150.2747,413.03534,1624.538,1214.0795,1214.0492,1214.0975,1608.3813,1214.0864,765.22906,996.51886,954.28217,1721.235,1284.0743,999.0822,281.92633,723.11816,1215.4768,919.74786,1607.9893,593.8131,1149.4282,1607.9886,343.4405,1607.9857,1214.0896,773.0996,1149.4271,1607.99,1149.4275,1607.9905,1214.083,1214.094,1210.7937,2283.1284,1781.785,336.5467,406.4306,707.9777,1064.6208,2327.749,440.59384,644.139,1607.3578,1607.3605,1149.414,1607.3574,1401.6718,509.63315,1212.477,1149.9194,1607.3577,1149.9181,1607.3615,1212.481,526.0365,1212.481,379.58133,1591.8972,657.6958,1212.4891,1215.3778,732.37103,1583.6775,631.62933,1212.494,301.3489,733.3456,1060.5287,1048.9927,1607.5797,246.3787,1212.1293,1212.1283,1150.7797,1869.9037,1212.1384,1150.78,1150.7811,1212.1383,1607.876,1607.8552,1150.7838,997.0243,727.8837,1454.4496,957.73846,1607.5443,996.9648,1213.704,1213.7037,1607.5996,1212.1484,1215.2778,1150.7839,1850.7262,773.8286,1215.2778,1215.2797,385.67783,1607.6061,1215.2819,1162.611,1150.8151,1192.1091,996.6576
6720,1572.0427,1210.3756,1595.4548,1157.1011,1595.4552,1595.1876,1157.1111,1595.1879,1595.4635,1157.1002,1210.4025,1157.1125,1595.5178,1157.1029,1595.4606,1595.1968,1835.3806,613.52826,1157.1035,1595.1918,1595.2023,1210.4019,1157.1031,1595.4694,1210.3833,1210.4061,620.2885,757.36316,867.374,1210.3854,1210.3959,1595.2072,1595.212,730.1164,1595.2081,1595.2173,1129.7936,1157.1036,1157.1073,1595.2135,1210.2397,1210.2399,1595.2162,1210.2397,1157.1073,1157.1069,993.7739,1008.1694,1210.2491,1595.2214,1210.2411,1210.248,1195.0814,1157.1077,1157.1093,384.37463,580.152,857.3755,389.47537,732.0947,1595.2246,1157.1111,308.48438,1210.226,496.18146,1210.226,372.5835,1210.231,371.19202,1210.2334,1157.1136,1212.4735,809.3477,1157.1174,654.67114,1157.115,1051.1101,876.34,1157.1157,1595.2305,1031.6783,993.48157,394.36185,332.88086,1618.5857,1212.5593,222.07474,295.06363,993.482,1157.1194,1157.1199,404.72433,1595.2311,1209.4631,1157.1191,1209.4615,1835.5463,713.53467,324.45694,1209.4645,1157.123,1209.4674,1595.2358,712.69824,871.16205,1068.1533,937.0453,863.8114,1835.9454,1015.3505,770.39514,369.45514,1608.1289,458.47775,1871.0326,981.0469,331.79498,716.57495,628.69006,291.9032,1156.6128,522.7619,1595.2377,1207.6825,1207.6852,923.3721,1595.2423,1207.6882,489.10837,1156.6166,1156.6177,1595.244,1207.69,437.13782,1210.0095,591.4561,709.3955,709.2242,1204.9736,1615.8601,1115.7052,852.41125,1819.0775,720.7562,990.6925,993.80023,747.6172,270.58698,380.338,895.61804,709.2419,807.48834,810.3092,857.01465,534.0327,993.74414,352.00186,941.8089,924.16046,1210.0939,303.8543,388.83884,1621.4163,993.74164,799.6919,471.0331,271.81625,1835.9205,807.07196,993.7458,830.54535,523.1748,787.6275,993.10864,631.6971,1835.9275,1075.9221,1227.3729,1600.7347,899.4104,247.97035,784.06494,1595.5817,2287.2422,1209.2045,1209.2139,1595.5857,1353.8193,1595.2424,1209.202,1156.631,403.4062,1621.4167,1209.2069,1209.1754,1209.2166,1595.8282,1209.2114,770.2567,993.27374,960.77386,1710.1168,1277.6921,995.8743,275.4489,725.2923,1212.5414,918.3295,1595.4528,599.30365,1155.7831,1595.4526,350.0735,1595.45,1209.2168,781.06854,1155.7827,1595.454,1155.7834,1595.4547,1209.2102,1209.2211,1213.8966,2267.6504,1770.177,343.4105,413.77292,709.2445,1061.7992,2309.249,448.30124,650.5206,1594.8636,1594.8663,1155.7656,1594.8636,1403.6718,489.95834,1207.6942,1156.2648,1594.8636,1156.2649,1594.8676,1207.6985,529.77783,1207.6984,380.32935,1579.7977,664.2664,1207.7045,1212.4552,733.87775,1584.711,636.8646,1207.7112,307.27957,737.6042,1061.7931,1052.6056,1595.0658,248.52745,1207.3657,1207.3651,1157.119,1867.7662,1207.3729,1157.1208,1157.1215,1207.3729,1595.3413,1595.3202,1157.1249,993.751,735.0493,1449.8448,965.5779,1595.0275,993.6947,1208.8491,1208.8489,1595.0802,1207.3851,1210.3308,1157.1257,1836.3856,778.89813,1210.3308,1210.3318,379.3541,1595.0862,1210.3354,1167.3671,1157.1532,1195.4513,993.42316
6780,1568.1735,1205.2015,1583.213,1162.365,1583.2134,1582.9623,1162.3795,1582.9624,1583.221,1162.3663,1205.2294,1162.3806,1583.2723,1162.3682,1583.219,1582.9712,1821.0656,615.4606,1162.3701,1582.9667,1582.9761,1205.2284,1162.37,1583.2256,1205.2084,1205.2328,623.3275,763.8239,872.9214,1205.2118,1205.2218,1582.9813,1582.9866,733.03925,1582.9825,1582.992,1126.7552,1162.3712,1162.3757,1582.9884,1205.0719,1205.0721,1582.9907,1205.0721,1162.3754,1162.3751,990.6287,1000.9353,1205.0809,1582.9955,1205.0732,1205.0802,1195.5054,1162.3757,1162.378,387.40845,586.68726,858.91864,397.85275,736.68976,1582.9988,1162.3801,312.59723,1205.0718,506.1167,1205.0717,375.54022,1205.0764,366.39536,1205.0791,1162.3823,1208.9802,814.26953,1162.3859,662.2748,1162.3848,1053.4089,878.6812,1162.3851,1583.004,1032.2958,990.35205,401.39893,332.386,1612.7548,1209.055,223.56523,299.41595,990.3524,1162.3894,1162.3905,413.2144,1583.0054,1204.3396,1162.3899,1204.3379,1821.233,725.9163,319.67816,1204.3408,1162.3917,1204.3438,1583.0095,714.7011,881.7866,1068.1721,943.71295,864.8962,1821.5996,1007.5992,778.7923,377.05258,1599.8756,462.90576,1864.9816,983.81384,335.30917,720.3232,610.76086,295.5397,1161.884,522.9116,1583.0193,1202.655,1202.6577,921.17224,1583.0233,1202.6608,494.97238,1161.8867,1161.8882,1583.0255,1202.6627,442.1356,1205.7731,599.6625,709.79944,710.80493,1199.5222,1608.4015,1118.1455,864.0042,1804.6903,723.9644,987.77954,990.63684,755.57196,278.3328,382.16324,908.17206,710.8292,819.09546,822.5961,864.9545,541.6634,990.5844,349.3716,941.2738,927.4446,1205.8527,306.8598,387.0035,1617.1152,990.58185,774.9473,457.93497,272.09033,1821.5753,814.1224,990.586,831.31067,528.6797,796.80347,989.9876,636.63367,1821.5823,1073.4185,1237.2429,1604.5348,902.92566,256.6959,789.214,1583.3446,2268.6519,1204.0967,1204.1016,1583.3466,1352.7279,1583.0242,1204.0944,1161.906,393.53964,1617.1162,1204.0992,1204.0671,1204.1051,1583.5752,1204.1028,774.7347,990.1553,966.5201,1698.6509,1271.2393,992.7281,268.4709,727.21716,1209.0333,916.68396,1583.2141,604.33167,1161.058,1583.2141,356.96292,1583.2117,1204.1093,788.6642,1161.0581,1583.2156,1161.0588,1583.2161,1204.1027,1204.1135,1216.2762,2252.421,1758.1481,350.02936,421.13046,710.8282,1058.763,2290.7078,455.91312,656.7822,1582.6615,1582.6641,1161.0371,1582.6615,1404.59,471.92883,1202.6707,1161.5303,1582.6617,1161.5312,1582.6656,1202.6749,533.1744,1202.675,382.1537,1567.9716,670.50995,1202.68,1208.9569,735.09155,1584.5171,641.98944,1202.6877,313.1922,741.7557,1062.6724,1055.6584,1582.847,250.66748,1202.3602,1202.36,1162.3779,1864.9718,1202.3668,1162.3807,1162.3811,1202.3668,1583.1045,1583.0834,1162.3853,990.60706,741.7306,1444.9341,972.73816,1582.8068,990.55426,1203.7588,1203.7588,1582.8574,1202.3801,1205.1553,1162.3865,1822.0161,783.40814,1205.1553,1205.1558,373.69125,1582.8632,1205.16,1171.1876,1162.4103,1197.9635,990.3139
6840,1563.5806,1199.853,1571.2534,1166.6456,1571.2537,1571.0171,1166.663,1571.0172,1571.2606,1166.648,1199.8815,1166.6642,1571.3102,1166.6497,1571.2595,1571.0259,1806.7656,617.75714,1166.6523,1571.0215,1571.0304,1199.8804,1166.6521,1571.2644,1199.8595,1199.8848,626.5827,769.6081,878.19995,1199.8634,1199.8734,1571.0358,1571.0413,735.7142,1571.0371,1571.0465,1123.3774,1166.6539,1166.6593,1571.0427,1199.7289,1199.729,1571.0454,1199.729,1166.6586,1166.6583,987.61255,994.0569,1199.7377,1571.0498,1199.7302,1199.7372,1195.3142,1166.6589,1166.6617,391.0703,592.9104,860.0511,405.97412,740.9698,1571.0531,1166.6642,316.62787,1199.7411,515.79425,1199.741,378.70688,1199.7456,362.0896,1199.7484,1166.6664,1205.017,818.71155,1166.67,669.5043,1166.6694,1055.1472,880.6979,1166.6697,1571.0579,1032.4773,987.3505,408.51898,331.9792,1606.1694,1205.0836,224.97908,303.6642,987.3509,1166.6746,1166.6759,421.711,1571.0598,1199.0376,1166.6753,1199.0363,1806.9338,737.76807,314.40607,1199.039,1166.6763,1199.0417,1571.0636,716.8993,891.7453,1067.8926,949.82806,865.7756,1807.2721,1000.21686,786.6873,384.7841,1591.2638,467.47086,1858.0996,986.26215,338.98257,723.9581,592.972,298.96402,1166.1714,522.61505,1571.0798,1197.4431,1197.4459,918.9452,1571.0836,1197.449,500.4395,1166.1737,1166.1754,1571.0862,1197.451,447.0628,1201.2054,607.5125,710.6098,712.6512,1193.9664,1600.4431,1120.0255,874.9184,1790.3854,727.2132,984.9859,987.60516,763.09076,285.7239,384.85757,920.02057,712.681,830.05505,834.22504,872.29486,549.0324,987.55646,346.9984,940.588,930.2471,1201.2815,309.7685,384.6667,1611.8196,987.55383,751.0208,444.62335,272.0531,1807.2484,820.8354,987.558,831.96893,534.0818,805.40424,986.994,641.2538,1807.2554,1070.6467,1246.2245,1607.4727,906.04,264.92285,794.03613,1571.3888,2250.1333,1198.8094,1198.8124,1571.3898,1351.1199,1571.0847,1198.807,1166.1969,383.652,1611.8208,1198.812,1198.7797,1198.8162,1571.6052,1198.8152,778.64966,987.16315,971.58673,1686.949,1264.7415,989.6642,261.06567,728.8799,1205.0587,914.8608,1571.2566,608.9715,1165.3497,1571.257,364.07602,1571.2543,1198.8223,795.8875,1165.3497,1571.258,1165.3508,1571.2585,1198.8156,1198.8265,1217.9851,2237.4404,1745.8248,356.42453,428.48764,712.677,1055.5405,2272.1755,463.4266,662.924,1570.7361,1570.7382,1165.3256,1570.7358,1404.5459,455.28915,1197.462,1165.8127,1570.7361,1165.8141,1570.7401,1197.4662,536.174,1197.4663,384.8473,1556.4034,676.4634,1197.471,1204.9899,736.01385,1583.2484,647.0129,1197.479,319.10806,745.8012,1063.2051,1058.2034,1570.9071,252.76906,1197.1688,1197.1688,1166.6532,1861.6167,1197.175,1166.6567,1166.6569,1197.1753,1571.1488,1571.1278,1166.6617,987.5921,747.97815,1439.7576,979.2614,1570.8658,987.54285,1198.4884,1198.4886,1570.9148,1197.189,1199.8055,1166.6632,1807.6671,787.4166,1199.8055,1199.8059,368.61426,1570.9204,1199.8105,1174.1495,1166.6836,1199.7179,987.32983
6900,1558.357,1194.3762,1559.5603,1170.0264,1559.5603,1559.3365,1170.0464,1559.3367,1559.5669,1170.0297,1194.4049,1170.0477,1559.6149,1170.0311,1559.5662,1559.3451,1792.5212,620.36664,1170.0345,1559.3408,1559.3495,1194.4037,1170.0342,1559.5706,1194.3824,1194.4083,630.0172,774.77795,883.1959,1194.3865,1194.3967,1559.3549,1559.3602,738.16595,1559.3563,1559.3656,1119.7349,1170.0366,1170.0426,1559.3616,1194.2567,1194.2567,1559.3645,1194.2568,1170.0416,1170.0414,984.72046,987.5214,1194.2655,1559.3687,1194.258,1194.265,1194.5782,1170.042,1170.0454,395.15466,598.8318,860.83215,413.85043,744.9613,1559.3721,1170.0481,320.63593,1194.2803,525.2121,1194.28,382.14664,1194.2847,358.22852,1194.2876,1170.0503,1200.6747,822.7364,1170.0542,676.3773,1170.054,1056.3871,882.438,1170.0541,1559.3765,1032.2817,984.47217,415.6949,331.6725,1598.9567,1200.7352,226.2832,307.8408,984.4725,1170.0596,1170.061,430.19733,1559.3787,1193.6039,1170.0603,1193.6025,1792.6897,749.0947,308.8253,1193.6053,1170.061,1193.6082,1559.3823,719.2557,901.0562,1067.3505,955.403,866.48254,1793.0032,993.19366,794.09753,392.62543,1582.3657,472.16898,1850.5073,988.4106,342.8115,727.48096,575.35376,302.21307,1169.5596,521.89185,1559.4039,1192.0935,1192.0964,916.71674,1559.4076,1192.0996,505.60135,1169.5616,1169.5635,1559.4102,1192.1017,451.93652,1196.376,615.02216,711.7702,714.71747,1188.3412,1592.0775,1121.3962,885.1658,1776.1862,730.48694,982.304,984.7,770.19653,292.83707,388.21194,931.1854,714.7521,840.3777,845.20123,879.0701,556.1482,984.65497,344.87515,939.78156,932.6203,1196.4493,312.59128,381.86642,1605.689,984.6523,727.8456,431.16675,271.72913,1792.9799,827.19867,984.65643,832.5297,539.4333,813.4517,984.12317,645.5653,1792.9868,1067.6688,1254.3788,1609.6449,908.79504,272.72678,798.54926,1559.6984,2231.7134,1193.3894,1193.3912,1559.6991,1349.0475,1559.4089,1193.3868,1169.5881,373.87833,1605.6904,1193.3918,1193.3595,1193.3953,1559.9025,1193.395,781.9977,984.2929,976.034,1675.0997,1258.2174,986.6872,253.29623,730.27234,1200.7075,912.90186,1559.5643,613.2827,1168.7426,1559.5646,371.38214,1559.5623,1193.4025,802.7421,1168.7424,1559.5659,1168.7439,1559.5663,1193.3956,1193.4067,1219.0742,2222.7065,1733.3077,362.61288,435.82935,714.7455,1052.1549,2253.6921,470.83737,668.93884,1559.0718,1559.0739,1168.7153,1559.0715,1403.6392,439.83774,1192.1151,1169.1965,1559.0717,1169.1982,1559.0759,1192.1193,538.75006,1192.1194,388.20114,1545.0784,682.1574,1192.124,1200.6445,736.6491,1581.0366,651.9417,1192.1321,325.02792,749.74023,1063.426,1060.287,1559.2306,254.80702,1191.8385,1191.8386,1170.0293,1857.7811,1191.8447,1170.0332,1170.0333,1191.8447,1559.4585,1559.4377,1170.0388,984.70123,753.83514,1434.3473,985.18695,1559.1892,984.65546,1193.0845,1193.0848,1559.2367,1191.8585,1194.3276,1170.0405,1793.3785,790.9763,1194.3279,1194.328,364.0608,1559.2421,1194.3329,1176.3213,1170.0576,1200.7891,984.4665
6960,1552.5914,1188.8082,1548.134,1172.5878,1548.1342,1547.9216,1172.6101,1547.9218,1548.1405,1172.5919,1188.8373,1172.6117,1548.1871,1172.5931,1548.14,1547.93,1778.3623,623.21173,1172.5972,1547.9259,1547.9344,1188.8359,1172.5968,1548.1443,1188.8143,1188.8406,633.58514,779.3539,887.90173,1188.8185,1188.8289,1547.9396,1547.9447,740.41797,1547.941,1547.9502,1115.8909,1172.5995,1172.6061,1547.946,1188.6932,1188.6929,1547.9491,1188.693,1172.605,1172.6049,981.9577,981.345,1188.7018,1547.9532,1188.6945,1188.7014,1193.3615,1172.6055,1172.6091,399.52194,604.48553,861.28613,421.49133,748.66766,1547.9565,1172.6122,324.65573,1188.727,534.37,1188.7266,385.85266,1188.7312,354.77255,1188.7341,1172.6145,1196.0286,826.3973,1172.6185,682.9112,1172.6185,1057.183,883.9465,1172.6187,1547.9607,1031.7576,981.72217,422.90375,331.47107,1591.2264,1196.0848,227.45831,311.975,981.7225,1172.6245,1172.6262,438.6571,1547.963,1188.0762,1172.6255,1188.0747,1778.5302,759.90485,303.07037,1188.0778,1172.626,1188.0804,1547.9667,721.7326,909.7399,1066.5751,960.4743,867.03735,1778.8219,986.5163,801.0405,400.553,1573.2515,476.97842,1842.3076,990.2759,346.77698,730.88,557.92804,305.3114,1172.1289,520.76733,1547.9928,1186.6447,1186.6476,914.5019,1547.9963,1186.6509,510.518,1172.1311,1172.133,1547.9989,1186.653,456.75623,1191.3424,622.2084,713.2238,716.9578,1182.6749,1583.3853,1122.3177,894.7621,1762.117,733.76624,979.74475,981.92633,776.90967,299.72354,392.04175,941.6906,716.99646,850.07697,855.53455,885.3111,563.0277,981.8848,342.99252,938.8754,934.60815,1191.4138,315.3338,378.64062,1598.861,981.8822,705.363,417.62003,271.14572,1778.7993,833.23883,981.8863,833.00653,544.7584,820.9674,981.3802,649.59344,1778.8063,1064.5417,1261.759,1611.117,911.2206,280.176,802.7714,1548.2744,2213.413,1187.8746,1187.8759,1548.2748,1346.6069,1547.9978,1187.8721,1172.1603,364.30283,1598.8627,1187.8771,1187.8445,1187.8801,1548.4678,1187.8802,784.78546,981.5498,979.9157,1663.1783,1251.6885,983.8206,245.21698,731.3916,1196.055,910.8277,1548.1388,617.3122,1171.3169,1548.1388,378.85272,1548.1367,1187.8878,809.2341,1171.3165,1548.1403,1171.318,1548.1406,1187.8812,1187.8921,1219.6268,2208.298,1720.6761,368.60742,443.14294,716.98785,1048.6304,2235.2886,478.14325,674.8292,1547.6703,1547.6725,1171.2869,1547.6703,1401.9713,425.41565,1186.6686,1171.762,1547.6703,1171.7639,1547.6746,1186.6726,540.8928,1186.6726,392.03064,1534.0182,687.6056,1186.6774,1195.996,737.013,1577.9979,656.75946,1186.6854,330.93808,753.56885,1063.3759,1061.951,1547.8191,256.762,1186.4076,1186.4078,1172.5867,1853.5149,1186.4137,1172.591,1172.5911,1186.4137,1548.0352,1548.0148,1172.597,981.9398,759.33545,1428.8085,990.55286,1547.7787,981.89734,1187.5852,1187.5856,1547.8247,1186.4277,1188.7593,1172.599,1779.1797,794.1196,1188.7596,1188.7598,359.97897,1547.83,1188.7648,1177.7778,1172.6133,1201.254,981.7293
7020,1546.3746,1183.1838,1536.9404,1174.3904,1536.941,1536.7379,1174.4147,1536.738,1536.947,1174.3951,1183.2126,1174.4164,1536.9924,1174.3962,1536.9467,1536.7463,1764.3488,626.29193,1174.4008,1536.7422,1536.7505,1183.2113,1174.4004,1536.9509,1183.1897,1183.2158,637.27203,783.4396,892.315,1183.1937,1183.2042,1536.7559,1536.7609,742.49744,1536.7573,1536.7665,1111.9052,1174.4034,1174.4106,1536.7621,1183.0723,1183.0719,1536.7654,1183.0721,1174.4092,1174.409,979.3267,975.46405,1183.0809,1536.7695,1183.0735,1183.0804,1191.7172,1174.4097,1174.4137,404.08377,609.8207,861.49414,428.92416,752.1337,1536.7726,1174.4169,328.71204,1183.1154,543.2768,1183.115,389.81772,1183.1196,351.68753,1183.1226,1174.4193,1191.1453,829.74506,1174.4237,689.12305,1174.4237,1057.5847,885.26324,1174.424,1536.7767,1030.9517,979.1028,430.1256,331.38132,1583.0714,1191.1982,228.49527,316.09268,979.1031,1174.4302,1174.432,447.07773,1536.7792,1182.4888,1174.431,1182.4873,1764.5156,770.2121,297.2375,1182.4905,1174.4315,1182.493,1536.7827,724.3045,917.81793,1065.5934,964.99774,867.47504,1764.7888,980.18896,807.5377,408.54657,1563.9623,481.88654,1833.593,991.8747,350.86682,734.1675,546.0477,308.29248,1173.9392,524.5727,1536.8124,1181.1312,1181.1343,912.32904,1536.8159,1181.1375,515.23926,1173.9414,1173.9436,1536.8182,1181.1396,461.53,1186.1555,629.08234,714.93225,719.3421,1176.9932,1574.4315,1122.812,903.7263,1748.2484,737.0415,977.29047,979.28516,783.24896,306.42358,396.22058,951.56213,719.3842,859.16956,865.2384,891.0511,569.6568,979.2469,341.34113,937.9006,936.25415,1186.2256,318.0116,404.27826,1591.4535,979.2443,684.2425,433.31345,270.32938,1764.7667,838.8706,979.2483,833.41327,550.06946,827.9763,978.7667,653.33545,1764.7736,1061.3152,1268.4224,1611.9879,913.3582,287.32944,806.71686,1537.083,2195.2507,1182.2992,1182.3,1537.0831,1343.7024,1536.8175,1182.2965,1173.9729,354.97668,1591.455,1182.3016,1182.269,1182.3044,1537.2672,1182.3047,787.0224,978.93567,983.2819,1651.235,1245.1543,981.0788,346.54633,732.29517,1191.167,908.6893,1536.9459,621.10266,1173.1321,1536.9458,386.46106,1536.9438,1182.3125,815.3708,1173.1316,1536.9474,1173.1334,1536.9478,1182.3057,1182.3168,1219.6184,2194.08,1708.0089,374.43216,450.4138,719.37384,1045.004,2216.9907,485.3347,680.56323,1536.4984,1536.5006,1173.0996,1536.4985,1399.6263,411.89648,1181.157,1173.5686,1536.4984,1173.5707,1536.5028,1181.161,542.60504,1181.161,396.20923,1523.1469,692.8385,1181.1656,1191.1111,737.69196,1574.231,661.4971,1181.1737,336.83133,757.2882,1063.0834,1063.2307,1536.6392,258.62485,1180.9109,1180.9115,1174.3849,1848.9213,1180.9169,1174.3895,1174.3898,1180.9169,1536.845,1536.8247,1174.396,979.3087,764.513,1422.986,995.39026,1536.6,979.26953,1182.0245,1182.0249,1536.6449,1180.9309,1183.1343,1174.3982,1765.1307,796.9015,1183.1348,1183.1349,356.3247,1536.6501,1183.1399,1178.5499,1174.4092,1201.1484,979.12
7080,1577.3079,3601.475,4169.8545,5183.607,3274.3474,1656.5272,2819.9126,1656.5276,4082.601,1211.7732,1214.3341,3567.5137,1658.0677,3567.077,1658.0992,1656.5481,2649.902,629.56885,1211.9243,2483.984,4138.911,2038.8389,3652.0754,1658.1509,1214.0287,2863.4272,641.05615,795.8033,896.48694,3573.628,1214.3081,1656.6274,3311.518,745.9722,1656.656,1656.6863,1122.1858,1211.9711,1212.0718,1656.6338,2863.1292,2843.7808,1656.6237,2028.9225,2800.888,3567.341,2250.9563,1357.1202,1214.1921,3253.9968,2028.9226,3687.818,1202.4518,1212.0554,1997.2555,416.13428,614.91974,868.6321,436.11417,761.2231,4139.072,2025.5868,339.70462,1214.2379,551.9686,2029.1097,394.77908,1214.2534,348.94357,2029.1448,1212.2037,1191.7144,834.28326,1212.233,709.1625,1212.2332,1070.3472,910.708,2858.3555,4110.085,1043.4204,1863.5645,556.0555,331.3948,1603.4958,1188.7076,234.90807,436.2676,1046.5718,3595.7163,2801.3696,455.82733,1656.917,1213.5734,2858.582,2028.3776,3213.8835,780.50366,296.95773,2009.4044,4427.9136,2009.4392,1656.907,772.4135,1045.2704,1077.2808,981.8434,883.34515,2839.8633,1790.1667,827.66327,423.52814,1638.3433,487.37595,1871.5587,994.0825,355.9741,740.3354,535.66815,311.162,1211.5856,529.231,1656.6128,2822.3354,1998.3428,935.0806,1656.6028,3599.3804,519.8393,1211.5842,1211.5829,1656.5918,1211.985,466.76166,1218.9846,636.52954,839.032,1882.9116,1337.4834,4148.9946,1124.487,2146.369,2349.1624,743.8858,1339.0887,1047.7693,789.2356,313.00397,1156.3561,969.5343,1980.3273,868.1066,881.56366,896.5205,576.1295,1048.9413,339.90845,961.2024,952.6073,1200.6688,320.62326,403.87927,4072.0532,1865.9464,665.15607,423.30365,369.32236,2682.3757,844.9705,1048.9557,858.5178,555.40283,835.37274,1844.7734,657.0111,2841.8674,1083.8658,1433.8762,1623.5924,916.7911,294.23984,1024.8153,4621.171,2923.3345,2805.5933,3687.4885,3293.6155,1343.498,2455.3193,2805.5867,1212.1742,346.2285,2487.2366,1213.931,2088.1536,4575.884,1659.5099,1213.9464,801.8371,1046.8776,987.0453,1687.9042,1284.5452,1016.60486,290.023,733.2729,1188.7759,931.1185,1658.7673,624.7835,1211.3083,3294.2422,515.4661,1658.7458,1214.03,821.1631,3566.5615,2466.9072,1211.361,2486.208,1213.9128,2019.35,1219.4392,2908.4724,1736.2516,380.06387,464.6197,1896.5084,1044.3666,3152.0083,492.8377,686.19324,3272.1555,1655.9158,2014.424,2493.146,1411.8405,399.19406,3089.663,1211.0212,3330.3997,1211.02,1655.9253,2785.13,550.4916,2785.1292,1165.2756,2182.475,697.8806,5144.737,3609.8413,739.18475,1585.5173,666.1553,3657.0085,343.22113,775.5857,1087.3922,1077.5686,1658.8281,260.67572,2017.4219,1212.1609,3651.8975,1886.5457,2008.0265,1211.9149,3652.006,2017.474,4232.0664,1660.1814,1211.9601,2280.8408,769.48035,1463.9138,1008.053,1659.6833,1846.4324,3657.9429,2028.2751,1659.5367,3657.0037,2806.2202,1211.9587,1860.4104,893.4505,2902.969,1214.5593,353.06033,2496.802,1214.6218,1358.5957,1212.3815,1201.4111,1844.8152
7140,1717.1246,2462.376,3274.5278,3250.7253,2833.8728,2036.2559,2088.5393,2036.2559,3231.649,1297.0647,1288.3651,2456.297,2039.379,2455.7231,2038.5479,2036.2224,2604.1848,651.5074,1297.2726,2443.4104,3257.745,1693.9658,2497.6235,2038.5951,1287.8864,2099.6812,877.4673,833.0345,901.58905,2448.8052,1288.2802,2036.3136,2850.6104,766.1442,3422.637,2036.3606,1165.7717,1297.3374,1297.4678,2036.315,2099.18,2089.661,2036.279,1688.778,2079.0205,2456.0503,1841.4409,1556.774,1288.0775,2822.3215,1688.7753,2505.034,1232.9574,1297.4469,1683.7861,421.53735,620.9504,907.6126,443.2469,791.9507,3257.8787,1697.7476,373.3355,1288.0328,562.4141,1688.9213,401.33728,3485.885,346.51343,1689.0753,1297.6421,1221.0172,854.5763,1297.6987,755.7395,2037.5969,1102.3555,986.82996,2107.4536,3243.7227,1081.8435,1645.0728,657.3721,331.5589,1674.3008,1205.4644,257.66357,527.6884,1880.6389,2470.3606,2079.6838,470.4489,2036.6064,1287.2672,2107.7805,1688.1046,2883.7986,797.9442,314.80728,1678.7981,2879.7603,1678.8428,4732.4795,1161.2999,1110.7522,1106.1934,1018.0463,943.52924,2699.5273,1639.8712,876.32697,462.8874,1851.716,494.10162,2048.4512,1002.5804,367.46536,803.5524,522.9036,314.00967,3105.39,546.7994,2035.9161,2076.8176,1671.4828,1031.1185,2035.8804,2459.2036,525.62555,1296.8983,1296.8923,2720.879,1284.7225,472.7517,1277.6589,652.8696,1026.0452,1461.7737,1514.6516,2933.675,1169.5151,1617.8219,2656.7363,813.29425,1463.4434,2244.5896,795.115,319.75876,780.9741,1018.0701,1508.8344,900.81366,919.42896,1047.6165,584.93414,1246.6421,338.68542,1050.7933,1001.8296,1245.4557,323.81436,398.57004,2835.9758,1648.4908,646.80963,407.83044,408.00235,2623.0454,867.37976,1891.7031,933.505,570.3662,870.34607,1635.4564,676.5253,2701.5137,1163.0908,1545.3359,1700.0914,956.9313,301.01474,1072.5668,3497.028,3391.0117,2070.869,2504.7383,2843.7734,1400.7208,2428.9841,2070.8042,1297.7358,361.5773,2056.1897,1287.843,1717.4624,2941.8506,2041.1,1287.8672,840.08655,1895.3007,1015.89557,1853.6125,1425.247,1141.2167,262.8374,758.5809,1205.6971,1021.43976,2039.0465,683.9992,1296.7417,2843.8218,619.9178,2039.0355,1288.0446,826.74774,2455.3606,2436.697,1296.8141,2446.1948,1287.8185,1684.2489,1482.284,3394.3162,1895.9755,385.59924,502.39688,1468.3921,1089.3845,3196.9978,506.22888,893.5459,2829.211,2033.9078,1691.1049,2445.8828,1470.6505,634.4269,2208.6616,1295.9722,2857.8708,1295.9662,2033.916,2058.9368,581.7335,2058.936,785.3863,2509.8582,703.649,3219.9185,2410.8564,1012.86615,1650.2891,683.31903,2488.1743,350.36948,827.82,1164.3522,1114.2212,2714.3389,267.05682,1681.25,1285.0881,2496.9802,2070.289,1676.667,3884.5015,2497.167,1681.3146,3305.0173,2039.4332,1296.9708,1856.7665,776.9045,1607.1578,1046.6161,2038.2786,1637.4916,2489.746,1688.0018,3655.0962,2488.182,2071.9976,1296.9647,2219.6995,932.71375,2119.5952,1288.9518,350.15244,2450.9707,1289.0391,1391.6874,2054.7883,1235.563,1634.6556
7200,1833.6497,2025.3632,2885.4902,2308.1038,2668.6567,2275.0059,1736.6864,2275.006,2864.411,1347.1409,1447.9349,1917.5928,2278.4082,1917.1265,2277.2866,2274.9587,2642.5671,755.2618,1347.3094,2475.3438,2876.0408,1647.4688,1937.781,2277.316,4807.972,1847.081,1058.9318,862.33575,1045.5767,2018.7272,2930.0986,2275.0256,2675.6973,825.58,2957.2043,2275.0525,1253.3837,1347.3619,1347.4664,2275.0247,1846.4075,1841.7242,2274.989,1644.5027,1731.919,1917.3859,1656.5168,1594.5508,1447.4396,2661.7827,1644.4956,2046.1129,1309.8206,1347.4502,1537.5394,428.17947,639.4196,953.8508,450.98462,830.96014,2876.1206,1544.4199,402.96417,1447.106,577.21844,1644.3301,407.4995,2528.4133,357.0497,1644.4832,1347.6075,1277.9229,885.471,1347.662,787.3709,1711.6306,1173.1619,1042.967,1745.9935,2869.2039,1158.4648,1557.0593,673.5269,332.04196,1762.9937,1253.9349,272.0808,539.5551,1672.9418,1924.6122,1732.4691,491.19586,2275.2222,1445.7988,1746.2671,1642.999,2780.803,822.6643,335.3487,1638.425,2126.0159,1638.4512,3601.8237,1208.619,1107.099,1169.7615,1054.9141,1002.2697,2690.987,1608.4236,914.9156,498.32346,1993.2197,510.14926,2204.334,1029.5214,383.56592,876.29236,517.1091,317.13373,2236.3828,603.1051,2274.464,1830.662,1631.2616,1115.5562,2274.4285,2018.8179,560.99774,1346.7917,1346.7866,2611.4915,1441.0195,482.60843,1379.5905,674.37695,1135.3589,1328.7582,1630.9509,2425.8435,1258.4899,1362.6038,2700.6777,893.7508,1472.9395,1858.8466,802.2217,326.5468,599.0677,1063.9834,1351.0662,937.9129,953.69214,1053.659,599.8796,1362.8043,337.7609,1129.2117,1046.2891,1347.7028,328.0936,404.17908,2269.6978,1560.4447,794.44336,392.4288,391.96948,2653.6533,938.4762,1680.1335,992.6716,630.23456,910.2446,1551.7928,737.04706,2692.2766,1232.5526,1611.0114,1803.5258,1011.10297,307.75732,1065.8127,2995.2896,3477.738,1830.7175,2044.1707,2673.8418,1513.3646,2467.9006,1830.6708,1347.5587,413.33673,1886.0127,1445.4993,1656.6871,2259.2332,2279.96,1445.516,871.7883,1679.3387,1055.7074,2006.7885,1544.7158,1240.4037,247.64378,855.5263,1254.4838,1098.2378,2277.3267,853.87256,1346.5033,2673.3352,637.9891,2277.3242,1445.642,840.34485,1916.4623,2472.9912,1346.5621,2477.6653,1445.4769,1640.5553,1676.0088,3476.7407,2049.8032,391.32745,536.055,1331.7614,1196.5684,3323.4548,525.683,1064.6938,2663.2207,2271.8728,1540.0094,2474.5962,1540.8058,741.63184,1895.3107,1345.7423,2677.3232,1987.717,2271.8772,1821.6843,607.93005,1821.6837,601.2471,2504.3682,721.5697,2392.9023,1863.6951,1104.9308,1734.7994,748.14606,2032.963,357.08282,879.4967,1233.4884,1187.8992,2607.7402,276.25293,1635.5199,1440.6206,1936.9178,2233.6199,1633.2665,2619.5627,1937.1079,1635.553,2899.4763,2276.7063,1346.8203,1664.1769,790.5152,1729.3674,1086.9587,2275.2832,1553.7688,2036.2604,1641.8273,3071.5537,2032.5951,1833.7056,3058.4023,3054.6228,933.36,1857.1224,1448.4712,347.72327,2479.049,1448.5231,1394.7571,1719.7548,1314.2407,1550.68
7260,1918.7015,1832.5803,2686.7402,1841.2313,2580.0427,2385.36,1560.2927,2385.3606,2676.38,1368.5579,1548.6427,1649.2842,4929.523,1648.9546,2387.5046,2385.3735,2669.811,851.13525,1368.6761,2483.9846,2681.1516,1646.8033,1659.1382,2387.524,3201.6143,1745.0782,1079.4645,883.6269,1354.5459,1829.4656,2277.8896,2385.4202,2582.5706,884.87305,2721.1047,2385.4387,1326.9277,1368.7136,1368.7882,2385.421,1744.381,1742.077,2385.3958,1645.0503,1557.9028,1649.137,1566.8069,1605.8184,1548.1437,2575.7292,1645.0435,1842.646,1381.8284,1368.7772,1462.3079,440.11163,666.5634,997.6306,460.4106,869.52234,2681.2065,1465.7002,423.15033,1547.6906,595.60065,1644.7189,414.6634,2079.6758,755.42426,1644.8296,1368.8892,1351.7162,918.26385,1368.9312,809.7395,1547.9734,1230.7971,1083.3743,1564.8767,2677.828,1220.2355,1516.3197,664.3651,339.03568,1849.6251,1325.2369,279.81592,527.97485,1573.3262,1652.794,1558.2952,513.7603,2385.5505,1546.1165,1565.0706,1643.135,2738.0906,850.80676,356.42493,1640.8859,1751.8745,1640.8999,3038.352,1202.8799,1099.8312,1228.3756,1092.3705,1053.4177,2694.955,1602.9318,944.63574,523.9216,2076.871,536.00464,2318.4517,1113.6597,400.73593,928.66113,555.16907,321.75507,1805.6951,643.7671,2384.8335,1732.1917,1634.0974,1180.1929,2384.8083,1824.7734,596.30597,1368.1102,1368.1075,2550.6653,1540.5175,500.00748,1459.0613,696.52075,1182.3342,1267.3425,1657.477,2229.4094,1336.5088,1231.4146,2704.703,952.86304,1477.8698,1668.7568,820.18994,333.3779,514.5046,1102.0447,1277.6053,966.4948,979.8309,1056.149,620.67084,1422.2296,384.5118,1189.618,1088.3564,1432.1328,333.66507,447.02554,2036.0121,1519.434,1134.6074,415.55298,378.00943,2676.719,998.8711,1578.3358,1042.937,680.1867,941.3609,1513.235,778.3377,2695.731,1293.3087,1619.6062,1903.9357,1059.5334,314.4816,1063.3431,2741.049,3485.3,1734.7759,1839.7903,2582.8738,1615.3251,2480.0288,1734.748,1368.6785,454.0942,1847.2207,1545.2632,1649.0137,1945.6028,2389.9895,1545.2742,893.8901,1575.7616,1095.0681,2125.1426,1634.3817,1311.0558,351.61542,926.57367,1325.8628,1156.1144,2387.3396,871.0225,1367.6195,2582.205,630.2721,2387.34,1545.3516,903.972,1647.9988,2483.6177,1367.6609,2485.9182,1545.2478,1641.2382,1674.798,3486.5815,2173.0164,398.39172,560.0467,1268.5844,1284.5769,3402.3525,547.31036,1073.7035,2574.8003,2382.2295,1462.5509,2481.9841,1604.6144,743.0829,1763.7034,1367.176,2581.7397,1682.987,2382.2327,1727.4965,626.41077,1727.496,515.5777,2492.4407,751.34186,2008.542,1640.2252,1086.3641,1815.774,803.65753,1831.4873,364.3707,925.474,1295.7482,1246.9962,2548.385,285.44263,1635.5205,1539.6359,1658.4266,2357.0806,1634.4104,1994.281,1658.5707,1635.5353,2692.8628,2386.4026,1368.2559,1570.6344,811.8317,1823.8624,1125.5374,2384.9688,1515.1024,1835.3575,1641.3083,2777.2715,1830.9067,1738.3916,2210.2454,2874.7412,939.5564,1749.9121,1548.8679,478.13513,2485.7249,1548.8955,1391.5098,1551.7821,1389.2037,1512.1351
7320,1981.253,1747.6434,2580.8633,1614.5364,2528.3604,2431.73,1476.4183,2431.7307,2575.7737,1382.0415,1608.0212,1520.1953,3684.8801,1519.9792,2433.6711,2431.7866,2683.0857,917.4755,1382.1185,2480.3127,2577.3335,1656.3116,1525.0013,2433.6843,2421.203,1704.695,1066.1565,901.6204,1381.6715,1746.1847,1966.8231,2431.8206,2528.83,929.45825,2597.0034,2431.8364,1385.7972,1382.1433,1382.1929,2431.8237,1704.0397,1702.9062,2431.809,1655.1721,1475.2195,1520.0991,1524.0997,1607.9543,1607.5176,2525.4695,1655.1671,1752.3909,1442.2408,1382.1858,1428.2074,455.14954,694.2548,1037.0177,471.19754,904.2342,2577.3774,1429.8807,436.0879,1607.0504,615.4975,1654.7856,423.8287,1868.7778,840.5953,1654.8572,1382.2603,1422.2711,950.38153,1382.2894,827.93085,1470.3635,1276.1582,1115.041,1478.6783,2575.728,1268.4148,1498.354,650.4232,362.06268,1926.8594,1397.3684,284.56955,512.04065,1526.3976,1521.9534,1475.4778,535.397,2431.9104,1605.3934,1478.8047,1653.1255,2716.8032,878.7041,374.765,1652.0194,1570.6962,1652.0267,2753.1458,1188.1311,1099.6555,1289.0295,1127.3197,1096.5604,2696.6313,1602.9452,968.4588,541.8927,2132.623,563.5616,2400.5398,1201.2072,416.9717,965.0926,679.6843,327.10916,1596.7915,669.73047,2431.2666,1693.9998,1645.7424,1229.1982,2431.252,1739.5543,620.5899,1381.5466,1381.5452,2512.8655,1599.7101,519.94147,1518.1912,718.0369,1197.2406,1230.5342,1675.8121,2166.7146,1392.0491,1164.2028,2701.7559,994.35767,1482.2671,1575.807,854.0957,340.50168,479.96384,1131.1831,1235.0088,989.46576,1000.3629,1065.729,643.6816,1453.3218,453.317,1235.7759,1125.965,1497.051,342.7483,464.96237,1962.4131,1501.1285,1578.0312,437.44598,371.03177,2687.731,1039.611,1530.1166,1085.1263,712.84436,966.6508,1496.385,804.94073,2697.0908,1344.9058,1623.3339,1988.1924,1101.371,321.26044,1065.6704,2607.7932,3473.472,1697.5854,1749.2509,2529.9597,1690.8605,2478.117,1697.5704,1381.9277,478.87033,1869.516,1604.3528,1655.3257,1801.312,2435.8489,1604.3604,911.2158,1526.98,1131.409,2216.0923,1701.1078,1361.5283,307.91122,970.2205,1397.9515,1199.9926,2433.4067,861.5983,1380.8759,2529.295,617.4174,2433.4072,1604.4052,971.428,1518.8026,2480.782,1380.903,2481.9143,1604.3441,1651.5759,1659.1833,3479.6785,2268.278,406.27206,576.7276,1230.9525,1350.0243,3438.4807,568.5051,1052.523,2523.6323,2428.8748,1427.44,2477.9604,1659.9595,718.71814,1709.2756,1380.7719,2527.0469,1536.1317,2428.8777,1691.4701,639.8854,1691.4698,480.48843,2470.0715,784.6904,1829.7473,1564.459,1067.9348,1887.0078,842.33307,1742.6536,372.8132,963.9031,1348.2001,1292.7678,2511.3647,293.33066,1645.8387,1598.6663,1524.5356,2449.2092,1645.2915,1689.7738,1524.6326,1645.8451,2583.2512,2432.4358,1381.8513,1526.0173,840.6434,1896.3583,1159.8677,2431.0972,1498.1338,1746.6173,1651.151,2624.482,1741.9806,1701.384,1796.0573,2785.86,953.2368,1707.0519,1608.1443,650.3705,2481.0264,1608.1584,1404.116,1472.2,1445.462,1495.4316
7380,2028.6023,1714.8201,2517.0015,1512.1934,2491.1663,2442.8926,1444.2905,2442.8938,2514.5044,1397.8359,1646.1616,1465.8256,3060.543,1465.6927,2444.6016,2442.9492,2687.3674,958.5977,1397.883,2466.8271,2514.5723,1669.9182,1468.1694,2444.612,2046.209,1693.7385,1047.9241,919.08936,1351.8743,1714.1385,1822.6991,2442.9763,2490.7131,962.1783,2524.2595,2442.9932,1433.9078,1397.8983,1397.9291,2442.9827,1693.1426,1692.585,2442.9758,1669.1014,1443.6896,1465.7668,1504.3269,1604.9391,1645.6669,2489.0667,1669.0983,1716.934,1491.7313,1397.9249,1420.57,470.85312,719.5369,1071.8588,483.07156,934.4106,2514.614,1421.3954,444.5848,1645.2289,635.2345,1668.7134,434.90854,1773.9945,825.21814,1668.757,1397.9712,1483.0051,981.38934,1397.9897,844.3022,1441.3151,1313.6035,1141.4791,1445.4053,2513.8108,1307.5447,1491.0797,638.3025,392.42636,1992.9657,1461.6444,288.49008,497.81378,1504.8756,1466.7065,1443.8492,554.98016,2443.0452,1643.5715,1445.4828,1667.0559,2704.0232,904.77545,388.93597,1666.512,1490.6854,1666.5156,2601.1223,1172.518,1105.9718,1345.1766,1158.5851,1132.3584,2695.0815,1602.3583,988.5652,555.0917,2171.2783,588.4552,2460.3909,1262.477,431.46292,990.97626,785.0368,334.09134,1503.1919,684.98773,2442.4822,1684.4949,1660.7548,1266.371,2442.4756,1706.9099,637.4167,1397.3145,1397.3141,2482.6362,1638.111,539.0583,1564.018,738.5828,1196.938,1204.2708,1692.7046,2158.9495,1432.8287,1132.4437,2695.8362,1023.5221,1485.1625,1530.825,893.1027,348.12198,470.8605,1155.6587,1206.0195,1009.34656,1017.97406,1080.0693,666.26807,1469.9998,501.94647,1271.2596,1158.8801,1548.0609,355.25116,476.84818,1962.2102,1493.5115,1600.7872,478.69052,369.04034,2690.7407,1066.6168,1507.7787,1119.0331,733.697,988.5831,1489.6929,823.9867,2695.3503,1387.9534,1632.9786,2056.9177,1137.3472,328.23157,1071.0826,2530.3672,3455.2856,1688.3895,1713.8085,2492.0676,1746.593,2465.542,1688.3824,1397.5521,491.7704,1916.496,1642.5233,1667.5685,1739.424,2446.4573,1642.5288,927.2053,1504.6245,1164.5488,2283.9226,1748.623,1397.65,305.99805,996.142,1462.1494,1233.7906,2444.3013,852.24774,1396.4985,2491.4856,606.05524,2444.3013,1642.5535,1015.9893,1464.3491,2467.6143,1396.5155,2468.1719,1642.5195,1665.7588,1650.808,3466.7412,2340.659,415.635,588.9966,1204.3256,1398.2596,3448.1934,588.0425,1029.2151,2487.006,2440.3804,1419.3386,2464.5325,1707.9937,689.721,1691.8364,1396.6675,2488.6863,1473.0952,2440.3835,1683.08,650.99084,1683.0798,471.11298,2447.1816,817.2327,1751.1135,1553.1552,1055.3698,1947.9824,869.4164,1708.2719,382.30838,994.9444,1390.1681,1329.7975,2481.5986,300.75967,1660.2596,1637.0519,1467.9172,2518.0984,1659.9897,1549.2137,1467.978,1660.2622,2517.6658,2443.4368,1397.7559,1505.2882,873.501,1949.2701,1190.2844,2442.23,1491.3241,1712.1101,1665.1437,2537.642,1707.5669,1692.136,1601.5194,2739.6833,971.33057,1694.9246,1646.2651,744.2045,2467.0576,1646.272,1425.7379,1442.2677,1488.7504,1488.926
7440,2065.3164,1706.5214,2474.1758,1474.0093,2461.463,2437.075,1440.6239,2437.0762,2472.9536,1417.7599,1672.7588,1451.2175,2741.8455,1451.1414,2438.5674,2437.121,2685.8865,981.9308,1417.7874,2448.869,2472.3684,1684.4459,1452.3624,2438.576,1869.5637,1696.1733,1031.3112,937.0978,1321.4553,1706.2042,1759.6193,2437.1448,2460.6375,986.87604,2477.143,2437.1624,1473.5781,1417.7958,1417.8134,2437.1528,1695.6357,1695.3615,2437.1516,1683.8085,1440.3236,1451.1841,1495.1792,1598.6124,1672.2844,2459.8347,1683.8066,1707.3428,1532.0621,1417.8113,1428.9535,485.91507,741.83655,1102.421,495.82953,960.36237,2472.4104,1429.3604,450.64053,1671.8896,654.0913,1683.4437,447.287,1735.2407,788.30334,1683.4694,1417.8378,1533.3921,1010.98157,1417.8486,859.8381,1439.1614,1345.5037,1164.4177,1441.1733,2472.0212,1340.1234,1488.2426,629.68115,421.61368,2048.3223,1516.1047,292.62518,486.79935,1495.0295,1451.658,1440.4161,572.3443,2437.202,1670.2676,1441.2184,1681.8224,2694.1287,928.8826,398.93845,1681.5549,1463.4542,1681.557,2514.992,1158.1865,1116.7816,1392.1948,1186.034,1161.7944,2690.6235,1599.4487,1006.38464,565.5626,2199.4517,609.4085,2504.6416,1304.1327,444.08444,1009.98773,849.9072,342.96683,1469.3003,694.6608,2436.7173,1687.9583,1676.2795,1294.4912,2436.7158,1698.9878,650.324,1417.2198,1417.2194,2456.4795,1665.1407,556.2409,1600.5442,758.0618,1189.7491,1183.5673,1706.93,2171.6206,1464.2397,1121.0701,2687.541,1044.1863,1486.2787,1508.9781,929.99506,356.298,474.1906,1178.1202,1184.076,1027.654,1034.3644,1096.9541,687.2747,1478.7936,531.31915,1298.7034,1187.6312,1588.7751,369.2942,488.31686,1992.5288,1490.3561,1549.84,525.3012,370.11896,2688.5054,1085.4039,1497.3793,1145.4885,747.4605,1008.53033,1487.1687,839.0616,2690.7773,1423.4941,1647.8807,2112.831,1168.2527,335.52728,1078.4249,2480.8186,3434.213,1691.8472,1704.3535,2461.9724,1788.2322,2448.0693,1691.8446,1417.3582,496.85974,1970.0311,1669.2837,1681.5905,1716.9578,2440.1396,1669.2881,943.1595,1494.4331,1194.8195,2333.687,1781.7133,1423.2863,322.84998,1011.26416,1516.5286,1260.1475,2438.2683,847.4812,1416.2931,2461.4873,597.89874,2438.268,1669.3013,1044.9764,1449.6715,2449.7422,1416.3035,2450.0168,1669.2831,1680.717,1649.2836,3450.5962,2394.541,426.52286,598.8753,1183.4785,1433.523,3442.8403,605.59314,1009.6972,2457.8438,2434.9026,1427.5006,2446.7854,1749.7286,661.69586,1691.4323,1416.6566,2458.6707,1454.2546,2434.906,1687.126,661.3626,1687.126,474.30804,2425.1829,847.2565,1720.5991,1568.0642,1047.4506,1999.4458,889.54694,1699.5254,392.49594,1019.6485,1422.9739,1360.7057,2455.727,308.3378,1675.5402,1664.1226,1452.2618,2569.7163,1675.4072,1492.2594,1452.2982,1675.5413,2474.083,2437.5383,1417.7609,1495.658,906.5047,1987.1106,1217.6027,2436.4646,1488.6886,1703.1458,1680.0398,2483.6035,1698.8186,1695.4248,1517.9995,2713.2092,991.3397,1696.7969,1672.8583,774.96545,2448.8765,1672.8613,1451.0803,1439.7222,1523.6039,1486.587
7500,2094.2285,1708.7931,2442.093,1468.3567,2435.8374,2423.2798,1451.9393,2423.281,2441.498,1440.689,1692.1918,1457.1505,2573.9626,1457.1106,2424.5828,2423.3154,2680.445,993.6161,1440.7039,2429.0938,2440.6636,1697.9413,1457.712,2424.5906,1789.01,1703.7153,1017.5891,955.7889,1298.7522,1708.6469,1734.9291,2423.337,2434.901,1006.17377,2443.02,2423.3555,1506.2217,1440.7079,1440.7169,2423.3464,1703.2295,1703.0947,2423.3484,1697.4111,1451.7903,1457.133,1490.5121,1590.1211,1691.7448,2434.5134,1697.4103,1708.9911,1564.9863,1440.7161,1446.198,499.85126,761.3882,1129.0814,509.2548,982.69257,2440.7058,1446.3982,455.46936,1691.3953,671.94214,1697.0798,460.2844,1722.5637,750.78436,1697.0951,1440.7297,1574.6365,1038.767,1440.7354,874.9007,1451.2198,1373.1077,1184.7021,1452.2095,2440.5193,1367.5441,1486.7598,624.5618,446.02237,2094.0588,1561.18,297.37573,478.9818,1490.0989,1457.3694,1451.8398,587.7706,2423.388,1689.8235,1452.2341,1695.5092,2684.5464,951.37616,405.4091,1695.3778,1463.1721,1695.3792,2461.6702,1145.7633,1130.4558,1429.5244,1210.0741,1185.882,2683.624,1594.0793,1022.80316,574.5706,2220.3252,626.5788,2537.5554,1333.4302,455.04495,1024.486,886.9906,353.38525,1465.7515,702.1277,2422.9749,1696.2772,1690.5322,1315.6119,2422.9768,1701.705,661.35876,1440.1332,1440.1323,2432.7039,1685.0531,571.46173,1629.9531,776.4711,1179.745,1166.511,1718.0879,2190.0215,1489.3595,1121.6459,2677.1858,1058.9812,1485.7924,1497.8734,962.41187,364.9815,483.15045,1199.7568,1166.4908,1045.2318,1050.4379,1114.9677,706.41547,1482.9045,547.7888,1320.0084,1212.8309,1621.3993,383.39215,500.71036,2032.724,1488.5901,1488.7155,567.8313,373.04706,2682.5867,1099.5143,1492.0486,1165.7985,757.07513,1027.2264,1485.8613,851.8912,2683.7085,1452.571,1666.0706,2158.4788,1194.8044,343.2277,1086.9486,2445.4043,3411.4941,1700.0258,1706.1794,2436.1304,1819.6965,2428.566,1700.0255,1440.2075,496.97238,2021.6501,1688.9264,1694.973,1712.3823,2425.923,1688.9303,959.3691,1489.3867,1222.5365,2369.288,1804.026,1441.123,346.78577,1020.0465,1561.5306,1280.8545,2424.3064,846.99445,1439.1252,2435.732,592.99884,2424.305,1688.9374,1065.4232,1455.546,2429.9539,1439.1317,2430.0894,1688.9279,1694.5537,1652.4905,3432.4456,2433.6282,438.57993,607.5641,1166.3802,1459.0621,3429.0095,621.28284,994.8135,2432.7014,2421.415,1444.6302,2427.2603,1785.9562,635.98364,1697.875,1439.6184,2433.1084,1458.1143,2421.4185,1695.7576,671.7944,1695.7576,483.20084,2403.8662,874.25446,1712.2267,1591.825,1043.0122,2042.507,905.548,1701.8613,403.02737,1039.2727,1448.427,1386.9872,2432.1316,316.2484,1689.712,1684.0947,1457.7075,2608.3699,1689.6469,1477.386,1457.7284,1689.7129,2441.6985,2423.6968,1440.7407,1490.745,937.4039,2013.6302,1242.4558,2422.7427,1487.2788,1705.2336,1693.8663,2446.083,1701.1681,1703.3843,1490.0519,2695.327,1011.7076,1704.0594,1692.2827,770.8107,2429.0002,1692.2842,1477.1176,1451.6053,1552.6654,1485.4478
7560,2117.1262,1714.7183,2415.6057,1478.5667,2412.527,2405.856,1470.4904,2405.8574,2415.3186,1464.9572,1706.558,1473.0538,2480.617,1473.0356,2406.998,2405.8835,2672.0803,998.07025,1464.9646,2408.7244,2414.4243,1709.3864,1473.3313,2407.0051,1754.1858,1712.2296,1006.7405,974.9054,1283.6042,1714.6525,1727.5852,2405.9043,2411.5986,1021.73505,2415.5906,2405.923,1532.858,1464.9661,1464.9698,2405.9146,1711.7886,1711.7223,2405.9182,1708.9263,1470.4175,1473.0459,1487.4,1580.239,1706.1412,2411.4155,1708.9261,1714.6252,1591.9777,1464.9697,1467.6665,513.62976,778.63794,1152.2368,523.1161,1002.0242,2414.4668,1467.7645,459.7811,1705.8346,688.89795,1708.6316,473.57242,1721.1702,717.6256,1708.6411,1464.9757,1608.1693,1064.43,1464.978,889.5842,1470.1359,1397.1511,1202.7466,1470.6227,2414.3794,1390.7036,1485.2545,622.44836,465.02136,2131.3936,1597.9764,302.80756,473.90817,1486.8976,1473.1614,1470.4413,601.6807,2405.9514,1704.3195,1470.6351,1707.1174,2674.1504,972.6549,409.14734,1707.0533,1476.0156,1707.0543,2424.7925,1135.3392,1145.8562,1458.389,1231.2648,1205.545,2674.4119,1586.6469,1038.3385,582.86115,2235.5938,640.8067,2561.9224,1354.9342,464.81445,1035.9838,906.80383,364.76602,1476.989,709.17334,2405.6028,1705.412,1702.5862,1331.2872,2405.6064,1708.0836,671.5724,1464.3873,1464.3861,2410.395,1699.8915,585.2304,1653.5696,793.8543,1168.9467,1152.2856,1726.2623,2208.055,1509.9863,1129.2858,2665.0574,1069.7279,1484.0355,1491.4646,990.2455,385.8672,494.58267,1220.9962,1152.0692,1062.508,1066.6079,1133.2428,723.7932,1484.0431,556.247,1336.5647,1234.9978,1647.4147,396.78183,513.92267,2073.2493,1486.8379,1429.5231,602.8908,377.10098,2673.898,1111.0349,1488.5424,1181.3076,764.3237,1045.0563,1484.4604,863.3447,2674.4539,1476.121,1685.9376,2195.9082,1217.6349,365.3073,1096.1443,2417.2683,3387.7185,1708.9696,1711.9978,2412.7046,1843.6599,2408.3584,1708.9702,1464.423,493.96564,2067.797,1703.5103,1706.4786,1715.0513,2408.1538,1703.5139,975.7425,1486.1743,1247.926,2393.7034,1818.2759,1453.1119,371.72583,1025.301,1598.2635,1297.1655,2406.7527,849.67377,1463.3221,2412.375,590.9169,2406.7505,1703.5182,1081.3667,1471.4009,2409.5334,1463.3262,2409.6003,1703.513,1706.2817,1658.6561,3412.9988,2460.8918,451.34787,615.7249,1152.157,1477.3145,3410.3574,635.4113,984.18506,2409.809,2404.2576,1466.0312,2407.1316,1817.2999,612.73016,1706.1075,1463.897,2410.0093,1472.9956,2404.2612,1705.0669,682.57654,1705.0668,494.59863,2383.1008,898.25287,1713.1702,1616.732,1041.1785,2078.2942,918.9915,1708.073,419.1891,1054.9786,1468.1938,1409.5786,2409.9387,324.44708,1701.7609,1698.9971,1473.3817,2637.1887,1701.7295,1483.0632,1473.3933,1701.7621,2415.1182,2406.2405,1465.0366,1487.5062,965.33905,2031.7223,1265.2573,2405.3887,1485.7849,1711.197,1705.6047,2416.987,1707.401,1712.0946,1489.2947,2680.7153,1031.5358,1712.4269,1706.6334,750.8755,2408.5862,1706.6346,1502.233,1470.4381,1577.4572,1484.1931
7620,2135.1914,1721.0045,2392.134,1495.8635,2390.619,2386.8997,1491.8884,2386.9011,2391.9988,1489.1691,1716.9974,1493.1492,2424.2222,1493.1432,2387.9055,2386.9226,2661.4521,998.3059,1489.1724,2388.3171,2391.1287,1718.3885,1493.2882,2387.9124,1740.424,1719.7893,998.4409,994.06744,1274.5068,1720.9769,1727.342,2386.9417,2389.748,1034.6063,2391.7092,2386.9607,1554.3206,1489.1724,1489.1733,2386.9524,1719.3864,1719.3539,2386.9573,1717.9785,1491.8535,1493.1469,1484.5464,1569.5032,1716.611,2389.6655,1717.9788,1720.7845,1614.1946,1489.1737,1490.5,527.47546,794.033,1172.2721,537.2194,1018.9044,2391.1711,1490.5477,464.06082,1716.3438,705.1405,1717.7201,487.26617,1723.89,689.4114,1717.7269,1489.1753,1635.2406,1087.8074,1489.1759,903.8788,1491.7135,1418.1257,1218.774,1491.9529,2391.1318,1410.2561,1483.2136,622.76556,479.22525,2161.4438,1627.6705,308.83032,471.09662,1484.0222,1493.2015,1491.863,614.50275,2386.9866,1714.8873,1491.9586,1716.2645,2662.5312,993.052,410.88907,1716.2336,1494.6052,1716.2349,2396.261,1126.7979,1162.2096,1480.4326,1250.133,1221.5792,2663.2964,1577.6653,1053.271,590.8751,2246.3062,653.15405,2579.6523,1371.349,473.9969,1045.4603,915.6695,376.55487,1494.7855,716.5381,2386.6948,1713.4888,1712.0994,1342.7137,2386.6997,1714.8049,681.56836,1488.5865,1488.5853,2389.058,1710.7748,598.2431,1672.3124,810.2774,1158.3724,1140.4591,1731.7484,2223.3752,1527.2299,1141.0887,2651.4375,1077.701,1481.336,1486.8956,1014.14557,404.13348,507.43997,1241.9401,1140.1962,1079.6622,1083.0098,1151.2538,739.6453,1483.2108,559.79645,1349.406,1254.5411,1667.9171,409.18655,527.4559,2110.0005,1484.5839,1374.5105,630.0628,381.8374,2663.035,1121.1655,1485.4253,1193.1534,770.4094,1062.2114,1482.4862,873.88605,2663.3127,1494.9612,1706.3658,2226.7063,1237.2919,380.58664,1105.6542,2392.9846,3363.0525,1716.8434,1718.3339,2390.7388,1861.9777,2388.0552,1716.8441,1488.6007,489.0521,2107.3147,1714.1588,1715.612,1719.8381,2388.917,1714.1625,992.0531,1483.3328,1271.149,2409.2603,1826.5029,1460.7109,394.7863,1028.7617,1627.9034,1309.987,2387.6936,854.5239,1487.4823,2390.4604,591.14,2387.6914,1714.1659,1094.9159,1491.4575,2389.064,1487.485,2389.0972,1714.1622,1715.5264,1666.4781,3392.5483,2478.7197,464.44257,623.7066,1140.3494,1490.1094,3388.9133,648.30505,977.2107,2388.2559,2385.5261,1488.8196,2386.9385,1844.2843,591.7563,1713.7579,1488.1061,2388.3542,1492.5819,2385.5298,1713.2472,693.7155,1713.2471,507.43613,2362.8206,919.50476,1717.2347,1639.539,1041.2742,2107.8513,930.7433,1714.7297,437.2671,1067.7318,1483.6188,1429.12,2388.6775,332.8148,1711.3031,1709.9431,1493.366,2658.4158,1711.2888,1498.1292,1493.3726,1711.3049,2391.6445,2387.2568,1489.2606,1484.5863,990.20996,2043.547,1286.2701,2386.491,1483.7272,1717.6184,1714.8673,2392.289,1714.0831,1719.7391,1501.1941,2666.9038,1050.334,1719.9027,1717.053,725.6298,2388.1602,1717.0543,1525.6224,1491.97,1598.8881,1482.3436
7680,2149.2578,1726.2045,2370.402,1515.6598,2369.6565,2367.4368,1513.7021,2367.4382,2370.3416,1512.367,1724.2418,1514.3224,2386.2732,1514.322,2368.3276,2367.4565,2649.0332,996.31384,1512.3683,2368.1396,2369.5298,1724.9258,1514.3931,2368.3342,1735.7606,1725.6167,992.3197,1012.905,1269.9769,1726.1952,1729.3297,2367.4749,2368.86,1045.4877,2369.8218,2367.494,1571.3306,1512.3676,1512.3672,2367.4856,1725.2463,1725.2305,2367.491,1724.554,1513.686,1514.3226,1481.4517,1558.2927,1723.8842,2368.827,1724.5547,1725.9375,1632.5243,1512.3677,1513.02,540.68396,807.95654,1189.5457,551.35095,1033.7819,2369.5718,1513.0431,468.55447,1723.6528,720.8045,1724.3303,501.035,1727.3673,665.6087,1724.336,1512.3674,1656.8682,1108.8766,1512.3672,917.7434,1513.6158,1436.3997,1232.9374,1513.7336,2369.5562,1426.719,1480.5334,624.9969,489.59784,2185.192,1651.3287,315.30804,470.14667,1480.9316,1514.3474,1513.6886,626.54065,2367.518,1722.2555,1513.7358,1722.9333,2649.634,1012.70197,411.2426,1722.9191,1515.0377,1722.9205,2372.085,1119.9509,1178.9882,1497.1746,1267.12,1234.6494,2650.5767,1567.6105,1067.7349,598.8462,2253.2144,664.1038,2591.9634,1384.3077,482.74777,1053.556,917.2868,388.3256,1514.8228,724.38196,2367.2764,1719.7616,1719.079,1350.8226,2367.2817,1720.4113,691.58374,1511.7734,1511.7722,2368.4443,1718.429,610.6693,1686.8959,825.81384,1148.5344,1130.7306,1734.907,2235.2678,1541.8165,1155.2922,2636.6172,1083.7986,1477.974,1482.8866,1034.8889,419.8133,520.71106,1262.5027,1130.484,1096.732,1099.6299,1168.6871,754.228,1481.0472,560.3417,1359.3148,1271.7854,1683.7775,420.57843,540.811,2141.4856,1481.7208,1323.8436,650.0743,386.98193,2650.4365,1130.596,1482.1376,1202.2454,776.02545,1078.7767,1479.8524,883.7757,2650.5774,1509.7996,1726.6057,2252.1042,1254.245,393.97287,1115.2234,2370.857,3337.9116,1722.9174,1723.6515,2369.7515,1875.9686,2367.95,1722.918,1511.777,483.03568,2140.1616,1721.598,1722.3042,1724.3937,2369.2258,1721.6018,1008.0629,1480.2925,1292.3333,2417.8608,1830.2491,1465.0248,414.81662,1031.4603,1651.5157,1319.9958,2368.1487,860.80414,1510.6438,2369.5107,593.2068,2368.1465,1721.6053,1107.149,1512.6002,2368.8252,1510.6459,2368.8418,1721.6019,1722.2759,1675.0427,3371.653,2489.1357,477.55957,631.6851,1130.6443,1498.8187,3365.5469,660.25464,973.3018,2367.593,2366.252,1511.3066,2366.9448,1867.3588,572.8144,1719.8357,1511.2948,2367.6414,1513.4967,2366.2556,1719.5858,705.0948,1719.5858,520.6956,2343.0168,938.3408,1721.5487,1659.051,1042.7698,2131.9968,941.29504,1720.3195,453.96826,1078.292,1495.7313,1446.0803,2368.114,341.24326,1718.3259,1717.6567,1514.4807,2673.7876,1718.3207,1516.8242,1514.4844,1718.3287,2369.947,2367.769,1512.4606,1481.4568,1012.2457,2050.7073,1305.6694,2367.0752,1481.0183,1722.9908,1721.6375,2370.0032,1719.7002,1725.5969,1518.3313,2652.822,1067.8575,1725.6775,1724.2759,700.1447,2367.9763,1724.2777,1546.9293,1513.8408,1617.531,1479.8151
7740,2159.903,1729.79,2349.7358,1535.5944,2349.3687,2347.9268,1534.63,2347.9285,2349.7122,1533.9749,1728.835,1534.9354,2357.6152,1534.9368,2348.721,2347.9446,2635.1094,993.3736,1533.9753,2348.2776,2348.9683,1729.1709,1534.9714,2348.7273,1734.494,1729.5127,988.03577,1031.1119,1268.7999,1729.79,1731.3357,2347.9626,2348.6484,1054.8577,2349.1184,2347.9814,1584.5284,1533.9745,1533.9738,2347.9734,1729.1703,1729.1626,2347.979,1728.83,1534.6229,1534.9364,1477.9934,1546.878,1728.5038,2348.6394,1728.8308,1729.514,1647.6427,1533.9744,1534.2953,553.0045,820.7263,1204.3844,565.39886,1047.0127,2349.01,1534.3064,473.33273,1728.305,736.00775,1728.6387,514.48395,1730.1348,645.49506,1728.6444,1533.9736,1673.88,1127.7634,1533.9729,931.1745,1534.5878,1452.2726,1245.4348,1534.6456,2349.0059,1440.5204,1477.2914,628.71747,497.07092,2203.4883,1669.8734,322.0634,470.71194,1477.4875,1534.9475,1534.6232,638.08716,2348.005,1726.966,1534.6465,1727.2996,2635.4834,1031.762,410.66653,1727.2936,1535.2867,1727.2954,2350.2551,1114.5956,1195.8259,1509.8551,1282.5709,1245.3055,2636.451,1556.8748,1081.7814,606.924,2256.8838,673.9863,2599.968,1394.8322,491.11182,1060.6927,913.9077,399.7876,1534.8722,732.59106,2347.8066,1724.05,1723.7155,1356.3434,2347.8123,1724.3721,701.6199,1533.3723,1533.3711,2348.3865,1723.3975,622.53986,1697.9167,840.56366,1139.6794,1122.8479,1736.0957,2243.706,1554.2455,1170.7988,2620.6665,1088.654,1474.1847,1478.9236,1053.1764,433.6208,533.6599,1282.6008,1122.64,1113.679,1116.3796,1185.3624,767.7932,1477.9922,559.06726,1366.8933,1286.9977,1695.7188,431.0217,553.6007,2167.4314,1478.3217,1277.201,663.9778,392.32797,2636.3684,1139.7108,1478.5297,1209.2844,781.52936,1094.7786,1476.6451,893.1703,2636.4424,1521.2545,1746.1848,2273.0784,1268.8934,406.40457,1124.6816,2350.0022,3312.44,1727.0178,1727.3796,2349.4578,1886.5785,2348.142,1727.018,1533.372,476.4526,2166.778,1726.3701,1726.7067,1727.7471,2349.5308,1726.374,1023.55853,1476.9021,1311.5941,2420.7642,1830.6605,1466.9008,431.53918,1033.9882,1670.0215,1327.7119,2348.5718,867.9554,1532.2273,2349.2424,596.74176,2348.5698,1726.3782,1118.6178,1533.1906,2348.9067,1532.229,2348.9153,1726.3743,1726.7096,1683.7217,3350.5415,2493.3506,490.50635,639.7455,1122.7842,1504.4672,3341.183,671.50415,971.92456,2347.5557,2346.898,1532.557,2347.237,1886.9062,555.6654,1724.0408,1532.8915,2347.5796,1533.9749,2346.9016,1723.9194,716.5341,1723.9194,533.638,2323.628,955.1151,1724.8865,1675.0067,1045.252,2151.519,950.9494,1724.2854,468.73276,1087.2401,1505.3018,1460.8218,2348.0886,349.597,1723.0105,1722.681,1535.0588,2684.6,1723.0098,1536.2122,1535.0608,1723.0138,2349.3252,2348.2346,1534.0648,1477.9802,1031.8204,2054.3572,1323.5813,2347.6013,1477.7439,1726.7585,1726.0928,2349.106,1723.6943,1729.4973,1536.9532,2637.9934,1084.0085,1729.5371,1728.8479,676.5758,2348.1135,1728.8505,1566.0535,1534.7866,1633.7695,1476.6959
7800,2167.6172,1731.6523,2329.8066,1554.5002,2329.6257,2328.6013,1554.0265,2328.6028,2329.801,1553.7046,1731.1943,1554.1771,2333.745,1554.178,2329.3127,2328.6177,2619.985,990.33606,1553.705,2328.7786,2329.1248,1731.3591,1554.1951,2329.319,1733.9692,1731.5289,985.3142,1048.5112,1270.0353,1731.6571,1732.4216,2328.6355,2328.9773,1063.0487,2329.2053,2328.6543,1594.4666,1553.7042,1553.7037,2328.6462,1731.2108,1731.207,2328.652,1731.0436,1554.0234,1554.178,1474.1831,1535.4036,1730.887,2328.9802,1731.0447,1731.384,1660.0631,1553.7043,1553.8624,564.4933,832.5607,1217.1206,579.2602,1058.9027,2329.1665,1553.8678,478.4526,1730.7183,750.8231,1730.8827,527.52167,1731.621,628.4101,1730.8885,1553.7039,1686.9644,1144.4921,1553.7039,944.0512,1554.0063,1465.9941,1256.2538,1554.0348,2329.168,1452.0165,1473.5979,633.595,502.4252,2217.0723,1684.0931,328.98062,472.5155,1473.6947,1554.1835,1554.0237,649.3306,2328.677,1729.4355,1554.0353,1729.5994,2620.2551,1050.2821,409.50778,1729.5979,1554.3499,1729.6,2329.7874,1110.5408,1212.471,1519.4265,1296.738,1254.0002,2621.181,1545.7651,1095.4113,615.1932,2257.7905,683.1184,2604.4202,1403.5839,499.22943,1067.1663,906.98303,410.7708,1553.8325,740.94867,2328.5166,1726.4197,1726.2563,1359.8541,2328.5222,1726.5808,711.6866,1553.095,1553.094,2328.807,1726.102,633.9984,1705.8794,854.52484,1131.9149,1116.5884,1735.587,2248.9387,1564.8741,1186.9131,2603.9377,1092.7157,1470.0906,1474.8197,1069.5161,446.09702,546.07935,1302.1465,1116.4231,1130.4294,1133.1411,1201.1857,780.47784,1474.333,556.72797,1372.6136,1300.4005,1704.3402,440.63373,565.5589,2188.1023,1474.4932,1234.1564,672.8248,397.7543,2621.1257,1148.6732,1474.5985,1214.7825,787.1166,1110.2152,1472.9796,902.1561,2621.167,1529.844,1764.8303,2290.4226,1281.5837,418.0995,1133.883,2329.9878,3286.769,1729.2087,1729.3875,2329.7197,1894.5011,2328.686,1729.2083,1553.0946,469.6626,2187.779,1728.8915,1729.0443,1729.5706,2330.0525,1728.8954,1038.3737,1473.1606,1329.0472,2419.3047,1828.6051,1466.974,445.08032,1036.6204,1684.2079,1333.5638,2329.19,875.5956,1551.9417,2329.5205,601.45605,2329.188,1728.9004,1129.5887,1552.4163,2329.357,1551.9432,2329.3613,1728.8959,1729.0653,1692.0985,3329.2505,2492.8088,503.16425,647.91986,1116.5444,1507.8148,3316.211,682.218,972.5433,2328.0232,2327.702,1552.1055,2327.8667,1903.289,540.0984,1726.3785,1552.6104,2328.0352,1553.1436,2327.7056,1726.3207,727.8665,1726.3207,546.05334,2304.6484,970.1205,1726.7981,1687.5585,1048.3893,2167.078,959.9246,1726.5063,481.90594,1095.0073,1512.8875,1473.6268,2328.5295,357.82,1725.5981,1725.4359,1554.2764,2691.846,1725.6003,1554.8444,1554.2777,1725.6024,2329.4397,2328.8843,1553.7875,1474.1595,1049.1912,2055.3513,1340.1093,2328.3027,1474.0182,1728.798,1728.4706,2329.0986,1725.9434,1731.504,1555.2089,2622.3481,1098.7969,1731.5238,1731.185,655.63135,2328.615,1731.1879,1583.0352,1554.1808,1647.8834,1473.1045
7860,2172.7969,1731.913,2310.472,1571.8397,2310.3826,2309.593,1571.6083,2309.5947,2310.4753,1571.4492,1731.7014,1571.6831,2312.4656,1571.6823,2310.2344,2309.6086,2603.9321,987.603,1571.45,2309.685,2309.862,1731.7816,1571.691,2310.2407,1733.0559,1731.8674,983.88135,1064.8861,1272.9656,1731.9207,1732.3011,2309.6265,2309.7986,1070.31,2309.9077,2309.645,1601.6458,1571.449,1571.4492,2309.637,1731.5698,1731.5681,2309.6428,1731.4878,1571.6069,1571.6833,1470.111,1524.0883,1731.4152,2309.8071,1731.4891,1731.6598,1670.1893,1571.45,1571.5282,575.3408,843.64374,1227.9667,592.86536,1069.6366,2309.903,1571.5311,483.94598,1731.2739,765.2954,1731.3551,540.1329,1731.7207,613.8095,1731.3617,1571.4504,1696.6895,1159.3348,1571.4509,956.4115,1571.5999,1477.7922,1265.6432,1571.6135,2309.9072,1461.5125,1469.5938,639.3682,506.27167,2226.5854,1694.6487,335.9465,475.35318,1469.6417,1571.6876,1571.6088,660.40015,2309.6675,1730.046,1571.6146,1730.1263,2604.1572,1068.2776,408.0161,1730.127,1571.7693,1730.1294,2310.2168,1107.6144,1228.7432,1526.6132,1309.801,1261.0759,2605.016,1534.4869,1108.5997,623.69403,2256.3503,691.84595,2605.911,1410.9949,507.21854,1073.1487,897.4978,421.18146,1571.1969,749.2283,2309.5396,1727.0776,1726.9988,1361.784,2309.5454,1727.16,721.7833,1570.8347,1570.834,2309.6873,1726.925,645.1567,1711.2373,867.8111,1125.249,1111.7413,1733.7372,2251.3086,1573.9572,1203.1823,2586.6204,1096.2856,1465.858,1470.5664,1084.3239,457.6288,557.9579,1321.0602,1111.6161,1146.898,1149.7899,1216.1084,792.4689,1470.2963,553.8167,1376.8287,1312.1766,1710.1692,449.52777,576.5201,2203.9739,1470.3732,1194.2867,677.55054,403.16708,2604.9736,1157.5745,1470.428,1219.1287,793.0138,1125.0654,1468.9993,910.7829,2604.999,1536.0278,1782.3809,2304.7068,1292.585,429.17212,1142.7545,2310.6187,3260.995,1729.7026,1729.7913,2310.4868,1900.253,2309.6272,1729.7015,1570.8365,462.90787,2203.8142,1729.5477,1729.6085,1729.8839,2310.9177,1729.5521,1052.388,1469.1547,1344.8018,2414.3833,1824.7424,1465.7295,455.72995,1039.4801,1694.7358,1337.8495,2310.134,883.48376,1569.6783,2310.2974,607.12854,2310.1323,1729.558,1140.1838,1569.9125,2310.2188,1569.6803,2310.221,1729.5526,1729.6411,1699.8999,3308.0962,2488.5046,515.4654,656.21326,1111.7141,1509.4288,3290.8723,692.53485,974.83234,2308.957,2308.801,1569.7583,2308.8801,1916.8307,525.9347,1727.0306,1570.346,2308.963,1570.6085,2308.8047,1727.0043,738.9426,1727.0042,557.9288,2286.1255,983.6295,1727.2404,1697.01,1051.9264,2179.2197,968.3145,1727.1019,493.9222,1101.904,1518.9042,1484.7383,2309.423,365.85953,1726.3871,1726.3066,1571.7634,2696.1938,1726.391,1572.0437,1571.7649,1726.3921,2310.145,2309.8533,1571.5238,1470.0823,1064.7327,2054.3274,1355.3373,2309.316,1469.9838,1729.2294,1729.0684,2309.757,1726.5669,1731.8306,1572.2236,2605.9727,1112.2466,1731.8403,1731.6741,637.35803,2309.5237,1731.6777,1597.9786,1571.7515,1660.0796,1469.1862
7920,2175.758,1730.7739,2291.6604,1587.4113,2291.6162,2290.9675,1587.3007,2290.969,2291.6682,1587.2201,1730.6848,1587.3381,2292.6926,1587.3351,2291.5488,2290.9824,2587.1606,985.4372,1587.2213,2291.017,2291.111,1730.7235,1587.34,2291.5552,1731.3395,1730.7682,983.5231,1080.1523,1277.056,1730.7834,1730.9756,2291.0,2291.0889,1076.8319,2291.139,2291.0183,1606.5035,1587.221,1587.2219,2291.01,1730.4883,1730.4873,2291.0164,1730.448,1587.2994,1587.3375,1465.8801,1513.0121,1730.4171,2291.1003,1730.4496,1730.5376,1678.3484,1587.2223,1587.2617,585.68536,854.10956,1237.1611,606.1683,1079.3866,2291.1511,1587.2635,489.7695,1730.301,779.44763,1730.3417,552.21124,1730.5234,601.2603,1730.3486,1587.2239,1703.557,1172.4674,1587.2249,968.2486,1587.2982,1487.8743,1273.7552,1587.3052,2291.1567,1469.2781,1465.407,645.8366,509.07205,2232.5906,1702.1189,342.87973,479.05276,1465.4309,1587.3427,1587.304,671.38007,2291.0405,1729.1254,1587.3065,1729.165,2587.3684,1085.7437,408.23853,1729.1666,1587.3829,1729.1693,2291.3137,1105.6595,1244.5167,1531.959,1321.9021,1266.8304,2588.1543,1523.2401,1121.32,632.44336,2252.9158,700.27985,2604.9158,1417.3619,515.09314,1078.7615,886.1504,430.99664,1586.7805,757.2331,2290.9404,1726.2693,1726.2322,1362.5005,2290.9468,1726.3134,731.8213,1586.6029,1586.6024,2291.0186,1726.1989,655.99347,1714.393,880.46674,1119.6605,1108.1233,1730.781,2251.1782,1581.7028,1219.306,2568.8552,1099.5765,1461.5823,1466.216,1097.8992,468.45236,569.2318,1339.2771,1108.0328,1162.9993,1166.2075,1230.1183,803.8768,1466.0509,550.65967,1379.8442,1322.499,1713.6614,457.8095,586.3947,2215.5828,1466.0868,1157.2068,678.9466,408.6595,2588.118,1166.4481,1466.1167,1222.6157,799.2303,1139.3071,1464.8333,919.08167,2588.1355,1540.2046,1798.7557,2316.4158,1302.1392,439.7199,1151.2412,2291.797,3235.1929,1728.7428,1728.7874,2291.7324,1904.2161,2290.9883,1728.7416,1586.608,474.97522,2215.5034,1728.6685,1728.6818,1728.8356,2292.1873,1728.6726,1065.5221,1464.9856,1358.9741,2406.742,1819.5635,1463.5526,463.8249,1042.5874,1702.183,1340.8433,2291.468,891.44434,1585.4474,2291.5488,613.58954,2291.466,1728.6793,1150.4572,1585.5631,2291.5117,1585.4492,2291.513,1728.6727,1728.7225,1706.9586,3287.1165,2481.216,527.37646,664.621,1108.1099,1509.7322,3265.3271,702.5535,978.4624,2290.339,2290.2637,1585.4834,2290.301,1927.8188,692.67017,1726.2272,1586.1101,2290.3416,1586.24,2290.2678,1726.2166,749.6467,1726.2166,569.20074,2268.0454,995.8731,1726.335,1703.7344,1055.6682,2188.409,976.2257,1726.2717,505.06525,1108.1616,1523.6687,1494.3627,2290.763,373.67883,1725.6646,1725.625,1587.4023,2698.2446,1725.6698,1587.5413,1587.4042,1725.6704,2291.368,2291.206,1587.286,1465.8494,1078.7045,2051.7446,1369.3474,2290.707,1465.7695,1728.2507,1728.1715,2290.969,1725.7639,1730.7189,1587.631,2588.984,1124.4178,1730.7239,1730.6427,621.53485,2290.8591,1730.6472,1611.0178,1587.4285,1670.5349,1465.0719
7980,2176.7961,1728.4429,2273.3323,1601.1908,2273.3105,2272.7524,1601.1414,2272.754,2273.342,1601.0979,1728.4152,1601.1604,2273.8882,1601.1549,2273.2827,2272.767,2569.8442,983.96204,1601.0997,2272.7812,2272.8342,1728.4335,1601.1582,2273.2883,1728.7246,1728.458,984.06134,1094.2738,1281.9089,1728.4536,1728.5537,2272.7844,2272.8325,1082.7535,2272.8538,2272.8025,1609.421,1601.1001,1601.1019,2272.7947,1728.1932,1728.193,2272.8005,1728.1738,1601.1399,1601.1588,1461.5792,1502.2374,1728.1637,2272.8452,1728.1755,1728.223,1684.7971,1601.1018,1601.1223,640.5164,864.0558,1244.913,619.14246,1088.2861,2272.8738,1601.1239,495.90353,1728.0714,793.29114,1728.0916,565.3922,1728.1835,590.422,1728.0991,1601.1046,1708.0012,1184.0779,1601.106,979.5625,1601.1423,1496.4232,1280.7362,1601.1459,2272.88,1475.5437,1461.1384,652.84503,511.16797,2235.5813,1706.9979,349.8586,483.46155,1461.1504,1601.1658,1601.1471,682.3217,2272.8242,1726.9456,1601.1481,1726.9646,2570.047,1102.6653,415.7194,1726.9669,1601.1858,1726.9698,2272.9617,1104.5393,1259.7028,1535.8655,1333.1458,1271.5051,2570.7622,1512.1547,1133.5426,641.441,2247.7932,709.6537,2601.82,1422.8896,524.0149,1084.0859,873.4511,440.2288,1600.567,764.8084,2272.749,1724.226,1724.2094,1362.2853,2272.755,1724.2511,741.7475,1600.4801,1600.48,2272.7925,1724.1962,667.6431,1715.6932,892.53784,1115.0929,1105.568,1726.9182,2248.8936,1588.269,1235.0822,2550.7705,1102.7296,1457.3302,1461.8306,1110.4557,478.7682,583.39856,1356.7498,1105.5066,1178.6561,1182.2877,1243.2255,814.789,1461.7164,547.47375,1381.8954,1331.5208,1715.2019,465.57288,595.14655,2223.4585,1461.7323,1122.5765,677.66583,415.4873,2570.7288,1175.2819,1461.7499,1225.4607,805.77454,1152.9203,1460.5835,927.0703,2570.7424,1542.7178,1813.9323,2325.9463,1310.4502,449.82645,1159.3115,2273.4705,3209.4216,1726.5592,1726.5818,2273.4387,1906.6912,2272.7766,1726.5576,1600.489,500.33197,2223.42,1726.5245,1726.5131,1726.6082,2273.884,1726.5284,1077.7493,1460.7421,1371.6793,2396.985,1813.435,1460.7299,469.6949,1045.902,1707.0427,1342.766,2273.218,899.34753,1599.3281,2273.258,620.7067,2273.2156,1726.5358,1160.4229,1599.3855,2273.241,1599.3297,2273.2422,1726.5288,1726.5594,1713.1836,3266.3486,2471.5852,538.8881,673.13007,1105.5659,1509.0402,3239.6829,712.34235,983.14886,2272.1582,2272.123,1599.3403,2272.1394,1936.5342,724.6107,1724.1931,1599.9838,2272.1592,1600.0485,2272.1267,1724.1903,760.0346,1724.1902,583.36584,2250.4001,1007.0457,1724.251,1708.0999,1059.4663,2195.0396,983.73737,1724.2247,516.8047,1113.9441,1527.4114,1502.6708,2272.5417,381.27295,1723.683,1723.6636,1601.2103,2698.4417,1723.6888,1601.28,1601.2125,1723.6893,2273.0686,2272.971,1601.1553,1461.548,1091.332,2047.9528,1382.2145,2272.5059,1461.4761,1726.0693,1726.0304,2272.6765,1723.7434,1728.3978,1601.3259,2571.5078,1135.3925,1728.4003,1728.3607,607.8604,2272.6272,1728.3661,1622.3055,1601.2527,1679.3971,1460.8651
8040,2176.1516,1725.1146,2255.4622,1613.2449,2255.4517,2254.9568,1613.2269,2254.9583,2255.4727,1613.2004,1725.1178,1613.2368,2255.781,1613.229,2255.4429,2254.9712,2552.1265,983.2154,1613.203,2254.9753,2255.0083,1725.1262,1613.2318,2255.4487,1725.2567,1725.1409,985.34955,1107.2498,1287.229,1725.1261,1725.1812,2254.9883,2255.0164,1088.1965,2255.0234,2255.006,1610.7233,1613.204,1613.2065,2254.9988,1724.8896,1724.8898,2255.0042,1724.8804,1613.225,1613.2345,1457.2783,1491.8074,1724.8805,2255.0295,1724.882,1724.9098,1689.7528,1613.2059,1613.2175,689.6543,873.5513,1251.4059,631.774,1096.4421,2255.0469,1613.2191,504.6667,1724.8103,806.82837,1724.8202,599.4602,1724.868,581.02716,1724.8284,1613.21,1710.3982,1194.3439,1613.2118,990.36084,1613.2301,1503.6031,1286.7229,1613.2319,2255.0532,1480.5076,1456.8638,660.2742,512.8102,2235.9875,1709.7059,357.1077,488.82376,1456.8699,1613.2434,1613.2347,693.2522,2255.0276,1723.7318,1613.235,1723.7405,2552.33,1119.0255,426.85498,1723.7432,1613.2537,1723.7463,2255.098,1104.1342,1274.2421,1538.6318,1343.6075,1275.2947,2552.9802,1501.3181,1145.2432,650.6755,2241.2454,731.80786,2596.944,1427.722,545.72894,1089.1766,859.78125,448.91437,1612.6261,771.8433,2254.9739,1721.1545,1721.1481,1361.3593,2254.9792,1721.1704,753.8719,1612.584,1612.584,2255.0,1721.145,691.8384,1715.4377,904.0649,1111.475,1103.9288,1722.318,2244.7668,1593.7882,1250.3732,2532.4746,1105.8363,1453.1487,1457.4664,1122.1466,491.3678,632.34515,1373.448,1103.8915,1193.8029,1197.9397,1255.4529,825.2705,1457.3774,544.4025,1383.1692,1339.3788,1715.1172,472.90903,602.7783,2228.0942,1457.3834,1090.1016,674.2411,423.94296,2552.9482,1184.0613,1457.3949,1227.8208,815.00525,1165.8899,1456.326,934.75745,2552.96,1543.8575,1827.9243,2333.6191,1317.6891,460.01648,1166.9508,2255.6067,3183.7312,1723.3578,1723.3691,2255.591,1907.9121,2254.9912,1723.3556,1612.5966,516.69745,2228.0757,1723.3423,1723.3177,1723.3849,2256.0137,1723.3461,1089.1272,1456.4938,1383.0305,2385.595,1806.63,1457.4775,473.64154,1049.3588,1709.7344,1343.7999,2255.3914,907.4402,1611.4373,2255.4114,628.3756,2255.3887,1723.354,1170.0754,1611.466,2255.4043,1611.4387,2255.405,1723.3467,1723.3682,1718.535,3245.8267,2460.1262,550.00635,681.7251,1103.936,1507.5875,3214.02,721.9483,988.9889,2254.4045,2254.3892,1611.4358,2254.3953,1943.219,707.5208,1721.1318,1612.0842,2254.405,1612.1174,2254.3926,1721.1329,770.3151,1721.1329,632.30664,2233.1792,1017.3099,1721.1654,1710.4513,1063.2084,2199.4502,990.9124,1721.1575,541.7552,1119.3678,1530.3087,1509.8112,2254.752,388.70612,1720.6599,1720.6504,1613.274,2697.1272,1720.6663,1613.3099,1613.2767,1720.6665,2255.2227,2255.157,1613.2498,1457.2474,1102.8024,2043.21,1394.0105,2254.7214,1457.1793,1722.8799,1722.861,2254.845,1720.7015,1725.0712,1613.3347,2553.665,1145.2588,1725.0725,1725.0532,596.03503,2254.8252,1725.0592,1631.9991,1613.3218,1686.8052,1456.6433
8100,2174.0388,1720.9626,2238.0308,1623.6879,2238.0256,2237.5784,1623.6866,2237.58,2238.0417,1623.6675,1720.9818,1623.6921,2238.231,1623.682,2238.0264,2237.592,2534.1235,983.18317,1623.6705,2237.592,2237.6147,1720.9852,1623.6848,2238.0327,1721.0364,1720.9952,987.2659,1119.0974,1292.7977,1720.9749,1721.008,2237.6094,2237.6274,1093.365,2237.628,2237.627,1610.688,1623.6721,1623.6753,2237.62,1720.756,1720.7561,2237.6252,1720.7516,1623.6841,1623.689,1453.0309,1481.7504,1720.757,2237.6409,1720.7532,1720.7715,1693.3955,1623.6744,1623.6818,684.39703,882.64655,1256.7998,644.05865,1103.9392,2237.6526,1623.6836,515.79486,1720.707,820.0591,1720.7118,625.71906,1720.7382,572.86505,1720.7205,1623.6794,1711.0729,1203.4338,1623.6818,1000.6552,1623.6913,1509.5625,1291.8485,1623.6923,2237.6592,1484.3412,1452.6394,668.0303,514.1833,2234.185,1710.6028,364.68158,495.89548,1452.6427,1623.7,1623.6963,704.1834,2237.648,1719.6735,1623.6962,1719.6768,2534.3293,1134.8102,437.65198,1719.6799,1623.7054,1719.6832,2237.6855,1104.3401,1288.0955,1540.4823,1353.3656,1278.3564,2534.9214,1490.79,1156.4038,660.1295,2233.4998,748.1837,2590.5542,1431.9618,561.7227,1094.0681,845.42847,457.10593,1623.074,778.2642,2237.613,1717.2358,1717.2345,1359.8962,2237.618,1717.2473,767.8963,1623.0541,1623.054,2237.6304,1717.2366,710.05896,1713.8838,915.0819,1108.7281,1103.0763,1717.1224,2239.0757,1598.3688,1265.087,2514.0518,1108.9523,1449.0728,1453.1697,1133.0852,506.0577,659.7306,1389.3561,1103.0586,1208.3871,1213.0902,1266.831,835.36896,1453.0936,541.53973,1383.8165,1346.196,1713.6848,479.90866,609.31726,2229.9346,1453.0948,1059.5282,669.1028,433.10516,2534.8904,1192.8673,1453.1033,1229.8324,826.59375,1178.2074,1452.1178,942.14716,2534.9014,1543.8704,1840.7677,2339.697,1323.9996,471.41483,1174.1556,2238.1833,3158.1616,1719.3177,1719.3239,2238.1758,1908.0608,2237.6252,1719.3154,1623.0701,524.41376,2229.926,1719.312,1719.2802,1719.3344,2238.5708,1719.3156,1099.7524,1452.2948,1393.1368,2372.9448,1799.3492,1453.9575,475.93073,1052.8832,1710.6177,1344.0972,2237.9856,916.28125,1621.9141,2237.995,636.51215,2237.9824,1719.3241,1179.4017,1621.9285,2237.993,1621.9154,2237.994,1719.3165,1719.3337,1723.0072,3225.576,2447.2449,560.7483,690.3879,1103.0911,1505.5476,3188.4016,731.40106,996.3563,2237.0679,2237.0625,1621.904,2237.0635,1948.0977,681.45575,1717.2229,1622.5522,2237.068,1622.5693,2237.066,1717.2261,780.5302,1717.2261,659.6917,2216.3684,1026.801,1717.2446,1711.0981,1066.8121,2201.932,997.80054,1717.246,560.2779,1124.5139,1532.4956,1515.9114,2237.3833,396.06876,1716.7816,1716.777,1623.7179,2694.5708,1716.7883,1623.7373,1623.7211,1716.7885,2237.811,2237.7612,1623.7091,1453.0011,1113.2753,2037.7096,1404.8027,2237.3528,1452.9353,1718.857,1718.8479,2237.451,1716.8145,1720.9176,1623.7522,2535.5586,1154.1027,1720.9183,1720.909,585.792,2237.4453,1720.9154,1640.2611,1623.7661,1692.8817,1452.4645
8160,2170.6523,1716.1383,2221.0212,1632.6575,2221.0188,2220.6086,1632.6655,2220.6106,2221.0322,1632.649,1716.1659,1632.6688,2221.161,1632.6567,2221.024,2220.623,2515.9402,983.82275,1632.6526,2220.6199,2220.6377,1716.1669,1632.6597,2221.0308,1716.1783,1716.1744,989.70905,1129.8792,1298.4529,1716.1509,1716.1736,2220.6396,2220.6528,1098.4047,2220.65,2220.6572,1609.5516,1632.6545,1632.6584,2220.6504,1715.9457,1715.946,2220.655,1715.9437,1632.6627,1632.6649,1448.877,1472.0826,1715.9517,2220.666,1715.9453,1715.959,1695.8793,1632.6571,1632.6628,680.3611,891.3757,1261.2384,656.00024,1110.8501,2220.675,1632.6648,526.8237,1715.9205,832.981,1715.9227,642.4271,1715.9386,565.76825,1715.9318,1632.6631,1710.3054,1211.4928,1632.666,1010.46246,1632.6711,1514.4347,1296.2247,1632.6718,2220.6814,1487.193,1448.5065,676.03955,515.42395,2230.5002,1709.9934,372.46335,504.31833,1448.5083,1632.6777,1632.6768,715.11566,2220.6775,1714.9297,1632.6766,1714.9299,2516.1484,1150.0072,446.4231,1714.9333,1632.681,1714.9368,2220.6987,1105.066,1301.2393,1541.5847,1362.51,1280.818,2516.6892,1480.6105,1167.0132,669.781,2224.753,759.3658,2582.8782,1435.6823,572.58673,1098.7837,830.6127,464.86624,1632.0491,784.028,2220.6587,1712.6256,1712.6265,1358.0326,2220.663,1712.6346,781.2935,1632.04,1632.0408,2220.6714,1712.6311,722.86096,1711.2517,925.6207,1106.7714,1102.8975,1711.4506,2232.0623,1602.1007,1279.1625,2495.5854,1112.1085,1445.1285,1448.9756,1143.3552,520.18365,670.4767,1404.469,1102.8959,1222.368,1227.6804,1277.3953,845.1209,1448.9072,538.94586,1383.9587,1352.0823,1711.139,486.65088,614.8084,2229.374,1448.906,1030.639,662.5994,442.142,2516.6587,1201.7333,1448.9128,1231.6246,837.9871,1189.8696,1447.9999,949.2383,2516.6692,1542.9647,1852.5101,2344.3938,1329.5024,483.7694,1180.9312,2221.1816,3132.7478,1714.594,1714.5977,2221.178,1907.2792,2220.6677,1714.5916,1632.0592,526.5743,2229.37,1714.5931,1714.557,1714.6056,2221.546,1714.5967,1109.6902,1448.185,1402.1023,2359.3542,1791.7405,1450.2903,476.7936,1056.4017,1709.997,1343.7858,2220.9907,925.4322,1630.908,2220.9958,645.047,2220.9878,1714.606,1188.3875,1630.9154,2220.9958,1630.9093,2220.9968,1714.5978,1714.613,1726.6151,3205.6113,2433.2866,571.13916,699.1011,1102.9186,1503.0481,3162.8772,740.72095,1004.6728,2220.1367,2220.1362,1630.8922,2220.1348,1951.3809,656.21436,1712.621,1631.5366,2220.1372,1631.546,2220.1392,1712.6254,790.5559,1712.6255,670.4395,2199.9536,1035.6312,1712.6372,1710.3123,1070.2155,2202.7402,1004.4433,1712.6431,573.0615,1129.4379,1534.0756,1521.082,2220.424,403.41293,1712.2062,1712.204,1632.6846,2690.9856,1712.2131,1632.696,1632.6881,1712.2134,2220.8176,2220.7761,1632.6837,1448.8484,1122.8776,2031.5962,1414.654,2220.3914,1448.7848,1714.1526,1714.1482,2220.4753,1712.2351,1716.0902,1632.7064,2517.2869,1162.0193,1716.0907,1716.0863,576.9057,2220.477,1716.0929,1647.2491,1632.731,1697.7399,1448.3707
8220,2166.1582,1710.7701,2204.4177,1640.2959,2204.4167,2204.0378,1640.3094,2204.0393,2204.4287,1640.2936,1710.8022,1640.3116,2204.5264,1640.2979,2204.4238,2204.0518,2497.6604,985.0762,1640.2976,2204.0474,2204.0625,1710.802,1640.301,2204.4307,1710.7937,1710.8086,992.59314,1139.6499,1304.0769,1710.7831,1710.8008,2204.0679,2204.0789,1103.3214,2204.074,2204.085,1607.5146,1640.3002,1640.3043,2204.0786,1710.5891,1710.5892,2204.083,1710.5884,1640.3059,1640.3071,1444.8472,1462.812,1710.5977,2204.0916,1710.5897,1710.6013,1697.3365,1640.303,1640.3076,679.83,899.764,1264.8477,667.60657,1117.2356,2204.0994,1640.3099,537.01874,1710.5836,845.5921,1710.5845,653.4054,1710.5953,559.6031,1710.5938,1640.3098,1708.3356,1218.656,1640.3126,1019.80096,1640.3159,1518.3383,1299.9617,1640.3162,2204.1057,1489.1924,1444.4962,684.243,516.63196,2225.2183,1708.1357,380.2836,513.3807,1444.4974,1640.3217,1640.3223,726.04236,2204.1052,1709.6327,1640.3215,1709.6317,2497.8708,1164.6113,452.871,1709.6353,1640.3239,1709.6388,2204.1184,1106.2329,1313.6622,1542.0704,1371.1055,1282.7834,2498.3662,1470.8041,1177.0671,679.6056,2215.1758,768.0704,2574.1104,1438.9415,581.0461,1103.339,815.5022,472.25964,1639.694,789.11597,2204.0996,1707.4546,1707.457,1355.8761,2204.104,1707.4629,793.3028,1639.6904,1639.6914,2204.11,1707.463,732.9428,1707.7292,935.7084,1105.5243,1103.2936,1705.4017,2223.9397,1605.0654,1292.561,2477.1348,1115.3187,1441.3363,1444.9128,1153.017,533.0064,674.66394,1418.7928,1103.3052,1235.7169,1241.6669,1287.1823,854.5529,1444.8496,536.65875,1383.6945,1357.1371,1707.6779,493.19376,619.30707,2226.7607,1444.8474,1003.24774,655.01184,450.5992,2498.3364,1210.5769,1444.8533,1233.2896,848.4029,1200.88,1444.004,956.0304,2498.3467,1541.3175,1863.2074,2347.8882,1334.3,496.31378,1187.2882,2204.5857,3107.5198,1709.3176,1709.32,2204.584,1905.6904,2204.1074,1709.3153,1639.7123,525.4847,2226.76,1709.3192,1709.2804,1709.3267,2204.926,1709.3226,1118.9592,1444.1958,1410.0223,2345.0657,1783.9125,1446.5665,476.4292,1059.8477,1708.1299,1342.9739,2204.3965,934.3505,1638.5669,2204.3994,653.92163,2204.3938,1709.332,1197.0183,1638.5708,2204.4006,1638.5682,2204.4016,1709.3239,1709.3383,1729.3911,3185.9417,2418.5159,581.2058,707.84717,1103.3198,1500.1848,3137.4875,749.9192,1013.31793,2203.5994,2203.6016,1638.547,2203.5984,1953.254,633.7935,1707.4578,1639.1855,2203.5996,1639.1913,2203.6033,1707.4629,800.22186,1707.4626,674.62854,2183.921,1043.89,1707.4712,1708.3295,1073.3752,2202.0986,1010.87195,1707.4796,583.04584,1134.1774,1535.1344,1525.4198,2203.8625,410.73834,1707.0669,1707.0658,1640.3187,2686.5427,1707.074,1640.3263,1640.3224,1707.0741,2204.2275,2204.1902,1640.3224,1444.8203,1131.7208,2024.9868,1423.6239,2203.8274,1444.7592,1708.896,1708.894,2203.9028,1707.094,1710.719,1640.3347,2498.93,1169.0931,1710.7194,1710.7173,569.18994,2203.908,1710.7242,1653.1005,1640.3622,1701.4841,1444.3945
8280,2160.7063,1704.9675,2188.2046,1646.7358,2188.2043,2187.852,1646.7528,2187.853,2188.2156,1646.7366,1705.0022,1646.7545,2188.2969,1646.7393,2188.2126,2187.8655,2479.3535,986.879,1646.741,2187.8604,2187.8743,1705.0015,1646.7428,2188.2188,1704.9832,1705.0077,995.84546,1148.4736,1309.5822,1704.9808,1704.996,2187.881,2187.8906,1108.0637,2187.8855,2187.8977,1604.7462,1646.7437,1646.7484,2187.8918,1704.7961,1704.7961,2187.8962,1704.7958,1646.7487,1646.7495,1440.9633,1453.9395,1704.806,2187.9036,1704.7974,1704.808,1697.8861,1646.7473,1646.7515,681.888,907.8289,1267.7378,678.8899,1123.1471,2187.9104,1646.7539,546.3956,1704.8077,857.89215,1704.808,661.2948,1704.8163,554.2617,1704.8175,1646.7548,1705.3688,1225.0417,1646.7578,1028.6898,1646.7599,1521.3818,1303.1534,1646.76,2187.9167,1490.451,1440.6307,692.5924,517.8776,2218.586,1705.2483,387.9907,522.5819,1440.6316,1646.7655,1646.7667,736.95337,2187.918,1703.8943,1646.7659,1703.8931,2479.5652,1178.6224,457.26453,1703.8965,1646.7671,1703.9001,2187.9272,1107.7712,1325.3623,1542.0388,1379.1808,1284.3374,2480.021,1461.3848,1186.5673,689.578,2204.9143,775.6841,2564.4175,1441.7806,588.49524,1107.7445,800.2259,479.34457,1646.1414,793.5271,2187.9233,1701.8346,1701.8379,1353.5115,2187.928,1701.8427,803.96484,1646.1405,1646.1414,2187.933,1701.8445,741.6902,1703.4761,945.3691,1104.9093,1104.1781,1699.0591,2214.8909,1607.3352,1305.2606,2458.7515,1118.5853,1437.7057,1441.0012,1162.1198,544.60034,677.1564,1432.3405,1104.2007,1248.4147,1255.0178,1296.2305,863.685,1440.9423,534.69965,1383.103,1361.4482,1703.468,499.57535,622.87415,2222.3992,1440.9397,977.19415,646.5662,458.29825,2479.9917,1219.2814,1440.945,1234.8707,857.85803,1211.2466,1440.1523,962.522,2480.002,1539.0763,1872.9188,2350.3298,1338.4786,508.49402,1193.2413,2188.3792,3082.5017,1703.5991,1703.6008,2188.3784,1903.3939,2187.931,1703.5966,1646.1647,522.54877,2222.4,1703.6019,1703.5614,1703.607,2188.6973,1703.6053,1127.5486,1440.3491,1416.9885,2330.2783,1775.9436,1442.8529,475.00812,1063.164,1705.2347,1341.7535,2188.1895,942.76416,1645.0261,2188.1917,663.0855,2188.187,1703.6146,1205.2819,1645.0283,2188.193,1645.0275,2188.194,1703.6066,1703.6208,1731.3787,3166.5713,2403.1514,590.97455,716.60925,1104.2087,1497.0278,3112.2659,759.0016,1021.95447,2187.4426,2187.4456,1645.0032,2187.442,1953.8822,614.23334,1701.8444,1645.6345,2187.4424,1645.6387,2187.4473,1701.8496,809.38196,1701.8494,677.12225,2168.2544,1051.6547,1701.8566,1705.3531,1076.2612,2200.1995,1017.1126,1701.8662,591.7563,1138.7572,1535.7418,1529.0099,2187.6846,418.00885,1701.4756,1701.4751,1646.7538,2681.3806,1701.4828,1646.7596,1646.7578,1701.4829,2188.0254,2187.9907,1646.7603,1440.9381,1139.8965,2017.9694,1431.7686,2187.6475,1440.8799,1703.1971,1703.1964,2187.7178,1701.5021,1704.9137,1646.7678,2480.5544,1175.4033,1704.914,1704.913,562.49274,2187.7244,1704.92,1657.9274,1646.7943,1704.2146,1440.5585
8340,2154.434,1698.8224,2172.366,1652.093,2172.366,2172.0364,1652.1123,2172.037,2172.3767,1652.0955,1698.8585,1652.1139,2172.4487,1652.0974,2172.3748,2172.0488,2461.0789,989.16626,1652.1002,2172.0442,2172.0571,1698.8574,1652.1011,2172.3809,1698.834,1698.8633,999.4045,1156.4182,1314.9065,1698.8358,1698.85,2172.0647,2172.0732,1112.5833,2172.068,2172.0808,1601.3895,1652.1027,1652.1083,2172.0754,1698.6592,1698.659,2172.0796,1698.659,1652.1077,1652.1084,1437.2375,1445.461,1698.6698,2172.0864,1698.6608,1698.6709,1697.6278,1652.1073,1652.1111,685.6974,915.58246,1270.0052,689.8634,1128.6285,2172.0928,1652.1138,555.1501,1698.6859,869.8817,1698.6858,667.6659,1698.693,549.6561,1698.6954,1652.1154,1701.58,1230.7548,1652.1187,1037.1486,1652.1199,1523.6608,1305.8833,1652.12,2172.0989,1491.0676,1436.9224,701.04846,519.20886,2210.8176,1701.5154,395.47397,531.66394,1436.923,1652.1256,1652.1271,747.8361,2172.101,1697.8079,1652.1261,1697.8065,2461.2913,1192.0436,460.0229,1697.81,1652.1271,1697.8138,2172.1084,1109.6202,1336.3444,1541.5692,1386.7393,1285.5493,2461.7124,1452.3583,1195.52,699.67267,2194.0952,782.8464,2553.9426,1444.2349,595.5725,1112.0067,784.882,486.171,1651.5068,797.2734,2172.1157,1695.8591,1695.8628,1351.005,2172.1206,1695.8671,813.52924,1651.5074,1651.5085,2172.1252,1695.8699,749.7506,1698.6274,954.6242,1104.8529,1105.4757,1692.4921,2205.0742,1608.9718,1317.251,2440.4797,1121.9033,1434.2373,1437.2521,1170.7036,555.22345,679.88525,1445.1289,1105.5073,1260.4509,1267.7125,1304.5782,872.53174,1437.1971,533.0787,1382.2496,1365.096,1698.6501,505.81815,625.5732,2216.555,1437.1943,952.3405,637.4448,465.21008,2461.6836,1227.7454,1437.1992,1236.3789,866.57434,1220.982,1436.457,968.7116,2461.6936,1536.3652,1881.7028,2351.8438,1342.1117,520.0495,1198.8074,2172.5457,3057.7136,1697.5314,1697.5328,2172.5454,1900.4717,2172.1233,1697.5286,1651.5336,518.58997,2216.557,1697.5349,1697.4932,1697.5387,2172.8438,1697.5382,1135.4373,1436.6573,1423.0847,2315.1487,1767.89,1439.1984,472.6765,1066.3032,1701.4955,1340.2019,2172.354,950.59784,1650.4027,2172.3562,672.49445,2172.352,1697.5475,1213.1716,1650.4039,2172.358,1650.404,2172.3586,1697.5394,1697.5537,1732.6224,3147.5002,2387.3667,600.46857,725.3713,1105.51,1493.6288,3087.2397,767.9699,1030.436,2171.6519,2171.655,1650.3772,2171.6511,1953.4177,597.15155,1695.8743,1651.0007,2171.6514,1651.004,2171.6567,1695.8796,817.9364,1695.8794,679.852,2152.9373,1058.9884,1695.886,1701.557,1078.8536,2197.2078,1023.18634,1695.8964,599.9055,1143.1932,1535.9529,1531.927,2171.8755,425.17535,1695.5264,1695.5261,1652.1063,2675.6123,1695.5338,1652.1115,1652.1106,1695.5338,2172.1958,2172.1624,1652.1145,1437.2141,1147.4828,2010.6132,1439.14,2171.8374,1437.1593,1697.1487,1697.1486,2171.9038,1695.5526,1698.7661,1652.1193,2462.2188,1181.024,1698.7664,1698.766,556.6902,2171.9111,1698.7732,1661.8208,1652.1437,1706.0182,1436.8757
8400,2147.464,1692.4026,2156.9082,1656.4745,2156.9084,2156.5981,1656.4955,2156.5986,2156.9187,1656.4778,1692.4401,1656.4968,2156.9854,1656.4794,2156.9172,2156.6104,2442.8892,991.8178,1656.4828,2156.6055,2156.618,1692.4386,1656.4833,2156.9233,1692.4125,1692.4442,1003.1908,1163.5063,1320.0049,1692.4164,1692.4302,2156.626,2156.6338,1116.8573,2156.6287,2156.641,1597.5708,1656.4849,1656.4913,2156.6362,1692.2473,1692.2467,2156.6404,1692.247,1656.4904,1656.491,1433.7086,1437.4126,1692.2582,2156.6467,1692.2488,1692.2588,1696.6565,1656.4905,1656.4943,690.6609,923.06354,1271.6968,700.53894,1133.6896,2156.653,1656.4971,563.46857,1692.2876,881.5617,1692.2874,673.38654,1692.2941,545.7135,1692.2974,1656.499,1697.1089,1235.894,1656.5027,1045.1985,1656.5034,1525.2557,1308.2396,1656.5035,2156.659,1491.1204,1433.4093,709.5791,520.65515,2202.1003,1697.0857,402.66113,540.5242,1433.4099,1656.5093,1656.5105,758.6762,2156.6616,1691.443,1656.5096,1691.4415,2443.1016,1204.8822,461.54733,1691.4457,1656.5106,1691.4495,2156.6677,1111.7186,1346.6245,1540.7198,1393.8049,1286.4658,2443.4922,1443.7219,1203.9343,709.8636,2182.8381,789.83704,2542.8079,1446.3281,602.5503,1116.1113,769.54535,492.77414,1655.8978,800.37646,2156.684,1689.5978,1689.6018,1348.402,2156.6892,1689.6058,822.24146,1655.8992,1655.9005