keys,corridor_constructionYardNorth_squareNorth,home_c65,home_c113,home_c66,home_c114,home_c63,home_c115,home_c64,home_c116,home_c69,home_c117,home_c118,home_Sasha,home_c67,home_c119,home_c68,home_Rui,bioengineeringHeadquarters,home_c72,home_Boulos,home_c73,home_c110,home_c70,home_c111,home_c71,home_c112,farm,industryHeadquarters,electrolysisStationSouth,home_c76,home_c102,home_c77,home_c103,corridor_rescueStationWest_mainControlRoom,home_c74,home_c104,corridor_squareSouth_mainControlRoom,home_c75,home_c105,home_c106,home_c107,home_c78,home_c108,home_c79,home_c109,home_c80,home_Evan,excavationShaftB,home_c83,home_c84,home_c100,home_c81,corridor_squareSouth_securityCheckCenter,home_c101,home_c82,excavationShaftA,corridor_securityCheckEast_rescueStationNorth,corridor_constructionYardSouth_excavationShaftB,corridor_outerBarrierCenter_outerBarrierWest,corridor_constructionYardSouth_techSchool,home_c87,home_c88,corridor_reservoirWest_excavationShaftA,home_c85,outerBarrierCenter,home_c86,miningHeadquarters,home_c89,observatory,home_c90,home_c91,home_AmmServer,corridor_reservoirEast_mainControlRoom,home_c94,corridor_miningSchool_securityCheckEast,home_c95,corridor_squareSouth_rescueStationSouth,corridor_mainControlRoom_reservoirEast,home_c92,home_c93,corridor_squareSouth_miningSchool,home_Peiyu,cemetery,corridor_outerBarrierWest_observatory,fineFoodStore-1,home_JwlServer,corridor_recycleFacilityWest_outerBarrierWest,reservoirWest,home_Kasem,home_c98,home_c124,corridor_outerBarrierCenter_spacePort,home_c99,home_c125,home_c96,home_c97,home_Yuhoa,corridor_outerBarrierCenter_outerBarrierEast,corridor_recycleFacilityWest_electrolysisStationNorth,home_c120,home_c121,home_c122,home_c123,techSchool,welfareStationEast,corridor_squareSouth_electrolysisStationSouth,corridor_squareNorth_securityCheckWest,corridor_miningSchool_excavationShaftB,home_Vaeme,home_Dion,corridor_miningSchool_rescueStationSouth,corridor_spacePort_outerBarrierCenter,tavern,corridor_excavationShaftA_securityCheckWest,corridor_welfareStationWest_squareNorth,corridor_electrolysisStationSouth_squareSouth,corridor_excavationShaftA_reservoirWest,corridor_techSchool_constructionYardSouth,corridor_tankArray_recycleFacilityEast,infrastructureHeadquarters,home_c0,corridor_rescueStationNorth_recycleFacilityEast,home_c2,home_c1,home_c4,corridor_excavationShaftB_miningSchool,home_c3,home_c6,corridor_rescueStationWest_excavationShaftA,home_c5,home_c8,home_c7,home_c9,corridor_excavationShaftA_rescueStationWest,ammoniaShop,corridor_securityCheckEast_miningSchool,educationHeadquarters,home_Eugene,squareSouth,home_RstSupplier,corridor_securityCheckCenter_mainControlRoom,home_DrHess,constructionYardNorth,corridor_techSchool_miningSchool,mainControlRoom,home_Charles,corridor_reservoirEast_electrolysisStationSouth,corridor_theEngine_excavationShaftA,home_Maisarah,corridor_outerBarrierEast_outerBarrierCenter,home_teacher2,corridor_rescueStationSouth_welfareStationEast,corridor_welfareStationEast_rescueStationSouth,rescueStationSouth,securityCheckEast,home_ctrler,corridor_observatory_outerBarrierWest,corridor_excavationShaftB_rescueStationSouth,corridor_miningSchool_squareSouth,diamondShop,outerBarrierWest,corridor_recycleFacilityEast_rescueStationNorth,home_RstServer,home_Muos,tankArray,corridor_recycleFacilityEast_tankArray,recycleFacilityWest,home_Megaros,corridor_securityCheckWest_squareNorth,home_Kae,corridor_mainControlRoom_rescueStationWest,corridor_securityCheckWest_excavationShaftA,corridor_rescueStationSouth_miningSchool,home_Alina,corridor_rescueStationNorth_securityCheckEast,home_Krailin,corridor_mainControlRoom_squareSouth,outerBarrierEast,corridor_outerBarrierEast_asteroidMine,corridor_rescueStationSouth_excavationShaftB,theEngine,miningSchool,home_c18,welfareStationWest,home_c19,home_c16,home_c17,corridor_securityCheckCenter_market,home_Agros,home_c10,home_c11,corridor_electrolysisStationNorth_recycleFacilityWest,home_Chef,home_c14,home_JwlSupplier,home_c15,home_c12,home_c13,corridor_squareNorth_recycleFacilityWest,home_Bahriye,corridor_rescueStationSouth_squareSouth,corridor_market_constructionYardNorth,corridor_market_rescueStationNorth,interiorHeadquarters,recycleFacilityEast,safetyHeadquarters,home_Jeweler,corridor_excavationShaftB_constructionYardSouth,home_c29,rescueStationWest,home_c27,home_c28,spacePort,home_c21,home_c22,corridor_electrolysisStationSouth_reservoirEast,home_c20,home_c25,home_c26,home_c23,home_AmmSupplier,home_c24,securityCheckCenter,asteroidMine,corridor_constructionYardNorth_market,corridor_outerBarrierWest_outerBarrierCenter,corridor_cemetery_securityCheckEast,home_Jan,corridor_rescueStationNorth_market,home_DrPaik,corridor_securityCheckEast_cemetery,securityCheckWest,home_Lynn,home_c38,home_c39,home_c32,corridor_squareNorth_constructionYardNorth,electrolysisStationNorth,home_c33,home_c30,home_c31,home_c36,home_c37,home_c34,corridor_recycleFacilityWest_squareNorth,home_c35,home_Metros,market,corridor_reservoirEast_farm,home_c40,home_Chemist,rescueStationNorth,corridor_squareNorth_welfareStationWest,corridor_farm_reservoirEast,home_c49,corridor_excavationShaftA_theEngine,corridor_miningSchool_techSchool,corridor_mainControlRoom_securityCheckCenter,corridor_squareSouth_welfareStationEast,home_c43,corridor_outerBarrierWest_recycleFacilityWest,home_c44,home_c41,home_c42,corridor_asteroidMine_outerBarrierEast,home_c47,home_c48,home_c45,home_c46,home_Hans,home_c50,home_c51,home_Indu,reservoirEast,corridor_market_securityCheckCenter,corridor_welfareStationEast_squareSouth,home_Yuri,home_Hiroshi,home_c54,home_c55,home_c52,home_c53,home_c58,home_c59,home_Salvor,constructionYardSouth,home_c56,home_c57,home_observer,home_c61,home_c62,squareNorth,home_c60,corridor_securityCheckCenter_squareSouth,home_Astinomis
2940,0.0,10.0,10.0,10.0,10.0,10.0,10.0,10.0,10.0,10.0,10.0,10.0,10.0,10.0,10.0,10.0,10.0,14922.629,10.0,10.0,10.0,10.0,10.0,10.0,10.0,10.0,516.75085,14922.629,15000.0,10.0,10.0,10.0,10.0,0.0,10.0,10.0,0.0,10.0,10.0,10.0,10.0,10.0,10.0,10.0,10.0,10.0,30.0,1021.53156,10.0,10.0,10.0,10.0,0.0,10.0,10.0,1018.4256,0.0,0.0,0.0,0.0,10.0,10.0,0.0,10.0,15000.0,10.0,14922.629,10.0,15000.0,10.0,10.0,10.0,0.0,10.0,0.0,10.0,0.0,0.0,10.0,10.0,0.0,10.0,0.0,0.0,200.0,10.0,0.0,14902.193,10.0,10.0,10.0,0.0,10.0,10.0,10.0,10.0,20.0,0.0,0.0,10.0,10.0,10.0,10.0,1128.6179,1002.6389,0.0,0.0,0.0,10.0,10.0,0.0,0.0,1500.0,0.0,0.0,0.0,0.0,0.0,0.0,14930.366,10.0,0.0,10.0,10.0,10.0,0.0,10.0,10.0,0.0,10.0,10.0,10.0,10.0,0.0,500.0,0.0,14930.366,30.0,530.6888,10.0,0.0,30.0,15000.0,0.0,733.9993,30.0,0.0,0.0,10.0,0.0,30.0,0.0,0.0,905.7714,1217.7415,10.0,0.0,0.0,0.0,0.0,15000.0,0.0,10.0,10.0,0.0,0.0,1.5745295,10.0,0.0,10.0,0.0,0.0,0.0,10.0,0.0,10.0,0.0,15000.0,0.0,0.0,15000.0,1165.7582,10.0,1003.2563,10.0,10.0,10.0,0.0,10.0,10.0,10.0,0.0,10.0,10.0,10.0,10.0,10.0,10.0,0.0,10.0,0.0,0.0,0.0,14922.629,0.95669395,14930.366,10.0,0.0,10.0,905.7714,10.0,10.0,15000.0,10.0,10.0,0.0,10.0,10.0,10.0,10.0,10.0,10.0,1205.9795,1028.9591,0.0,0.0,0.0,30.0,0.0,10.0,0.0,1217.7415,10.0,10.0,10.0,10.0,0.0,15000.0,10.0,10.0,10.0,10.0,10.0,10.0,0.0,10.0,10.0,594.76184,0.0,10.0,10.0,881.0095,0.0,0.0,10.0,0.0,0.0,0.0,0.0,10.0,0.0,10.0,10.0,10.0,0.0,10.0,10.0,10.0,10.0,10.0,10.0,10.0,30.0,299901.56,0.0,0.0,10.0,10.0,10.0,10.0,10.0,10.0,10.0,10.0,10.0,15000.0,10.0,10.0,10.0,10.0,10.0,1388.5862,10.0,0.0,10.0
3000,0.0,10.0,10.0,10.0,10.0,10.0,10.0,10.0,10.0,10.0,10.0,10.0,10.0,10.0,10.0,10.0,10.0,14922.629,10.0,10.0,10.0,10.0,10.0,10.0,10.0,10.0,516.75085,14922.629,15000.0,10.0,10.0,10.0,10.0,0.0,10.0,10.0,0.0,10.0,10.0,10.0,10.0,10.0,10.0,10.0,10.0,10.0,30.0,1021.53156,10.0,10.0,10.0,10.0,0.0,10.0,10.0,1018.4256,0.0,0.0,0.0,0.0,10.0,10.0,0.0,10.0,15000.0,10.0,14922.629,10.0,15000.0,10.0,10.0,10.0,0.0,10.0,0.0,10.0,0.0,0.0,10.0,10.0,0.0,10.0,0.0,0.0,200.0,10.0,0.0,14902.193,10.0,10.0,10.0,0.0,10.0,10.0,10.0,10.0,20.0,0.0,0.0,10.0,10.0,10.0,10.0,1128.6179,1002.6389,0.0,0.0,0.0,10.0,10.0,0.0,0.0,1500.0,0.0,0.0,0.0,0.0,0.0,0.0,14930.366,10.0,0.0,10.0,10.0,10.0,0.0,10.0,10.0,0.0,10.0,10.0,10.0,10.0,0.0,500.0,0.0,14930.366,30.0,530.6888,10.0,0.0,30.0,15000.0,0.0,703.3607,30.0,0.0,0.0,10.0,0.0,30.0,0.0,0.0,881.01294,1205.9812,10.0,0.0,0.0,0.0,0.0,15000.0,0.0,10.0,10.0,0.0,0.0,1.5745295,10.0,0.0,10.0,0.0,0.0,0.0,10.0,0.0,10.0,0.0,15000.0,0.0,0.0,15000.0,1165.7582,10.0,1003.2563,10.0,10.0,10.0,0.0,10.0,10.0,10.0,0.0,10.0,10.0,10.0,10.0,10.0,10.0,0.0,10.0,0.0,0.0,0.0,14922.629,0.95669395,14930.366,10.0,0.0,10.0,881.01294,10.0,10.0,15000.0,10.0,10.0,0.0,10.0,10.0,10.0,10.0,10.0,10.0,1194.2192,1028.9591,0.0,0.0,0.0,30.0,0.0,10.0,0.0,1205.9812,10.0,10.0,10.0,10.0,0.0,15000.0,10.0,10.0,10.0,10.0,10.0,10.0,0.0,10.0,10.0,594.76184,0.0,10.0,10.0,856.2511,0.0,0.0,10.0,0.0,0.0,0.0,0.0,10.0,0.0,10.0,10.0,10.0,0.0,10.0,10.0,10.0,10.0,10.0,10.0,10.0,30.0,299901.56,0.0,0.0,10.0,10.0,10.0,10.0,10.0,10.0,10.0,10.0,10.0,15000.0,10.0,10.0,10.0,10.0,10.0,1388.5862,10.0,0.0,10.0
3060,0.0,10.0,10.0,10.0,10.0,10.0,10.0,10.0,10.0,10.0,10.0,10.0,10.0,10.0,10.0,10.0,10.0,14922.629,10.0,10.0,10.0,10.0,10.0,10.0,10.0,10.0,516.75085,14922.629,15000.0,10.0,10.0,10.0,10.0,0.0,10.0,10.0,0.0,10.0,10.0,10.0,10.0,10.0,10.0,10.0,10.0,10.0,30.0,1021.53156,10.0,10.0,10.0,10.0,0.0,10.0,10.0,1018.4256,0.0,0.0,0.0,0.0,10.0,10.0,0.0,10.0,15000.0,10.0,14922.629,10.0,15000.0,10.0,10.0,10.0,0.0,10.0,0.0,10.0,0.0,0.0,10.0,10.0,0.0,10.0,0.0,0.0,200.0,10.0,0.0,14902.193,10.0,10.0,10.0,0.0,10.0,10.0,10.0,10.0,20.0,0.0,0.0,10.0,10.0,10.0,10.0,1128.6179,1002.6389,0.0,0.0,0.0,10.0,10.0,0.0,0.0,1500.0,0.0,0.0,0.0,0.0,0.0,0.0,14930.366,10.0,0.0,10.0,10.0,10.0,0.0,10.0,10.0,0.0,10.0,10.0,10.0,10.0,0.0,500.0,0.0,14930.366,30.0,530.6888,10.0,0.0,30.0,15000.0,0.0,672.7221,30.0,0.0,0.0,10.0,0.0,30.0,0.0,0.0,856.25446,1194.2208,10.0,0.0,0.0,0.0,0.0,15000.0,0.0,10.0,10.0,0.0,0.0,1.5745295,10.0,0.0,10.0,0.0,0.0,0.0,10.0,0.0,10.0,0.0,15000.0,0.0,0.0,15000.0,1165.7582,10.0,1003.2563,10.0,10.0,10.0,0.0,10.0,10.0,10.0,0.0,10.0,10.0,10.0,10.0,10.0,10.0,0.0,10.0,0.0,0.0,0.0,14922.629,0.95669395,14930.366,10.0,0.0,10.0,856.25446,10.0,10.0,15000.0,10.0,10.0,0.0,10.0,10.0,10.0,10.0,10.0,10.0,1182.459,1028.9591,0.0,0.0,0.0,30.0,0.0,10.0,0.0,1194.2208,10.0,10.0,10.0,10.0,0.0,15000.0,10.0,10.0,10.0,10.0,10.0,10.0,0.0,10.0,10.0,594.76184,0.0,10.0,10.0,831.4926,0.0,0.0,10.0,0.0,0.0,0.0,0.0,10.0,0.0,10.0,10.0,10.0,0.0,10.0,10.0,10.0,10.0,10.0,10.0,10.0,30.0,299901.56,0.0,0.0,10.0,10.0,10.0,10.0,10.0,10.0,10.0,10.0,10.0,15000.0,10.0,10.0,10.0,10.0,10.0,1388.5862,10.0,0.0,10.0
3120,0.0,10.0,10.0,10.0,10.0,10.0,10.0,10.0,10.0,10.0,10.0,10.0,10.0,10.0,10.0,10.0,10.0,14922.629,10.0,10.0,10.0,10.0,10.0,10.0,10.0,10.0,516.75085,14922.629,15000.0,10.0,10.0,10.0,10.0,0.0,10.0,10.0,0.0,10.0,10.0,10.0,10.0,10.0,10.0,10.0,10.0,10.0,30.0,1021.53156,10.0,10.0,10.0,10.0,0.0,10.0,10.0,1018.4256,0.0,0.0,0.0,0.0,10.0,10.0,0.0,10.0,15000.0,10.0,14922.629,10.0,15000.0,10.0,10.0,10.0,0.0,10.0,0.0,10.0,0.0,0.0,10.0,10.0,0.0,10.0,0.0,0.0,200.0,10.0,0.0,14902.193,10.0,10.0,10.0,0.0,10.0,10.0,10.0,10.0,20.0,0.0,0.0,10.0,10.0,10.0,10.0,1128.6179,1002.6389,0.0,0.0,0.0,10.0,10.0,0.0,0.0,1500.0,0.0,0.0,0.0,0.0,0.0,0.0,14930.366,10.0,0.0,10.0,10.0,10.0,0.0,10.0,10.0,0.0,10.0,10.0,10.0,10.0,0.0,500.0,0.0,14930.366,30.0,530.6888,10.0,0.0,30.0,15000.0,0.0,642.0835,30.0,0.0,0.0,10.0,0.0,30.0,0.0,0.0,831.49603,1182.4606,10.0,0.0,0.0,0.0,0.0,15000.0,0.0,10.0,10.0,0.0,0.0,1.5745295,10.0,0.0,10.0,0.0,0.0,0.0,10.0,0.0,10.0,0.0,15000.0,0.0,0.0,15000.0,1165.7582,10.0,1003.2563,10.0,10.0,10.0,0.0,10.0,10.0,10.0,0.0,10.0,10.0,10.0,10.0,10.0,10.0,0.0,10.0,0.0,0.0,0.0,14922.629,0.95669395,14930.366,10.0,0.0,10.0,831.49603,10.0,10.0,15000.0,10.0,10.0,0.0,10.0,10.0,10.0,10.0,10.0,10.0,1170.6987,1028.9591,0.0,0.0,0.0,30.0,0.0,10.0,0.0,1182.4606,10.0,10.0,10.0,10.0,0.0,15000.0,10.0,10.0,10.0,10.0,10.0,10.0,0.0,10.0,10.0,594.76184,0.0,10.0,10.0,806.73413,0.0,0.0,10.0,0.0,0.0,0.0,0.0,10.0,0.0,10.0,10.0,10.0,0.0,10.0,10.0,10.0,10.0,10.0,10.0,10.0,30.0,299901.56,0.0,0.0,10.0,10.0,10.0,10.0,10.0,10.0,10.0,10.0,10.0,15000.0,10.0,10.0,10.0,10.0,10.0,1388.5862,10.0,0.0,10.0
3180,0.0,10.0,10.0,10.0,10.0,10.0,10.0,10.0,10.0,10.0,10.0,10.0,10.0,10.0,10.0,10.0,10.0,14922.629,10.0,10.0,10.0,10.0,10.0,10.0,10.0,10.0,516.75085,14922.629,15000.0,10.0,10.0,10.0,10.0,0.0,10.0,10.0,0.0,10.0,10.0,10.0,10.0,10.0,10.0,10.0,10.0,10.0,30.0,1021.53156,10.0,10.0,10.0,10.0,0.0,10.0,10.0,1018.4256,0.0,0.0,0.0,0.0,10.0,10.0,0.0,10.0,15000.0,10.0,14922.629,10.0,15000.0,10.0,10.0,10.0,0.0,10.0,0.0,10.0,0.0,0.0,10.0,10.0,0.0,10.0,0.0,0.0,200.0,10.0,0.0,14902.193,10.0,10.0,10.0,0.0,10.0,10.0,10.0,10.0,20.0,0.0,0.0,10.0,10.0,10.0,10.0,1128.6179,1002.6389,0.0,0.0,0.0,10.0,10.0,0.0,0.0,1500.0,0.0,0.0,0.0,0.0,0.0,0.0,14930.366,10.0,0.0,10.0,10.0,10.0,0.0,10.0,10.0,0.0,10.0,10.0,10.0,10.0,0.0,500.0,0.0,14930.366,30.0,530.6888,10.0,0.0,30.0,15000.0,0.0,611.44495,30.0,0.0,0.0,10.0,0.0,30.0,0.0,0.0,806.73755,1170.7003,10.0,0.0,0.0,0.0,0.0,15000.0,0.0,10.0,10.0,0.0,0.0,1.5745295,10.0,0.0,10.0,0.0,0.0,0.0,10.0,0.0,10.0,0.0,15000.0,0.0,0.0,15000.0,1165.7582,10.0,1003.2563,10.0,10.0,10.0,0.0,10.0,10.0,10.0,0.0,10.0,10.0,10.0,10.0,10.0,10.0,0.0,10.0,0.0,0.0,0.0,14922.629,0.95669395,14930.366,10.0,0.0,10.0,806.73755,10.0,10.0,15000.0,10.0,10.0,0.0,10.0,10.0,10.0,10.0,10.0,10.0,1158.9385,1028.9591,0.0,0.0,0.0,30.0,0.0,10.0,0.0,1170.7003,10.0,10.0,10.0,10.0,0.0,15000.0,10.0,10.0,10.0,10.0,10.0,10.0,0.0,10.0,10.0,594.76184,0.0,10.0,10.0,781.9757,0.0,0.0,10.0,0.0,0.0,0.0,0.0,10.0,0.0,10.0,10.0,10.0,0.0,10.0,10.0,10.0,10.0,10.0,10.0,10.0,30.0,299901.56,0.0,0.0,10.0,10.0,10.0,10.0,10.0,10.0,10.0,10.0,10.0,15000.0,10.0,10.0,10.0,10.0,10.0,1388.5862,10.0,0.0,10.0
3240,0.0,10.0,10.0,10.0,10.0,10.0,10.0,10.0,10.0,10.0,10.0,10.0,10.0,10.0,10.0,10.0,10.0,14922.629,10.0,10.0,10.0,10.0,10.0,10.0,10.0,10.0,516.75085,14922.629,15000.0,10.0,10.0,10.0,10.0,0.0,10.0,10.0,0.0,10.0,10.0,10.0,10.0,10.0,10.0,10.0,10.0,10.0,30.0,1021.53156,10.0,10.0,10.0,10.0,0.0,10.0,10.0,1018.4256,0.0,0.0,0.0,0.0,10.0,10.0,0.0,10.0,15000.0,10.0,14922.629,10.0,15000.0,10.0,10.0,10.0,0.0,10.0,0.0,10.0,0.0,0.0,10.0,10.0,0.0,10.0,0.0,0.0,200.0,10.0,0.0,14902.193,10.0,10.0,10.0,0.0,10.0,10.0,10.0,10.0,20.0,0.0,0.0,10.0,10.0,10.0,10.0,1128.6179,1002.6389,0.0,0.0,0.0,10.0,10.0,0.0,0.0,1500.0,0.0,0.0,0.0,0.0,0.0,0.0,14930.366,10.0,0.0,10.0,10.0,10.0,0.0,10.0,10.0,0.0,10.0,10.0,10.0,10.0,0.0,500.0,0.0,14930.366,30.0,530.6888,10.0,0.0,30.0,15000.0,0.0,580.80634,30.0,0.0,0.0,10.0,0.0,30.0,0.0,0.0,781.9791,1158.9401,10.0,0.0,0.0,0.0,0.0,15000.0,0.0,10.0,10.0,0.0,0.0,1.5745295,10.0,0.0,10.0,0.0,0.0,0.0,10.0,0.0,10.0,0.0,15000.0,0.0,0.0,15000.0,1165.7582,10.0,1003.2563,10.0,10.0,10.0,0.0,10.0,10.0,10.0,0.0,10.0,10.0,10.0,10.0,10.0,10.0,0.0,10.0,0.0,0.0,0.0,14922.629,0.95669395,14930.366,10.0,0.0,10.0,781.9791,10.0,10.0,15000.0,10.0,10.0,0.0,10.0,10.0,10.0,10.0,10.0,10.0,1147.1782,1028.9591,0.0,0.0,0.0,30.0,0.0,10.0,0.0,1158.9401,10.0,10.0,10.0,10.0,0.0,15000.0,10.0,10.0,10.0,10.0,10.0,10.0,0.0,10.0,10.0,594.76184,0.0,10.0,10.0,757.2172,0.0,0.0,10.0,0.0,0.0,0.0,0.0,10.0,0.0,10.0,10.0,10.0,0.0,10.0,10.0,10.0,10.0,10.0,10.0,10.0,30.0,299901.56,0.0,0.0,10.0,10.0,10.0,10.0,10.0,10.0,10.0,10.0,10.0,15000.0,10.0,10.0,10.0,10.0,10.0,1388.5862,10.0,0.0,10.0
3300,0.0,10.0,10.0,10.0,10.0,10.0,10.0,10.0,10.0,10.0,10.0,10.0,10.0,10.0,10.0,10.0,10.0,14922.629,10.0,10.0,10.0,10.0,10.0,10.0,10.0,10.0,516.75085,14922.629,15000.0,10.0,10.0,10.0,10.0,0.0,10.0,10.0,0.0,10.0,10.0,10.0,10.0,10.0,10.0,10.0,10.0,10.0,30.0,1021.53156,10.0,10.0,10.0,10.0,0.0,10.0,10.0,1018.4256,0.0,0.0,0.0,0.0,10.0,10.0,0.0,10.0,15000.0,10.0,14922.629,10.0,15000.0,10.0,10.0,10.0,0.0,10.0,0.0,10.0,0.0,0.0,10.0,10.0,0.0,10.0,0.0,0.0,200.0,10.0,0.0,14902.193,10.0,10.0,10.0,0.0,10.0,10.0,10.0,10.0,20.0,0.0,0.0,10.0,10.0,10.0,10.0,1128.6179,1002.6389,0.0,0.0,0.0,10.0,10.0,0.0,0.0,1500.0,0.0,0.0,0.0,0.0,0.0,0.0,14930.366,10.0,0.0,10.0,10.0,10.0,0.0,10.0,10.0,0.0,10.0,10.0,10.0,10.0,0.0,500.0,0.0,14930.366,30.0,530.6888,10.0,0.0,30.0,15000.0,0.0,550.1677,30.0,0.0,0.0,10.0,0.0,30.0,0.0,0.0,757.22064,1147.1798,10.0,0.0,0.0,0.0,0.0,15000.0,0.0,10.0,10.0,0.0,0.0,1.5745295,10.0,0.0,10.0,0.0,0.0,0.0,10.0,0.0,10.0,0.0,15000.0,0.0,0.0,15000.0,1165.7582,10.0,1003.2563,10.0,10.0,10.0,0.0,10.0,10.0,10.0,0.0,10.0,10.0,10.0,10.0,10.0,10.0,0.0,10.0,0.0,0.0,0.0,14922.629,0.95669395,14930.366,10.0,0.0,10.0,757.22064,10.0,10.0,15000.0,10.0,10.0,0.0,10.0,10.0,10.0,10.0,10.0,10.0,1135.418,1028.9591,0.0,0.0,0.0,30.0,0.0,10.0,0.0,1147.1798,10.0,10.0,10.0,10.0,0.0,15000.0,10.0,10.0,10.0,10.0,10.0,10.0,0.0,10.0,10.0,594.76184,0.0,10.0,10.0,732.4588,0.0,0.0,10.0,0.0,0.0,0.0,0.0,10.0,0.0,10.0,10.0,10.0,0.0,10.0,10.0,10.0,10.0,10.0,10.0,10.0,30.0,299901.56,0.0,0.0,10.0,10.0,10.0,10.0,10.0,10.0,10.0,10.0,10.0,15000.0,10.0,10.0,10.0,10.0,10.0,1388.5862,10.0,0.0,10.0
3360,0.0,10.0,10.0,10.0,10.0,10.0,10.0,10.0,10.0,10.0,10.0,10.0,10.0,10.0,10.0,10.0,10.0,14922.629,10.0,10.0,10.0,10.0,10.0,10.0,10.0,10.0,516.75085,14922.629,15000.0,10.0,10.0,10.0,10.0,0.0,10.0,10.0,0.0,10.0,10.0,10.0,10.0,10.0,10.0,10.0,10.0,10.0,30.0,1021.53156,10.0,10.0,10.0,10.0,0.0,10.0,10.0,1018.4256,0.0,0.0,0.0,0.0,10.0,10.0,0.0,10.0,15000.0,10.0,14922.629,10.0,15000.0,10.0,10.0,10.0,0.0,10.0,0.0,10.0,0.0,0.0,10.0,10.0,0.0,10.0,0.0,0.0,200.0,10.0,0.0,14902.193,10.0,10.0,10.0,0.0,10.0,10.0,10.0,10.0,20.0,0.0,0.0,10.0,10.0,10.0,10.0,1128.6179,1002.6389,0.0,0.0,0.0,10.0,10.0,0.0,0.0,1500.0,0.0,0.0,0.0,0.0,0.0,0.0,14930.366,10.0,0.0,10.0,10.0,10.0,0.0,10.0,10.0,0.0,10.0,10.0,10.0,10.0,0.0,500.0,0.0,14930.366,30.0,530.6888,10.0,0.0,30.0,15000.0,0.0,519.5291,30.0,0.0,0.0,10.0,0.0,30.0,0.0,0.0,732.46216,1135.4196,10.0,0.0,0.0,0.0,0.0,15000.0,0.0,10.0,10.0,0.0,0.0,1.5745295,10.0,0.0,10.0,0.0,0.0,0.0,10.0,0.0,10.0,0.0,15000.0,0.0,0.0,15000.0,1165.7582,10.0,1003.2563,10.0,10.0,10.0,0.0,10.0,10.0,10.0,0.0,10.0,10.0,10.0,10.0,10.0,10.0,0.0,10.0,0.0,0.0,0.0,14922.629,0.95669395,14930.366,10.0,0.0,10.0,732.46216,10.0,10.0,15000.0,10.0,10.0,0.0,10.0,10.0,10.0,10.0,10.0,10.0,1123.6576,1028.9591,0.0,0.0,0.0,30.0,0.0,10.0,0.0,1135.4196,10.0,10.0,10.0,10.0,0.0,15000.0,10.0,10.0,10.0,10.0,10.0,10.0,0.0,10.0,10.0,594.76184,0.0,10.0,10.0,707.7003,0.0,0.0,10.0,0.0,0.0,0.0,0.0,10.0,0.0,10.0,10.0,10.0,0.0,10.0,10.0,10.0,10.0,10.0,10.0,10.0,30.0,299901.56,0.0,0.0,10.0,10.0,10.0,10.0,10.0,10.0,10.0,10.0,10.0,15000.0,10.0,10.0,10.0,10.0,10.0,1388.5862,10.0,0.0,10.0
3420,0.0,10.0,10.0,10.0,10.0,10.0,10.0,10.0,10.0,10.0,10.0,10.0,10.0,10.0,10.0,10.0,10.0,14922.629,10.0,10.0,10.0,10.0,10.0,10.0,10.0,10.0,516.75085,14922.629,15000.0,10.0,10.0,10.0,10.0,0.0,10.0,10.0,0.0,10.0,10.0,10.0,10.0,10.0,10.0,10.0,10.0,10.0,30.0,1021.53156,10.0,10.0,10.0,10.0,0.0,10.0,10.0,1018.4256,0.0,0.0,0.0,0.0,10.0,10.0,0.0,10.0,15000.0,10.0,14922.629,10.0,15000.0,10.0,10.0,10.0,0.0,10.0,0.0,10.0,0.0,0.0,10.0,10.0,0.0,10.0,45.051582,0.0,200.0,10.0,0.0,14902.193,10.0,10.0,10.0,0.0,10.0,10.0,10.0,10.0,20.0,0.0,0.0,10.0,10.0,10.0,10.0,1128.6179,1002.6389,0.0,0.0,0.0,10.0,10.0,0.0,0.0,1500.0,0.0,0.0,0.0,0.0,0.0,0.0,14930.366,10.0,0.0,10.0,10.0,10.0,0.0,10.0,10.0,0.0,10.0,10.0,10.0,10.0,0.0,500.0,0.0,14930.366,30.0,580.22815,10.0,0.0,30.0,15000.0,0.0,550.2623,30.0,0.0,0.0,10.0,0.0,30.0,0.0,0.0,707.70374,1123.6593,10.0,0.0,0.0,0.0,0.0,15000.0,0.0,10.0,10.0,0.0,0.0,1.5745295,10.0,0.0,10.0,0.0,0.0,0.0,10.0,0.0,10.0,0.0,15000.0,0.0,0.0,15000.0,1165.7582,10.0,1003.2563,10.0,10.0,10.0,0.0,10.0,10.0,10.0,0.0,10.0,10.0,10.0,10.0,10.0,10.0,0.0,10.0,0.0,0.0,0.0,14682.442,0.95669395,14930.366,10.0,0.0,10.0,707.70374,10.0,10.0,15000.0,10.0,10.0,0.0,10.0,10.0,10.0,10.0,10.0,10.0,1111.8973,1028.9591,0.0,0.0,0.0,30.0,0.0,10.0,0.0,1123.6593,10.0,10.0,10.0,10.0,0.0,15000.0,10.0,10.0,10.0,10.0,10.0,10.0,0.0,10.0,10.0,643.26953,0.0,10.0,10.0,682.94183,0.0,0.0,10.0,0.0,0.0,0.0,0.0,10.0,0.0,10.0,10.0,10.0,0.0,10.0,10.0,10.0,10.0,10.0,10.0,10.0,30.0,299901.56,0.0,0.0,10.0,10.0,10.0,10.0,10.0,10.0,10.0,10.0,10.0,15000.0,10.0,10.0,10.0,10.0,10.0,1436.9907,10.0,0.0,10.0
3480,0.0,10.0,10.0,10.0,10.0,10.0,10.0,10.0,10.0,10.0,10.0,10.0,10.0,10.0,10.0,10.0,10.0,14775.352,10.0,10.0,10.0,10.0,10.0,10.0,10.0,10.0,568.76624,14826.387,15000.0,10.0,10.0,10.0,10.0,0.0,10.0,10.0,0.0,10.0,10.0,10.0,10.0,10.0,10.0,10.0,10.0,10.0,30.0,1021.53156,10.0,10.0,10.0,10.0,0.0,10.0,10.0,1018.4256,0.0,0.0,0.0,0.0,10.0,10.0,0.0,10.0,15000.0,10.0,14922.629,10.0,15000.0,10.0,10.0,10.0,0.0,10.0,0.0,10.0,0.0,0.0,10.0,10.0,0.0,10.0,45.051582,0.0,200.0,10.0,0.0,14902.193,10.0,10.0,10.0,0.0,10.0,10.0,10.0,10.0,20.0,0.0,0.0,10.0,10.0,10.0,10.0,1137.8214,1050.4244,0.0,0.0,0.0,10.0,10.0,0.0,0.0,1500.0,0.0,0.0,0.0,0.0,0.0,0.0,14922.629,10.0,0.0,10.0,10.0,10.0,0.0,10.0,10.0,0.0,10.0,10.0,10.0,10.0,0.0,500.0,0.0,14837.529,30.0,539.68616,10.0,0.0,30.0,15045.619,0.0,519.6237,30.0,0.0,0.0,10.0,0.0,30.0,0.0,0.0,682.94525,1111.899,10.0,0.0,0.0,0.0,0.0,15000.0,0.0,10.0,10.0,0.0,0.0,1.5745295,10.0,0.0,10.0,0.0,0.0,0.0,10.0,0.0,10.0,0.0,15000.0,0.0,0.0,15000.0,1212.2542,10.0,1050.7323,10.0,10.0,10.0,0.0,10.0,10.0,10.0,0.0,10.0,10.0,10.0,10.0,10.0,10.0,0.0,10.0,0.0,0.0,0.0,14682.442,0.95669395,14922.629,10.0,0.0,10.0,682.94525,10.0,10.0,15000.0,10.0,10.0,0.0,10.0,10.0,10.0,10.0,10.0,10.0,1100.1371,1028.9591,0.0,0.0,0.0,30.0,0.0,10.0,0.0,1111.899,10.0,10.0,10.0,10.0,0.0,15000.0,10.0,10.0,10.0,10.0,10.0,10.0,0.0,10.0,10.0,643.26953,0.0,10.0,10.0,658.1834,0.0,0.0,10.0,0.0,0.0,0.0,0.0,10.0,0.0,10.0,10.0,10.0,0.0,10.0,10.0,10.0,10.0,10.0,10.0,10.0,30.0,299901.56,0.0,0.0,10.0,10.0,10.0,10.0,10.0,10.0,10.0,10.0,10.0,15050.623,10.0,10.0,10.0,10.0,10.0,1341.0516,10.0,0.0,10.0
3540,0.0,10.0,10.0,10.0,10.0,10.0,10.0,10.0,10.0,10.0,10.0,10.0,10.0,10.0,10.0,10.0,10.0,14767.615,10.0,10.0,10.0,10.0,10.0,10.0,10.0,10.0,516.464,14818.65,15000.0,10.0,10.0,10.0,10.0,0.0,10.0,10.0,0.0,10.0,10.0,10.0,10.0,10.0,10.0,10.0,10.0,10.0,30.0,1021.53156,10.0,10.0,10.0,10.0,0.0,10.0,10.0,1018.4256,0.0,0.0,0.0,0.0,10.0,10.0,0.0,10.0,15000.0,10.0,14914.892,10.0,15000.0,10.0,10.0,10.0,0.0,10.0,0.0,10.0,0.0,0.0,10.0,10.0,0.0,10.0,45.051582,0.0,200.0,10.0,0.0,14902.193,10.0,10.0,10.0,0.0,10.0,10.0,10.0,10.0,20.0,0.0,0.0,10.0,10.0,10.0,10.0,1100.6837,1025.6659,0.0,0.0,0.0,10.0,10.0,0.0,0.0,1500.0,0.0,0.0,0.0,0.0,0.0,0.0,14914.893,10.0,0.0,10.0,10.0,10.0,0.0,10.0,10.0,0.0,10.0,10.0,10.0,10.0,0.0,500.0,0.0,14829.792,30.0,527.9259,10.0,0.0,30.0,15030.145,0.0,501.67386,30.0,0.0,0.0,10.0,0.0,30.0,0.0,0.0,658.18677,1100.1387,10.0,0.0,0.0,0.0,0.0,15000.0,0.0,10.0,10.0,0.0,0.0,1.5745295,10.0,0.0,10.0,0.0,0.0,0.0,10.0,0.0,10.0,0.0,15000.0,0.0,0.0,15000.0,1175.1165,10.0,1027.5212,10.0,10.0,10.0,0.0,10.0,10.0,10.0,0.0,10.0,10.0,10.0,10.0,10.0,10.0,0.0,10.0,0.0,0.0,0.0,14674.705,0.95669395,14914.893,10.0,0.0,10.0,658.18677,10.0,10.0,15000.0,10.0,10.0,0.0,10.0,10.0,10.0,10.0,10.0,10.0,1088.3768,1028.9591,0.0,0.0,0.0,30.0,0.0,10.0,0.0,1100.1387,10.0,10.0,10.0,10.0,0.0,15000.0,10.0,10.0,10.0,10.0,10.0,10.0,0.0,10.0,10.0,542.68823,0.0,10.0,10.0,633.4249,0.0,0.0,10.0,0.0,0.0,0.0,0.0,10.0,0.0,10.0,10.0,10.0,0.0,10.0,10.0,10.0,10.0,10.0,10.0,10.0,30.0,299901.56,0.0,0.0,10.0,10.0,10.0,10.0,10.0,10.0,10.0,10.0,10.0,15032.363,10.0,10.0,10.0,10.0,10.0,1245.1125,10.0,0.0,10.0
3600,0.0,10.0,10.0,10.0,10.0,10.0,10.0,10.0,10.0,10.0,10.0,10.0,10.0,10.0,10.0,10.0,10.0,14759.878,10.0,10.0,10.0,10.0,10.0,10.0,10.0,10.0,516.464,14810.913,15000.0,10.0,10.0,10.0,10.0,0.0,10.0,10.0,0.0,10.0,10.0,10.0,10.0,10.0,10.0,10.0,10.0,10.0,30.0,1021.53156,10.0,10.0,10.0,10.0,0.0,10.0,10.0,1018.4256,0.0,0.0,0.0,0.0,10.0,10.0,0.0,10.0,15000.0,10.0,14907.154,10.0,15000.0,10.0,10.0,10.0,0.0,10.0,0.0,10.0,0.0,0.0,10.0,10.0,0.0,10.0,45.051582,0.0,200.0,10.0,0.0,14902.193,10.0,10.0,10.0,0.0,10.0,10.0,10.0,10.0,20.0,0.0,0.0,10.0,10.0,10.0,10.0,1063.546,1006.16864,0.0,0.0,0.0,10.0,10.0,0.0,0.0,1500.0,0.0,0.0,0.0,0.0,0.0,0.0,14907.155,10.0,0.0,10.0,10.0,10.0,0.0,10.0,10.0,0.0,10.0,10.0,10.0,10.0,0.0,500.0,0.0,14822.055,30.0,527.9259,10.0,0.0,30.0,15014.671,0.0,501.67386,30.0,0.0,0.0,10.0,0.0,30.0,0.0,0.0,633.42834,1088.3784,10.0,0.0,0.0,0.0,0.0,15000.0,0.0,10.0,10.0,0.0,0.0,1.5745295,10.0,0.0,10.0,0.0,0.0,0.0,10.0,0.0,10.0,0.0,15000.0,0.0,0.0,15000.0,1137.9788,10.0,1011.4282,10.0,10.0,10.0,0.0,10.0,10.0,10.0,0.0,10.0,10.0,10.0,10.0,10.0,10.0,0.0,10.0,0.0,0.0,0.0,14666.969,0.95669395,14907.155,10.0,0.0,10.0,633.42834,10.0,10.0,15000.0,10.0,10.0,0.0,10.0,10.0,10.0,10.0,10.0,10.0,1076.6166,1028.9591,0.0,0.0,0.0,30.0,0.0,10.0,0.0,1088.3784,10.0,10.0,10.0,10.0,0.0,15000.0,10.0,10.0,10.0,10.0,10.0,10.0,0.0,10.0,10.0,533.09436,0.0,10.0,10.0,608.66644,0.0,0.0,10.0,0.0,0.0,0.0,0.0,10.0,0.0,10.0,10.0,10.0,0.0,10.0,10.0,10.0,10.0,10.0,10.0,10.0,30.0,299901.56,0.0,0.0,10.0,10.0,10.0,10.0,10.0,10.0,10.0,10.0,10.0,15032.363,10.0,10.0,10.0,10.0,10.0,1149.1736,10.0,0.0,10.0
3660,0.0,10.0,10.0,10.0,10.0,10.0,10.0,10.0,10.0,10.0,10.0,10.0,10.0,10.0,10.0,10.0,10.0,14752.141,10.0,10.0,10.0,10.0,10.0,10.0,10.0,10.0,516.464,14803.176,15000.0,10.0,10.0,10.0,10.0,0.0,10.0,10.0,0.0,10.0,10.0,10.0,10.0,10.0,10.0,10.0,10.0,10.0,30.0,1021.53156,10.0,10.0,10.0,10.0,0.0,10.0,10.0,1018.4256,0.0,0.0,0.0,0.0,10.0,10.0,0.0,10.0,15000.0,10.0,14899.418,10.0,15000.0,10.0,10.0,10.0,0.0,10.0,0.0,10.0,0.0,0.0,10.0,10.0,0.0,10.0,45.051582,0.0,200.0,10.0,0.0,14902.193,10.0,10.0,10.0,0.0,10.0,10.0,10.0,10.0,20.0,0.0,0.0,10.0,10.0,10.0,10.0,1026.4083,1003.07385,0.0,0.0,0.0,10.0,10.0,0.0,0.0,1500.0,0.0,0.0,0.0,0.0,0.0,0.0,14899.418,10.0,0.0,10.0,10.0,10.0,0.0,10.0,10.0,0.0,10.0,10.0,10.0,10.0,0.0,500.0,0.0,14814.318,30.0,527.9259,10.0,0.0,30.0,15002.292,0.0,501.67386,30.0,0.0,0.0,10.0,0.0,30.0,0.0,0.0,608.66986,1076.6182,10.0,0.0,0.0,0.0,0.0,15000.0,0.0,10.0,10.0,0.0,0.0,1.5745295,10.0,0.0,10.0,0.0,0.0,0.0,10.0,0.0,10.0,0.0,15000.0,0.0,0.0,15000.0,1100.8411,10.0,1004.0007,10.0,10.0,10.0,0.0,10.0,10.0,10.0,0.0,10.0,10.0,10.0,10.0,10.0,10.0,0.0,10.0,0.0,0.0,0.0,14659.231,0.95669395,14899.418,10.0,0.0,10.0,608.66986,10.0,10.0,15000.0,10.0,10.0,0.0,10.0,10.0,10.0,10.0,10.0,10.0,1064.8563,1028.9591,0.0,0.0,0.0,30.0,0.0,10.0,0.0,1076.6182,10.0,10.0,10.0,10.0,0.0,15000.0,10.0,10.0,10.0,10.0,10.0,10.0,0.0,10.0,10.0,523.5004,0.0,10.0,10.0,583.908,0.0,0.0,10.0,0.0,0.0,0.0,0.0,10.0,0.0,10.0,10.0,10.0,0.0,10.0,10.0,10.0,10.0,10.0,10.0,10.0,30.0,299901.56,0.0,0.0,10.0,10.0,10.0,10.0,10.0,10.0,10.0,10.0,10.0,15032.363,10.0,10.0,10.0,10.0,10.0,1053.2345,10.0,0.0,10.0
3720,0.0,7.0,10.0,5.0,8.0,10.0,8.0,10.0,7.0,10.0,10.0,10.0,10.0,7.0,10.0,10.0,9.0,14744.403,10.0,9.0,10.0,10.0,10.0,10.0,10.0,10.0,516.464,14795.439,15000.0,10.0,10.0,10.0,10.0,0.0,10.0,10.0,0.0,10.0,10.0,10.0,10.0,8.0,10.0,10.0,8.0,7.0,30.0,1021.53156,10.0,10.0,9.0,7.0,0.0,10.0,9.0,1018.4256,0.0,0.0,0.0,0.0,7.0,9.0,0.0,10.0,15000.0,9.0,14891.681,10.0,15000.0,10.0,10.0,10.0,0.0,10.0,0.0,10.0,0.0,0.0,10.0,10.0,0.0,9.0,45.051582,0.0,200.0,10.0,0.0,14902.193,10.0,10.0,10.0,0.0,5.0,10.0,10.0,10.0,20.0,0.0,0.0,9.0,6.0,9.0,10.0,1017.7429,1003.07385,0.0,0.0,0.0,10.0,9.0,0.0,0.0,1500.0,0.0,0.0,0.0,0.0,0.0,0.0,14891.682,10.0,0.0,10.0,8.0,10.0,0.0,10.0,10.0,0.0,10.0,10.0,10.0,10.0,0.0,500.0,0.0,14806.581,30.0,527.9259,10.0,0.0,30.0,15002.292,0.0,501.67386,30.0,0.0,0.0,10.0,0.0,30.0,0.0,0.0,583.9114,1064.8579,10.0,0.0,0.0,0.0,0.0,15000.0,0.0,10.0,9.0,0.0,0.0,1.5745295,9.0,0.0,10.0,0.0,0.0,0.0,10.0,0.0,10.0,0.0,15000.0,0.0,0.0,15000.0,1063.7034,10.0,1004.0007,8.0,10.0,10.0,0.0,10.0,10.0,6.0,0.0,10.0,10.0,10.0,10.0,10.0,10.0,0.0,10.0,0.0,0.0,0.0,14651.494,0.95669395,14891.682,10.0,0.0,10.0,583.9114,10.0,10.0,15000.0,10.0,10.0,0.0,10.0,9.0,5.0,10.0,10.0,9.0,1053.0961,1028.9591,0.0,0.0,0.0,30.0,0.0,9.0,0.0,1064.8579,10.0,10.0,9.0,10.0,0.0,15000.0,10.0,10.0,10.0,10.0,10.0,8.0,0.0,8.0,10.0,523.5004,0.0,10.0,10.0,559.14954,0.0,0.0,7.0,0.0,0.0,0.0,0.0,10.0,0.0,10.0,10.0,10.0,0.0,10.0,10.0,10.0,10.0,10.0,6.0,10.0,30.0,299901.56,0.0,0.0,5.0,10.0,10.0,10.0,10.0,10.0,10.0,10.0,10.0,15032.363,10.0,10.0,10.0,10.0,10.0,957.2955,10.0,0.0,10.0
3780,0.0,7.0,10.0,5.0,8.0,10.0,8.0,10.0,7.0,6.0,5.0,10.0,10.0,7.0,10.0,6.0,9.0,14996.9375,6.0,9.0,10.0,10.0,7.0,10.0,10.0,10.0,516.464,14966.938,15000.0,7.0,10.0,6.0,10.0,0.0,8.0,5.0,0.0,5.0,10.0,5.0,8.0,8.0,10.0,9.0,8.0,7.0,27.0,1021.53156,6.0,10.0,9.0,7.0,0.0,6.0,9.0,1018.4256,0.0,0.0,0.0,0.0,7.0,9.0,0.0,5.0,15000.0,9.0,15148.599,7.0,15000.0,9.0,6.0,5.0,0.0,10.0,0.0,9.0,0.0,0.0,10.0,10.0,0.0,9.0,45.051582,0.0,200.0,6.0,0.0,14902.193,9.0,10.0,8.0,0.0,5.0,5.0,10.0,10.0,20.0,0.0,0.0,9.0,6.0,9.0,10.0,1017.7429,1003.07385,0.0,0.0,0.0,9.0,9.0,0.0,0.0,1500.0,0.0,0.0,0.0,0.0,0.0,0.0,15693.784,10.0,0.0,5.0,8.0,10.0,0.0,10.0,7.0,0.0,10.0,10.0,10.0,10.0,0.0,500.0,0.0,15004.676,27.0,527.9259,7.0,0.0,27.0,15002.292,0.0,501.67386,27.0,0.0,0.0,10.0,0.0,30.0,0.0,0.0,583.9114,1064.8579,10.0,0.0,0.0,0.0,0.0,15000.0,0.0,7.0,9.0,0.0,0.0,1.5745295,9.0,0.0,9.0,0.0,0.0,0.0,9.0,0.0,10.0,0.0,15000.0,0.0,0.0,15000.0,1063.7034,7.0,1004.0007,8.0,10.0,10.0,0.0,9.0,10.0,6.0,0.0,9.0,10.0,9.0,10.0,10.0,10.0,0.0,9.0,0.0,0.0,0.0,14996.9375,0.95669395,15370.525,5.0,0.0,10.0,583.9114,6.0,8.0,15000.0,10.0,5.0,0.0,10.0,9.0,5.0,9.0,5.0,9.0,1053.0961,1028.9591,0.0,0.0,0.0,30.0,0.0,9.0,0.0,1064.8579,10.0,10.0,9.0,9.0,0.0,15000.0,8.0,10.0,8.0,10.0,5.0,8.0,0.0,8.0,10.0,523.5004,0.0,10.0,7.0,559.14954,0.0,0.0,7.0,0.0,0.0,0.0,0.0,10.0,0.0,10.0,10.0,10.0,0.0,10.0,10.0,10.0,10.0,10.0,6.0,10.0,27.0,297396.16,0.0,0.0,5.0,9.0,7.0,9.0,8.0,7.0,8.0,10.0,10.0,15032.363,8.0,6.0,10.0,10.0,10.0,957.2955,10.0,0.0,9.0
3840,0.0,7.0,10.0,5.0,8.0,10.0,8.0,10.0,7.0,6.0,5.0,10.0,10.0,7.0,5.0,6.0,9.0,14996.9375,6.0,9.0,7.0,9.0,7.0,10.0,10.0,10.0,516.464,14959.201,15000.0,7.0,8.0,6.0,8.0,0.0,8.0,5.0,0.0,5.0,5.0,5.0,8.0,8.0,5.0,9.0,8.0,7.0,27.0,1021.53156,6.0,8.0,9.0,7.0,0.0,6.0,9.0,1018.4256,0.0,0.0,0.0,0.0,7.0,9.0,0.0,5.0,15000.0,9.0,15140.862,7.0,15000.0,9.0,6.0,5.0,0.0,6.0,0.0,9.0,0.0,0.0,8.0,7.0,0.0,9.0,45.051582,0.0,200.0,6.0,0.0,14902.193,9.0,7.0,8.0,0.0,5.0,5.0,8.0,10.0,18.0,0.0,0.0,9.0,6.0,9.0,7.0,1011.5533,1003.07385,0.0,0.0,0.0,9.0,9.0,0.0,0.0,1500.0,0.0,0.0,0.0,0.0,0.0,0.0,15693.784,8.0,0.0,5.0,8.0,9.0,0.0,6.0,7.0,0.0,10.0,10.0,9.0,5.0,0.0,500.0,0.0,14996.938,27.0,527.9259,7.0,0.0,27.0,15002.292,0.0,501.67386,27.0,0.0,0.0,9.0,0.0,27.0,0.0,0.0,583.9114,1064.8579,10.0,0.0,0.0,0.0,0.0,15000.0,0.0,7.0,9.0,0.0,0.0,1.5745295,9.0,0.0,9.0,0.0,0.0,0.0,9.0,0.0,9.0,0.0,15000.0,0.0,0.0,15000.0,1026.5657,7.0,1004.0007,8.0,10.0,10.0,0.0,9.0,8.0,6.0,0.0,9.0,5.0,9.0,10.0,5.0,6.0,0.0,9.0,0.0,0.0,0.0,14996.9375,0.95669395,15362.788,5.0,0.0,6.0,583.9114,6.0,8.0,15000.0,5.0,5.0,0.0,7.0,9.0,5.0,9.0,5.0,9.0,1053.0961,1028.9591,0.0,0.0,0.0,27.0,0.0,9.0,0.0,1064.8579,8.0,5.0,9.0,9.0,0.0,15000.0,8.0,6.0,8.0,9.0,5.0,8.0,0.0,8.0,9.0,523.5004,0.0,5.0,7.0,559.14954,0.0,0.0,7.0,0.0,0.0,0.0,0.0,9.0,0.0,9.0,5.0,10.0,0.0,10.0,7.0,7.0,10.0,7.0,6.0,6.0,27.0,297396.16,0.0,0.0,5.0,9.0,7.0,9.0,8.0,7.0,8.0,7.0,9.0,15032.363,8.0,6.0,10.0,10.0,10.0,957.2955,9.0,0.0,9.0
3900,0.0,7.0,7.0,5.0,8.0,6.0,8.0,6.0,7.0,6.0,5.0,7.0,7.0,7.0,5.0,6.0,9.0,14996.9375,6.0,9.0,7.0,9.0,7.0,6.0,7.0,8.0,516.464,14951.464,15000.0,7.0,8.0,6.0,8.0,0.0,8.0,5.0,0.0,5.0,5.0,5.0,8.0,8.0,5.0,9.0,8.0,7.0,27.0,1021.53156,6.0,8.0,9.0,7.0,0.0,6.0,9.0,1018.4256,0.0,0.0,0.0,0.0,7.0,9.0,0.0,5.0,15000.0,9.0,15133.125,7.0,15000.0,9.0,6.0,5.0,0.0,6.0,0.0,9.0,0.0,0.0,8.0,7.0,0.0,9.0,45.051582,0.0,200.0,6.0,0.0,14902.193,9.0,7.0,8.0,0.0,5.0,5.0,8.0,10.0,18.0,0.0,0.0,9.0,6.0,9.0,7.0,1011.5533,1003.07385,0.0,0.0,0.0,9.0,9.0,0.0,0.0,1500.0,0.0,0.0,0.0,0.0,0.0,0.0,15693.784,8.0,0.0,5.0,8.0,9.0,0.0,6.0,7.0,0.0,6.0,6.0,9.0,5.0,0.0,500.0,0.0,14989.202,27.0,527.9259,7.0,0.0,27.0,15002.292,0.0,501.67386,27.0,0.0,0.0,9.0,0.0,27.0,0.0,0.0,583.9114,1064.8579,10.0,0.0,0.0,0.0,0.0,15000.0,0.0,7.0,9.0,0.0,0.0,1.5745295,9.0,0.0,9.0,0.0,0.0,0.0,9.0,0.0,9.0,0.0,15000.0,0.0,0.0,15000.0,1014.8054,7.0,1004.0007,8.0,10.0,10.0,0.0,9.0,8.0,6.0,0.0,9.0,5.0,9.0,10.0,5.0,6.0,0.0,9.0,0.0,0.0,0.0,14996.9375,0.95669395,15355.051,5.0,0.0,6.0,583.9114,6.0,8.0,15000.0,5.0,5.0,0.0,7.0,9.0,5.0,9.0,5.0,9.0,1041.3358,1028.9591,0.0,0.0,0.0,27.0,0.0,9.0,0.0,1064.8579,8.0,5.0,9.0,9.0,0.0,15000.0,8.0,6.0,8.0,9.0,5.0,8.0,0.0,8.0,9.0,523.5004,0.0,5.0,7.0,534.39105,0.0,0.0,7.0,0.0,0.0,0.0,0.0,9.0,0.0,9.0,5.0,7.0,0.0,10.0,7.0,7.0,10.0,7.0,6.0,6.0,27.0,297396.16,0.0,0.0,5.0,9.0,7.0,9.0,8.0,7.0,8.0,7.0,9.0,15032.363,8.0,6.0,10.0,9.0,5.0,861.35645,9.0,0.0,9.0
3960,0.0,7.0,7.0,95.0,8.0,6.0,8.0,6.0,7.0,6.0,5.0,7.0,7.0,7.0,5.0,6.0,9.0,14899.201,6.0,9.0,7.0,9.0,7.0,6.0,7.0,8.0,516.464,14943.728,15000.0,7.0,8.0,6.0,8.0,0.0,8.0,5.0,0.0,5.0,5.0,5.0,8.0,8.0,5.0,9.0,8.0,7.0,27.0,1021.53156,6.0,8.0,9.0,7.0,0.0,6.0,9.0,1018.4256,0.0,0.0,0.0,0.0,7.0,9.0,0.0,5.0,15000.0,9.0,15125.388,7.0,15000.0,9.0,6.0,5.0,0.0,6.0,0.0,9.0,0.0,0.0,8.0,7.0,0.0,9.0,45.051582,0.0,200.0,6.0,0.0,14902.193,9.0,7.0,8.0,0.0,5.0,5.0,8.0,9.0,18.0,0.0,0.0,9.0,6.0,9.0,7.0,1011.5533,1003.07385,0.0,0.0,0.0,9.0,9.0,0.0,0.0,1500.0,0.0,0.0,0.0,0.0,0.0,0.0,15693.784,8.0,0.0,5.0,8.0,9.0,0.0,6.0,7.0,0.0,6.0,6.0,9.0,5.0,0.0,500.0,0.0,14981.465,27.0,527.9259,7.0,0.0,27.0,15002.292,0.0,501.67386,27.0,0.0,0.0,9.0,0.0,27.0,0.0,0.0,559.15295,1064.8579,10.0,0.0,0.0,0.0,0.0,15000.0,0.0,7.0,9.0,0.0,0.0,1.5745295,9.0,0.0,9.0,0.0,0.0,0.0,9.0,0.0,9.0,0.0,15000.0,0.0,0.0,15000.0,1004.90204,7.0,1004.0007,8.0,7.0,8.0,0.0,9.0,8.0,6.0,0.0,9.0,5.0,9.0,7.0,5.0,6.0,0.0,9.0,0.0,0.0,0.0,14996.9375,0.95669395,15347.314,5.0,0.0,6.0,559.15295,6.0,8.0,15000.0,5.0,5.0,0.0,7.0,9.0,5.0,9.0,5.0,9.0,1029.5754,1028.9591,0.0,0.0,0.0,27.0,0.0,9.0,0.0,1064.8579,8.0,5.0,9.0,9.0,0.0,15000.0,8.0,6.0,8.0,9.0,5.0,8.0,0.0,8.0,9.0,523.5004,0.0,5.0,7.0,509.63263,0.0,0.0,7.0,0.0,0.0,0.0,0.0,9.0,0.0,9.0,5.0,7.0,0.0,9.0,7.0,7.0,9.0,7.0,6.0,6.0,27.0,297396.16,0.0,0.0,5.0,9.0,7.0,9.0,8.0,7.0,8.0,7.0,9.0,15032.363,8.0,6.0,10.0,9.0,5.0,765.4174,9.0,0.0,9.0
4020,0.0,7.0,7.0,95.0,8.0,6.0,8.0,6.0,7.0,6.0,5.0,7.0,7.0,7.0,5.0,6.0,9.0,14891.464,6.0,9.0,7.0,9.0,7.0,6.0,7.0,8.0,516.464,14935.99,15000.0,7.0,8.0,6.0,8.0,0.0,8.0,5.0,0.0,5.0,5.0,5.0,8.0,8.0,5.0,9.0,8.0,7.0,27.0,1021.53156,6.0,8.0,9.0,7.0,0.0,6.0,9.0,1018.4256,0.0,0.0,0.0,0.0,7.0,9.0,0.0,5.0,15000.0,9.0,15117.651,7.0,15000.0,9.0,6.0,5.0,0.0,6.0,0.0,9.0,0.0,0.0,8.0,7.0,0.0,9.0,45.051582,0.0,200.0,6.0,0.0,14902.193,9.0,7.0,8.0,0.0,5.0,5.0,8.0,9.0,18.0,0.0,0.0,9.0,6.0,9.0,7.0,1011.5533,1003.07385,0.0,0.0,0.0,9.0,9.0,0.0,0.0,1500.0,0.0,0.0,0.0,0.0,0.0,0.0,15693.784,8.0,0.0,5.0,8.0,9.0,0.0,6.0,7.0,0.0,6.0,6.0,9.0,5.0,0.0,500.0,0.0,14973.728,27.0,527.9259,7.0,0.0,27.0,15002.292,0.0,501.67386,27.0,0.0,0.0,9.0,0.0,27.0,0.0,0.0,534.395,1053.0979,10.0,0.0,0.0,0.0,0.0,15000.0,0.0,7.0,9.0,0.0,0.0,1.5745295,9.0,0.0,9.0,0.0,0.0,0.0,9.0,0.0,9.0,0.0,15000.0,0.0,0.0,15000.0,1004.90204,7.0,1004.0007,8.0,7.0,8.0,0.0,9.0,8.0,6.0,0.0,9.0,5.0,9.0,7.0,5.0,6.0,0.0,9.0,0.0,0.0,0.0,14989.2,0.95669395,15339.577,5.0,0.0,6.0,534.395,6.0,8.0,15000.0,5.0,5.0,0.0,7.0,9.0,5.0,9.0,5.0,9.0,1017.8155,1028.9591,0.0,0.0,0.0,27.0,0.0,9.0,0.0,1053.0979,8.0,5.0,9.0,9.0,0.0,15000.0,8.0,6.0,8.0,9.0,5.0,8.0,0.0,8.0,9.0,523.5004,0.0,95.0,7.0,501.89578,0.0,0.0,7.0,0.0,0.0,0.0,0.0,9.0,0.0,9.0,5.0,7.0,0.0,9.0,7.0,7.0,9.0,7.0,6.0,6.0,27.0,297396.16,0.0,0.0,5.0,9.0,7.0,9.0,8.0,7.0,8.0,7.0,9.0,15032.363,8.0,6.0,10.0,9.0,5.0,579.4805,9.0,0.0,9.0
4080,0.0,7.0,7.0,95.0,8.0,6.0,8.0,6.0,7.0,6.0,5.0,7.0,7.0,7.0,5.0,6.0,9.0,14891.464,6.0,9.0,7.0,9.0,7.0,6.0,7.0,8.0,516.464,14935.99,15000.0,7.0,8.0,6.0,8.0,0.0,8.0,5.0,0.0,5.0,5.0,5.0,8.0,8.0,5.0,9.0,8.0,7.0,27.0,1021.53156,6.0,8.0,9.0,7.0,0.0,6.0,9.0,1018.4256,0.0,0.0,0.0,0.0,7.0,9.0,0.0,5.0,15000.0,9.0,15117.651,7.0,15000.0,9.0,6.0,5.0,0.0,6.0,0.0,9.0,0.0,0.0,8.0,7.0,0.0,9.0,45.051582,0.0,200.0,6.0,0.0,14902.193,9.0,7.0,8.0,0.0,5.0,5.0,8.0,9.0,18.0,0.0,0.0,9.0,6.0,9.0,7.0,1011.5533,1003.07385,0.0,0.0,0.0,9.0,9.0,0.0,0.0,1500.0,0.0,0.0,0.0,0.0,0.0,0.0,15693.784,8.0,0.0,5.0,8.0,9.0,0.0,6.0,7.0,0.0,6.0,6.0,9.0,5.0,0.0,500.0,0.0,14973.728,27.0,527.9259,7.0,0.0,27.0,15002.292,0.0,501.67386,27.0,0.0,0.0,9.0,0.0,27.0,0.0,0.0,509.63715,1041.3379,10.0,0.0,0.0,0.0,0.0,15000.0,0.0,7.0,9.0,0.0,0.0,1.5745295,9.0,0.0,9.0,0.0,0.0,0.0,9.0,0.0,9.0,0.0,15000.0,0.0,0.0,15000.0,1004.90204,7.0,1004.0007,8.0,7.0,8.0,0.0,9.0,8.0,6.0,0.0,9.0,5.0,9.0,7.0,5.0,6.0,0.0,9.0,0.0,0.0,0.0,14989.2,0.95669395,15339.577,5.0,0.0,6.0,509.63715,6.0,8.0,15000.0,5.0,5.0,0.0,7.0,9.0,5.0,9.0,5.0,9.0,1006.0555,1028.9591,0.0,0.0,0.0,27.0,0.0,9.0,0.0,1041.3379,8.0,5.0,9.0,9.0,0.0,15000.0,8.0,6.0,8.0,9.0,5.0,8.0,0.0,8.0,9.0,523.5004,0.0,95.0,7.0,501.89578,0.0,0.0,7.0,0.0,0.0,0.0,0.0,9.0,0.0,9.0,5.0,7.0,0.0,9.0,7.0,7.0,9.0,7.0,6.0,6.0,27.0,297396.16,0.0,0.0,5.0,9.0,7.0,9.0,8.0,7.0,8.0,7.0,9.0,15032.363,8.0,6.0,10.0,9.0,5.0,579.4805,9.0,0.0,9.0
4140,0.0,7.0,7.0,95.0,8.0,6.0,8.0,6.0,7.0,6.0,5.0,7.0,7.0,7.0,5.0,6.0,9.0,14891.464,6.0,9.0,7.0,9.0,7.0,6.0,7.0,8.0,516.464,14935.99,15000.0,7.0,8.0,6.0,8.0,0.0,8.0,5.0,0.0,5.0,5.0,5.0,8.0,8.0,5.0,9.0,8.0,7.0,27.0,1021.53156,6.0,8.0,9.0,7.0,0.0,6.0,9.0,1018.4256,0.0,0.0,0.0,0.0,7.0,9.0,0.0,5.0,15000.0,9.0,15117.651,7.0,15000.0,9.0,6.0,5.0,0.0,6.0,0.0,9.0,0.0,0.0,8.0,7.0,0.0,9.0,45.051582,0.0,200.0,6.0,0.0,14902.193,9.0,7.0,8.0,0.0,5.0,5.0,8.0,9.0,18.0,0.0,0.0,9.0,6.0,9.0,7.0,1011.5533,1003.07385,0.0,0.0,0.0,9.0,9.0,0.0,0.0,1500.0,0.0,0.0,0.0,0.0,0.0,0.0,15693.784,8.0,0.0,5.0,8.0,9.0,0.0,6.0,7.0,0.0,6.0,6.0,9.0,5.0,0.0,500.0,0.0,14973.728,27.0,527.9259,7.0,0.0,27.0,15002.292,0.0,501.67386,27.0,0.0,0.0,9.0,0.0,27.0,0.0,0.0,501.9003,1029.5779,10.0,0.0,0.0,0.0,0.0,15000.0,0.0,7.0,9.0,0.0,0.0,1.5745295,9.0,0.0,9.0,0.0,0.0,0.0,9.0,0.0,9.0,0.0,15000.0,0.0,0.0,15000.0,1004.90204,7.0,1004.0007,8.0,7.0,8.0,0.0,9.0,8.0,6.0,0.0,9.0,5.0,9.0,7.0,5.0,6.0,0.0,9.0,0.0,0.0,0.0,14989.2,0.95669395,15339.577,5.0,0.0,6.0,504.99506,6.0,8.0,15000.0,5.0,5.0,0.0,7.0,9.0,5.0,9.0,5.0,9.0,994.2955,1028.9591,0.0,0.0,0.0,27.0,0.0,9.0,0.0,1029.5779,8.0,5.0,9.0,9.0,0.0,15000.0,8.0,6.0,8.0,9.0,5.0,8.0,0.0,8.0,9.0,523.5004,0.0,95.0,7.0,501.89578,0.0,0.0,7.0,0.0,0.0,0.0,0.0,9.0,0.0,9.0,5.0,7.0,0.0,9.0,7.0,7.0,9.0,7.0,6.0,6.0,27.0,297396.16,0.0,0.0,5.0,9.0,7.0,9.0,8.0,7.0,8.0,7.0,9.0,15032.363,8.0,6.0,10.0,9.0,5.0,579.4805,9.0,0.0,9.0
4200,0.0,7.0,7.0,95.0,8.0,6.0,8.0,6.0,7.0,6.0,5.0,7.0,7.0,7.0,5.0,6.0,9.0,14891.464,6.0,9.0,7.0,9.0,7.0,6.0,7.0,8.0,516.464,14935.99,15000.0,7.0,8.0,6.0,8.0,0.0,8.0,5.0,0.0,5.0,5.0,5.0,8.0,8.0,5.0,9.0,8.0,7.0,27.0,1021.53156,6.0,8.0,9.0,7.0,0.0,6.0,9.0,1018.4256,0.0,0.0,0.0,0.0,7.0,9.0,0.0,5.0,15000.0,9.0,15117.651,7.0,15000.0,9.0,6.0,5.0,0.0,6.0,0.0,9.0,0.0,0.0,8.0,7.0,0.0,9.0,45.051582,0.0,200.0,6.0,0.0,14902.193,9.0,7.0,8.0,0.0,5.0,5.0,8.0,9.0,18.0,0.0,0.0,9.0,6.0,9.0,7.0,1011.5533,1003.07385,0.0,0.0,0.0,9.0,9.0,0.0,0.0,1500.0,0.0,0.0,0.0,0.0,0.0,0.0,15693.784,8.0,0.0,5.0,8.0,9.0,0.0,6.0,7.0,0.0,6.0,6.0,9.0,5.0,0.0,500.0,0.0,14973.728,27.0,527.9259,7.0,0.0,27.0,15002.292,0.0,501.67386,27.0,0.0,0.0,9.0,0.0,27.0,0.0,0.0,501.9003,1017.81793,10.0,0.0,0.0,0.0,0.0,15000.0,0.0,7.0,9.0,0.0,0.0,1.5745295,9.0,0.0,9.0,0.0,0.0,0.0,9.0,0.0,9.0,0.0,15000.0,0.0,0.0,15000.0,1004.90204,7.0,1004.0007,8.0,7.0,8.0,0.0,9.0,8.0,6.0,0.0,9.0,5.0,9.0,7.0,5.0,6.0,0.0,9.0,0.0,0.0,0.0,14989.2,0.95669395,15339.577,5.0,0.0,6.0,504.99506,6.0,8.0,15000.0,5.0,5.0,0.0,7.0,9.0,5.0,9.0,5.0,9.0,982.5355,1028.9591,0.0,0.0,0.0,27.0,0.0,9.0,0.0,1017.81793,8.0,5.0,9.0,9.0,0.0,15000.0,8.0,6.0,8.0,9.0,5.0,8.0,0.0,8.0,9.0,523.5004,0.0,95.0,7.0,501.89578,0.0,0.0,7.0,0.0,0.0,0.0,0.0,9.0,0.0,9.0,5.0,7.0,0.0,9.0,7.0,7.0,9.0,7.0,6.0,6.0,27.0,297396.16,0.0,0.0,5.0,9.0,7.0,9.0,8.0,7.0,8.0,7.0,9.0,15032.363,8.0,6.0,10.0,9.0,5.0,579.4805,9.0,0.0,9.0
4260,0.0,7.0,7.0,95.0,8.0,6.0,8.0,6.0,7.0,6.0,5.0,7.0,7.0,7.0,5.0,6.0,9.0,14891.464,6.0,9.0,7.0,9.0,7.0,6.0,7.0,8.0,516.464,14935.99,15000.0,7.0,8.0,6.0,8.0,0.0,8.0,5.0,0.0,5.0,5.0,5.0,8.0,8.0,5.0,9.0,8.0,7.0,27.0,1021.53156,6.0,8.0,9.0,7.0,0.0,6.0,9.0,1018.4256,0.0,0.0,0.0,0.0,7.0,9.0,0.0,5.0,15000.0,9.0,15117.651,7.0,15000.0,9.0,6.0,5.0,0.0,6.0,0.0,9.0,0.0,0.0,8.0,7.0,0.0,9.0,45.051582,0.0,200.0,6.0,0.0,14902.193,9.0,7.0,8.0,0.0,5.0,5.0,8.0,9.0,18.0,0.0,0.0,9.0,6.0,9.0,7.0,1011.5533,1003.07385,0.0,0.0,0.0,9.0,9.0,0.0,0.0,1500.0,0.0,0.0,0.0,0.0,0.0,0.0,15693.784,8.0,0.0,5.0,8.0,9.0,0.0,6.0,7.0,0.0,6.0,6.0,9.0,5.0,0.0,500.0,0.0,14973.728,27.0,527.9259,7.0,0.0,27.0,15002.292,0.0,501.67386,27.0,0.0,0.0,9.0,0.0,27.0,0.0,0.0,501.9003,1006.0579,10.0,0.0,0.0,0.0,0.0,15000.0,0.0,7.0,9.0,0.0,0.0,1.5745295,9.0,0.0,9.0,0.0,0.0,0.0,9.0,0.0,9.0,0.0,15000.0,0.0,0.0,15000.0,1004.90204,7.0,1004.0007,8.0,7.0,8.0,0.0,9.0,8.0,6.0,0.0,9.0,5.0,9.0,7.0,5.0,6.0,0.0,9.0,0.0,0.0,0.0,14989.2,0.95669395,15339.577,5.0,0.0,6.0,504.99506,6.0,8.0,15000.0,5.0,5.0,0.0,7.0,9.0,5.0,9.0,5.0,9.0,970.7755,1028.9591,0.0,0.0,0.0,27.0,0.0,9.0,0.0,1006.0579,8.0,5.0,9.0,9.0,0.0,15000.0,8.0,6.0,8.0,9.0,5.0,8.0,0.0,8.0,9.0,523.5004,0.0,95.0,7.0,501.89578,0.0,0.0,7.0,0.0,0.0,0.0,0.0,9.0,0.0,9.0,5.0,7.0,0.0,9.0,7.0,7.0,9.0,7.0,6.0,6.0,27.0,297396.16,0.0,0.0,5.0,9.0,7.0,9.0,8.0,7.0,8.0,7.0,9.0,15032.363,8.0,6.0,10.0,9.0,5.0,579.4805,9.0,0.0,9.0
4320,0.0,7.0,7.0,95.0,8.0,6.0,8.0,6.0,7.0,6.0,5.0,7.0,7.0,7.0,5.0,6.0,9.0,14891.464,6.0,9.0,7.0,9.0,7.0,6.0,7.0,8.0,516.464,14935.99,15000.0,7.0,8.0,6.0,8.0,0.0,8.0,5.0,0.0,5.0,5.0,5.0,8.0,8.0,5.0,9.0,8.0,7.0,27.0,1021.53156,6.0,8.0,9.0,7.0,0.0,6.0,9.0,1018.4256,0.0,0.0,0.0,0.0,7.0,9.0,0.0,5.0,15000.0,9.0,15117.651,7.0,15000.0,9.0,6.0,5.0,0.0,6.0,0.0,9.0,0.0,0.0,8.0,7.0,0.0,9.0,45.051582,0.0,200.0,6.0,0.0,14902.193,9.0,7.0,8.0,0.0,5.0,5.0,8.0,9.0,18.0,0.0,0.0,9.0,6.0,9.0,7.0,1011.5533,1003.07385,0.0,0.0,0.0,9.0,9.0,0.0,0.0,1500.0,0.0,0.0,0.0,0.0,0.0,0.0,15693.784,8.0,0.0,5.0,8.0,9.0,0.0,6.0,7.0,0.0,6.0,6.0,9.0,5.0,0.0,500.0,0.0,14973.728,27.0,527.9259,7.0,0.0,27.0,15002.292,0.0,501.67386,27.0,0.0,0.0,9.0,0.0,27.0,0.0,0.0,501.9003,994.2979,10.0,0.0,0.0,0.0,0.0,15000.0,0.0,7.0,9.0,0.0,0.0,1.5745295,9.0,0.0,9.0,0.0,0.0,0.0,9.0,0.0,9.0,0.0,15000.0,0.0,0.0,15000.0,1004.90204,7.0,1004.0007,8.0,7.0,8.0,0.0,9.0,8.0,6.0,0.0,9.0,5.0,9.0,7.0,5.0,6.0,0.0,9.0,0.0,0.0,0.0,14989.2,0.95669395,15339.577,5.0,0.0,6.0,504.99506,6.0,8.0,15000.0,5.0,5.0,0.0,7.0,9.0,5.0,9.0,5.0,9.0,959.0155,1028.9591,0.0,0.0,0.0,27.0,0.0,9.0,0.0,994.2979,8.0,5.0,9.0,9.0,0.0,15000.0,8.0,6.0,8.0,9.0,5.0,8.0,0.0,8.0,9.0,523.5004,0.0,95.0,7.0,501.89578,0.0,0.0,7.0,0.0,0.0,0.0,0.0,9.0,0.0,9.0,5.0,7.0,0.0,9.0,7.0,7.0,9.0,7.0,6.0,6.0,27.0,297396.16,0.0,0.0,5.0,9.0,7.0,9.0,8.0,7.0,8.0,7.0,9.0,15032.363,8.0,6.0,10.0,9.0,5.0,579.4805,9.0,0.0,9.0
4380,0.0,7.0,7.0,95.0,8.0,6.0,8.0,6.0,7.0,6.0,5.0,7.0,7.0,7.0,5.0,6.0,9.0,14891.464,6.0,9.0,7.0,9.0,7.0,6.0,7.0,8.0,516.464,14935.99,15000.0,7.0,8.0,6.0,8.0,0.0,8.0,5.0,0.0,5.0,5.0,5.0,8.0,8.0,5.0,9.0,8.0,7.0,27.0,1021.53156,6.0,8.0,9.0,7.0,0.0,6.0,9.0,1018.4256,0.0,0.0,0.0,0.0,7.0,9.0,0.0,5.0,15000.0,9.0,15117.651,7.0,15000.0,9.0,6.0,5.0,0.0,6.0,0.0,9.0,0.0,0.0,8.0,7.0,0.0,9.0,45.051582,0.0,200.0,6.0,0.0,14902.193,9.0,7.0,8.0,0.0,5.0,5.0,8.0,9.0,18.0,0.0,0.0,9.0,6.0,9.0,7.0,1011.5533,1003.07385,0.0,0.0,0.0,9.0,9.0,0.0,0.0,1500.0,0.0,0.0,0.0,0.0,0.0,0.0,15693.784,8.0,0.0,5.0,8.0,9.0,0.0,6.0,7.0,0.0,6.0,6.0,9.0,5.0,0.0,500.0,0.0,14973.728,27.0,527.9259,7.0,0.0,27.0,15002.292,0.0,501.67386,27.0,0.0,0.0,9.0,0.0,27.0,0.0,0.0,501.9003,982.5379,10.0,0.0,0.0,0.0,0.0,15000.0,0.0,7.0,9.0,0.0,0.0,1.5745295,9.0,0.0,9.0,0.0,0.0,0.0,9.0,0.0,9.0,0.0,15000.0,0.0,0.0,15000.0,1004.90204,7.0,1004.0007,8.0,7.0,8.0,0.0,9.0,8.0,6.0,0.0,9.0,5.0,9.0,7.0,5.0,6.0,0.0,9.0,0.0,0.0,0.0,14989.2,0.95669395,15339.577,5.0,0.0,6.0,504.99506,6.0,8.0,15000.0,5.0,5.0,0.0,7.0,9.0,5.0,9.0,5.0,9.0,947.2555,1028.9591,0.0,0.0,0.0,27.0,0.0,9.0,0.0,982.5379,8.0,5.0,9.0,9.0,0.0,15000.0,8.0,6.0,8.0,9.0,5.0,8.0,0.0,8.0,9.0,523.5004,0.0,95.0,7.0,501.89578,0.0,0.0,7.0,0.0,0.0,0.0,0.0,9.0,0.0,9.0,5.0,7.0,0.0,9.0,7.0,7.0,9.0,7.0,6.0,6.0,27.0,297396.16,0.0,0.0,5.0,9.0,7.0,9.0,8.0,7.0,8.0,7.0,9.0,15032.363,8.0,6.0,10.0,9.0,5.0,579.4805,9.0,0.0,9.0
4440,0.0,7.0,7.0,95.0,8.0,6.0,8.0,6.0,7.0,6.0,5.0,7.0,7.0,7.0,5.0,6.0,9.0,14891.464,6.0,9.0,7.0,9.0,7.0,6.0,7.0,8.0,516.464,14935.99,15000.0,7.0,8.0,6.0,8.0,0.0,8.0,5.0,0.0,5.0,5.0,5.0,8.0,8.0,5.0,9.0,8.0,7.0,27.0,1021.53156,6.0,8.0,9.0,7.0,0.0,6.0,9.0,1018.4256,0.0,0.0,0.0,0.0,7.0,9.0,0.0,5.0,15000.0,9.0,15117.651,7.0,15000.0,9.0,6.0,5.0,0.0,6.0,0.0,9.0,0.0,0.0,8.0,7.0,0.0,9.0,45.051582,0.0,200.0,6.0,0.0,14902.193,9.0,7.0,8.0,0.0,5.0,5.0,8.0,9.0,18.0,0.0,0.0,9.0,6.0,9.0,7.0,1011.5533,1003.07385,0.0,0.0,0.0,9.0,9.0,0.0,0.0,1500.0,0.0,0.0,0.0,0.0,0.0,0.0,15693.784,8.0,0.0,5.0,8.0,9.0,0.0,6.0,7.0,0.0,6.0,6.0,9.0,5.0,0.0,500.0,0.0,14973.728,27.0,527.9259,7.0,0.0,27.0,15002.292,0.0,501.67386,27.0,0.0,0.0,9.0,0.0,27.0,0.0,0.0,501.9003,970.7779,10.0,0.0,0.0,0.0,0.0,15000.0,0.0,7.0,9.0,0.0,0.0,1.5745295,9.0,0.0,9.0,0.0,0.0,0.0,9.0,0.0,9.0,0.0,15000.0,0.0,0.0,15000.0,1004.90204,7.0,1004.0007,8.0,7.0,8.0,0.0,9.0,8.0,6.0,0.0,9.0,5.0,9.0,7.0,5.0,6.0,0.0,9.0,0.0,0.0,0.0,14989.2,18.99723,15339.577,5.0,0.0,6.0,504.99506,6.0,8.0,15000.0,5.0,5.0,0.0,7.0,9.0,5.0,9.0,5.0,9.0,935.4955,1028.9591,0.0,0.0,0.0,27.0,0.0,9.0,0.0,970.7779,8.0,5.0,9.0,9.0,0.0,15000.0,8.0,6.0,8.0,9.0,5.0,8.0,0.0,8.0,9.0,523.5004,0.0,95.0,7.0,501.89578,0.0,0.0,7.0,0.0,0.0,0.0,0.0,9.0,0.0,9.0,5.0,7.0,0.0,9.0,7.0,7.0,9.0,7.0,6.0,6.0,27.0,297396.16,0.0,0.0,5.0,9.0,7.0,9.0,8.0,7.0,8.0,7.0,9.0,15032.363,8.0,6.0,10.0,9.0,5.0,579.4805,9.0,0.0,9.0
4500,0.0,7.0,7.0,95.0,8.0,6.0,8.0,6.0,7.0,6.0,5.0,7.0,7.0,7.0,5.0,6.0,9.0,14891.464,6.0,9.0,7.0,9.0,7.0,6.0,7.0,8.0,516.464,14935.99,15000.0,7.0,8.0,6.0,8.0,0.0,8.0,5.0,0.0,5.0,5.0,5.0,8.0,8.0,5.0,9.0,8.0,7.0,27.0,1021.53156,6.0,8.0,9.0,7.0,0.0,6.0,9.0,1018.4256,0.0,0.0,0.0,0.0,7.0,9.0,0.0,5.0,15000.0,9.0,15117.651,7.0,15000.0,9.0,6.0,5.0,0.0,6.0,0.0,9.0,0.0,0.0,8.0,7.0,0.0,9.0,45.051582,0.0,200.0,6.0,0.0,14902.193,9.0,7.0,8.0,0.0,5.0,5.0,8.0,9.0,18.0,0.0,0.0,9.0,6.0,9.0,7.0,1011.5533,1003.07385,0.0,0.0,0.0,9.0,9.0,0.0,0.0,1500.0,0.0,0.0,0.0,0.0,0.0,0.0,15693.784,8.0,0.0,5.0,8.0,9.0,0.0,6.0,7.0,0.0,6.0,6.0,9.0,5.0,0.0,500.0,0.0,14973.728,27.0,527.9259,7.0,0.0,27.0,15002.292,0.0,501.67386,27.0,0.0,0.0,9.0,0.0,27.0,0.0,0.0,501.9003,959.01794,10.0,0.0,0.0,0.0,0.0,15000.0,0.0,7.0,9.0,0.0,0.0,1.5745295,9.0,0.0,9.0,0.0,0.0,0.0,9.0,0.0,9.0,0.0,15000.0,0.0,0.0,15000.0,1004.90204,7.0,1004.0007,8.0,7.0,8.0,0.0,9.0,8.0,6.0,0.0,9.0,5.0,9.0,7.0,5.0,6.0,0.0,9.0,0.0,0.0,0.0,14989.2,18.99723,15339.577,5.0,0.0,6.0,504.99506,6.0,8.0,15000.0,5.0,5.0,0.0,7.0,9.0,5.0,9.0,5.0,9.0,923.7355,1028.9591,0.0,0.0,0.0,27.0,0.0,9.0,0.0,959.01794,8.0,5.0,9.0,9.0,0.0,15000.0,8.0,6.0,8.0,9.0,5.0,8.0,0.0,8.0,9.0,523.5004,0.0,95.0,7.0,501.89578,0.0,0.0,7.0,0.0,0.0,0.0,0.0,9.0,0.0,9.0,5.0,7.0,0.0,9.0,7.0,7.0,9.0,7.0,6.0,6.0,27.0,297396.16,0.0,0.0,5.0,9.0,7.0,9.0,8.0,7.0,8.0,7.0,9.0,15032.363,8.0,6.0,10.0,9.0,5.0,579.4805,9.0,0.0,9.0
4560,0.0,7.0,7.0,95.0,8.0,6.0,8.0,6.0,7.0,6.0,5.0,7.0,7.0,7.0,5.0,6.0,9.0,14891.464,6.0,9.0,7.0,9.0,7.0,6.0,7.0,8.0,516.464,14935.99,15000.0,7.0,8.0,6.0,8.0,0.0,8.0,5.0,0.0,5.0,5.0,5.0,8.0,8.0,5.0,9.0,8.0,7.0,27.0,1021.53156,6.0,8.0,9.0,7.0,0.0,6.0,9.0,1018.4256,0.0,0.0,0.0,0.0,7.0,9.0,0.0,5.0,15000.0,9.0,15117.651,7.0,15000.0,9.0,6.0,5.0,0.0,6.0,0.0,9.0,0.0,0.0,8.0,7.0,0.0,9.0,45.051582,0.0,200.0,6.0,0.0,14902.193,9.0,7.0,8.0,0.0,5.0,5.0,8.0,9.0,18.0,0.0,0.0,9.0,6.0,9.0,7.0,1011.5533,1003.07385,0.0,0.0,0.0,9.0,9.0,0.0,0.0,1500.0,0.0,0.0,0.0,0.0,0.0,0.0,15693.784,8.0,0.0,5.0,8.0,9.0,0.0,6.0,7.0,0.0,6.0,6.0,9.0,5.0,0.0,500.0,0.0,14973.728,27.0,527.9259,7.0,0.0,27.0,15002.292,0.0,501.67386,27.0,0.0,0.0,9.0,0.0,27.0,0.0,0.0,501.9003,947.25793,10.0,0.0,0.0,0.0,0.0,15000.0,0.0,7.0,9.0,0.0,0.0,1.5745295,9.0,0.0,9.0,0.0,0.0,0.0,9.0,0.0,9.0,0.0,15000.0,0.0,0.0,15000.0,1004.90204,7.0,1004.0007,8.0,7.0,8.0,0.0,9.0,8.0,6.0,0.0,9.0,5.0,9.0,7.0,5.0,6.0,0.0,9.0,0.0,0.0,0.0,14989.2,18.99723,15339.577,5.0,0.0,6.0,504.99506,6.0,8.0,15000.0,5.0,5.0,0.0,7.0,9.0,5.0,9.0,5.0,9.0,911.97546,1028.9591,0.0,0.0,0.0,27.0,0.0,9.0,0.0,947.25793,8.0,5.0,9.0,9.0,0.0,15000.0,8.0,6.0,8.0,9.0,5.0,8.0,0.0,8.0,9.0,523.5004,0.0,95.0,7.0,501.89578,0.0,0.0,7.0,0.0,0.0,0.0,0.0,9.0,0.0,9.0,5.0,7.0,0.0,9.0,7.0,7.0,9.0,7.0,6.0,6.0,27.0,297396.16,0.0,0.0,5.0,9.0,7.0,9.0,8.0,7.0,8.0,7.0,9.0,15032.363,8.0,6.0,10.0,9.0,5.0,579.4805,9.0,0.0,9.0
4620,0.0,7.0,7.0,95.0,8.0,6.0,8.0,6.0,7.0,6.0,5.0,7.0,7.0,7.0,5.0,6.0,9.0,14891.464,6.0,9.0,7.0,9.0,7.0,6.0,7.0,8.0,516.464,14935.99,15000.0,7.0,8.0,6.0,8.0,0.0,8.0,5.0,0.0,5.0,5.0,5.0,8.0,8.0,5.0,9.0,8.0,7.0,27.0,1021.53156,6.0,8.0,9.0,7.0,0.0,6.0,9.0,1018.4256,0.0,0.0,0.0,0.0,7.0,9.0,0.0,5.0,15000.0,9.0,15117.651,7.0,15000.0,9.0,6.0,5.0,0.0,6.0,0.0,9.0,0.0,0.0,8.0,7.0,0.0,9.0,45.051582,0.0,200.0,6.0,0.0,14902.193,9.0,7.0,8.0,0.0,5.0,5.0,8.0,9.0,18.0,0.0,0.0,9.0,6.0,9.0,7.0,1011.5533,1003.07385,0.0,0.0,0.0,9.0,9.0,0.0,0.0,1500.0,0.0,0.0,0.0,0.0,0.0,0.0,15693.784,8.0,0.0,5.0,8.0,9.0,0.0,6.0,7.0,0.0,6.0,6.0,9.0,5.0,0.0,500.0,0.0,14973.728,27.0,527.9259,7.0,0.0,27.0,15002.292,0.0,501.67386,27.0,0.0,0.0,9.0,0.0,27.0,0.0,0.0,501.9003,935.4979,10.0,0.0,0.0,0.0,0.0,15000.0,0.0,7.0,9.0,0.0,0.0,1.5745295,9.0,0.0,9.0,0.0,0.0,0.0,9.0,0.0,9.0,0.0,15000.0,0.0,0.0,15000.0,1004.90204,7.0,1004.0007,8.0,7.0,8.0,0.0,9.0,8.0,6.0,0.0,9.0,5.0,9.0,7.0,5.0,6.0,0.0,9.0,0.0,0.0,0.0,14989.2,37.042248,15339.577,5.0,0.0,6.0,504.99506,6.0,8.0,15000.0,5.0,5.0,0.0,7.0,9.0,5.0,9.0,5.0,9.0,900.2155,1028.9591,0.0,0.0,0.0,27.0,0.0,9.0,0.0,935.4979,8.0,5.0,9.0,9.0,0.0,15000.0,8.0,6.0,8.0,9.0,5.0,8.0,0.0,8.0,9.0,523.5004,0.0,95.0,7.0,501.89578,0.0,0.0,7.0,0.0,0.0,0.0,0.0,9.0,0.0,9.0,5.0,7.0,0.0,9.0,7.0,7.0,9.0,7.0,6.0,6.0,27.0,297396.16,0.0,0.0,5.0,9.0,7.0,9.0,8.0,7.0,8.0,7.0,9.0,15032.363,8.0,6.0,10.0,9.0,5.0,579.4805,9.0,0.0,9.0
4680,0.0,7.0,7.0,95.0,8.0,6.0,8.0,6.0,7.0,6.0,5.0,7.0,7.0,7.0,5.0,6.0,9.0,14891.464,6.0,9.0,7.0,9.0,7.0,6.0,7.0,8.0,516.464,14935.99,15000.0,7.0,8.0,6.0,8.0,0.0,8.0,5.0,0.0,5.0,5.0,5.0,8.0,8.0,5.0,9.0,8.0,7.0,27.0,1021.53156,6.0,8.0,9.0,7.0,0.0,6.0,9.0,1018.4256,0.0,0.0,0.0,0.0,7.0,9.0,0.0,5.0,15000.0,9.0,15117.651,7.0,15000.0,9.0,6.0,5.0,0.0,6.0,0.0,9.0,0.0,0.0,8.0,7.0,0.0,9.0,45.051582,0.0,200.0,6.0,0.0,14902.193,9.0,7.0,8.0,0.0,5.0,5.0,8.0,9.0,18.0,0.0,0.0,9.0,6.0,9.0,7.0,1011.5533,1003.07385,0.0,0.0,0.0,9.0,9.0,0.0,0.0,1500.0,0.0,0.0,0.0,0.0,0.0,0.0,15693.784,8.0,0.0,5.0,8.0,9.0,0.0,6.0,7.0,0.0,6.0,6.0,9.0,5.0,0.0,500.0,0.0,14973.728,27.0,527.9259,7.0,0.0,27.0,15002.292,0.0,501.67386,27.0,0.0,0.0,9.0,0.0,27.0,0.0,0.0,501.9003,923.7379,10.0,0.0,0.0,0.0,0.0,15000.0,0.0,7.0,9.0,0.0,0.0,1.5745295,9.0,0.0,9.0,0.0,0.0,0.0,9.0,0.0,9.0,0.0,15000.0,0.0,0.0,15000.0,1004.90204,7.0,1004.0007,8.0,7.0,8.0,0.0,9.0,8.0,6.0,0.0,9.0,5.0,9.0,7.0,5.0,6.0,0.0,9.0,0.0,0.0,0.0,14989.2,37.042248,15339.577,5.0,0.0,6.0,504.99506,6.0,8.0,15000.0,5.0,5.0,0.0,7.0,9.0,5.0,9.0,5.0,9.0,888.4555,1028.9591,0.0,0.0,0.0,27.0,0.0,9.0,0.0,923.7379,8.0,5.0,9.0,9.0,0.0,15000.0,8.0,6.0,8.0,9.0,5.0,8.0,0.0,8.0,9.0,523.5004,0.0,95.0,7.0,501.89578,0.0,0.0,7.0,0.0,0.0,0.0,0.0,9.0,0.0,9.0,5.0,7.0,0.0,9.0,7.0,7.0,9.0,7.0,6.0,6.0,27.0,297396.16,0.0,0.0,5.0,9.0,7.0,9.0,8.0,7.0,8.0,7.0,9.0,15032.363,8.0,6.0,10.0,9.0,5.0,579.4805,9.0,0.0,9.0
4740,0.0,7.0,7.0,95.0,8.0,6.0,8.0,6.0,7.0,6.0,5.0,7.0,7.0,7.0,5.0,6.0,9.0,14891.464,6.0,9.0,7.0,9.0,7.0,6.0,7.0,8.0,516.464,14935.99,15000.0,7.0,8.0,6.0,8.0,0.0,8.0,5.0,0.0,5.0,5.0,5.0,8.0,8.0,5.0,9.0,8.0,7.0,27.0,1021.53156,6.0,8.0,9.0,7.0,0.0,6.0,9.0,1018.4256,0.0,0.0,0.0,0.0,7.0,9.0,0.0,5.0,15000.0,9.0,15117.651,7.0,15000.0,9.0,6.0,5.0,0.0,6.0,0.0,9.0,0.0,0.0,8.0,7.0,0.0,9.0,45.051582,0.0,200.0,6.0,0.0,14902.193,9.0,7.0,8.0,0.0,5.0,5.0,8.0,9.0,18.0,0.0,0.0,9.0,6.0,9.0,7.0,1011.5533,1003.07385,0.0,0.0,0.0,9.0,9.0,0.0,0.0,1500.0,0.0,0.0,0.0,0.0,0.0,0.0,15693.784,8.0,0.0,5.0,8.0,9.0,0.0,6.0,7.0,0.0,6.0,6.0,9.0,5.0,0.0,500.0,0.0,14973.728,27.0,527.9259,7.0,0.0,27.0,15002.292,0.0,501.67386,27.0,0.0,0.0,9.0,0.0,27.0,0.0,0.0,501.9003,911.9779,10.0,0.0,0.0,0.0,0.0,15000.0,0.0,7.0,9.0,0.0,0.0,1.5745295,9.0,0.0,9.0,0.0,0.0,0.0,9.0,0.0,9.0,0.0,15000.0,0.0,0.0,15000.0,1004.90204,7.0,1004.0007,8.0,7.0,8.0,0.0,9.0,8.0,6.0,0.0,9.0,5.0,9.0,7.0,5.0,6.0,0.0,9.0,0.0,0.0,0.0,14989.2,55.089962,15339.577,5.0,0.0,6.0,504.99506,6.0,8.0,15000.0,5.0,5.0,0.0,7.0,9.0,5.0,9.0,5.0,9.0,876.6955,1028.9591,0.0,0.0,0.0,27.0,0.0,9.0,0.0,911.9779,8.0,5.0,9.0,9.0,0.0,15000.0,8.0,6.0,8.0,9.0,5.0,8.0,0.0,8.0,9.0,523.5004,0.0,95.0,7.0,501.89578,0.0,0.0,7.0,0.0,0.0,0.0,0.0,9.0,0.0,9.0,5.0,7.0,0.0,9.0,7.0,7.0,9.0,7.0,6.0,6.0,27.0,297396.16,0.0,0.0,5.0,9.0,7.0,9.0,8.0,7.0,8.0,7.0,9.0,15032.363,8.0,6.0,10.0,9.0,5.0,579.4805,9.0,0.0,9.0
4800,0.0,7.0,7.0,95.0,8.0,6.0,8.0,6.0,7.0,6.0,5.0,7.0,7.0,7.0,5.0,6.0,9.0,14891.464,6.0,9.0,7.0,9.0,7.0,6.0,7.0,8.0,516.464,14935.99,15000.0,7.0,8.0,6.0,8.0,0.0,8.0,5.0,0.0,5.0,5.0,5.0,8.0,8.0,5.0,9.0,8.0,7.0,27.0,1021.53156,6.0,8.0,9.0,7.0,0.0,6.0,9.0,1018.4256,0.0,0.0,0.0,0.0,7.0,9.0,0.0,5.0,15000.0,9.0,15117.651,7.0,15000.0,9.0,6.0,5.0,0.0,6.0,0.0,9.0,0.0,0.0,8.0,7.0,0.0,9.0,45.051582,0.0,200.0,6.0,0.0,14902.193,9.0,7.0,8.0,0.0,5.0,5.0,8.0,9.0,18.0,0.0,0.0,9.0,6.0,9.0,7.0,1011.5533,1003.07385,0.0,0.0,0.0,9.0,9.0,0.0,0.0,1500.0,0.0,0.0,0.0,0.0,0.0,0.0,15693.784,8.0,0.0,5.0,8.0,9.0,0.0,6.0,7.0,0.0,6.0,6.0,9.0,5.0,0.0,500.0,0.0,14973.728,27.0,527.9259,7.0,0.0,27.0,15002.292,0.0,501.67386,27.0,0.0,0.0,9.0,0.0,27.0,0.0,0.0,501.9003,900.2179,10.0,0.0,0.0,0.0,0.0,15000.0,0.0,7.0,9.0,0.0,0.0,1.5745295,9.0,0.0,9.0,0.0,0.0,0.0,9.0,0.0,9.0,0.0,15000.0,0.0,0.0,15000.0,1004.90204,7.0,1004.0007,8.0,7.0,8.0,0.0,9.0,8.0,6.0,0.0,9.0,5.0,9.0,7.0,5.0,6.0,0.0,9.0,0.0,0.0,0.0,14989.2,55.089962,15339.577,5.0,0.0,6.0,504.99506,6.0,8.0,15000.0,5.0,5.0,0.0,7.0,9.0,5.0,9.0,5.0,9.0,864.9355,1028.9591,0.0,0.0,0.0,27.0,0.0,9.0,0.0,900.2179,8.0,5.0,9.0,9.0,0.0,15000.0,8.0,6.0,8.0,9.0,5.0,8.0,0.0,8.0,9.0,523.5004,0.0,95.0,7.0,501.89578,0.0,0.0,7.0,0.0,0.0,0.0,0.0,9.0,0.0,9.0,5.0,7.0,0.0,9.0,7.0,7.0,9.0,7.0,6.0,6.0,27.0,297396.16,0.0,0.0,5.0,9.0,7.0,9.0,8.0,7.0,8.0,7.0,9.0,15032.363,8.0,6.0,10.0,9.0,5.0,579.4805,9.0,0.0,9.0
4860,0.0,7.0,7.0,95.0,8.0,6.0,8.0,6.0,7.0,6.0,5.0,7.0,7.0,7.0,5.0,6.0,9.0,14891.464,6.0,9.0,7.0,9.0,7.0,6.0,7.0,8.0,516.464,14935.99,15000.0,7.0,8.0,6.0,8.0,0.0,8.0,5.0,0.0,5.0,5.0,5.0,8.0,8.0,5.0,9.0,8.0,7.0,27.0,1021.53156,6.0,8.0,9.0,7.0,0.0,6.0,9.0,1018.4256,0.0,0.0,0.0,0.0,7.0,9.0,0.0,5.0,15000.0,9.0,15117.651,7.0,15000.0,9.0,6.0,5.0,0.0,6.0,0.0,9.0,0.0,0.0,8.0,7.0,0.0,9.0,45.051582,0.0,200.0,6.0,0.0,14902.193,9.0,7.0,8.0,0.0,5.0,5.0,8.0,9.0,18.0,0.0,0.0,9.0,6.0,9.0,7.0,1011.5533,1003.07385,0.0,0.0,0.0,9.0,9.0,0.0,0.0,1500.0,0.0,0.0,0.0,0.0,0.0,0.0,15693.784,8.0,0.0,5.0,8.0,9.0,0.0,6.0,7.0,0.0,6.0,6.0,9.0,5.0,0.0,500.0,0.0,14973.728,27.0,527.9259,7.0,0.0,27.0,15002.292,0.0,501.67386,27.0,0.0,0.0,9.0,0.0,27.0,0.0,0.0,501.9003,888.4579,10.0,0.0,0.0,0.0,0.0,15000.0,0.0,7.0,9.0,0.0,0.0,1.5745295,9.0,0.0,9.0,0.0,0.0,0.0,9.0,0.0,9.0,0.0,15000.0,0.0,0.0,15000.0,1004.90204,7.0,1004.0007,8.0,7.0,8.0,0.0,9.0,8.0,6.0,0.0,9.0,5.0,9.0,7.0,5.0,6.0,0.0,9.0,0.0,0.0,0.0,14989.2,73.14077,15339.577,5.0,0.0,6.0,504.99506,6.0,8.0,15000.0,5.0,5.0,0.0,7.0,9.0,5.0,9.0,5.0,9.0,853.1755,1028.9591,0.0,0.0,0.0,27.0,0.0,9.0,0.0,888.4579,8.0,5.0,9.0,9.0,0.0,15000.0,8.0,6.0,8.0,9.0,5.0,8.0,0.0,8.0,9.0,523.5004,0.0,95.0,7.0,501.89578,0.0,0.0,7.0,0.0,0.0,0.0,0.0,9.0,0.0,9.0,5.0,7.0,0.0,9.0,7.0,7.0,9.0,7.0,6.0,6.0,27.0,297396.16,0.0,0.0,5.0,9.0,7.0,9.0,8.0,7.0,8.0,7.0,9.0,15032.363,8.0,6.0,10.0,9.0,5.0,579.4805,9.0,0.0,9.0
4920,0.0,7.0,7.0,95.0,8.0,6.0,8.0,6.0,7.0,6.0,5.0,7.0,7.0,7.0,5.0,6.0,9.0,14883.727,6.0,9.0,7.0,9.0,7.0,6.0,7.0,8.0,516.464,14928.253,15000.0,7.0,8.0,6.0,8.0,0.0,8.0,5.0,0.0,5.0,5.0,5.0,8.0,8.0,5.0,9.0,8.0,7.0,27.0,1021.53156,6.0,8.0,9.0,7.0,0.0,6.0,9.0,1018.4256,0.0,0.0,0.0,0.0,7.0,9.0,0.0,5.0,15000.0,9.0,15110.224,7.0,15000.0,9.0,6.0,5.0,0.0,6.0,0.0,9.0,0.0,0.0,8.0,7.0,0.0,9.0,45.051582,0.0,200.0,6.0,0.0,14902.193,9.0,7.0,8.0,0.0,5.0,5.0,8.0,9.0,18.0,0.0,0.0,9.0,6.0,9.0,7.0,1002.88806,1003.07385,0.0,0.0,0.0,9.0,9.0,0.0,0.0,1500.0,0.0,0.0,0.0,0.0,0.0,0.0,15686.047,8.0,0.0,5.0,8.0,9.0,0.0,6.0,7.0,0.0,6.0,6.0,9.0,5.0,0.0,500.0,0.0,14965.991,27.0,527.9259,7.0,0.0,27.0,15002.292,0.0,501.67386,27.0,0.0,0.0,9.0,0.0,27.0,0.0,0.0,501.9003,876.69794,10.0,0.0,0.0,0.0,0.0,15000.0,0.0,7.0,9.0,0.0,0.0,1.5745295,9.0,0.0,9.0,0.0,0.0,0.0,9.0,0.0,9.0,0.0,15000.0,0.0,0.0,15000.0,1004.90204,7.0,1004.0007,8.0,7.0,8.0,0.0,9.0,8.0,6.0,0.0,9.0,5.0,9.0,7.0,5.0,6.0,0.0,9.0,0.0,0.0,0.0,14981.464,73.14077,15339.577,5.0,0.0,6.0,504.99506,6.0,8.0,15000.0,5.0,5.0,0.0,7.0,9.0,5.0,9.0,5.0,9.0,841.41547,1028.9591,0.0,0.0,0.0,27.0,0.0,9.0,0.0,876.69794,8.0,5.0,9.0,9.0,0.0,15000.0,8.0,6.0,8.0,9.0,5.0,8.0,0.0,8.0,9.0,523.5004,0.0,95.0,7.0,501.89578,0.0,0.0,7.0,0.0,0.0,0.0,0.0,9.0,0.0,9.0,5.0,7.0,0.0,9.0,7.0,7.0,9.0,7.0,6.0,6.0,27.0,297396.16,0.0,0.0,5.0,9.0,7.0,9.0,8.0,7.0,8.0,7.0,9.0,15032.363,8.0,6.0,10.0,9.0,5.0,541.10583,9.0,0.0,9.0
4980,0.0,7.0,7.0,95.0,8.0,6.0,8.0,6.0,7.0,6.0,5.0,7.0,7.0,7.0,5.0,6.0,9.0,14875.99,6.0,9.0,7.0,9.0,7.0,6.0,7.0,8.0,516.464,14920.517,15000.0,7.0,8.0,6.0,8.0,0.0,8.0,5.0,0.0,5.0,5.0,5.0,8.0,8.0,5.0,9.0,8.0,7.0,27.0,1021.53156,6.0,8.0,9.0,7.0,0.0,6.0,9.0,1018.4256,0.0,0.0,0.0,0.0,7.0,9.0,0.0,5.0,15000.0,9.0,15102.796,7.0,15000.0,9.0,6.0,5.0,0.0,6.0,0.0,9.0,0.0,0.0,8.0,7.0,0.0,9.0,45.051582,0.0,200.0,6.0,0.0,14902.193,9.0,7.0,8.0,0.0,5.0,5.0,8.0,9.0,18.0,0.0,0.0,9.0,6.0,9.0,7.0,1002.88806,1003.07385,0.0,0.0,0.0,9.0,9.0,0.0,0.0,1500.0,0.0,0.0,0.0,0.0,0.0,0.0,15678.311,8.0,0.0,5.0,8.0,9.0,0.0,6.0,7.0,0.0,6.0,6.0,9.0,5.0,0.0,500.0,0.0,14958.254,27.0,527.9259,7.0,0.0,27.0,15002.292,0.0,501.67386,27.0,0.0,0.0,9.0,0.0,27.0,0.0,0.0,501.9003,864.9379,10.0,0.0,0.0,0.0,0.0,15000.0,0.0,7.0,9.0,0.0,0.0,1.5745295,9.0,0.0,9.0,0.0,0.0,0.0,9.0,0.0,9.0,0.0,15000.0,0.0,0.0,15000.0,1004.90204,7.0,1004.0007,8.0,7.0,8.0,0.0,9.0,8.0,6.0,0.0,9.0,5.0,9.0,7.0,5.0,6.0,0.0,9.0,0.0,0.0,0.0,14973.727,91.194885,15331.841,5.0,0.0,6.0,504.99506,6.0,8.0,15000.0,5.0,5.0,0.0,7.0,9.0,5.0,9.0,5.0,9.0,829.6555,1028.9591,0.0,0.0,0.0,27.0,0.0,9.0,0.0,864.9379,8.0,5.0,9.0,9.0,0.0,15000.0,8.0,6.0,8.0,9.0,5.0,8.0,0.0,8.0,9.0,523.5004,0.0,95.0,7.0,501.89578,0.0,0.0,7.0,0.0,0.0,0.0,0.0,9.0,0.0,9.0,5.0,7.0,0.0,9.0,7.0,7.0,9.0,7.0,6.0,6.0,27.0,297396.16,0.0,0.0,5.0,9.0,7.0,9.0,8.0,7.0,8.0,7.0,9.0,15032.363,8.0,6.0,10.0,9.0,5.0,531.51215,9.0,0.0,9.0
5040,0.0,7.0,7.0,95.0,8.0,6.0,8.0,6.0,7.0,6.0,5.0,7.0,7.0,7.0,5.0,6.0,9.0,14868.253,6.0,9.0,7.0,9.0,7.0,6.0,7.0,8.0,516.464,14912.779,15000.0,7.0,8.0,6.0,8.0,0.0,8.0,5.0,0.0,5.0,5.0,5.0,8.0,8.0,5.0,9.0,8.0,7.0,27.0,1021.53156,6.0,8.0,9.0,7.0,0.0,6.0,9.0,1018.4256,0.0,0.0,0.0,0.0,7.0,9.0,0.0,5.0,15000.0,9.0,15095.369,7.0,15000.0,9.0,6.0,5.0,0.0,6.0,0.0,9.0,0.0,0.0,8.0,7.0,0.0,9.0,45.051582,0.0,200.0,6.0,0.0,14902.193,9.0,7.0,8.0,0.0,5.0,5.0,8.0,9.0,18.0,0.0,0.0,9.0,6.0,9.0,7.0,1002.88806,1003.07385,0.0,0.0,0.0,9.0,9.0,0.0,0.0,1500.0,0.0,0.0,0.0,0.0,0.0,0.0,15670.573,8.0,0.0,5.0,8.0,9.0,0.0,6.0,7.0,0.0,6.0,6.0,9.0,5.0,0.0,500.0,0.0,14950.518,27.0,527.9259,7.0,0.0,27.0,15002.292,0.0,501.67386,27.0,0.0,0.0,9.0,0.0,27.0,0.0,0.0,501.9003,853.1779,10.0,0.0,0.0,0.0,0.0,15000.0,0.0,7.0,9.0,0.0,0.0,1.5745295,9.0,0.0,9.0,0.0,0.0,0.0,9.0,0.0,9.0,0.0,15000.0,0.0,0.0,15000.0,1004.90204,7.0,1004.0007,8.0,7.0,8.0,0.0,9.0,8.0,6.0,0.0,9.0,5.0,9.0,7.0,5.0,6.0,0.0,9.0,0.0,0.0,0.0,14965.99,91.194885,15324.104,5.0,0.0,6.0,504.99506,6.0,8.0,15000.0,5.0,5.0,0.0,7.0,9.0,5.0,9.0,5.0,9.0,817.8955,1028.9591,0.0,0.0,0.0,27.0,0.0,9.0,0.0,853.1779,8.0,5.0,9.0,9.0,0.0,15000.0,8.0,6.0,8.0,9.0,5.0,8.0,0.0,8.0,9.0,523.5004,0.0,95.0,7.0,501.89578,0.0,0.0,7.0,0.0,0.0,0.0,0.0,9.0,0.0,9.0,5.0,7.0,0.0,9.0,7.0,7.0,9.0,7.0,6.0,6.0,27.0,297396.16,0.0,0.0,5.0,9.0,7.0,9.0,8.0,7.0,8.0,7.0,9.0,15032.363,8.0,6.0,10.0,9.0,5.0,531.51215,9.0,0.0,9.0
5100,0.0,7.0,7.0,95.0,8.0,6.0,8.0,6.0,7.0,6.0,5.0,7.0,7.0,7.0,5.0,6.0,9.0,14860.517,6.0,9.0,7.0,9.0,7.0,6.0,7.0,8.0,516.464,14905.043,15000.0,7.0,8.0,6.0,8.0,0.0,8.0,5.0,0.0,5.0,5.0,5.0,8.0,8.0,5.0,9.0,8.0,7.0,27.0,1021.53156,6.0,8.0,9.0,7.0,0.0,6.0,9.0,1018.4256,0.0,0.0,0.0,0.0,7.0,9.0,0.0,5.0,15000.0,9.0,15087.941,7.0,15000.0,9.0,6.0,5.0,0.0,6.0,0.0,9.0,0.0,0.0,8.0,7.0,0.0,9.0,45.051582,0.0,200.0,6.0,0.0,14902.193,9.0,7.0,8.0,0.0,5.0,5.0,8.0,9.0,18.0,0.0,0.0,9.0,6.0,9.0,7.0,1002.88806,1003.07385,0.0,0.0,0.0,9.0,9.0,0.0,0.0,1500.0,0.0,0.0,0.0,0.0,0.0,0.0,15662.837,8.0,0.0,5.0,8.0,9.0,0.0,6.0,7.0,0.0,6.0,6.0,9.0,5.0,0.0,500.0,0.0,14942.78,27.0,527.9259,7.0,0.0,27.0,15002.292,0.0,501.67386,27.0,0.0,0.0,9.0,0.0,27.0,0.0,0.0,501.9003,841.4179,10.0,0.0,0.0,0.0,0.0,15000.0,0.0,7.0,9.0,0.0,0.0,20.50168,9.0,0.0,9.0,0.0,0.0,0.0,9.0,0.0,9.0,0.0,15000.0,0.0,0.0,15000.0,1004.90204,7.0,1004.0007,8.0,7.0,8.0,0.0,9.0,8.0,6.0,0.0,9.0,5.0,9.0,7.0,5.0,6.0,0.0,9.0,0.0,0.0,0.0,14958.253,109.252396,15316.367,5.0,0.0,6.0,504.99506,6.0,8.0,15000.0,5.0,5.0,0.0,7.0,9.0,5.0,9.0,5.0,9.0,806.1355,1028.9591,0.0,0.0,0.0,27.0,0.0,9.0,0.0,841.4179,8.0,5.0,9.0,9.0,0.0,15000.0,8.0,6.0,8.0,9.0,5.0,8.0,0.0,8.0,9.0,523.5004,0.0,95.0,7.0,501.89578,0.0,0.0,7.0,0.0,0.0,0.0,0.0,9.0,0.0,9.0,5.0,7.0,0.0,9.0,7.0,7.0,9.0,7.0,6.0,6.0,27.0,297396.16,0.0,0.0,5.0,9.0,7.0,9.0,8.0,7.0,8.0,7.0,9.0,15032.363,8.0,6.0,10.0,9.0,5.0,531.51215,9.0,0.0,9.0
5160,0.0,7.0,7.0,95.0,8.0,6.0,8.0,6.0,7.0,6.0,5.0,7.0,7.0,7.0,5.0,6.0,9.0,14852.779,6.0,9.0,7.0,9.0,7.0,6.0,7.0,8.0,516.464,14897.306,15000.0,7.0,8.0,6.0,8.0,0.0,8.0,5.0,0.0,5.0,5.0,5.0,8.0,8.0,5.0,9.0,8.0,7.0,27.0,1021.53156,6.0,8.0,9.0,7.0,0.0,6.0,9.0,1018.4256,0.0,0.0,0.0,0.0,7.0,9.0,0.0,5.0,15000.0,9.0,15080.515,7.0,15000.0,9.0,6.0,5.0,0.0,6.0,0.0,9.0,0.0,0.0,8.0,7.0,0.0,9.0,45.051582,0.0,200.0,6.0,0.0,14902.193,9.0,7.0,8.0,0.0,5.0,5.0,8.0,9.0,18.0,0.0,0.0,9.0,6.0,9.0,7.0,1002.88806,1003.07385,0.0,0.0,0.0,9.0,9.0,0.0,0.0,1500.0,0.0,0.0,0.0,0.0,0.0,0.0,15655.1,8.0,0.0,5.0,8.0,9.0,0.0,6.0,7.0,0.0,6.0,6.0,9.0,5.0,0.0,500.0,0.0,14935.044,27.0,527.9259,7.0,0.0,27.0,15002.292,0.0,501.67386,27.0,0.0,0.0,9.0,0.0,27.0,0.0,0.0,501.9003,829.6579,10.0,0.0,0.0,0.0,0.0,15000.0,0.0,7.0,9.0,0.0,0.0,20.50168,9.0,0.0,9.0,0.0,0.0,0.0,9.0,0.0,9.0,0.0,15000.0,0.0,0.0,15000.0,1004.90204,7.0,1004.0007,8.0,7.0,8.0,0.0,9.0,8.0,6.0,0.0,9.0,5.0,9.0,7.0,5.0,6.0,0.0,9.0,0.0,0.0,0.0,14950.517,109.252396,15308.63,5.0,0.0,6.0,504.99506,6.0,8.0,15000.0,5.0,5.0,0.0,7.0,9.0,5.0,9.0,5.0,9.0,794.3755,1028.9591,0.0,0.0,0.0,27.0,0.0,9.0,0.0,829.6579,8.0,5.0,9.0,9.0,0.0,15000.0,8.0,6.0,8.0,9.0,5.0,8.0,0.0,8.0,9.0,523.5004,0.0,95.0,7.0,501.89578,0.0,0.0,7.0,0.0,0.0,0.0,0.0,9.0,0.0,9.0,5.0,7.0,0.0,9.0,7.0,7.0,9.0,7.0,6.0,6.0,27.0,297396.16,0.0,0.0,5.0,9.0,7.0,9.0,8.0,7.0,8.0,7.0,9.0,15032.363,8.0,6.0,10.0,9.0,5.0,531.51215,9.0,0.0,9.0
5220,0.0,7.0,7.0,95.0,8.0,6.0,8.0,6.0,7.0,6.0,5.0,7.0,7.0,7.0,5.0,6.0,9.0,14845.043,6.0,9.0,7.0,9.0,7.0,6.0,7.0,8.0,516.464,14889.569,15000.0,7.0,8.0,6.0,8.0,0.0,8.0,5.0,0.0,5.0,5.0,5.0,8.0,8.0,5.0,9.0,8.0,7.0,27.0,1021.53156,6.0,8.0,9.0,7.0,0.0,6.0,9.0,1018.4256,0.0,0.0,0.0,0.0,7.0,9.0,0.0,5.0,15000.0,9.0,15073.087,7.0,15000.0,9.0,6.0,5.0,0.0,6.0,0.0,9.0,0.0,0.0,8.0,7.0,0.0,9.0,45.051582,0.0,200.0,6.0,0.0,14902.193,9.0,7.0,8.0,0.0,5.0,5.0,8.0,9.0,18.0,0.0,0.0,9.0,6.0,9.0,7.0,1002.88806,1003.07385,0.0,0.0,0.0,9.0,9.0,0.0,0.0,1500.0,0.0,0.0,0.0,0.0,0.0,0.0,15647.363,8.0,0.0,5.0,8.0,9.0,0.0,6.0,7.0,0.0,6.0,6.0,9.0,5.0,0.0,500.0,0.0,14927.307,27.0,527.9259,7.0,0.0,27.0,15002.292,0.0,501.67386,27.0,0.0,0.0,9.0,0.0,27.0,0.0,0.0,501.9003,817.8979,10.0,0.0,0.0,0.0,0.0,15000.0,0.0,7.0,9.0,0.0,0.0,20.50168,9.0,0.0,9.0,0.0,0.0,0.0,9.0,0.0,9.0,0.0,15000.0,0.0,0.0,15000.0,1004.90204,7.0,1004.0007,8.0,7.0,8.0,0.0,9.0,8.0,6.0,0.0,9.0,5.0,9.0,7.0,5.0,6.0,0.0,9.0,0.0,0.0,0.0,14942.779,127.31225,15300.894,5.0,0.0,6.0,504.99506,6.0,8.0,15000.0,5.0,5.0,0.0,7.0,9.0,5.0,9.0,5.0,9.0,782.6155,1028.9591,0.0,0.0,0.0,27.0,0.0,9.0,0.0,817.8979,8.0,5.0,9.0,9.0,0.0,15000.0,8.0,6.0,8.0,9.0,5.0,8.0,0.0,8.0,9.0,523.5004,0.0,95.0,7.0,501.89578,0.0,0.0,7.0,0.0,0.0,0.0,0.0,9.0,0.0,9.0,5.0,7.0,0.0,9.0,7.0,7.0,9.0,7.0,6.0,6.0,27.0,297396.16,0.0,0.0,5.0,9.0,7.0,9.0,8.0,7.0,8.0,7.0,9.0,15032.363,8.0,6.0,10.0,9.0,5.0,531.51215,9.0,0.0,9.0
5280,0.0,7.0,7.0,95.0,8.0,6.0,8.0,6.0,7.0,6.0,5.0,7.0,7.0,7.0,5.0,6.0,9.0,14837.306,6.0,9.0,7.0,9.0,7.0,6.0,7.0,8.0,516.464,14881.832,15000.0,7.0,8.0,6.0,8.0,0.0,8.0,5.0,0.0,5.0,5.0,5.0,8.0,8.0,5.0,9.0,8.0,7.0,27.0,1021.53156,6.0,8.0,9.0,7.0,0.0,6.0,9.0,1018.4256,0.0,0.0,0.0,0.0,7.0,9.0,0.0,5.0,15000.0,9.0,15065.659,7.0,15000.0,9.0,6.0,5.0,0.0,6.0,0.0,9.0,0.0,0.0,8.0,7.0,0.0,9.0,45.051582,0.0,200.0,6.0,0.0,14902.193,9.0,7.0,8.0,0.0,5.0,5.0,8.0,9.0,18.0,0.0,0.0,9.0,6.0,9.0,7.0,1002.88806,1003.07385,0.0,0.0,0.0,9.0,9.0,0.0,0.0,1500.0,0.0,0.0,0.0,0.0,0.0,0.0,15639.626,8.0,0.0,5.0,8.0,9.0,0.0,6.0,7.0,0.0,6.0,6.0,9.0,5.0,0.0,500.0,0.0,14919.57,27.0,527.9259,7.0,0.0,27.0,15002.292,0.0,501.67386,27.0,0.0,0.0,9.0,0.0,27.0,0.0,0.0,501.9003,806.13794,10.0,0.0,0.0,0.0,0.0,15000.0,0.0,7.0,9.0,0.0,0.0,39.43336,9.0,0.0,9.0,0.0,0.0,0.0,9.0,0.0,9.0,0.0,15000.0,0.0,0.0,15000.0,1004.90204,7.0,1004.0007,8.0,7.0,8.0,0.0,9.0,8.0,6.0,0.0,9.0,5.0,9.0,7.0,5.0,6.0,0.0,9.0,0.0,0.0,0.0,14935.043,127.31225,15293.156,5.0,0.0,6.0,504.99506,6.0,8.0,15000.0,5.0,5.0,0.0,7.0,9.0,5.0,9.0,5.0,9.0,770.85547,1028.9591,0.0,0.0,0.0,27.0,0.0,9.0,0.0,806.13794,8.0,5.0,9.0,9.0,0.0,15000.0,8.0,6.0,8.0,9.0,5.0,8.0,0.0,8.0,9.0,523.5004,0.0,95.0,7.0,501.89578,0.0,0.0,7.0,0.0,0.0,0.0,0.0,9.0,0.0,9.0,5.0,7.0,0.0,9.0,7.0,7.0,9.0,7.0,6.0,6.0,27.0,297396.16,0.0,0.0,5.0,9.0,7.0,9.0,8.0,7.0,8.0,7.0,9.0,15032.363,8.0,6.0,10.0,9.0,5.0,531.51215,9.0,0.0,9.0
5340,0.0,7.0,7.0,95.0,8.0,6.0,8.0,6.0,7.0,6.0,5.0,7.0,7.0,7.0,5.0,6.0,9.0,14829.569,6.0,9.0,7.0,9.0,7.0,6.0,7.0,8.0,516.464,14874.096,15000.0,7.0,8.0,6.0,8.0,0.0,8.0,5.0,0.0,5.0,5.0,5.0,8.0,8.0,5.0,9.0,8.0,7.0,27.0,1021.53156,6.0,8.0,9.0,7.0,0.0,6.0,9.0,1018.4256,0.0,0.0,0.0,0.0,7.0,9.0,0.0,5.0,15000.0,9.0,15058.232,7.0,15000.0,9.0,6.0,5.0,0.0,6.0,0.0,9.0,0.0,0.0,8.0,7.0,0.0,9.0,45.051582,0.0,200.0,6.0,0.0,14902.193,9.0,7.0,8.0,0.0,5.0,5.0,8.0,9.0,18.0,0.0,0.0,9.0,6.0,9.0,7.0,1002.88806,1003.07385,0.0,0.0,0.0,9.0,9.0,0.0,0.0,1500.0,0.0,0.0,0.0,0.0,0.0,0.0,15631.89,8.0,0.0,5.0,8.0,9.0,0.0,6.0,7.0,0.0,6.0,6.0,9.0,5.0,0.0,500.0,0.0,14911.833,27.0,527.9259,7.0,0.0,27.0,15002.292,0.0,501.67386,27.0,0.0,0.0,9.0,0.0,27.0,0.0,0.0,501.9003,794.3779,10.0,0.0,0.0,0.0,0.0,15000.0,0.0,7.0,9.0,0.0,0.0,39.43336,9.0,0.0,9.0,0.0,0.0,0.0,9.0,0.0,9.0,0.0,15000.0,0.0,0.0,15000.0,1004.90204,7.0,1004.0007,8.0,7.0,8.0,0.0,9.0,8.0,6.0,0.0,9.0,5.0,9.0,7.0,5.0,6.0,0.0,9.0,0.0,0.0,0.0,14927.306,127.31225,15285.42,5.0,0.0,6.0,504.99506,6.0,8.0,15000.0,5.0,5.0,0.0,7.0,9.0,5.0,9.0,5.0,9.0,759.0955,1028.9591,0.0,0.0,0.0,27.0,0.0,9.0,0.0,794.3779,8.0,5.0,9.0,9.0,0.0,15000.0,8.0,6.0,8.0,9.0,5.0,8.0,0.0,8.0,9.0,523.5004,0.0,95.0,7.0,501.89578,0.0,0.0,7.0,0.0,0.0,0.0,0.0,9.0,0.0,9.0,5.0,7.0,0.0,9.0,7.0,7.0,9.0,7.0,6.0,6.0,27.0,297396.16,0.0,0.0,5.0,9.0,7.0,9.0,8.0,7.0,8.0,7.0,9.0,15032.363,8.0,6.0,10.0,9.0,5.0,531.51215,9.0,0.0,9.0
5400,0.0,7.0,4.0,95.0,8.0,2.0,8.0,2.0,7.0,6.0,5.0,7.0,7.0,7.0,5.0,2.0,8.0,14821.832,6.0,8.0,7.0,8.0,7.0,6.0,7.0,6.0,516.464,14866.358,15000.0,4.0,8.0,6.0,6.0,0.0,8.0,5.0,0.0,5.0,5.0,5.0,6.0,6.0,5.0,8.0,6.0,4.0,27.0,1021.53156,6.0,8.0,8.0,4.0,0.0,2.0,8.0,1018.4256,0.0,0.0,0.0,0.0,4.0,8.0,0.0,5.0,15000.0,8.0,15050.805,7.0,15000.0,9.0,6.0,5.0,0.0,6.0,0.0,9.0,0.0,0.0,8.0,7.0,0.0,8.0,45.051582,0.0,200.0,6.0,0.0,14902.193,9.0,7.0,6.0,0.0,5.0,5.0,6.0,8.0,18.0,0.0,0.0,9.0,6.0,9.0,7.0,1002.88806,1003.07385,0.0,0.0,0.0,8.0,8.0,0.0,0.0,1500.0,0.0,0.0,0.0,0.0,0.0,0.0,15624.152,8.0,0.0,5.0,6.0,9.0,0.0,6.0,7.0,0.0,6.0,6.0,9.0,5.0,0.0,500.0,0.0,14904.097,27.0,527.9259,4.0,0.0,27.0,15002.292,0.0,501.67386,27.0,0.0,0.0,9.0,0.0,27.0,0.0,0.0,501.9003,782.6179,10.0,0.0,0.0,0.0,0.0,15000.0,0.0,4.0,8.0,0.0,0.0,39.43336,8.0,0.0,9.0,0.0,0.0,0.0,9.0,0.0,8.0,0.0,15000.0,0.0,0.0,15000.0,1004.90204,4.0,1004.0007,6.0,7.0,8.0,0.0,8.0,6.0,2.0,0.0,8.0,5.0,8.0,7.0,5.0,6.0,0.0,9.0,0.0,0.0,0.0,14919.569,145.37868,15277.683,5.0,0.0,2.0,504.99506,6.0,6.0,15000.0,5.0,5.0,0.0,4.0,8.0,5.0,8.0,5.0,8.0,747.3355,1028.9591,0.0,0.0,0.0,27.0,0.0,8.0,0.0,782.6179,6.0,5.0,8.0,8.0,0.0,15000.0,6.0,6.0,6.0,9.0,5.0,6.0,0.0,6.0,9.0,523.5004,0.0,95.0,7.0,501.89578,0.0,0.0,7.0,0.0,0.0,0.0,0.0,9.0,0.0,9.0,5.0,7.0,0.0,9.0,7.0,7.0,9.0,4.0,6.0,6.0,27.0,297396.16,0.0,0.0,5.0,9.0,4.0,9.0,8.0,4.0,8.0,7.0,9.0,15032.363,8.0,6.0,10.0,9.0,5.0,531.51215,9.0,0.0,9.0
5460,0.0,4.0,4.0,95.0,6.0,2.0,8.0,2.0,7.0,2.0,5.0,7.0,7.0,7.0,5.0,2.0,8.0,14821.832,2.0,8.0,7.0,8.0,4.0,6.0,7.0,6.0,516.464,14866.358,15000.0,4.0,8.0,2.0,6.0,0.0,6.0,5.0,0.0,5.0,5.0,5.0,6.0,6.0,5.0,8.0,6.0,4.0,24.0,1021.53156,2.0,8.0,8.0,4.0,0.0,2.0,8.0,1018.4256,0.0,0.0,0.0,0.0,4.0,8.0,0.0,5.0,15000.0,8.0,15043.377,4.0,15000.0,8.0,2.0,5.0,0.0,6.0,0.0,8.0,0.0,0.0,8.0,7.0,0.0,8.0,45.051582,0.0,200.0,2.0,0.0,14902.193,8.0,7.0,6.0,0.0,5.0,5.0,6.0,8.0,16.0,0.0,0.0,8.0,6.0,9.0,4.0,1002.88806,1003.07385,0.0,0.0,0.0,8.0,8.0,0.0,0.0,1500.0,0.0,0.0,0.0,0.0,0.0,0.0,15624.152,6.0,0.0,5.0,6.0,8.0,0.0,6.0,4.0,0.0,6.0,6.0,9.0,5.0,0.0,500.0,0.0,14904.097,24.0,527.9259,4.0,0.0,24.0,15002.292,0.0,501.67386,24.0,0.0,0.0,9.0,0.0,24.0,0.0,0.0,501.9003,782.6179,10.0,0.0,0.0,0.0,0.0,15000.0,0.0,4.0,8.0,0.0,0.0,58.370583,8.0,0.0,8.0,0.0,0.0,0.0,8.0,0.0,8.0,0.0,15000.0,0.0,0.0,15000.0,1004.90204,4.0,1004.0007,6.0,7.0,8.0,0.0,8.0,6.0,2.0,0.0,8.0,5.0,8.0,7.0,5.0,6.0,0.0,8.0,0.0,0.0,0.0,14919.569,145.37868,15277.683,5.0,0.0,2.0,504.99506,2.0,6.0,15000.0,5.0,5.0,0.0,4.0,8.0,5.0,8.0,5.0,8.0,747.3355,1028.9591,0.0,0.0,0.0,24.0,0.0,8.0,0.0,782.6179,6.0,5.0,8.0,8.0,0.0,15000.0,6.0,6.0,6.0,9.0,5.0,6.0,0.0,6.0,9.0,523.5004,0.0,95.0,4.0,501.89578,0.0,0.0,4.0,0.0,0.0,0.0,0.0,9.0,0.0,9.0,5.0,7.0,0.0,9.0,7.0,7.0,9.0,4.0,2.0,6.0,24.0,297396.16,0.0,0.0,5.0,8.0,4.0,8.0,6.0,4.0,6.0,7.0,8.0,15032.363,6.0,2.0,10.0,9.0,5.0,531.51215,9.0,0.0,8.0
5520,0.0,4.0,4.0,95.0,6.0,2.0,8.0,2.0,4.0,2.0,5.0,4.0,7.0,7.0,5.0,2.0,8.0,14821.832,2.0,8.0,4.0,8.0,4.0,6.0,7.0,6.0,516.464,14866.358,15000.0,4.0,6.0,2.0,6.0,0.0,6.0,5.0,0.0,5.0,5.0,5.0,6.0,6.0,5.0,8.0,6.0,4.0,24.0,1021.53156,2.0,6.0,8.0,4.0,0.0,2.0,8.0,1018.4256,0.0,0.0,0.0,0.0,4.0,8.0,0.0,5.0,15000.0,8.0,15043.377,4.0,15000.0,8.0,2.0,5.0,0.0,2.0,0.0,8.0,0.0,0.0,6.0,4.0,0.0,8.0,45.051582,0.0,200.0,2.0,0.0,14902.193,8.0,4.0,6.0,0.0,5.0,5.0,6.0,8.0,16.0,0.0,0.0,8.0,6.0,8.0,4.0,1002.88806,1003.07385,0.0,0.0,0.0,8.0,8.0,0.0,0.0,1500.0,0.0,0.0,0.0,0.0,0.0,0.0,15624.152,6.0,0.0,5.0,6.0,8.0,0.0,2.0,4.0,0.0,2.0,2.0,8.0,5.0,0.0,500.0,0.0,14904.097,24.0,527.9259,4.0,0.0,24.0,15002.292,0.0,501.67386,24.0,0.0,0.0,8.0,0.0,24.0,0.0,0.0,501.9003,782.6179,10.0,0.0,0.0,0.0,0.0,15000.0,0.0,4.0,8.0,0.0,0.0,77.315384,8.0,0.0,8.0,0.0,0.0,0.0,8.0,0.0,8.0,0.0,15000.0,0.0,0.0,15000.0,1004.90204,4.0,1004.0007,6.0,7.0,8.0,0.0,8.0,6.0,2.0,0.0,8.0,5.0,8.0,7.0,5.0,2.0,0.0,8.0,0.0,0.0,0.0,14919.569,145.37868,15277.683,5.0,0.0,2.0,504.99506,2.0,6.0,15000.0,5.0,5.0,0.0,4.0,8.0,5.0,8.0,5.0,8.0,747.3355,1028.9591,0.0,0.0,0.0,24.0,0.0,8.0,0.0,782.6179,6.0,5.0,8.0,8.0,0.0,15000.0,6.0,2.0,6.0,8.0,5.0,6.0,0.0,6.0,8.0,523.5004,0.0,90.0,4.0,501.89578,0.0,0.0,4.0,0.0,0.0,0.0,0.0,8.0,0.0,8.0,5.0,4.0,0.0,9.0,4.0,4.0,9.0,4.0,2.0,2.0,24.0,297396.16,0.0,0.0,5.0,8.0,4.0,8.0,6.0,4.0,6.0,4.0,8.0,15032.363,6.0,2.0,10.0,9.0,5.0,531.51215,8.0,0.0,8.0
5580,0.0,4.0,4.0,90.0,6.0,2.0,6.0,2.0,4.0,2.0,5.0,4.0,4.0,4.0,5.0,2.0,8.0,14821.832,2.0,8.0,4.0,8.0,4.0,2.0,4.0,6.0,516.464,14866.358,15000.0,4.0,6.0,2.0,6.0,0.0,6.0,5.0,0.0,5.0,5.0,5.0,6.0,6.0,5.0,8.0,6.0,4.0,24.0,1021.53156,2.0,6.0,8.0,4.0,0.0,2.0,8.0,1018.4256,0.0,0.0,0.0,0.0,4.0,8.0,0.0,5.0,15000.0,8.0,15043.377,4.0,15000.0,8.0,2.0,5.0,0.0,2.0,0.0,8.0,0.0,0.0,6.0,4.0,0.0,8.0,45.051582,0.0,200.0,2.0,0.0,14902.193,8.0,4.0,6.0,0.0,5.0,5.0,6.0,8.0,16.0,0.0,0.0,8.0,2.0,8.0,4.0,1002.88806,1003.07385,0.0,0.0,0.0,8.0,8.0,0.0,0.0,1500.0,0.0,0.0,0.0,0.0,0.0,0.0,15624.152,6.0,0.0,5.0,6.0,8.0,0.0,2.0,4.0,0.0,2.0,2.0,8.0,5.0,0.0,500.0,0.0,14904.097,24.0,527.9259,4.0,0.0,24.0,15002.292,0.0,501.67386,24.0,0.0,0.0,8.0,0.0,24.0,0.0,0.0,501.9003,782.6179,10.0,0.0,0.0,0.0,0.0,15000.0,0.0,4.0,8.0,0.0,0.0,96.27338,8.0,0.0,8.0,0.0,0.0,0.0,8.0,0.0,8.0,0.0,15000.0,0.0,0.0,15000.0,1004.90204,4.0,1004.0007,6.0,7.0,8.0,0.0,8.0,6.0,2.0,0.0,8.0,5.0,8.0,7.0,5.0,2.0,0.0,8.0,0.0,0.0,0.0,14919.569,163.45135,15277.683,5.0,0.0,2.0,504.99506,2.0,6.0,15000.0,5.0,5.0,0.0,4.0,8.0,5.0,8.0,5.0,8.0,735.5755,1028.9591,0.0,0.0,0.0,24.0,0.0,8.0,0.0,782.6179,6.0,5.0,8.0,8.0,0.0,15000.0,6.0,2.0,6.0,8.0,5.0,6.0,0.0,6.0,8.0,523.5004,0.0,90.0,4.0,501.89578,0.0,0.0,4.0,0.0,0.0,0.0,0.0,8.0,0.0,8.0,5.0,4.0,0.0,9.0,4.0,4.0,9.0,4.0,2.0,2.0,24.0,297396.16,0.0,0.0,5.0,8.0,4.0,8.0,6.0,4.0,6.0,4.0,8.0,15032.363,6.0,2.0,10.0,8.0,5.0,531.51215,8.0,0.0,8.0
5640,0.0,4.0,4.0,90.0,6.0,2.0,6.0,2.0,4.0,2.0,5.0,4.0,4.0,4.0,5.0,2.0,8.0,14821.832,2.0,8.0,4.0,8.0,4.0,2.0,4.0,6.0,516.464,14866.358,15000.0,4.0,6.0,2.0,6.0,0.0,6.0,5.0,0.0,5.0,5.0,5.0,6.0,6.0,5.0,8.0,6.0,4.0,24.0,1021.53156,2.0,6.0,8.0,4.0,0.0,2.0,8.0,1018.4256,0.0,0.0,0.0,0.0,4.0,8.0,0.0,5.0,15000.0,8.0,15043.377,4.0,15000.0,8.0,2.0,5.0,0.0,2.0,0.0,8.0,0.0,0.0,6.0,4.0,0.0,8.0,45.051582,0.0,200.0,2.0,0.0,14902.193,8.0,4.0,6.0,0.0,5.0,5.0,6.0,8.0,16.0,0.0,0.0,8.0,2.0,8.0,4.0,1002.88806,1003.07385,0.0,0.0,0.0,8.0,8.0,0.0,0.0,1500.0,0.0,0.0,0.0,0.0,0.0,0.0,15624.152,6.0,0.0,5.0,6.0,8.0,0.0,2.0,4.0,0.0,2.0,2.0,8.0,5.0,0.0,500.0,0.0,14904.097,24.0,527.9259,4.0,0.0,24.0,15002.292,0.0,501.67386,24.0,0.0,0.0,8.0,0.0,24.0,0.0,0.0,501.9003,770.8579,10.0,0.0,0.0,0.0,0.0,15000.0,0.0,4.0,8.0,0.0,0.0,115.24673,8.0,0.0,8.0,0.0,0.0,0.0,8.0,0.0,8.0,0.0,15000.0,0.0,0.0,15000.0,1004.90204,4.0,1004.0007,6.0,4.0,6.0,0.0,8.0,6.0,2.0,0.0,8.0,5.0,8.0,4.0,5.0,2.0,0.0,8.0,0.0,0.0,0.0,14919.569,163.45135,15277.683,5.0,0.0,2.0,504.99506,2.0,6.0,15000.0,5.0,5.0,0.0,4.0,8.0,5.0,8.0,5.0,8.0,723.8155,1028.9591,0.0,0.0,0.0,24.0,0.0,8.0,0.0,782.6179,6.0,5.0,8.0,8.0,0.0,15000.0,6.0,2.0,6.0,8.0,5.0,6.0,0.0,6.0,8.0,523.5004,0.0,90.0,4.0,501.89578,0.0,0.0,4.0,0.0,0.0,0.0,0.0,8.0,0.0,8.0,5.0,4.0,0.0,8.0,4.0,4.0,8.0,4.0,2.0,2.0,24.0,297396.16,0.0,0.0,5.0,8.0,4.0,8.0,6.0,4.0,6.0,4.0,8.0,15032.363,6.0,2.0,10.0,8.0,5.0,531.51215,8.0,0.0,8.0
5700,0.0,4.0,4.0,90.0,6.0,2.0,6.0,2.0,4.0,2.0,5.0,4.0,4.0,4.0,5.0,2.0,8.0,14821.832,2.0,8.0,4.0,8.0,4.0,2.0,4.0,6.0,516.464,14866.358,15000.0,4.0,6.0,2.0,6.0,0.0,6.0,5.0,0.0,5.0,5.0,5.0,6.0,6.0,5.0,8.0,6.0,4.0,24.0,1021.53156,2.0,6.0,8.0,4.0,0.0,2.0,8.0,1018.4256,0.0,0.0,0.0,0.0,4.0,8.0,0.0,5.0,15000.0,8.0,15043.377,4.0,15000.0,8.0,2.0,5.0,0.0,2.0,0.0,8.0,0.0,0.0,6.0,4.0,0.0,8.0,45.051582,0.0,200.0,2.0,0.0,14902.193,8.0,4.0,6.0,0.0,5.0,5.0,6.0,8.0,16.0,0.0,0.0,8.0,2.0,8.0,4.0,1002.88806,1003.07385,0.0,0.0,0.0,8.0,8.0,0.0,0.0,1500.0,0.0,0.0,0.0,0.0,0.0,0.0,15624.152,6.0,0.0,5.0,6.0,8.0,0.0,2.0,4.0,0.0,2.0,2.0,8.0,5.0,0.0,500.0,0.0,14904.097,24.0,527.9259,4.0,0.0,24.0,15002.292,0.0,501.67386,24.0,0.0,0.0,8.0,0.0,24.0,0.0,0.0,501.9003,759.0979,10.0,0.0,0.0,0.0,0.0,15000.0,0.0,4.0,8.0,0.0,0.0,134.2357,8.0,0.0,8.0,0.0,0.0,0.0,8.0,0.0,8.0,0.0,15000.0,0.0,0.0,15000.0,1004.90204,4.0,1004.0007,6.0,4.0,6.0,0.0,8.0,6.0,2.0,0.0,8.0,5.0,8.0,4.0,5.0,2.0,0.0,8.0,0.0,0.0,0.0,14919.569,181.52756,15277.683,5.0,0.0,2.0,504.99506,2.0,6.0,15000.0,5.0,5.0,0.0,4.0,8.0,5.0,8.0,5.0,8.0,712.0555,1028.9591,0.0,0.0,0.0,24.0,0.0,8.0,0.0,770.8579,6.0,5.0,8.0,8.0,0.0,15000.0,6.0,2.0,6.0,8.0,5.0,6.0,0.0,6.0,8.0,523.5004,0.0,90.0,4.0,501.89578,0.0,0.0,4.0,0.0,0.0,0.0,0.0,8.0,0.0,8.0,5.0,4.0,0.0,8.0,4.0,4.0,8.0,4.0,2.0,2.0,24.0,297396.16,0.0,0.0,5.0,8.0,4.0,8.0,6.0,4.0,6.0,4.0,8.0,15032.363,6.0,2.0,10.0,8.0,5.0,531.51215,8.0,0.0,8.0
5760,0.0,4.0,4.0,90.0,6.0,2.0,6.0,2.0,4.0,2.0,5.0,4.0,4.0,4.0,5.0,2.0,8.0,14821.832,2.0,8.0,4.0,8.0,4.0,2.0,4.0,6.0,516.464,14791.358,15000.0,4.0,6.0,2.0,6.0,0.0,6.0,5.0,0.0,5.0,5.0,5.0,6.0,6.0,5.0,8.0,6.0,4.0,24.0,1021.53156,2.0,6.0,8.0,4.0,0.0,2.0,8.0,1018.4256,0.0,0.0,0.0,0.0,4.0,8.0,0.0,5.0,15000.0,8.0,15043.377,4.0,15000.0,8.0,2.0,5.0,0.0,2.0,0.0,8.0,0.0,0.0,6.0,4.0,0.0,8.0,45.051582,0.0,200.0,2.0,0.0,14902.193,8.0,4.0,6.0,0.0,5.0,5.0,6.0,8.0,16.0,0.0,0.0,8.0,77.0,8.0,4.0,1002.88806,1003.07385,0.0,0.0,0.0,8.0,8.0,0.0,0.0,1500.0,0.0,0.0,0.0,0.0,0.0,0.0,15624.152,6.0,0.0,5.0,6.0,8.0,0.0,2.0,4.0,0.0,2.0,2.0,8.0,5.0,0.0,500.0,0.0,14904.097,24.0,527.9259,4.0,0.0,24.0,15002.292,0.0,501.67386,24.0,0.0,0.0,8.0,0.0,24.0,0.0,0.0,501.9003,747.3379,10.0,0.0,0.0,0.0,0.0,15000.0,0.0,4.0,8.0,0.0,0.0,134.2357,8.0,0.0,8.0,0.0,0.0,0.0,8.0,0.0,8.0,0.0,15000.0,0.0,0.0,15000.0,1004.90204,4.0,1004.0007,6.0,4.0,6.0,0.0,8.0,6.0,2.0,0.0,8.0,5.0,8.0,4.0,5.0,2.0,0.0,8.0,0.0,0.0,0.0,14919.569,181.52756,15277.683,5.0,0.0,2.0,504.99506,2.0,6.0,15000.0,5.0,5.0,0.0,4.0,8.0,5.0,8.0,5.0,8.0,700.2955,1028.9591,0.0,0.0,0.0,24.0,0.0,8.0,0.0,759.0979,6.0,5.0,8.0,8.0,0.0,15000.0,6.0,2.0,6.0,8.0,5.0,6.0,0.0,6.0,8.0,523.5004,0.0,90.0,4.0,501.89578,0.0,0.0,4.0,0.0,0.0,0.0,0.0,8.0,0.0,8.0,5.0,4.0,0.0,8.0,4.0,4.0,8.0,4.0,2.0,2.0,24.0,297396.16,0.0,0.0,5.0,8.0,4.0,8.0,6.0,4.0,6.0,4.0,8.0,15032.363,6.0,2.0,10.0,8.0,5.0,531.51215,8.0,0.0,8.0
5820,0.0,4.0,4.0,90.0,6.0,2.0,6.0,2.0,4.0,2.0,5.0,4.0,4.0,4.0,5.0,2.0,8.0,14821.832,2.0,8.0,4.0,8.0,4.0,2.0,4.0,6.0,516.464,14791.358,15000.0,4.0,6.0,2.0,6.0,0.0,6.0,5.0,0.0,5.0,5.0,5.0,6.0,6.0,5.0,8.0,6.0,4.0,24.0,1021.53156,2.0,6.0,8.0,4.0,0.0,2.0,8.0,1018.4256,0.0,0.0,0.0,0.0,4.0,8.0,0.0,5.0,15000.0,8.0,15043.377,4.0,15000.0,8.0,2.0,5.0,0.0,2.0,0.0,8.0,0.0,0.0,6.0,4.0,0.0,8.0,45.051582,0.0,200.0,2.0,0.0,14902.193,8.0,4.0,6.0,0.0,5.0,5.0,6.0,8.0,16.0,0.0,0.0,8.0,77.0,8.0,4.0,1002.88806,1003.07385,0.0,0.0,0.0,8.0,8.0,0.0,0.0,1500.0,0.0,0.0,0.0,0.0,0.0,0.0,15624.152,6.0,0.0,5.0,6.0,8.0,0.0,2.0,4.0,0.0,2.0,2.0,8.0,5.0,0.0,500.0,0.0,14904.097,24.0,527.9259,4.0,0.0,24.0,15002.292,0.0,501.67386,24.0,0.0,0.0,8.0,0.0,24.0,0.0,0.0,501.9003,735.57794,10.0,0.0,0.0,0.0,0.0,15000.0,0.0,4.0,8.0,0.0,0.0,153.25623,8.0,0.0,8.0,0.0,0.0,0.0,8.0,0.0,8.0,0.0,15000.0,0.0,0.0,15000.0,1004.90204,4.0,1004.0007,6.0,4.0,6.0,0.0,8.0,6.0,2.0,0.0,8.0,5.0,8.0,4.0,5.0,2.0,0.0,8.0,0.0,0.0,0.0,14919.569,199.6073,15277.683,5.0,0.0,2.0,504.99506,2.0,6.0,15000.0,5.0,5.0,0.0,4.0,8.0,5.0,8.0,5.0,8.0,688.5355,1028.9591,0.0,0.0,0.0,24.0,0.0,8.0,0.0,747.3379,6.0,5.0,8.0,8.0,0.0,15000.0,6.0,2.0,6.0,8.0,5.0,6.0,0.0,6.0,8.0,523.5004,0.0,90.0,4.0,501.89578,0.0,0.0,4.0,0.0,0.0,0.0,0.0,8.0,0.0,8.0,5.0,4.0,0.0,8.0,4.0,4.0,8.0,4.0,2.0,2.0,24.0,297396.16,0.0,0.0,5.0,8.0,4.0,8.0,6.0,4.0,6.0,4.0,8.0,15032.363,6.0,2.0,10.0,8.0,5.0,531.51215,8.0,0.0,8.0
5880,0.0,4.0,4.0,90.0,6.0,2.0,6.0,2.0,4.0,2.0,5.0,4.0,4.0,4.0,5.0,2.0,8.0,14821.832,2.0,8.0,4.0,8.0,4.0,2.0,4.0,6.0,516.464,14791.358,15000.0,4.0,6.0,2.0,6.0,0.0,6.0,5.0,0.0,5.0,5.0,5.0,6.0,6.0,5.0,8.0,6.0,4.0,24.0,1021.53156,2.0,6.0,8.0,4.0,0.0,2.0,8.0,1018.4256,0.0,0.0,0.0,0.0,4.0,8.0,0.0,5.0,15000.0,8.0,15043.377,4.0,15000.0,8.0,2.0,5.0,0.0,2.0,0.0,8.0,0.0,0.0,6.0,4.0,0.0,8.0,45.051582,0.0,200.0,2.0,0.0,14902.193,8.0,4.0,6.0,0.0,5.0,5.0,6.0,8.0,16.0,0.0,0.0,8.0,77.0,8.0,4.0,1002.88806,1003.07385,0.0,0.0,0.0,8.0,8.0,0.0,0.0,1500.0,0.0,0.0,0.0,0.0,0.0,0.0,15624.152,6.0,0.0,5.0,6.0,8.0,0.0,2.0,4.0,0.0,2.0,2.0,8.0,5.0,0.0,500.0,0.0,14904.097,24.0,527.9259,4.0,0.0,24.0,15002.292,0.0,501.67386,24.0,0.0,0.0,8.0,0.0,24.0,0.0,0.0,501.9003,723.81793,10.0,0.0,0.0,0.0,0.0,15000.0,0.0,4.0,8.0,0.0,0.0,172.2906,8.0,0.0,8.0,0.0,0.0,0.0,8.0,0.0,8.0,0.0,15000.0,0.0,0.0,15000.0,1004.90204,4.0,1004.0007,6.0,4.0,6.0,0.0,8.0,6.0,2.0,0.0,8.0,5.0,8.0,4.0,5.0,2.0,0.0,8.0,0.0,0.0,0.0,14919.569,217.68753,15277.683,5.0,0.0,2.0,504.99506,2.0,6.0,15000.0,5.0,5.0,0.0,4.0,8.0,5.0,8.0,5.0,8.0,676.7755,1028.9591,0.0,0.0,0.0,24.0,0.0,8.0,0.0,735.57794,6.0,5.0,8.0,8.0,0.0,15000.0,6.0,2.0,6.0,8.0,5.0,6.0,0.0,6.0,8.0,523.5004,0.0,90.0,4.0,501.89578,0.0,0.0,4.0,0.0,0.0,0.0,0.0,8.0,0.0,8.0,5.0,4.0,0.0,8.0,4.0,4.0,8.0,4.0,2.0,2.0,24.0,297396.16,0.0,0.0,5.0,8.0,4.0,8.0,6.0,4.0,6.0,4.0,8.0,15032.363,6.0,2.0,10.0,8.0,5.0,531.51215,8.0,0.0,8.0
5940,0.0,4.0,4.0,90.0,6.0,2.0,6.0,2.0,4.0,2.0,5.0,4.0,4.0,4.0,5.0,2.0,8.0,14821.832,2.0,8.0,4.0,8.0,4.0,2.0,4.0,6.0,516.464,14791.358,15000.0,4.0,6.0,2.0,6.0,0.0,6.0,5.0,0.0,5.0,5.0,5.0,6.0,6.0,5.0,8.0,6.0,4.0,24.0,1021.53156,2.0,6.0,8.0,4.0,0.0,2.0,8.0,1018.4256,0.0,0.0,0.0,0.0,4.0,8.0,0.0,5.0,15000.0,8.0,15043.377,4.0,15000.0,8.0,2.0,5.0,0.0,2.0,0.0,8.0,0.0,0.0,6.0,4.0,0.0,8.0,45.051582,0.0,200.0,2.0,0.0,14902.193,8.0,4.0,6.0,0.0,5.0,5.0,6.0,8.0,16.0,0.0,0.0,8.0,77.0,8.0,4.0,1002.88806,1003.07385,0.0,0.0,0.0,8.0,8.0,0.0,0.0,1500.0,0.0,0.0,0.0,0.0,0.0,0.0,15624.152,6.0,0.0,5.0,6.0,8.0,0.0,2.0,4.0,0.0,2.0,2.0,8.0,5.0,0.0,500.0,0.0,14904.097,24.0,527.9259,4.0,0.0,24.0,15002.292,0.0,501.67386,24.0,0.0,0.0,8.0,0.0,24.0,0.0,0.0,501.9003,712.0579,10.0,0.0,0.0,0.0,0.0,15000.0,0.0,4.0,8.0,0.0,0.0,172.2906,8.0,0.0,8.0,0.0,0.0,0.0,8.0,0.0,8.0,0.0,15000.0,0.0,0.0,15000.0,1004.90204,4.0,1004.0007,6.0,4.0,6.0,0.0,8.0,6.0,2.0,0.0,8.0,5.0,8.0,4.0,5.0,2.0,0.0,8.0,0.0,0.0,0.0,14919.569,235.76883,15277.683,5.0,0.0,2.0,504.99506,2.0,6.0,15000.0,5.0,5.0,0.0,4.0,8.0,5.0,8.0,5.0,8.0,665.0155,1028.9591,0.0,0.0,0.0,24.0,0.0,8.0,0.0,723.81793,6.0,5.0,8.0,8.0,0.0,15000.0,6.0,2.0,6.0,8.0,5.0,6.0,0.0,6.0,8.0,523.5004,0.0,90.0,4.0,501.89578,0.0,0.0,4.0,0.0,0.0,0.0,0.0,8.0,0.0,8.0,5.0,4.0,0.0,8.0,4.0,4.0,8.0,4.0,2.0,2.0,24.0,297396.16,0.0,0.0,5.0,8.0,4.0,8.0,6.0,4.0,6.0,4.0,8.0,15032.363,6.0,2.0,10.0,8.0,5.0,531.51215,8.0,0.0,8.0
6000,0.0,4.0,4.0,90.0,6.0,2.0,6.0,2.0,4.0,2.0,5.0,4.0,4.0,4.0,5.0,2.0,8.0,14821.832,2.0,8.0,4.0,8.0,4.0,2.0,4.0,6.0,516.464,14791.358,15000.0,4.0,6.0,2.0,6.0,0.0,6.0,5.0,0.0,5.0,5.0,5.0,6.0,6.0,5.0,8.0,6.0,4.0,24.0,1021.53156,2.0,6.0,8.0,4.0,0.0,2.0,8.0,1018.4256,0.0,0.0,0.0,0.0,4.0,8.0,0.0,5.0,15000.0,8.0,15043.377,4.0,15000.0,8.0,2.0,5.0,0.0,2.0,0.0,8.0,0.0,0.0,6.0,4.0,0.0,8.0,45.051582,0.0,200.0,2.0,0.0,14902.193,8.0,4.0,6.0,0.0,5.0,5.0,6.0,8.0,16.0,0.0,0.0,8.0,77.0,8.0,4.0,1002.88806,1003.07385,0.0,0.0,0.0,8.0,8.0,0.0,0.0,1500.0,0.0,0.0,0.0,0.0,0.0,0.0,15624.152,6.0,0.0,5.0,6.0,8.0,0.0,2.0,4.0,0.0,2.0,2.0,8.0,5.0,0.0,500.0,0.0,14904.097,24.0,527.9259,4.0,0.0,24.0,15002.292,0.0,501.67386,24.0,0.0,0.0,8.0,0.0,24.0,0.0,0.0,501.9003,700.2979,10.0,0.0,0.0,0.0,0.0,15000.0,0.0,4.0,8.0,0.0,0.0,191.35234,8.0,0.0,8.0,0.0,0.0,0.0,8.0,0.0,8.0,0.0,15000.0,0.0,0.0,15000.0,1004.90204,4.0,1004.0007,6.0,4.0,6.0,0.0,8.0,6.0,2.0,0.0,8.0,5.0,8.0,4.0,5.0,2.0,0.0,8.0,0.0,0.0,0.0,14919.569,253.85144,15277.683,5.0,0.0,2.0,504.99506,2.0,6.0,15000.0,5.0,5.0,0.0,4.0,8.0,5.0,8.0,5.0,8.0,653.2555,1028.9591,0.0,0.0,0.0,24.0,0.0,8.0,0.0,712.0579,6.0,5.0,8.0,8.0,0.0,15000.0,6.0,2.0,6.0,8.0,5.0,6.0,0.0,6.0,8.0,523.5004,0.0,90.0,4.0,501.89578,0.0,0.0,4.0,0.0,0.0,0.0,0.0,8.0,0.0,8.0,5.0,4.0,0.0,8.0,4.0,4.0,8.0,4.0,2.0,2.0,24.0,297396.16,0.0,0.0,5.0,8.0,4.0,8.0,6.0,4.0,6.0,4.0,8.0,15032.363,6.0,2.0,10.0,8.0,5.0,531.51215,8.0,0.0,8.0
6060,0.0,4.0,4.0,90.0,6.0,2.0,6.0,2.0,4.0,2.0,5.0,4.0,4.0,4.0,5.0,2.0,8.0,14821.832,2.0,8.0,4.0,8.0,4.0,2.0,4.0,6.0,516.464,14791.358,15000.0,4.0,6.0,2.0,6.0,0.0,6.0,5.0,0.0,5.0,5.0,5.0,6.0,6.0,5.0,8.0,6.0,4.0,24.0,1021.53156,2.0,6.0,8.0,4.0,0.0,2.0,8.0,1018.4256,0.0,0.0,0.0,0.0,4.0,8.0,0.0,5.0,15000.0,8.0,15043.377,4.0,15000.0,8.0,2.0,5.0,0.0,2.0,0.0,8.0,0.0,0.0,6.0,4.0,0.0,8.0,45.051582,0.0,200.0,2.0,0.0,14902.193,8.0,4.0,6.0,0.0,5.0,5.0,6.0,8.0,16.0,0.0,0.0,8.0,77.0,8.0,4.0,1002.88806,1003.07385,0.0,0.0,0.0,8.0,8.0,0.0,0.0,1500.0,0.0,0.0,0.0,0.0,0.0,0.0,15624.152,6.0,0.0,5.0,6.0,8.0,0.0,2.0,4.0,0.0,2.0,2.0,8.0,5.0,0.0,500.0,0.0,14904.097,24.0,527.9259,4.0,0.0,24.0,15002.292,0.0,501.67386,24.0,0.0,0.0,8.0,0.0,24.0,0.0,0.0,501.9003,688.5379,10.0,0.0,0.0,0.0,0.0,15000.0,0.0,4.0,8.0,0.0,0.0,210.42569,8.0,0.0,8.0,0.0,0.0,0.0,8.0,0.0,8.0,0.0,15000.0,0.0,0.0,15000.0,1004.90204,4.0,1004.0007,6.0,4.0,6.0,0.0,8.0,6.0,2.0,0.0,8.0,5.0,8.0,4.0,5.0,2.0,0.0,8.0,0.0,0.0,0.0,14919.569,271.9355,15277.683,5.0,0.0,2.0,504.99506,2.0,6.0,15000.0,5.0,5.0,0.0,4.0,8.0,5.0,8.0,5.0,8.0,641.4955,1028.9591,0.0,0.0,0.0,24.0,0.0,8.0,0.0,700.2979,6.0,5.0,8.0,8.0,0.0,15000.0,6.0,2.0,6.0,8.0,5.0,6.0,0.0,6.0,8.0,523.5004,0.0,90.0,4.0,501.89578,0.0,0.0,4.0,0.0,0.0,0.0,0.0,8.0,0.0,8.0,5.0,4.0,0.0,8.0,4.0,4.0,8.0,4.0,2.0,2.0,24.0,297396.16,0.0,0.0,5.0,8.0,4.0,8.0,6.0,4.0,6.0,4.0,8.0,15032.363,6.0,2.0,10.0,8.0,5.0,531.51215,8.0,0.0,8.0
6120,0.0,4.0,4.0,90.0,6.0,2.0,6.0,2.0,4.0,2.0,5.0,4.0,4.0,4.0,5.0,2.0,8.0,14821.832,2.0,8.0,4.0,8.0,4.0,2.0,4.0,6.0,516.464,14791.358,15000.0,4.0,6.0,2.0,6.0,0.0,6.0,5.0,0.0,5.0,5.0,5.0,6.0,6.0,5.0,8.0,6.0,4.0,24.0,1021.53156,2.0,6.0,8.0,4.0,0.0,2.0,8.0,1018.4256,0.0,0.0,0.0,0.0,4.0,8.0,0.0,5.0,15000.0,8.0,15043.377,4.0,15000.0,8.0,2.0,5.0,0.0,2.0,0.0,8.0,0.0,0.0,6.0,4.0,0.0,8.0,45.051582,0.0,200.0,2.0,0.0,14902.193,8.0,4.0,6.0,0.0,5.0,5.0,6.0,8.0,16.0,0.0,0.0,8.0,77.0,8.0,4.0,1002.88806,1003.07385,0.0,0.0,0.0,8.0,8.0,0.0,0.0,1500.0,0.0,0.0,0.0,0.0,0.0,0.0,15624.152,6.0,0.0,5.0,6.0,8.0,0.0,2.0,4.0,0.0,2.0,2.0,8.0,5.0,0.0,500.0,0.0,14904.097,24.0,527.9259,4.0,0.0,24.0,15002.292,0.0,501.67386,24.0,0.0,0.0,8.0,0.0,24.0,0.0,0.0,501.9003,676.7779,10.0,0.0,0.0,0.0,0.0,15000.0,0.0,4.0,8.0,0.0,0.0,229.51027,8.0,0.0,8.0,0.0,0.0,0.0,8.0,0.0,8.0,0.0,15000.0,0.0,0.0,15000.0,1004.90204,4.0,1004.0007,6.0,4.0,6.0,0.0,8.0,6.0,2.0,0.0,8.0,5.0,8.0,4.0,5.0,2.0,0.0,8.0,0.0,0.0,0.0,14919.569,290.0211,15277.683,5.0,0.0,2.0,504.99506,2.0,6.0,15000.0,5.0,5.0,0.0,4.0,8.0,5.0,8.0,5.0,8.0,629.7355,1028.9591,0.0,0.0,0.0,24.0,0.0,8.0,0.0,688.5379,6.0,5.0,8.0,8.0,0.0,15000.0,6.0,2.0,6.0,8.0,5.0,6.0,0.0,6.0,8.0,523.5004,0.0,90.0,4.0,501.89578,0.0,0.0,4.0,0.0,0.0,0.0,0.0,8.0,0.0,8.0,5.0,4.0,0.0,8.0,4.0,4.0,8.0,4.0,2.0,2.0,24.0,297396.16,0.0,0.0,5.0,8.0,4.0,8.0,6.0,4.0,6.0,4.0,8.0,15032.363,6.0,2.0,10.0,8.0,5.0,531.51215,8.0,0.0,8.0
6180,0.0,4.0,4.0,90.0,6.0,2.0,6.0,2.0,4.0,2.0,5.0,4.0,4.0,4.0,5.0,2.0,8.0,14821.832,2.0,8.0,4.0,8.0,4.0,2.0,4.0,6.0,516.464,14791.358,15000.0,4.0,6.0,2.0,6.0,0.0,6.0,5.0,0.0,5.0,5.0,5.0,6.0,6.0,5.0,8.0,6.0,4.0,24.0,1021.53156,2.0,6.0,8.0,4.0,0.0,2.0,8.0,1018.4256,0.0,0.0,0.0,0.0,4.0,8.0,0.0,5.0,15000.0,8.0,15043.377,4.0,15000.0,8.0,2.0,5.0,0.0,2.0,0.0,8.0,0.0,0.0,6.0,4.0,0.0,8.0,45.051582,0.0,200.0,2.0,0.0,14902.193,8.0,4.0,6.0,0.0,5.0,5.0,6.0,8.0,16.0,0.0,0.0,8.0,77.0,8.0,4.0,1002.88806,1003.07385,0.0,0.0,0.0,8.0,8.0,0.0,0.0,1500.0,0.0,0.0,0.0,0.0,0.0,0.0,15624.152,6.0,0.0,5.0,6.0,8.0,0.0,2.0,4.0,0.0,2.0,2.0,8.0,5.0,0.0,500.0,0.0,14904.097,24.0,527.9259,4.0,0.0,24.0,15002.292,0.0,501.67386,24.0,0.0,0.0,8.0,0.0,24.0,0.0,0.0,501.9003,665.01794,10.0,0.0,0.0,0.0,0.0,15000.0,0.0,4.0,8.0,0.0,0.0,248.60553,8.0,0.0,8.0,0.0,0.0,0.0,8.0,0.0,8.0,0.0,15000.0,0.0,0.0,15000.0,1004.90204,4.0,1004.0007,6.0,4.0,6.0,0.0,8.0,6.0,2.0,0.0,8.0,5.0,8.0,4.0,5.0,2.0,0.0,8.0,0.0,0.0,0.0,14919.569,308.10828,15277.683,5.0,0.0,2.0,504.99506,2.0,6.0,15000.0,5.0,5.0,0.0,4.0,8.0,5.0,8.0,5.0,8.0,617.97546,1028.9591,0.0,0.0,0.0,24.0,0.0,8.0,0.0,676.7779,6.0,5.0,8.0,8.0,0.0,15000.0,6.0,2.0,6.0,8.0,5.0,6.0,0.0,6.0,8.0,523.5004,0.0,90.0,4.0,501.89578,0.0,0.0,4.0,0.0,0.0,0.0,0.0,8.0,0.0,8.0,5.0,4.0,0.0,8.0,4.0,4.0,8.0,4.0,2.0,2.0,24.0,297396.16,0.0,0.0,5.0,8.0,4.0,8.0,6.0,4.0,6.0,4.0,8.0,15032.363,6.0,2.0,10.0,8.0,5.0,531.51215,8.0,0.0,8.0
6240,0.0,4.0,4.0,90.0,6.0,2.0,6.0,2.0,4.0,2.0,5.0,4.0,4.0,4.0,5.0,2.0,8.0,14821.832,2.0,8.0,4.0,8.0,4.0,2.0,4.0,6.0,516.464,14791.358,15000.0,4.0,6.0,2.0,6.0,0.0,6.0,5.0,0.0,5.0,5.0,5.0,6.0,6.0,5.0,8.0,6.0,4.0,24.0,1021.53156,2.0,6.0,8.0,4.0,0.0,2.0,8.0,1018.4256,0.0,0.0,0.0,0.0,4.0,8.0,0.0,5.0,15000.0,8.0,15043.377,4.0,15000.0,8.0,2.0,5.0,0.0,2.0,0.0,8.0,0.0,0.0,6.0,4.0,0.0,8.0,45.051582,0.0,200.0,2.0,0.0,14902.193,8.0,4.0,6.0,0.0,5.0,5.0,6.0,8.0,16.0,0.0,0.0,8.0,77.0,8.0,4.0,1002.88806,1003.07385,0.0,0.0,0.0,8.0,8.0,0.0,0.0,1500.0,0.0,0.0,0.0,0.0,0.0,0.0,15624.152,6.0,0.0,5.0,6.0,8.0,0.0,2.0,4.0,0.0,2.0,2.0,8.0,5.0,0.0,500.0,0.0,14904.097,24.0,527.9259,4.0,0.0,24.0,15002.292,0.0,501.67386,24.0,0.0,0.0,8.0,0.0,24.0,0.0,0.0,501.9003,653.25793,10.0,0.0,0.0,0.0,0.0,15000.0,0.0,4.0,8.0,0.0,0.0,248.60553,8.0,0.0,8.0,0.0,0.0,0.0,8.0,0.0,8.0,0.0,15000.0,0.0,0.0,15000.0,1004.90204,4.0,1004.0007,6.0,4.0,6.0,0.0,8.0,6.0,2.0,0.0,8.0,5.0,8.0,4.0,5.0,2.0,0.0,8.0,0.0,0.0,0.0,14919.569,326.19714,15277.683,5.0,0.0,2.0,504.99506,2.0,6.0,15000.0,5.0,5.0,0.0,4.0,8.0,5.0,8.0,5.0,8.0,606.2155,1028.9591,0.0,0.0,0.0,24.0,0.0,8.0,0.0,665.01794,6.0,5.0,8.0,8.0,0.0,15000.0,6.0,2.0,6.0,8.0,5.0,6.0,0.0,6.0,8.0,523.5004,0.0,90.0,4.0,501.89578,0.0,0.0,4.0,0.0,0.0,0.0,0.0,8.0,0.0,8.0,5.0,4.0,0.0,8.0,4.0,4.0,8.0,4.0,2.0,2.0,24.0,297396.16,0.0,0.0,5.0,8.0,4.0,8.0,6.0,4.0,6.0,4.0,8.0,15032.363,6.0,2.0,10.0,8.0,5.0,531.51215,8.0,0.0,8.0
6300,0.0,4.0,4.0,90.0,6.0,2.0,6.0,2.0,4.0,2.0,5.0,4.0,4.0,4.0,5.0,2.0,8.0,14821.832,2.0,8.0,4.0,8.0,4.0,2.0,4.0,6.0,516.464,14791.358,15000.0,4.0,6.0,2.0,6.0,0.0,6.0,5.0,0.0,5.0,5.0,5.0,6.0,6.0,5.0,8.0,6.0,4.0,24.0,1021.53156,2.0,6.0,8.0,4.0,0.0,2.0,8.0,1018.4256,0.0,0.0,0.0,0.0,4.0,8.0,0.0,5.0,15000.0,8.0,15043.377,4.0,15000.0,8.0,2.0,5.0,0.0,2.0,0.0,8.0,0.0,0.0,6.0,4.0,0.0,8.0,45.051582,0.0,200.0,2.0,0.0,14902.193,8.0,4.0,6.0,0.0,5.0,5.0,6.0,8.0,16.0,0.0,0.0,8.0,77.0,8.0,4.0,1002.88806,1003.07385,0.0,0.0,0.0,8.0,8.0,0.0,0.0,1500.0,0.0,0.0,0.0,0.0,0.0,0.0,15616.415,6.0,0.0,5.0,6.0,8.0,0.0,2.0,4.0,0.0,2.0,2.0,8.0,5.0,0.0,500.0,0.0,14904.097,24.0,527.9259,4.0,0.0,24.0,15002.292,0.0,501.67386,24.0,0.0,0.0,8.0,0.0,24.0,0.0,0.0,501.9003,641.4979,10.0,0.0,0.0,0.0,0.0,15000.0,0.0,4.0,8.0,0.0,0.0,267.7217,8.0,0.0,8.0,0.0,0.0,0.0,8.0,0.0,8.0,0.0,15000.0,0.0,0.0,15000.0,1004.90204,4.0,1004.0007,6.0,4.0,6.0,0.0,8.0,6.0,2.0,0.0,8.0,5.0,8.0,4.0,5.0,2.0,0.0,8.0,0.0,0.0,0.0,14919.569,344.2877,15277.683,5.0,0.0,2.0,504.99506,2.0,6.0,15000.0,5.0,5.0,0.0,4.0,8.0,5.0,8.0,5.0,8.0,594.4555,1028.9591,0.0,0.0,0.0,24.0,0.0,8.0,0.0,653.25793,6.0,5.0,8.0,8.0,0.0,15000.0,6.0,2.0,6.0,8.0,5.0,6.0,0.0,6.0,8.0,523.5004,0.0,90.0,4.0,501.89578,0.0,0.0,4.0,0.0,0.0,0.0,0.0,8.0,0.0,8.0,5.0,4.0,0.0,8.0,4.0,4.0,8.0,4.0,2.0,2.0,24.0,297396.16,0.0,0.0,5.0,8.0,4.0,8.0,6.0,4.0,6.0,4.0,8.0,15032.363,6.0,2.0,10.0,8.0,5.0,531.51215,8.0,0.0,8.0
6360,0.0,4.0,4.0,90.0,6.0,2.0,6.0,2.0,4.0,2.0,5.0,4.0,4.0,4.0,5.0,2.0,8.0,14814.096,2.0,8.0,4.0,8.0,4.0,2.0,4.0,6.0,516.464,14783.622,15000.0,4.0,6.0,2.0,6.0,0.0,6.0,5.0,0.0,5.0,5.0,5.0,6.0,6.0,5.0,8.0,6.0,4.0,24.0,1021.53156,2.0,6.0,8.0,4.0,0.0,2.0,8.0,1018.4256,0.0,0.0,0.0,0.0,4.0,8.0,0.0,5.0,15000.0,8.0,15043.377,4.0,15000.0,8.0,2.0,5.0,0.0,2.0,0.0,8.0,0.0,0.0,6.0,4.0,0.0,8.0,45.051582,0.0,200.0,2.0,0.0,14902.193,8.0,4.0,6.0,0.0,5.0,5.0,6.0,8.0,16.0,0.0,0.0,8.0,77.0,8.0,4.0,1002.88806,1003.07385,0.0,0.0,0.0,8.0,8.0,0.0,0.0,1500.0,0.0,0.0,0.0,0.0,0.0,0.0,15608.679,6.0,0.0,5.0,6.0,8.0,0.0,2.0,4.0,0.0,2.0,2.0,8.0,5.0,0.0,500.0,0.0,14896.359,24.0,527.9259,4.0,0.0,24.0,15002.292,0.0,501.67386,24.0,0.0,0.0,8.0,0.0,24.0,0.0,0.0,501.9003,629.7379,10.0,0.0,0.0,0.0,0.0,15000.0,0.0,4.0,8.0,0.0,0.0,286.8467,8.0,0.0,8.0,0.0,0.0,0.0,8.0,0.0,8.0,0.0,15000.0,0.0,0.0,15000.0,1004.90204,4.0,1004.0007,6.0,4.0,6.0,0.0,8.0,6.0,2.0,0.0,8.0,5.0,8.0,4.0,5.0,2.0,0.0,8.0,0.0,0.0,0.0,14911.832,362.38,15269.946,5.0,0.0,2.0,504.99506,2.0,6.0,15000.0,5.0,5.0,0.0,4.0,8.0,5.0,8.0,5.0,8.0,582.6955,1028.9591,0.0,0.0,0.0,24.0,0.0,8.0,0.0,641.4979,6.0,5.0,8.0,8.0,0.0,15000.0,6.0,2.0,6.0,8.0,5.0,6.0,0.0,6.0,8.0,523.5004,0.0,90.0,4.0,501.89578,0.0,0.0,4.0,0.0,0.0,0.0,0.0,8.0,0.0,8.0,5.0,4.0,0.0,8.0,4.0,4.0,8.0,4.0,2.0,2.0,24.0,297396.16,0.0,0.0,5.0,8.0,4.0,8.0,6.0,4.0,6.0,4.0,8.0,15032.363,6.0,2.0,10.0,8.0,5.0,531.51215,8.0,0.0,8.0
6420,0.0,4.0,4.0,90.0,6.0,2.0,6.0,2.0,4.0,2.0,5.0,4.0,4.0,4.0,5.0,2.0,8.0,14806.363,2.0,8.0,4.0,8.0,4.0,2.0,4.0,6.0,516.464,14775.89,15000.0,4.0,6.0,2.0,6.0,0.0,6.0,5.0,0.0,5.0,5.0,5.0,6.0,6.0,5.0,8.0,6.0,4.0,24.0,1021.53156,2.0,6.0,8.0,4.0,0.0,2.0,8.0,1018.4256,0.0,0.0,0.0,0.0,4.0,8.0,0.0,5.0,15000.0,8.0,15035.954,4.0,15000.0,8.0,2.0,5.0,0.0,2.0,0.0,8.0,0.0,0.0,6.0,4.0,0.0,8.0,45.051582,0.0,200.0,2.0,0.0,14902.193,8.0,4.0,6.0,0.0,5.0,5.0,6.0,8.0,16.0,0.0,0.0,8.0,77.0,8.0,4.0,1002.88806,1003.07385,0.0,0.0,0.0,8.0,8.0,0.0,0.0,1500.0,0.0,0.0,0.0,0.0,0.0,0.0,15600.946,6.0,0.0,5.0,6.0,8.0,0.0,2.0,4.0,0.0,2.0,2.0,8.0,5.0,0.0,500.0,0.0,14888.627,24.0,527.9259,4.0,0.0,24.0,15002.292,0.0,501.67386,24.0,0.0,0.0,8.0,0.0,24.0,0.0,0.0,501.9003,617.9847,10.0,0.0,0.0,0.0,0.0,15000.0,0.0,4.0,8.0,0.0,0.0,305.9804,8.0,0.0,8.0,0.0,0.0,0.0,8.0,0.0,8.0,0.0,15000.0,0.0,0.0,15000.0,1004.90204,4.0,1004.0007,6.0,4.0,6.0,0.0,8.0,6.0,2.0,0.0,8.0,5.0,8.0,4.0,5.0,2.0,0.0,8.0,0.0,0.0,0.0,14904.1,380.4741,15262.214,5.0,0.0,2.0,504.99506,2.0,6.0,15000.0,5.0,5.0,0.0,4.0,8.0,5.0,8.0,5.0,8.0,570.94226,1028.9591,0.0,0.0,0.0,24.0,0.0,8.0,0.0,629.7447,6.0,5.0,8.0,8.0,0.0,15000.0,6.0,2.0,6.0,8.0,5.0,6.0,0.0,6.0,8.0,523.5004,0.0,90.0,4.0,501.89578,0.0,0.0,4.0,0.0,0.0,0.0,0.0,8.0,0.0,8.0,5.0,4.0,0.0,8.0,4.0,4.0,8.0,4.0,2.0,2.0,24.0,297396.16,0.0,0.0,5.0,8.0,4.0,8.0,6.0,4.0,6.0,4.0,8.0,15032.363,6.0,2.0,10.0,8.0,5.0,531.51215,8.0,0.0,8.0
6480,0.0,4.0,4.0,90.0,6.0,2.0,6.0,2.0,4.0,2.0,5.0,4.0,4.0,4.0,5.0,2.0,8.0,14798.631,2.0,8.0,4.0,8.0,4.0,2.0,4.0,6.0,516.464,14768.157,15000.0,4.0,6.0,2.0,6.0,0.0,6.0,5.0,0.0,5.0,5.0,5.0,6.0,6.0,5.0,8.0,6.0,4.0,24.0,1021.53156,2.0,6.0,8.0,4.0,0.0,2.0,8.0,1018.4256,0.0,0.0,0.0,0.0,4.0,8.0,0.0,5.0,15000.0,8.0,15028.531,4.0,15000.0,8.0,2.0,5.0,0.0,2.0,0.0,8.0,0.0,0.0,6.0,4.0,0.0,8.0,45.051582,0.0,200.0,2.0,0.0,14902.193,8.0,4.0,6.0,0.0,5.0,5.0,6.0,8.0,16.0,0.0,0.0,8.0,77.0,8.0,4.0,1002.88806,1003.07385,0.0,0.0,0.0,8.0,8.0,0.0,0.0,1500.0,0.0,0.0,0.0,0.0,0.0,0.0,15593.214,6.0,0.0,5.0,6.0,8.0,0.0,2.0,4.0,0.0,2.0,2.0,8.0,5.0,0.0,500.0,0.0,14880.895,24.0,527.9259,4.0,0.0,24.0,15002.292,0.0,501.67386,24.0,0.0,0.0,8.0,0.0,24.0,0.0,0.0,501.9003,606.23145,10.0,0.0,0.0,0.0,0.0,15000.0,0.0,4.0,8.0,0.0,0.0,325.12247,8.0,0.0,8.0,0.0,0.0,0.0,8.0,0.0,8.0,0.0,15000.0,0.0,0.0,15000.0,1004.90204,4.0,1004.0007,6.0,4.0,6.0,0.0,8.0,6.0,2.0,0.0,8.0,5.0,8.0,4.0,5.0,2.0,0.0,8.0,0.0,0.0,0.0,14896.367,398.56998,15254.481,5.0,0.0,2.0,504.99506,2.0,6.0,15000.0,5.0,5.0,0.0,4.0,8.0,5.0,8.0,5.0,8.0,559.189,1028.9591,0.0,0.0,0.0,24.0,0.0,8.0,0.0,617.99146,6.0,5.0,8.0,8.0,0.0,15000.0,6.0,2.0,6.0,8.0,5.0,6.0,0.0,6.0,8.0,523.5004,0.0,90.0,4.0,501.89578,0.0,0.0,4.0,0.0,0.0,0.0,0.0,8.0,0.0,8.0,5.0,4.0,0.0,8.0,4.0,4.0,8.0,4.0,2.0,2.0,24.0,297396.16,0.0,0.0,5.0,8.0,4.0,8.0,6.0,4.0,6.0,4.0,8.0,15032.363,6.0,2.0,10.0,8.0,5.0,531.51215,8.0,0.0,8.0
6540,0.0,4.0,4.0,90.0,6.0,2.0,6.0,2.0,4.0,2.0,5.0,4.0,4.0,4.0,5.0,2.0,8.0,14790.898,2.0,8.0,4.0,8.0,4.0,2.0,4.0,6.0,516.464,14760.425,15000.0,4.0,6.0,2.0,6.0,0.0,6.0,5.0,0.0,5.0,5.0,5.0,6.0,6.0,5.0,8.0,6.0,4.0,24.0,1021.53156,2.0,6.0,8.0,4.0,0.0,2.0,8.0,1018.4256,0.0,0.0,0.0,0.0,4.0,8.0,0.0,5.0,15000.0,8.0,15021.108,4.0,15000.0,8.0,2.0,5.0,0.0,2.0,0.0,8.0,0.0,0.0,6.0,4.0,0.0,8.0,45.051582,0.0,200.0,2.0,0.0,14902.193,8.0,4.0,6.0,0.0,5.0,5.0,6.0,8.0,16.0,0.0,0.0,8.0,77.0,8.0,4.0,1002.88806,1003.07385,0.0,0.0,0.0,8.0,8.0,0.0,0.0,1500.0,0.0,0.0,0.0,0.0,0.0,0.0,15585.481,6.0,0.0,5.0,6.0,8.0,0.0,2.0,4.0,0.0,2.0,2.0,8.0,5.0,0.0,500.0,0.0,14873.162,24.0,527.9259,4.0,0.0,24.0,15002.292,0.0,501.67386,24.0,0.0,0.0,8.0,0.0,24.0,0.0,0.0,501.9003,594.4782,10.0,0.0,0.0,0.0,0.0,15000.0,0.0,4.0,8.0,0.0,0.0,344.27252,8.0,0.0,8.0,0.0,0.0,0.0,8.0,0.0,8.0,0.0,15000.0,0.0,0.0,15000.0,1004.90204,4.0,1004.0007,6.0,4.0,6.0,0.0,8.0,6.0,2.0,0.0,8.0,5.0,8.0,4.0,5.0,2.0,0.0,8.0,0.0,0.0,0.0,14888.635,416.66766,15246.749,5.0,0.0,2.0,504.99506,2.0,6.0,15000.0,5.0,5.0,0.0,4.0,8.0,5.0,8.0,5.0,8.0,547.4358,1028.9591,0.0,0.0,0.0,24.0,0.0,8.0,0.0,606.2382,6.0,5.0,8.0,8.0,0.0,15000.0,6.0,2.0,6.0,8.0,5.0,6.0,0.0,6.0,8.0,523.5004,0.0,90.0,4.0,501.89578,0.0,0.0,4.0,0.0,0.0,0.0,0.0,8.0,0.0,8.0,5.0,4.0,0.0,8.0,4.0,4.0,8.0,4.0,2.0,2.0,24.0,297396.16,0.0,0.0,5.0,8.0,4.0,8.0,6.0,4.0,6.0,4.0,8.0,15032.363,6.0,2.0,10.0,8.0,5.0,531.51215,8.0,0.0,8.0
6600,0.0,4.0,4.0,90.0,6.0,2.0,6.0,2.0,4.0,2.0,5.0,4.0,4.0,4.0,5.0,2.0,8.0,14783.166,2.0,8.0,4.0,8.0,4.0,2.0,4.0,6.0,516.464,14752.692,15000.0,4.0,6.0,2.0,6.0,0.0,6.0,5.0,0.0,5.0,5.0,5.0,6.0,6.0,5.0,8.0,6.0,4.0,24.0,1021.53156,2.0,6.0,8.0,4.0,0.0,2.0,8.0,1018.4256,0.0,0.0,0.0,0.0,4.0,8.0,0.0,5.0,15000.0,8.0,15013.685,4.0,15000.0,8.0,2.0,5.0,0.0,2.0,0.0,8.0,0.0,0.0,6.0,4.0,0.0,8.0,45.051582,0.0,200.0,2.0,0.0,14902.193,8.0,4.0,6.0,0.0,5.0,5.0,6.0,8.0,16.0,0.0,0.0,8.0,77.0,8.0,4.0,1002.88806,1003.07385,0.0,0.0,0.0,8.0,8.0,0.0,0.0,1500.0,0.0,0.0,0.0,0.0,0.0,0.0,15577.749,6.0,0.0,5.0,6.0,8.0,0.0,2.0,4.0,0.0,2.0,2.0,8.0,5.0,0.0,500.0,0.0,14865.43,24.0,527.9259,4.0,0.0,24.0,15002.292,0.0,501.67386,24.0,0.0,0.0,8.0,0.0,24.0,0.0,0.0,501.9003,582.725,10.0,0.0,0.0,0.0,0.0,15000.0,0.0,4.0,8.0,0.0,0.0,363.42953,8.0,0.0,8.0,0.0,0.0,0.0,8.0,0.0,8.0,0.0,15000.0,0.0,0.0,15000.0,1004.90204,4.0,1004.0007,6.0,4.0,6.0,0.0,8.0,6.0,2.0,0.0,8.0,5.0,8.0,4.0,5.0,2.0,0.0,8.0,0.0,0.0,0.0,14880.902,434.76715,15239.017,5.0,0.0,2.0,504.99506,2.0,6.0,15000.0,5.0,5.0,0.0,4.0,8.0,5.0,8.0,5.0,8.0,535.68256,1028.9591,0.0,0.0,0.0,24.0,0.0,8.0,0.0,594.485,6.0,5.0,8.0,8.0,0.0,15000.0,6.0,2.0,6.0,8.0,5.0,6.0,0.0,6.0,8.0,523.5004,0.0,90.0,4.0,501.89578,0.0,0.0,4.0,0.0,0.0,0.0,0.0,8.0,0.0,8.0,5.0,4.0,0.0,8.0,4.0,4.0,8.0,4.0,2.0,2.0,24.0,297396.16,0.0,0.0,5.0,8.0,4.0,8.0,6.0,4.0,6.0,4.0,8.0,15032.363,6.0,2.0,10.0,8.0,5.0,531.51215,8.0,0.0,8.0
6660,0.0,4.0,4.0,90.0,6.0,2.0,6.0,2.0,4.0,2.0,5.0,4.0,4.0,4.0,5.0,2.0,8.0,14775.434,2.0,8.0,4.0,8.0,4.0,2.0,4.0,6.0,516.464,14744.96,15000.0,4.0,6.0,2.0,6.0,0.0,6.0,5.0,0.0,5.0,5.0,5.0,6.0,6.0,5.0,8.0,6.0,4.0,24.0,1021.53156,2.0,6.0,8.0,4.0,0.0,2.0,8.0,1018.4256,0.0,0.0,0.0,0.0,4.0,8.0,0.0,5.0,15000.0,8.0,15006.262,4.0,15000.0,8.0,2.0,5.0,0.0,2.0,0.0,8.0,0.0,0.0,6.0,4.0,0.0,8.0,45.051582,0.0,200.0,2.0,0.0,14902.193,8.0,4.0,6.0,0.0,5.0,5.0,6.0,8.0,16.0,0.0,0.0,8.0,77.0,8.0,4.0,1002.88806,1003.07385,0.0,0.0,0.0,8.0,8.0,0.0,0.0,1500.0,0.0,0.0,0.0,0.0,0.0,0.0,15570.017,6.0,0.0,5.0,6.0,8.0,0.0,2.0,4.0,0.0,2.0,2.0,8.0,5.0,0.0,500.0,0.0,14857.697,24.0,527.9259,4.0,0.0,24.0,15002.292,0.0,501.67386,24.0,0.0,0.0,8.0,0.0,24.0,0.0,0.0,501.9003,570.97174,10.0,0.0,0.0,0.0,0.0,15000.0,0.0,4.0,8.0,0.0,0.0,382.59418,8.0,0.0,8.0,0.0,0.0,0.0,8.0,0.0,8.0,0.0,15000.0,0.0,0.0,15000.0,1004.90204,4.0,1004.0007,6.0,4.0,6.0,0.0,8.0,6.0,2.0,0.0,8.0,5.0,8.0,4.0,5.0,2.0,0.0,8.0,0.0,0.0,0.0,14873.17,452.8685,15231.284,5.0,0.0,2.0,504.99506,2.0,6.0,15000.0,5.0,5.0,0.0,4.0,8.0,5.0,8.0,5.0,8.0,523.9293,1028.9591,0.0,0.0,0.0,24.0,0.0,8.0,0.0,582.7317,6.0,5.0,8.0,8.0,0.0,15000.0,6.0,2.0,6.0,8.0,5.0,6.0,0.0,6.0,8.0,523.5004,0.0,90.0,4.0,501.89578,0.0,0.0,4.0,0.0,0.0,0.0,0.0,8.0,0.0,8.0,5.0,4.0,0.0,8.0,4.0,4.0,8.0,4.0,2.0,2.0,24.0,297396.16,0.0,0.0,5.0,8.0,4.0,8.0,6.0,4.0,6.0,4.0,8.0,15032.363,6.0,2.0,10.0,8.0,5.0,531.51215,8.0,0.0,8.0
6720,0.0,4.0,4.0,90.0,6.0,2.0,6.0,2.0,4.0,2.0,5.0,4.0,4.0,4.0,5.0,2.0,8.0,14767.701,2.0,8.0,4.0,8.0,4.0,2.0,4.0,6.0,516.464,14737.228,15000.0,4.0,6.0,2.0,6.0,0.0,6.0,5.0,0.0,5.0,5.0,5.0,6.0,6.0,5.0,8.0,6.0,4.0,24.0,1021.53156,2.0,6.0,8.0,4.0,0.0,2.0,8.0,1018.4256,0.0,0.0,0.0,0.0,4.0,8.0,0.0,5.0,15000.0,8.0,14998.839,4.0,15000.0,8.0,2.0,5.0,0.0,2.0,0.0,8.0,0.0,0.0,6.0,4.0,0.0,8.0,45.051582,0.0,200.0,2.0,0.0,14902.193,8.0,4.0,6.0,0.0,5.0,5.0,6.0,8.0,16.0,0.0,0.0,8.0,77.0,8.0,4.0,1002.88806,1003.07385,0.0,0.0,0.0,8.0,8.0,0.0,0.0,1500.0,0.0,0.0,0.0,0.0,0.0,0.0,15562.284,6.0,0.0,5.0,6.0,8.0,0.0,2.0,4.0,0.0,2.0,2.0,8.0,5.0,0.0,500.0,0.0,14849.965,24.0,527.9259,4.0,0.0,24.0,15002.292,0.0,501.67386,24.0,0.0,0.0,8.0,0.0,24.0,0.0,0.0,501.9003,559.2185,10.0,0.0,0.0,0.0,0.0,15000.0,0.0,4.0,8.0,0.0,0.0,401.76624,8.0,0.0,8.0,0.0,0.0,0.0,8.0,0.0,8.0,0.0,15000.0,0.0,0.0,15000.0,1004.90204,4.0,1004.0007,6.0,4.0,6.0,0.0,8.0,6.0,2.0,0.0,8.0,5.0,8.0,4.0,5.0,2.0,0.0,8.0,0.0,0.0,0.0,14865.4375,470.97168,15223.552,5.0,0.0,2.0,504.99506,2.0,6.0,15000.0,5.0,5.0,0.0,4.0,8.0,5.0,8.0,5.0,8.0,512.1761,1028.9591,0.0,0.0,0.0,24.0,0.0,8.0,0.0,570.97845,6.0,5.0,8.0,8.0,0.0,15000.0,6.0,2.0,6.0,8.0,5.0,6.0,0.0,6.0,8.0,523.5004,0.0,90.0,4.0,501.89578,0.0,0.0,4.0,0.0,0.0,0.0,0.0,8.0,0.0,8.0,5.0,4.0,0.0,8.0,4.0,4.0,8.0,4.0,2.0,2.0,24.0,297396.16,0.0,0.0,5.0,8.0,4.0,8.0,6.0,4.0,6.0,4.0,8.0,15032.363,6.0,2.0,10.0,8.0,5.0,531.51215,8.0,0.0,8.0
6780,0.0,4.0,4.0,90.0,6.0,2.0,6.0,2.0,4.0,2.0,5.0,4.0,4.0,4.0,5.0,2.0,8.0,14759.969,2.0,8.0,4.0,8.0,4.0,2.0,4.0,6.0,516.464,14729.495,15000.0,4.0,6.0,2.0,6.0,0.0,6.0,5.0,0.0,5.0,5.0,5.0,6.0,6.0,5.0,8.0,6.0,4.0,24.0,1021.53156,2.0,6.0,8.0,4.0,0.0,2.0,8.0,1018.4256,0.0,0.0,0.0,0.0,4.0,8.0,0.0,5.0,15000.0,8.0,14991.416,4.0,15000.0,8.0,2.0,5.0,0.0,2.0,0.0,8.0,0.0,0.0,6.0,4.0,0.0,8.0,45.051582,0.0,200.0,2.0,0.0,14902.193,8.0,4.0,6.0,0.0,5.0,5.0,6.0,8.0,16.0,0.0,0.0,8.0,77.0,8.0,4.0,1002.88806,1003.07385,0.0,0.0,0.0,8.0,8.0,0.0,0.0,1500.0,0.0,0.0,0.0,0.0,0.0,0.0,15554.552,6.0,0.0,5.0,6.0,8.0,0.0,2.0,4.0,0.0,2.0,2.0,8.0,5.0,0.0,500.0,0.0,14842.232,24.0,527.9259,4.0,0.0,24.0,15002.292,0.0,501.67386,24.0,0.0,0.0,8.0,0.0,24.0,0.0,0.0,501.9003,547.4652,10.0,0.0,0.0,0.0,0.0,15000.0,0.0,4.0,8.0,0.0,0.0,420.94547,8.0,0.0,8.0,0.0,0.0,0.0,8.0,0.0,8.0,0.0,15000.0,0.0,0.0,15000.0,1004.90204,4.0,1004.0007,6.0,4.0,6.0,0.0,8.0,6.0,2.0,0.0,8.0,5.0,8.0,4.0,5.0,2.0,0.0,8.0,0.0,0.0,0.0,14857.705,489.07672,15215.819,5.0,0.0,2.0,504.99506,2.0,6.0,15000.0,5.0,5.0,0.0,4.0,8.0,5.0,8.0,5.0,8.0,502.5879,1028.9591,0.0,0.0,0.0,24.0,0.0,8.0,0.0,559.2252,6.0,5.0,8.0,8.0,0.0,15000.0,6.0,2.0,6.0,8.0,5.0,6.0,0.0,6.0,8.0,523.5004,0.0,90.0,4.0,501.89578,0.0,0.0,4.0,0.0,0.0,0.0,0.0,8.0,0.0,8.0,5.0,4.0,0.0,8.0,4.0,4.0,8.0,4.0,2.0,2.0,24.0,297396.16,0.0,0.0,5.0,8.0,4.0,8.0,6.0,4.0,6.0,4.0,8.0,15032.363,6.0,2.0,10.0,8.0,5.0,531.51215,8.0,0.0,8.0
6840,0.0,4.0,4.0,90.0,6.0,2.0,6.0,2.0,4.0,2.0,5.0,4.0,4.0,4.0,5.0,2.0,8.0,14755.329,2.0,8.0,4.0,8.0,4.0,2.0,4.0,6.0,516.464,14721.763,15000.0,4.0,6.0,2.0,6.0,0.0,6.0,5.0,0.0,5.0,5.0,5.0,6.0,6.0,5.0,8.0,6.0,4.0,24.0,1021.53156,2.0,6.0,8.0,4.0,0.0,2.0,8.0,1018.4256,0.0,0.0,0.0,0.0,4.0,8.0,0.0,5.0,15000.0,8.0,14983.992,4.0,15000.0,8.0,2.0,5.0,0.0,2.0,0.0,8.0,0.0,0.0,6.0,4.0,0.0,8.0,45.051582,0.0,200.0,2.0,0.0,14902.193,8.0,4.0,6.0,0.0,5.0,5.0,6.0,8.0,16.0,0.0,0.0,8.0,77.0,8.0,4.0,1002.88806,1003.07385,0.0,0.0,0.0,8.0,8.0,0.0,0.0,1500.0,0.0,0.0,0.0,0.0,0.0,0.0,15546.819,6.0,0.0,5.0,6.0,8.0,0.0,2.0,4.0,0.0,2.0,2.0,8.0,5.0,0.0,500.0,0.0,14834.5,24.0,527.9259,4.0,0.0,24.0,15002.292,0.0,501.67386,24.0,0.0,0.0,8.0,0.0,24.0,0.0,0.0,501.9003,535.712,10.0,0.0,0.0,0.0,0.0,15000.0,0.0,4.0,8.0,0.0,0.0,440.13168,8.0,0.0,8.0,0.0,0.0,0.0,8.0,0.0,8.0,0.0,15000.0,0.0,0.0,15000.0,1004.90204,4.0,1004.0007,6.0,4.0,6.0,0.0,8.0,6.0,2.0,0.0,8.0,5.0,8.0,4.0,5.0,2.0,0.0,8.0,0.0,0.0,0.0,14849.973,507.18365,15208.087,5.0,0.0,2.0,504.99506,2.0,6.0,15000.0,5.0,5.0,0.0,4.0,8.0,5.0,8.0,5.0,8.0,502.5879,1028.9591,0.0,0.0,0.0,24.0,0.0,8.0,0.0,547.472,6.0,5.0,8.0,8.0,0.0,15000.0,6.0,2.0,6.0,8.0,5.0,6.0,0.0,6.0,8.0,523.5004,0.0,90.0,4.0,501.89578,0.0,0.0,4.0,0.0,0.0,0.0,0.0,8.0,0.0,8.0,5.0,4.0,0.0,8.0,4.0,4.0,8.0,4.0,2.0,2.0,24.0,297396.16,0.0,0.0,5.0,8.0,4.0,8.0,6.0,4.0,6.0,4.0,8.0,15032.363,6.0,2.0,10.0,8.0,5.0,531.51215,8.0,0.0,8.0
6900,0.0,4.0,4.0,90.0,6.0,2.0,6.0,2.0,4.0,2.0,5.0,4.0,4.0,4.0,5.0,2.0,8.0,14755.329,2.0,8.0,4.0,8.0,4.0,2.0,4.0,6.0,516.464,14714.03,15000.0,4.0,6.0,2.0,6.0,0.0,6.0,5.0,0.0,5.0,5.0,5.0,6.0,6.0,5.0,8.0,6.0,4.0,24.0,1021.53156,2.0,6.0,8.0,4.0,0.0,2.0,8.0,1018.4256,0.0,0.0,0.0,0.0,4.0,8.0,0.0,5.0,15000.0,8.0,14976.569,4.0,15000.0,8.0,2.0,5.0,0.0,2.0,0.0,8.0,0.0,0.0,6.0,4.0,0.0,8.0,45.051582,0.0,200.0,2.0,0.0,14902.193,8.0,4.0,6.0,0.0,5.0,5.0,6.0,8.0,16.0,0.0,0.0,8.0,77.0,8.0,4.0,1002.88806,1003.07385,0.0,0.0,0.0,8.0,8.0,0.0,0.0,1500.0,0.0,0.0,0.0,0.0,0.0,0.0,15539.087,6.0,0.0,5.0,6.0,8.0,0.0,2.0,4.0,0.0,2.0,2.0,8.0,5.0,0.0,500.0,0.0,14826.768,24.0,527.9259,4.0,0.0,24.0,15002.292,0.0,501.67386,24.0,0.0,0.0,8.0,0.0,24.0,0.0,0.0,501.9003,523.95874,10.0,0.0,0.0,0.0,0.0,15000.0,0.0,4.0,8.0,0.0,0.0,459.32477,8.0,0.0,8.0,0.0,0.0,0.0,8.0,0.0,8.0,0.0,15000.0,0.0,0.0,15000.0,1004.90204,4.0,1004.0007,6.0,4.0,6.0,0.0,8.0,6.0,2.0,0.0,8.0,5.0,8.0,4.0,5.0,2.0,0.0,8.0,0.0,0.0,0.0,14849.973,525.2925,15200.3545,5.0,0.0,2.0,504.99506,2.0,6.0,15000.0,5.0,5.0,0.0,4.0,8.0,5.0,8.0,5.0,8.0,502.5879,1028.9591,0.0,0.0,0.0,24.0,0.0,8.0,0.0,535.71875,6.0,5.0,8.0,8.0,0.0,15000.0,6.0,2.0,6.0,8.0,5.0,6.0,0.0,6.0,8.0,523.5004,0.0,90.0,4.0,501.89578,0.0,0.0,4.0,0.0,0.0,0.0,0.0,8.0,0.0,8.0,5.0,4.0,0.0,8.0,4.0,4.0,8.0,4.0,2.0,2.0,24.0,297396.16,0.0,0.0,5.0,8.0,4.0,8.0,6.0,4.0,6.0,4.0,8.0,15032.363,6.0,2.0,10.0,8.0,5.0,531.51215,8.0,0.0,8.0
6960,0.0,4.0,4.0,90.0,6.0,2.0,6.0,2.0,4.0,2.0,5.0,4.0,4.0,4.0,5.0,2.0,8.0,14755.329,2.0,8.0,4.0,8.0,4.0,2.0,4.0,6.0,516.464,14714.03,15000.0,4.0,6.0,2.0,6.0,0.0,6.0,5.0,0.0,5.0,5.0,5.0,6.0,6.0,5.0,8.0,6.0,4.0,24.0,1021.53156,2.0,6.0,8.0,4.0,0.0,2.0,8.0,1018.4256,0.0,0.0,0.0,0.0,4.0,8.0,0.0,5.0,15000.0,8.0,14976.569,4.0,15000.0,8.0,2.0,5.0,0.0,2.0,0.0,8.0,0.0,0.0,6.0,4.0,0.0,8.0,45.051582,0.0,200.0,2.0,0.0,14902.193,8.0,4.0,6.0,0.0,5.0,5.0,6.0,8.0,16.0,0.0,0.0,8.0,77.0,8.0,4.0,1002.88806,1003.07385,0.0,0.0,0.0,8.0,8.0,0.0,0.0,1500.0,0.0,0.0,0.0,0.0,0.0,0.0,15539.087,6.0,0.0,5.0,6.0,8.0,0.0,2.0,4.0,0.0,2.0,2.0,8.0,5.0,0.0,500.0,0.0,14826.768,24.0,527.9259,4.0,0.0,24.0,15002.292,0.0,501.67386,24.0,0.0,0.0,8.0,0.0,24.0,0.0,0.0,501.9003,512.2055,10.0,0.0,0.0,0.0,0.0,15000.0,0.0,4.0,8.0,0.0,0.0,478.52454,8.0,0.0,8.0,0.0,0.0,0.0,8.0,0.0,8.0,0.0,15000.0,0.0,0.0,15000.0,1004.90204,4.0,1004.0007,6.0,4.0,6.0,0.0,8.0,6.0,2.0,0.0,8.0,5.0,8.0,4.0,5.0,2.0,0.0,8.0,0.0,0.0,0.0,14849.973,543.4032,15200.3545,5.0,0.0,2.0,504.99506,2.0,6.0,15000.0,5.0,5.0,0.0,4.0,8.0,5.0,8.0,5.0,8.0,502.5879,1028.9591,0.0,0.0,0.0,24.0,0.0,8.0,0.0,523.9655,6.0,5.0,8.0,8.0,0.0,15000.0,6.0,2.0,6.0,8.0,5.0,6.0,0.0,6.0,8.0,523.5004,0.0,90.0,4.0,501.89578,0.0,0.0,4.0,0.0,0.0,0.0,0.0,8.0,0.0,8.0,5.0,4.0,0.0,8.0,4.0,4.0,8.0,4.0,2.0,2.0,24.0,297396.16,0.0,0.0,5.0,8.0,4.0,8.0,6.0,4.0,6.0,4.0,8.0,15032.363,6.0,2.0,10.0,8.0,5.0,531.51215,8.0,0.0,8.0
7020,0.0,4.0,4.0,90.0,6.0,2.0,6.0,2.0,4.0,2.0,5.0,4.0,4.0,4.0,5.0,2.0,8.0,14755.329,2.0,8.0,4.0,8.0,4.0,2.0,4.0,6.0,516.464,14714.03,15000.0,4.0,6.0,2.0,6.0,0.0,6.0,5.0,0.0,5.0,5.0,5.0,6.0,6.0,5.0,8.0,6.0,4.0,24.0,1021.53156,2.0,6.0,8.0,4.0,0.0,2.0,8.0,1018.4256,0.0,0.0,0.0,0.0,4.0,8.0,0.0,5.0,15000.0,8.0,14976.569,4.0,15000.0,8.0,2.0,5.0,0.0,2.0,0.0,8.0,0.0,0.0,6.0,4.0,0.0,8.0,45.051582,0.0,200.0,2.0,0.0,14902.193,8.0,4.0,6.0,0.0,5.0,5.0,6.0,8.0,16.0,0.0,0.0,8.0,77.0,8.0,4.0,1002.88806,1003.07385,0.0,0.0,0.0,8.0,8.0,0.0,0.0,1500.0,0.0,0.0,0.0,0.0,0.0,0.0,15539.087,6.0,0.0,5.0,6.0,8.0,0.0,2.0,4.0,0.0,2.0,2.0,8.0,5.0,0.0,500.0,0.0,14826.768,24.0,527.9259,4.0,0.0,24.0,15002.292,0.0,501.67386,24.0,0.0,0.0,8.0,0.0,24.0,0.0,0.0,501.9003,503.85452,10.0,0.0,0.0,0.0,0.0,15000.0,0.0,4.0,8.0,0.0,0.0,497.7309,8.0,0.0,8.0,0.0,0.0,0.0,8.0,0.0,8.0,0.0,15000.0,0.0,0.0,15000.0,1004.90204,4.0,1004.0007,6.0,4.0,6.0,0.0,8.0,6.0,2.0,0.0,8.0,5.0,8.0,4.0,5.0,2.0,0.0,8.0,0.0,0.0,0.0,14849.973,543.4032,15200.3545,5.0,0.0,2.0,504.99506,2.0,6.0,15000.0,5.0,5.0,0.0,4.0,8.0,5.0,8.0,5.0,8.0,502.5879,1028.9591,0.0,0.0,0.0,24.0,0.0,8.0,0.0,512.2123,6.0,5.0,8.0,8.0,0.0,15000.0,6.0,2.0,6.0,8.0,5.0,6.0,0.0,6.0,8.0,523.5004,0.0,90.0,4.0,501.89578,0.0,0.0,4.0,0.0,0.0,0.0,0.0,8.0,0.0,8.0,5.0,4.0,0.0,8.0,4.0,4.0,8.0,4.0,2.0,2.0,24.0,297396.16,0.0,0.0,5.0,8.0,4.0,8.0,6.0,4.0,6.0,4.0,8.0,15032.363,6.0,2.0,10.0,8.0,5.0,531.51215,8.0,0.0,8.0
7080,0.0,1.0,1.0,85.0,4.0,2.0,4.0,2.0,1.0,2.0,5.0,1.0,4.0,1.0,5.0,2.0,7.0,14755.329,2.0,7.0,1.0,7.0,1.0,2.0,4.0,4.0,516.464,14714.03,15000.0,1.0,6.0,2.0,4.0,0.0,6.0,5.0,0.0,5.0,5.0,5.0,4.0,4.0,5.0,7.0,4.0,1.0,21.0,1021.53156,2.0,4.0,7.0,1.0,0.0,2.0,7.0,1018.4256,0.0,0.0,0.0,0.0,1.0,7.0,0.0,5.0,15000.0,7.0,14976.569,4.0,15000.0,7.0,2.0,5.0,0.0,2.0,0.0,8.0,0.0,0.0,4.0,1.0,0.0,7.0,45.051582,0.0,200.0,2.0,0.0,14902.193,8.0,1.0,4.0,0.0,5.0,5.0,4.0,7.0,14.0,0.0,0.0,7.0,73.0,7.0,4.0,1002.88806,1003.07385,0.0,0.0,0.0,7.0,7.0,0.0,0.0,1500.0,0.0,0.0,0.0,0.0,0.0,0.0,15539.087,6.0,0.0,5.0,4.0,7.0,0.0,2.0,1.0,0.0,2.0,2.0,8.0,5.0,0.0,500.0,0.0,14826.768,21.0,527.9259,1.0,0.0,21.0,15002.292,0.0,501.67386,24.0,0.0,0.0,7.0,0.0,21.0,0.0,0.0,501.9003,501.38016,10.0,0.0,0.0,0.0,0.0,15000.0,0.0,1.0,7.0,0.0,0.0,516.94366,7.0,0.0,8.0,0.0,0.0,0.0,7.0,0.0,7.0,0.0,15000.0,0.0,0.0,15000.0,1004.90204,1.0,1004.0007,4.0,1.0,4.0,0.0,7.0,4.0,2.0,0.0,7.0,5.0,7.0,1.0,5.0,2.0,0.0,8.0,0.0,0.0,0.0,14849.973,561.52,15200.3545,5.0,0.0,2.0,504.99506,2.0,4.0,15000.0,5.0,5.0,0.0,1.0,7.0,5.0,7.0,5.0,7.0,502.5879,1028.9591,0.0,0.0,0.0,21.0,0.0,7.0,0.0,503.2427,4.0,5.0,7.0,7.0,0.0,15000.0,4.0,2.0,4.0,8.0,5.0,4.0,0.0,4.0,7.0,523.5004,0.0,85.0,1.0,501.89578,0.0,0.0,1.0,0.0,0.0,0.0,0.0,8.0,0.0,7.0,5.0,1.0,0.0,7.0,4.0,1.0,7.0,1.0,2.0,2.0,21.0,297396.16,0.0,0.0,5.0,7.0,1.0,7.0,6.0,1.0,4.0,4.0,8.0,15032.363,4.0,2.0,10.0,7.0,5.0,531.51215,8.0,0.0,7.0
7140,0.0,1.0,1.0,85.0,4.0,2.0,4.0,2.0,1.0,2.0,5.0,1.0,4.0,1.0,5.0,2.0,7.0,14755.329,2.0,7.0,1.0,7.0,1.0,2.0,4.0,4.0,516.464,14714.03,15000.0,1.0,6.0,2.0,4.0,0.0,4.0,5.0,0.0,5.0,5.0,5.0,4.0,4.0,5.0,7.0,4.0,1.0,21.0,1021.53156,2.0,4.0,7.0,1.0,0.0,2.0,7.0,1018.4256,0.0,0.0,0.0,0.0,1.0,7.0,0.0,5.0,15000.0,7.0,14976.569,1.0,15000.0,7.0,2.0,5.0,0.0,2.0,0.0,7.0,0.0,0.0,4.0,1.0,0.0,7.0,45.051582,0.0,200.0,2.0,0.0,14902.193,7.0,1.0,4.0,0.0,5.0,5.0,4.0,7.0,14.0,0.0,0.0,7.0,73.0,7.0,1.0,1002.88806,1003.07385,0.0,0.0,0.0,7.0,7.0,0.0,0.0,1500.0,0.0,0.0,0.0,0.0,0.0,0.0,15539.087,4.0,0.0,5.0,4.0,7.0,0.0,2.0,1.0,0.0,2.0,2.0,7.0,5.0,0.0,500.0,0.0,14826.768,21.0,527.9259,1.0,0.0,21.0,15002.292,0.0,501.67386,21.0,0.0,0.0,7.0,0.0,21.0,0.0,0.0,501.9003,501.38016,10.0,0.0,0.0,0.0,0.0,15000.0,0.0,1.0,7.0,0.0,0.0,536.1627,7.0,0.0,7.0,0.0,0.0,0.0,7.0,0.0,7.0,0.0,15000.0,0.0,0.0,15000.0,1004.90204,1.0,1004.0007,4.0,1.0,4.0,0.0,7.0,4.0,2.0,0.0,7.0,5.0,7.0,1.0,5.0,2.0,0.0,7.0,0.0,0.0,0.0,14849.973,579.63794,15200.3545,5.0,0.0,2.0,504.99506,2.0,4.0,15000.0,5.0,5.0,0.0,1.0,7.0,5.0,7.0,5.0,7.0,502.5879,1028.9591,0.0,0.0,0.0,21.0,0.0,7.0,0.0,503.2427,4.0,5.0,7.0,7.0,0.0,15000.0,4.0,2.0,4.0,8.0,5.0,4.0,0.0,4.0,7.0,523.5004,0.0,85.0,1.0,501.89578,0.0,0.0,1.0,0.0,0.0,0.0,0.0,7.0,0.0,7.0,5.0,1.0,0.0,7.0,1.0,1.0,7.0,1.0,2.0,2.0,21.0,297396.16,0.0,0.0,5.0,7.0,1.0,7.0,4.0,1.0,4.0,4.0,8.0,15032.363,4.0,2.0,10.0,7.0,5.0,531.51215,7.0,0.0,7.0
7200,0.0,1.0,1.0,85.0,4.0,2.0,4.0,2.0,1.0,2.0,5.0,1.0,4.0,1.0,5.0,2.0,7.0,14755.329,2.0,7.0,1.0,7.0,1.0,2.0,1.0,4.0,516.464,14714.03,15000.0,1.0,4.0,2.0,4.0,0.0,4.0,5.0,0.0,5.0,5.0,5.0,4.0,4.0,5.0,7.0,4.0,1.0,21.0,1021.53156,2.0,4.0,7.0,1.0,0.0,2.0,7.0,1018.4256,0.0,0.0,0.0,0.0,1.0,7.0,0.0,5.0,15000.0,7.0,14976.569,1.0,15000.0,7.0,2.0,5.0,0.0,2.0,0.0,7.0,0.0,0.0,4.0,1.0,0.0,7.0,45.051582,0.0,200.0,2.0,0.0,14902.193,7.0,1.0,4.0,0.0,5.0,5.0,4.0,7.0,14.0,0.0,0.0,7.0,73.0,7.0,1.0,1002.88806,1003.07385,0.0,0.0,0.0,7.0,7.0,0.0,0.0,1500.0,0.0,0.0,0.0,0.0,0.0,0.0,15539.087,4.0,0.0,5.0,4.0,7.0,0.0,2.0,1.0,0.0,2.0,2.0,7.0,5.0,0.0,500.0,0.0,14826.768,21.0,527.9259,1.0,0.0,21.0,15002.292,0.0,501.67386,21.0,0.0,0.0,7.0,0.0,21.0,0.0,0.0,501.9003,501.38016,10.0,0.0,0.0,0.0,0.0,15000.0,0.0,1.0,7.0,0.0,0.0,555.38794,7.0,0.0,7.0,0.0,0.0,0.0,7.0,0.0,7.0,0.0,15000.0,0.0,0.0,15000.0,1004.90204,1.0,1004.0007,4.0,1.0,4.0,0.0,7.0,4.0,2.0,0.0,7.0,5.0,7.0,1.0,5.0,2.0,0.0,7.0,0.0,0.0,0.0,14849.973,597.75757,15200.3545,5.0,0.0,2.0,504.99506,2.0,4.0,15000.0,5.0,5.0,0.0,1.0,7.0,5.0,7.0,5.0,7.0,502.5879,1028.9591,0.0,0.0,0.0,21.0,0.0,7.0,0.0,503.2427,4.0,5.0,7.0,7.0,0.0,15000.0,4.0,2.0,4.0,7.0,5.0,4.0,0.0,4.0,7.0,523.5004,0.0,85.0,1.0,501.89578,0.0,0.0,1.0,0.0,0.0,0.0,0.0,7.0,0.0,7.0,5.0,1.0,0.0,7.0,1.0,1.0,7.0,1.0,2.0,2.0,21.0,297396.16,0.0,0.0,5.0,7.0,1.0,7.0,4.0,1.0,4.0,1.0,7.0,15032.363,4.0,2.0,10.0,7.0,5.0,531.51215,7.0,0.0,7.0
7260,0.0,1.0,1.0,85.0,4.0,2.0,4.0,2.0,1.0,2.0,5.0,1.0,1.0,1.0,5.0,2.0,7.0,14755.329,2.0,7.0,1.0,7.0,1.0,2.0,1.0,4.0,516.464,14714.03,15000.0,1.0,4.0,2.0,4.0,0.0,4.0,5.0,0.0,5.0,5.0,5.0,4.0,4.0,5.0,7.0,4.0,1.0,21.0,1021.53156,2.0,4.0,7.0,1.0,0.0,2.0,7.0,1018.4256,0.0,0.0,0.0,0.0,1.0,7.0,0.0,5.0,15000.0,7.0,14976.569,1.0,15000.0,7.0,2.0,5.0,0.0,2.0,0.0,7.0,0.0,0.0,4.0,1.0,0.0,7.0,45.051582,0.0,200.0,2.0,0.0,14902.193,7.0,1.0,4.0,0.0,5.0,5.0,4.0,7.0,14.0,0.0,0.0,7.0,73.0,7.0,1.0,1002.88806,1003.07385,0.0,0.0,0.0,7.0,7.0,0.0,0.0,1500.0,0.0,0.0,0.0,0.0,0.0,0.0,15539.087,4.0,0.0,5.0,4.0,7.0,0.0,2.0,1.0,0.0,2.0,2.0,7.0,5.0,0.0,500.0,0.0,14826.768,21.0,527.9259,1.0,0.0,21.0,15002.292,0.0,501.67386,21.0,0.0,0.0,7.0,0.0,21.0,0.0,0.0,501.9003,501.38016,10.0,0.0,0.0,0.0,0.0,15000.0,0.0,1.0,7.0,0.0,0.0,574.6192,7.0,0.0,7.0,0.0,0.0,0.0,7.0,0.0,7.0,0.0,15000.0,0.0,0.0,15000.0,1004.90204,1.0,1004.0007,4.0,1.0,4.0,0.0,7.0,4.0,2.0,0.0,7.0,5.0,7.0,1.0,5.0,2.0,0.0,7.0,0.0,0.0,0.0,14849.973,597.75757,15200.3545,5.0,0.0,2.0,504.99506,2.0,4.0,15000.0,5.0,5.0,0.0,1.0,7.0,5.0,7.0,5.0,7.0,502.5879,1028.9591,0.0,0.0,0.0,21.0,0.0,7.0,0.0,503.2427,4.0,5.0,7.0,7.0,0.0,15000.0,4.0,2.0,4.0,7.0,5.0,4.0,0.0,4.0,7.0,523.5004,0.0,85.0,1.0,501.89578,0.0,0.0,1.0,0.0,0.0,0.0,0.0,7.0,0.0,7.0,5.0,1.0,0.0,7.0,1.0,1.0,7.0,1.0,2.0,2.0,21.0,297396.16,0.0,0.0,5.0,7.0,1.0,7.0,4.0,1.0,4.0,1.0,7.0,15032.363,4.0,2.0,10.0,7.0,5.0,531.51215,7.0,0.0,7.0
7320,0.0,1.0,1.0,85.0,4.0,2.0,4.0,2.0,1.0,2.0,5.0,1.0,1.0,1.0,5.0,2.0,7.0,14755.329,2.0,7.0,1.0,7.0,1.0,2.0,1.0,4.0,516.464,14714.03,15000.0,1.0,4.0,2.0,4.0,0.0,4.0,5.0,0.0,5.0,5.0,5.0,4.0,4.0,5.0,7.0,4.0,1.0,21.0,1021.53156,2.0,4.0,7.0,1.0,0.0,2.0,7.0,1018.4256,0.0,0.0,0.0,0.0,1.0,7.0,0.0,5.0,15000.0,7.0,14976.569,1.0,15000.0,7.0,2.0,5.0,0.0,2.0,0.0,7.0,0.0,0.0,4.0,1.0,0.0,7.0,45.051582,0.0,200.0,2.0,0.0,14902.193,7.0,1.0,4.0,0.0,5.0,5.0,4.0,7.0,14.0,0.0,0.0,7.0,73.0,7.0,1.0,1002.88806,1003.07385,0.0,0.0,0.0,7.0,7.0,0.0,0.0,1500.0,0.0,0.0,0.0,0.0,0.0,0.0,15539.087,4.0,0.0,5.0,4.0,7.0,0.0,2.0,1.0,0.0,2.0,2.0,7.0,5.0,0.0,500.0,0.0,14826.768,21.0,527.9259,1.0,0.0,21.0,15002.292,0.0,501.67386,21.0,0.0,0.0,7.0,0.0,21.0,0.0,0.0,501.9003,501.38016,10.0,0.0,0.0,0.0,0.0,15000.0,0.0,1.0,7.0,0.0,0.0,593.85394,7.0,0.0,7.0,0.0,0.0,0.0,7.0,0.0,7.0,0.0,15000.0,0.0,0.0,15000.0,1004.90204,1.0,1004.0007,4.0,1.0,4.0,0.0,7.0,4.0,2.0,0.0,7.0,5.0,7.0,1.0,5.0,2.0,0.0,7.0,0.0,0.0,0.0,14849.973,615.88306,15200.3545,5.0,0.0,2.0,504.99506,2.0,4.0,15000.0,5.0,5.0,0.0,1.0,7.0,5.0,7.0,5.0,7.0,502.5879,1028.9591,0.0,0.0,0.0,21.0,0.0,7.0,0.0,503.2427,4.0,5.0,7.0,7.0,0.0,15000.0,4.0,2.0,4.0,7.0,5.0,4.0,0.0,4.0,7.0,523.5004,0.0,85.0,1.0,501.89578,0.0,0.0,1.0,0.0,0.0,0.0,0.0,7.0,0.0,7.0,5.0,1.0,0.0,7.0,1.0,1.0,7.0,1.0,2.0,2.0,21.0,297396.16,0.0,0.0,5.0,7.0,1.0,7.0,4.0,1.0,4.0,1.0,7.0,15032.363,4.0,2.0,10.0,7.0,5.0,531.51215,7.0,0.0,7.0
7380,0.0,1.0,1.0,85.0,4.0,2.0,4.0,2.0,1.0,2.0,5.0,1.0,1.0,1.0,5.0,2.0,7.0,14755.329,2.0,7.0,1.0,7.0,1.0,2.0,1.0,4.0,516.464,14714.03,15000.0,1.0,4.0,2.0,4.0,0.0,4.0,5.0,0.0,5.0,5.0,5.0,4.0,4.0,5.0,7.0,4.0,1.0,21.0,1021.53156,2.0,4.0,7.0,1.0,0.0,2.0,7.0,1018.4256,0.0,0.0,0.0,0.0,1.0,7.0,0.0,5.0,15000.0,7.0,14976.569,1.0,15000.0,7.0,2.0,5.0,0.0,2.0,0.0,7.0,0.0,0.0,4.0,1.0,0.0,7.0,45.051582,0.0,200.0,2.0,0.0,14902.193,7.0,1.0,4.0,0.0,5.0,5.0,4.0,7.0,14.0,0.0,0.0,7.0,73.0,7.0,1.0,1002.88806,1003.07385,0.0,0.0,0.0,7.0,7.0,0.0,0.0,1500.0,0.0,0.0,0.0,0.0,0.0,0.0,15539.087,4.0,0.0,5.0,4.0,7.0,0.0,2.0,1.0,0.0,2.0,2.0,7.0,5.0,0.0,500.0,0.0,14826.768,21.0,527.9259,1.0,0.0,21.0,15002.292,0.0,501.67386,21.0,0.0,0.0,7.0,0.0,21.0,0.0,0.0,501.9003,501.38016,10.0,0.0,0.0,0.0,0.0,15000.0,0.0,1.0,7.0,0.0,0.0,613.08905,7.0,0.0,7.0,0.0,0.0,0.0,7.0,0.0,7.0,0.0,15000.0,0.0,0.0,15000.0,1004.90204,1.0,1004.0007,4.0,1.0,4.0,0.0,7.0,4.0,2.0,0.0,7.0,5.0,7.0,1.0,5.0,2.0,0.0,7.0,0.0,0.0,0.0,14849.973,634.00964,15200.3545,5.0,0.0,2.0,504.99506,2.0,4.0,15000.0,5.0,5.0,0.0,1.0,7.0,5.0,7.0,5.0,7.0,502.5879,1028.9591,0.0,0.0,0.0,21.0,0.0,7.0,0.0,503.2427,4.0,5.0,7.0,7.0,0.0,15000.0,4.0,2.0,4.0,7.0,5.0,4.0,0.0,4.0,7.0,523.5004,0.0,85.0,1.0,501.89578,0.0,0.0,1.0,0.0,0.0,0.0,0.0,7.0,0.0,7.0,5.0,1.0,0.0,7.0,1.0,1.0,7.0,1.0,2.0,2.0,21.0,297396.16,0.0,0.0,5.0,7.0,1.0,7.0,4.0,1.0,4.0,1.0,7.0,15032.363,4.0,2.0,10.0,7.0,5.0,531.51215,7.0,0.0,7.0
7440,0.0,1.0,1.0,85.0,4.0,2.0,4.0,2.0,1.0,2.0,5.0,1.0,1.0,1.0,5.0,2.0,7.0,14755.329,2.0,7.0,1.0,7.0,1.0,2.0,1.0,4.0,516.464,14714.03,15000.0,1.0,4.0,2.0,4.0,0.0,4.0,5.0,0.0,5.0,5.0,5.0,4.0,4.0,5.0,7.0,4.0,1.0,21.0,1021.53156,2.0,4.0,7.0,1.0,0.0,2.0,7.0,1018.4256,0.0,0.0,0.0,0.0,1.0,7.0,0.0,5.0,15000.0,7.0,14976.569,1.0,15000.0,7.0,2.0,5.0,0.0,2.0,0.0,7.0,0.0,0.0,4.0,1.0,0.0,7.0,45.051582,0.0,200.0,2.0,0.0,14902.193,7.0,1.0,4.0,0.0,5.0,5.0,4.0,7.0,14.0,0.0,0.0,7.0,73.0,7.0,1.0,1002.88806,1003.07385,0.0,0.0,0.0,7.0,7.0,0.0,0.0,1500.0,0.0,0.0,0.0,0.0,0.0,0.0,15539.087,4.0,0.0,5.0,4.0,7.0,0.0,2.0,1.0,0.0,2.0,2.0,7.0,5.0,0.0,500.0,0.0,14826.768,21.0,527.9259,1.0,0.0,21.0,15002.292,0.0,501.67386,21.0,0.0,0.0,7.0,0.0,21.0,0.0,0.0,501.9003,501.38016,10.0,0.0,0.0,0.0,0.0,15000.0,0.0,1.0,7.0,0.0,0.0,632.3232,7.0,0.0,7.0,0.0,0.0,0.0,7.0,0.0,7.0,0.0,15000.0,0.0,0.0,15000.0,1004.90204,1.0,1004.0007,4.0,1.0,4.0,0.0,7.0,4.0,2.0,0.0,7.0,5.0,7.0,1.0,5.0,2.0,0.0,7.0,0.0,0.0,0.0,14849.973,652.1379,15200.3545,5.0,0.0,2.0,504.99506,2.0,4.0,15000.0,5.0,5.0,0.0,1.0,7.0,5.0,7.0,5.0,7.0,502.5879,1028.9591,0.0,0.0,0.0,21.0,0.0,7.0,0.0,503.2427,4.0,5.0,7.0,7.0,0.0,15000.0,4.0,2.0,4.0,7.0,5.0,4.0,0.0,4.0,7.0,523.5004,0.0,85.0,1.0,501.89578,0.0,0.0,1.0,0.0,0.0,0.0,0.0,7.0,0.0,7.0,5.0,1.0,0.0,7.0,1.0,1.0,7.0,1.0,2.0,2.0,21.0,297396.16,0.0,0.0,5.0,7.0,1.0,7.0,4.0,1.0,4.0,1.0,7.0,15032.363,4.0,2.0,10.0,7.0,5.0,531.51215,7.0,0.0,7.0
7500,0.0,1.0,1.0,85.0,4.0,2.0,4.0,2.0,1.0,2.0,5.0,1.0,1.0,1.0,5.0,2.0,7.0,14755.329,2.0,7.0,1.0,7.0,1.0,2.0,1.0,4.0,516.464,14714.03,15000.0,1.0,4.0,2.0,4.0,0.0,4.0,5.0,0.0,5.0,5.0,5.0,4.0,4.0,5.0,7.0,4.0,1.0,21.0,1021.53156,2.0,4.0,7.0,1.0,0.0,2.0,7.0,1018.4256,0.0,0.0,0.0,0.0,1.0,7.0,0.0,5.0,15000.0,7.0,14976.569,1.0,15000.0,7.0,2.0,5.0,0.0,2.0,0.0,7.0,0.0,0.0,4.0,1.0,0.0,7.0,45.051582,0.0,200.0,2.0,0.0,14902.193,7.0,1.0,4.0,0.0,5.0,5.0,4.0,7.0,14.0,0.0,0.0,7.0,73.0,7.0,1.0,1002.88806,1003.07385,0.0,0.0,0.0,7.0,7.0,0.0,0.0,1500.0,0.0,0.0,0.0,0.0,0.0,0.0,15539.087,4.0,0.0,5.0,4.0,7.0,0.0,2.0,1.0,0.0,2.0,2.0,7.0,5.0,0.0,500.0,0.0,14826.768,21.0,527.9259,1.0,0.0,21.0,15002.292,0.0,501.67386,21.0,0.0,0.0,7.0,0.0,21.0,0.0,0.0,501.9003,501.38016,10.0,0.0,0.0,0.0,0.0,15000.0,0.0,1.0,7.0,0.0,0.0,651.55536,7.0,0.0,7.0,0.0,0.0,0.0,7.0,0.0,7.0,0.0,15000.0,0.0,0.0,15000.0,1004.90204,1.0,1004.0007,4.0,1.0,4.0,0.0,7.0,4.0,2.0,0.0,7.0,5.0,7.0,1.0,5.0,2.0,0.0,7.0,0.0,0.0,0.0,14849.973,670.26776,15200.3545,5.0,0.0,2.0,504.99506,2.0,4.0,15000.0,5.0,5.0,0.0,1.0,7.0,5.0,7.0,5.0,7.0,502.5879,1028.9591,0.0,0.0,0.0,21.0,0.0,7.0,0.0,503.2427,4.0,5.0,7.0,7.0,0.0,15000.0,4.0,2.0,4.0,7.0,5.0,4.0,0.0,4.0,7.0,523.5004,0.0,85.0,1.0,501.89578,0.0,0.0,1.0,0.0,0.0,0.0,0.0,7.0,0.0,7.0,5.0,1.0,0.0,7.0,1.0,1.0,7.0,1.0,2.0,2.0,21.0,297396.16,0.0,0.0,5.0,7.0,1.0,7.0,4.0,1.0,4.0,1.0,7.0,15032.363,4.0,2.0,10.0,7.0,5.0,531.51215,7.0,0.0,7.0
7560,0.0,1.0,1.0,85.0,4.0,2.0,4.0,2.0,1.0,2.0,5.0,1.0,1.0,1.0,5.0,2.0,7.0,14755.329,2.0,7.0,1.0,7.0,1.0,2.0,1.0,4.0,516.464,14714.03,15000.0,1.0,4.0,2.0,4.0,0.0,4.0,5.0,0.0,5.0,5.0,5.0,4.0,4.0,5.0,7.0,4.0,1.0,21.0,1021.53156,2.0,4.0,7.0,1.0,0.0,2.0,7.0,1018.4256,0.0,0.0,0.0,0.0,1.0,7.0,0.0,5.0,15000.0,7.0,14976.569,1.0,15000.0,7.0,2.0,5.0,0.0,2.0,0.0,7.0,0.0,0.0,4.0,1.0,0.0,7.0,45.051582,0.0,200.0,2.0,0.0,14902.193,7.0,1.0,4.0,0.0,5.0,5.0,4.0,7.0,14.0,0.0,0.0,7.0,73.0,7.0,1.0,1002.88806,1003.07385,0.0,0.0,0.0,7.0,7.0,0.0,0.0,1500.0,0.0,0.0,0.0,0.0,0.0,0.0,15539.087,4.0,0.0,5.0,4.0,7.0,0.0,2.0,1.0,0.0,2.0,2.0,7.0,5.0,0.0,500.0,0.0,14826.768,21.0,527.9259,1.0,0.0,21.0,15002.292,0.0,501.67386,21.0,0.0,0.0,7.0,0.0,21.0,0.0,0.0,501.9003,501.38016,10.0,0.0,0.0,0.0,0.0,15000.0,0.0,1.0,7.0,0.0,0.0,670.78534,7.0,0.0,7.0,0.0,0.0,0.0,7.0,0.0,7.0,0.0,15000.0,0.0,0.0,15000.0,1004.90204,1.0,1004.0007,4.0,1.0,4.0,0.0,7.0,4.0,2.0,0.0,7.0,5.0,7.0,1.0,5.0,2.0,0.0,7.0,0.0,0.0,0.0,14849.973,688.3994,15200.3545,5.0,0.0,2.0,504.99506,2.0,4.0,15000.0,5.0,5.0,0.0,1.0,7.0,5.0,7.0,5.0,7.0,502.5879,1028.9591,0.0,0.0,0.0,21.0,0.0,7.0,0.0,503.2427,4.0,5.0,7.0,7.0,0.0,15000.0,4.0,2.0,4.0,7.0,5.0,4.0,0.0,4.0,7.0,523.5004,0.0,85.0,1.0,501.89578,0.0,0.0,1.0,0.0,0.0,0.0,0.0,7.0,0.0,7.0,5.0,1.0,0.0,7.0,1.0,1.0,7.0,1.0,2.0,2.0,21.0,297396.16,0.0,0.0,5.0,7.0,1.0,7.0,4.0,1.0,4.0,1.0,7.0,15032.363,4.0,2.0,10.0,7.0,5.0,531.51215,7.0,0.0,7.0
7620,0.0,1.0,1.0,85.0,4.0,2.0,4.0,2.0,1.0,2.0,5.0,1.0,1.0,1.0,5.0,2.0,7.0,14755.329,2.0,7.0,1.0,7.0,1.0,2.0,1.0,4.0,516.464,14714.03,15000.0,1.0,4.0,2.0,4.0,0.0,4.0,5.0,0.0,5.0,5.0,5.0,4.0,4.0,5.0,7.0,4.0,1.0,21.0,1021.53156,2.0,4.0,7.0,1.0,0.0,2.0,7.0,1018.4256,0.0,0.0,0.0,0.0,1.0,7.0,0.0,5.0,15000.0,7.0,14976.569,1.0,15000.0,7.0,2.0,5.0,0.0,2.0,0.0,7.0,0.0,0.0,4.0,1.0,0.0,7.0,45.051582,0.0,200.0,2.0,0.0,14902.193,7.0,1.0,4.0,0.0,5.0,5.0,4.0,7.0,14.0,0.0,0.0,7.0,73.0,7.0,1.0,1002.88806,1003.07385,0.0,0.0,0.0,7.0,7.0,0.0,0.0,1500.0,0.0,0.0,0.0,0.0,0.0,0.0,15539.087,4.0,0.0,5.0,4.0,7.0,0.0,2.0,1.0,0.0,2.0,2.0,7.0,5.0,0.0,500.0,0.0,14826.768,21.0,527.9259,1.0,0.0,21.0,15002.292,0.0,501.67386,21.0,0.0,0.0,7.0,0.0,21.0,0.0,0.0,501.9003,501.38016,10.0,0.0,0.0,0.0,0.0,15000.0,0.0,1.0,7.0,0.0,0.0,690.0128,7.0,0.0,7.0,0.0,0.0,0.0,7.0,0.0,7.0,0.0,15000.0,0.0,0.0,15000.0,1004.90204,1.0,1004.0007,4.0,1.0,4.0,0.0,7.0,4.0,2.0,0.0,7.0,5.0,7.0,1.0,5.0,2.0,0.0,7.0,0.0,0.0,0.0,14849.973,706.53296,15200.3545,5.0,0.0,2.0,504.99506,2.0,4.0,15000.0,5.0,5.0,0.0,1.0,7.0,5.0,7.0,5.0,7.0,502.5879,1028.9591,0.0,0.0,0.0,21.0,0.0,7.0,0.0,503.2427,4.0,5.0,7.0,7.0,0.0,15000.0,4.0,2.0,4.0,7.0,5.0,4.0,0.0,4.0,7.0,523.5004,0.0,85.0,1.0,501.89578,0.0,0.0,1.0,0.0,0.0,0.0,0.0,7.0,0.0,7.0,5.0,1.0,0.0,7.0,1.0,1.0,7.0,1.0,2.0,2.0,21.0,297396.16,0.0,0.0,5.0,7.0,1.0,7.0,4.0,1.0,4.0,1.0,7.0,15032.363,4.0,2.0,10.0,7.0,5.0,531.51215,7.0,0.0,7.0
7680,0.0,1.0,1.0,85.0,4.0,2.0,4.0,2.0,1.0,2.0,5.0,1.0,1.0,1.0,5.0,2.0,7.0,14755.329,2.0,7.0,1.0,7.0,1.0,2.0,1.0,4.0,516.464,14714.03,15000.0,1.0,4.0,2.0,4.0,0.0,4.0,5.0,0.0,5.0,5.0,5.0,4.0,4.0,5.0,7.0,4.0,1.0,21.0,1021.53156,2.0,4.0,7.0,1.0,0.0,2.0,7.0,1018.4256,0.0,0.0,0.0,0.0,1.0,7.0,0.0,5.0,15000.0,7.0,14976.569,1.0,15000.0,7.0,2.0,5.0,0.0,2.0,0.0,7.0,0.0,0.0,4.0,1.0,0.0,7.0,45.051582,0.0,200.0,2.0,0.0,14902.193,7.0,1.0,4.0,0.0,5.0,5.0,4.0,7.0,14.0,0.0,0.0,7.0,73.0,7.0,1.0,1002.88806,1003.07385,0.0,0.0,0.0,7.0,7.0,0.0,0.0,1500.0,0.0,0.0,0.0,0.0,0.0,0.0,15539.087,4.0,0.0,5.0,4.0,7.0,0.0,2.0,1.0,0.0,2.0,2.0,7.0,5.0,0.0,500.0,0.0,14826.768,21.0,527.9259,1.0,0.0,21.0,15002.292,0.0,501.67386,21.0,0.0,0.0,7.0,0.0,21.0,0.0,0.0,501.9003,501.38016,10.0,0.0,0.0,0.0,0.0,15000.0,0.0,1.0,7.0,0.0,0.0,709.23773,7.0,0.0,7.0,0.0,0.0,0.0,7.0,0.0,7.0,0.0,15000.0,0.0,0.0,15000.0,1004.90204,1.0,1004.0007,4.0,1.0,4.0,0.0,7.0,4.0,2.0,0.0,7.0,5.0,7.0,1.0,5.0,2.0,0.0,7.0,0.0,0.0,0.0,14849.973,724.6684,15200.3545,5.0,0.0,2.0,504.99506,2.0,4.0,15000.0,5.0,5.0,0.0,1.0,7.0,5.0,7.0,5.0,7.0,502.5879,1028.9591,0.0,0.0,0.0,21.0,0.0,7.0,0.0,503.2427,4.0,5.0,7.0,7.0,0.0,15000.0,4.0,2.0,4.0,7.0,5.0,4.0,0.0,4.0,7.0,523.5004,0.0,85.0,1.0,501.89578,0.0,0.0,1.0,0.0,0.0,0.0,0.0,7.0,0.0,7.0,5.0,1.0,0.0,7.0,1.0,1.0,7.0,1.0,2.0,2.0,21.0,297396.16,0.0,0.0,5.0,7.0,1.0,7.0,4.0,1.0,4.0,1.0,7.0,15032.363,4.0,2.0,10.0,7.0,5.0,531.51215,7.0,0.0,7.0
7740,0.0,1.0,1.0,85.0,4.0,2.0,4.0,2.0,1.0,2.0,5.0,1.0,1.0,1.0,5.0,2.0,7.0,14755.329,2.0,7.0,1.0,7.0,1.0,2.0,1.0,4.0,516.464,14714.03,15000.0,1.0,4.0,2.0,4.0,0.0,4.0,5.0,0.0,5.0,5.0,5.0,4.0,4.0,5.0,7.0,4.0,1.0,21.0,1021.53156,2.0,4.0,7.0,1.0,0.0,2.0,7.0,1018.4256,0.0,0.0,0.0,0.0,1.0,7.0,0.0,5.0,15000.0,7.0,14976.569,1.0,15000.0,7.0,2.0,5.0,0.0,2.0,0.0,7.0,0.0,0.0,4.0,1.0,0.0,7.0,45.051582,0.0,200.0,2.0,0.0,14902.193,7.0,1.0,4.0,0.0,5.0,5.0,4.0,7.0,14.0,0.0,0.0,7.0,73.0,7.0,1.0,1002.88806,1003.07385,0.0,0.0,0.0,7.0,7.0,0.0,0.0,1500.0,0.0,0.0,0.0,0.0,0.0,0.0,15539.087,4.0,0.0,5.0,4.0,7.0,0.0,2.0,1.0,0.0,2.0,2.0,7.0,5.0,0.0,500.0,0.0,14826.768,21.0,527.9259,1.0,0.0,21.0,15002.292,0.0,501.67386,21.0,0.0,0.0,7.0,0.0,21.0,0.0,0.0,501.9003,501.38016,10.0,0.0,0.0,0.0,0.0,15000.0,0.0,1.0,7.0,0.0,0.0,728.4598,7.0,0.0,7.0,0.0,0.0,0.0,7.0,0.0,7.0,0.0,15000.0,0.0,0.0,15000.0,1004.90204,1.0,1004.0007,4.0,1.0,4.0,0.0,7.0,4.0,2.0,0.0,7.0,5.0,7.0,1.0,5.0,2.0,0.0,7.0,0.0,0.0,0.0,14849.973,742.8058,15192.622,5.0,0.0,2.0,504.99506,2.0,4.0,15000.0,5.0,5.0,0.0,1.0,7.0,5.0,7.0,5.0,7.0,502.5879,1028.9591,0.0,0.0,0.0,21.0,0.0,7.0,0.0,503.2427,4.0,5.0,7.0,7.0,0.0,15000.0,4.0,2.0,4.0,7.0,5.0,4.0,0.0,4.0,7.0,523.5004,0.0,85.0,1.0,501.89578,0.0,0.0,1.0,0.0,0.0,0.0,0.0,7.0,0.0,7.0,5.0,1.0,0.0,7.0,1.0,1.0,7.0,1.0,2.0,2.0,21.0,297396.16,0.0,0.0,5.0,7.0,1.0,7.0,4.0,1.0,4.0,1.0,7.0,15032.363,4.0,2.0,10.0,7.0,5.0,531.51215,7.0,0.0,7.0
7800,0.0,1.0,1.0,85.0,4.0,2.0,4.0,2.0,1.0,2.0,5.0,1.0,1.0,1.0,5.0,2.0,7.0,14755.329,2.0,7.0,1.0,7.0,1.0,2.0,1.0,4.0,516.464,14706.298,15000.0,1.0,4.0,2.0,4.0,0.0,4.0,5.0,0.0,5.0,5.0,5.0,4.0,4.0,5.0,7.0,4.0,1.0,21.0,1021.53156,2.0,4.0,7.0,1.0,0.0,2.0,7.0,1018.4256,0.0,0.0,0.0,0.0,1.0,7.0,0.0,5.0,15000.0,7.0,14969.146,1.0,15000.0,7.0,2.0,5.0,0.0,2.0,0.0,7.0,0.0,0.0,4.0,1.0,0.0,7.0,45.051582,0.0,200.0,2.0,0.0,14902.193,7.0,1.0,4.0,0.0,5.0,5.0,4.0,7.0,14.0,0.0,0.0,7.0,73.0,7.0,1.0,1002.88806,1003.07385,0.0,0.0,0.0,7.0,7.0,0.0,0.0,1500.0,0.0,0.0,0.0,0.0,0.0,0.0,15531.3545,4.0,0.0,5.0,4.0,7.0,0.0,2.0,1.0,0.0,2.0,2.0,7.0,5.0,0.0,500.0,0.0,14819.036,21.0,527.9259,1.0,0.0,21.0,15002.292,0.0,501.67386,21.0,0.0,0.0,7.0,0.0,21.0,0.0,0.0,501.9003,501.38016,10.0,0.0,0.0,0.0,0.0,15000.0,0.0,1.0,7.0,0.0,0.0,747.6795,7.0,0.0,7.0,0.0,0.0,0.0,7.0,0.0,7.0,0.0,15000.0,0.0,0.0,15000.0,1004.90204,1.0,1004.0007,4.0,1.0,4.0,0.0,7.0,4.0,2.0,0.0,7.0,5.0,7.0,1.0,5.0,2.0,0.0,7.0,0.0,0.0,0.0,14849.973,760.9451,15184.89,5.0,0.0,2.0,504.99506,2.0,4.0,15000.0,5.0,5.0,0.0,1.0,7.0,5.0,7.0,5.0,7.0,502.5879,1028.9591,0.0,0.0,0.0,21.0,0.0,7.0,0.0,503.2427,4.0,5.0,7.0,7.0,0.0,15000.0,4.0,2.0,4.0,7.0,5.0,4.0,0.0,4.0,7.0,523.5004,0.0,85.0,1.0,501.89578,0.0,0.0,1.0,0.0,0.0,0.0,0.0,7.0,0.0,7.0,5.0,1.0,0.0,7.0,1.0,1.0,7.0,1.0,2.0,2.0,21.0,297396.16,0.0,0.0,5.0,7.0,1.0,7.0,4.0,1.0,4.0,1.0,7.0,15032.363,4.0,2.0,10.0,7.0,5.0,531.51215,7.0,0.0,7.0
7860,0.0,1.0,1.0,85.0,4.0,2.0,4.0,2.0,1.0,2.0,5.0,1.0,1.0,1.0,5.0,2.0,7.0,14755.329,2.0,7.0,1.0,7.0,1.0,2.0,1.0,4.0,516.464,14698.565,15000.0,1.0,4.0,2.0,4.0,0.0,4.0,5.0,0.0,5.0,5.0,5.0,4.0,4.0,5.0,7.0,4.0,1.0,21.0,1021.53156,2.0,4.0,7.0,1.0,0.0,2.0,7.0,1018.4256,0.0,0.0,0.0,0.0,1.0,7.0,0.0,5.0,15000.0,7.0,14961.724,1.0,15000.0,7.0,2.0,5.0,0.0,2.0,0.0,7.0,0.0,0.0,4.0,1.0,0.0,7.0,45.051582,0.0,200.0,2.0,0.0,14902.193,7.0,1.0,4.0,0.0,5.0,5.0,4.0,7.0,14.0,0.0,0.0,7.0,73.0,7.0,1.0,1002.88806,1003.07385,0.0,0.0,0.0,7.0,7.0,0.0,0.0,1500.0,0.0,0.0,0.0,0.0,0.0,0.0,15523.622,4.0,0.0,5.0,4.0,7.0,0.0,2.0,1.0,0.0,2.0,2.0,7.0,5.0,0.0,500.0,0.0,14811.304,21.0,527.9259,1.0,0.0,21.0,15002.292,0.0,501.67386,21.0,0.0,0.0,7.0,0.0,21.0,0.0,0.0,501.9003,501.38016,10.0,0.0,0.0,0.0,0.0,15000.0,0.0,1.0,7.0,0.0,0.0,766.89703,7.0,0.0,7.0,0.0,0.0,0.0,7.0,0.0,7.0,0.0,15000.0,0.0,0.0,15000.0,1004.90204,1.0,1004.0007,4.0,1.0,4.0,0.0,7.0,4.0,2.0,0.0,7.0,5.0,7.0,1.0,5.0,2.0,0.0,7.0,0.0,0.0,0.0,14849.973,779.0864,15177.157,5.0,0.0,2.0,504.99506,2.0,4.0,15000.0,5.0,5.0,0.0,1.0,7.0,5.0,7.0,5.0,7.0,502.5879,1028.9591,0.0,0.0,0.0,21.0,0.0,7.0,0.0,503.2427,4.0,5.0,7.0,7.0,0.0,15000.0,4.0,2.0,4.0,7.0,5.0,4.0,0.0,4.0,7.0,523.5004,0.0,85.0,1.0,501.89578,0.0,0.0,1.0,0.0,0.0,0.0,0.0,7.0,0.0,7.0,5.0,1.0,0.0,7.0,1.0,1.0,7.0,1.0,2.0,2.0,21.0,297396.16,0.0,0.0,5.0,7.0,1.0,7.0,4.0,1.0,4.0,1.0,7.0,15032.363,4.0,2.0,10.0,7.0,5.0,531.51215,7.0,0.0,7.0
7920,0.0,1.0,1.0,85.0,4.0,2.0,4.0,2.0,1.0,2.0,5.0,1.0,1.0,1.0,5.0,2.0,7.0,14755.329,2.0,7.0,1.0,7.0,1.0,2.0,1.0,4.0,516.464,14690.833,15000.0,1.0,4.0,2.0,4.0,0.0,4.0,5.0,0.0,5.0,5.0,5.0,4.0,4.0,5.0,7.0,4.0,1.0,21.0,1021.53156,2.0,4.0,7.0,1.0,0.0,2.0,7.0,1018.4256,0.0,0.0,0.0,0.0,1.0,7.0,0.0,5.0,15000.0,7.0,14954.3,1.0,15000.0,7.0,2.0,5.0,0.0,2.0,0.0,7.0,0.0,0.0,4.0,1.0,0.0,7.0,45.051582,0.0,200.0,2.0,0.0,14902.193,7.0,1.0,4.0,0.0,5.0,5.0,4.0,7.0,14.0,0.0,0.0,7.0,73.0,7.0,1.0,1002.88806,1003.07385,0.0,0.0,0.0,7.0,7.0,0.0,0.0,1500.0,0.0,0.0,0.0,0.0,0.0,0.0,15515.89,4.0,0.0,5.0,4.0,7.0,0.0,2.0,1.0,0.0,2.0,2.0,7.0,5.0,0.0,500.0,0.0,14803.571,21.0,527.9259,1.0,0.0,21.0,15002.292,0.0,501.67386,21.0,0.0,0.0,7.0,0.0,21.0,0.0,0.0,501.9003,501.38016,10.0,0.0,0.0,0.0,0.0,15000.0,0.0,1.0,7.0,0.0,0.0,786.1127,7.0,0.0,7.0,0.0,0.0,0.0,7.0,0.0,7.0,0.0,15000.0,0.0,0.0,15000.0,1004.90204,1.0,1004.0007,4.0,1.0,4.0,0.0,7.0,4.0,2.0,0.0,7.0,5.0,7.0,1.0,5.0,2.0,0.0,7.0,0.0,0.0,0.0,14849.973,797.22974,15169.425,5.0,0.0,2.0,504.99506,2.0,4.0,15000.0,5.0,5.0,0.0,1.0,7.0,5.0,7.0,5.0,7.0,502.5879,1028.9591,0.0,0.0,0.0,21.0,0.0,7.0,0.0,503.2427,4.0,5.0,7.0,7.0,0.0,15000.0,4.0,2.0,4.0,7.0,5.0,4.0,0.0,4.0,7.0,523.5004,0.0,85.0,1.0,501.89578,0.0,0.0,1.0,0.0,0.0,0.0,0.0,7.0,0.0,7.0,5.0,1.0,0.0,7.0,1.0,1.0,7.0,1.0,2.0,2.0,21.0,297396.16,0.0,0.0,5.0,7.0,1.0,7.0,4.0,1.0,4.0,1.0,7.0,15032.363,4.0,2.0,10.0,7.0,5.0,531.51215,7.0,0.0,7.0
7980,0.0,1.0,1.0,85.0,4.0,2.0,4.0,2.0,1.0,2.0,5.0,1.0,1.0,1.0,5.0,2.0,7.0,14755.329,2.0,7.0,1.0,7.0,1.0,2.0,1.0,4.0,516.464,14683.101,15000.0,1.0,4.0,2.0,4.0,0.0,4.0,5.0,0.0,5.0,5.0,5.0,4.0,4.0,5.0,7.0,4.0,1.0,21.0,1021.53156,2.0,4.0,7.0,1.0,0.0,2.0,7.0,1018.4256,0.0,0.0,0.0,0.0,1.0,7.0,0.0,5.0,15000.0,7.0,14946.877,1.0,15000.0,7.0,2.0,5.0,0.0,2.0,0.0,7.0,0.0,0.0,4.0,1.0,0.0,7.0,45.051582,0.0,200.0,2.0,0.0,14902.193,7.0,1.0,4.0,0.0,5.0,5.0,4.0,7.0,14.0,0.0,0.0,7.0,73.0,7.0,1.0,1002.88806,1003.07385,0.0,0.0,0.0,7.0,7.0,0.0,0.0,1500.0,0.0,0.0,0.0,0.0,0.0,0.0,15508.157,4.0,0.0,5.0,4.0,7.0,0.0,2.0,1.0,0.0,2.0,2.0,7.0,5.0,0.0,500.0,0.0,14795.839,21.0,527.9259,1.0,0.0,21.0,15002.292,0.0,501.67386,21.0,0.0,0.0,7.0,0.0,21.0,0.0,0.0,501.9003,501.38016,10.0,0.0,0.0,0.0,0.0,15000.0,0.0,1.0,7.0,0.0,0.0,805.3265,7.0,0.0,7.0,0.0,0.0,0.0,7.0,0.0,7.0,0.0,15000.0,0.0,0.0,15000.0,1004.90204,1.0,1004.0007,4.0,1.0,4.0,0.0,7.0,4.0,2.0,0.0,7.0,5.0,7.0,1.0,5.0,2.0,0.0,7.0,0.0,0.0,0.0,14849.973,815.375,15161.692,5.0,0.0,2.0,504.99506,2.0,4.0,15000.0,5.0,5.0,0.0,1.0,7.0,5.0,7.0,5.0,7.0,502.5879,1028.9591,0.0,0.0,0.0,21.0,0.0,7.0,0.0,503.2427,4.0,5.0,7.0,7.0,0.0,15000.0,4.0,2.0,4.0,7.0,5.0,4.0,0.0,4.0,7.0,523.5004,0.0,85.0,1.0,501.89578,0.0,0.0,1.0,0.0,0.0,0.0,0.0,7.0,0.0,7.0,5.0,1.0,0.0,7.0,1.0,1.0,7.0,1.0,2.0,2.0,21.0,297396.16,0.0,0.0,5.0,7.0,1.0,7.0,4.0,1.0,4.0,1.0,7.0,15032.363,4.0,2.0,10.0,7.0,5.0,531.51215,7.0,0.0,7.0
8040,0.0,1.0,1.0,85.0,4.0,2.0,4.0,2.0,1.0,2.0,5.0,1.0,1.0,1.0,5.0,2.0,7.0,14755.329,2.0,7.0,1.0,7.0,1.0,2.0,1.0,4.0,516.464,14675.368,15000.0,1.0,4.0,2.0,4.0,0.0,4.0,5.0,0.0,5.0,5.0,5.0,4.0,4.0,5.0,7.0,4.0,1.0,21.0,1021.53156,2.0,4.0,7.0,1.0,0.0,2.0,7.0,1018.4256,0.0,0.0,0.0,0.0,1.0,7.0,0.0,5.0,15000.0,7.0,14946.877,1.0,15000.0,7.0,2.0,5.0,0.0,2.0,0.0,7.0,0.0,0.0,4.0,1.0,0.0,7.0,45.051582,0.0,200.0,2.0,0.0,14902.193,7.0,1.0,4.0,0.0,5.0,5.0,4.0,7.0,14.0,0.0,0.0,7.0,73.0,7.0,1.0,1002.88806,1003.07385,0.0,0.0,0.0,7.0,7.0,0.0,0.0,1500.0,0.0,0.0,0.0,0.0,0.0,0.0,15500.425,4.0,0.0,5.0,4.0,7.0,0.0,2.0,1.0,0.0,2.0,2.0,7.0,5.0,0.0,500.0,0.0,14788.106,21.0,527.9259,1.0,0.0,21.0,15002.292,0.0,501.67386,21.0,0.0,0.0,7.0,0.0,21.0,0.0,0.0,501.9003,501.38016,10.0,0.0,0.0,0.0,0.0,15000.0,0.0,1.0,7.0,0.0,0.0,824.5387,7.0,0.0,7.0,0.0,0.0,0.0,7.0,0.0,7.0,0.0,15000.0,0.0,0.0,15000.0,1004.90204,1.0,1004.0007,4.0,1.0,4.0,0.0,7.0,4.0,2.0,0.0,7.0,5.0,7.0,1.0,5.0,2.0,0.0,7.0,0.0,0.0,0.0,14849.973,833.52234,15153.96,5.0,0.0,2.0,504.99506,2.0,4.0,15000.0,5.0,5.0,0.0,1.0,7.0,5.0,7.0,5.0,7.0,502.5879,1028.9591,0.0,0.0,0.0,21.0,0.0,7.0,0.0,503.2427,4.0,5.0,7.0,7.0,0.0,15000.0,4.0,2.0,4.0,7.0,5.0,4.0,0.0,4.0,7.0,523.5004,0.0,85.0,1.0,501.89578,0.0,0.0,1.0,0.0,0.0,0.0,0.0,7.0,0.0,7.0,5.0,1.0,0.0,7.0,1.0,1.0,7.0,1.0,2.0,2.0,21.0,297396.16,0.0,0.0,5.0,7.0,1.0,7.0,4.0,1.0,4.0,1.0,7.0,15032.363,4.0,2.0,10.0,7.0,5.0,531.51215,7.0,0.0,7.0
8100,0.0,1.0,1.0,85.0,4.0,2.0,4.0,2.0,1.0,2.0,5.0,1.0,1.0,1.0,5.0,2.0,7.0,14755.329,2.0,7.0,1.0,7.0,1.0,2.0,1.0,4.0,516.464,14675.368,15000.0,1.0,4.0,2.0,4.0,0.0,4.0,5.0,0.0,5.0,5.0,5.0,4.0,4.0,5.0,7.0,4.0,1.0,21.0,1021.53156,2.0,4.0,7.0,1.0,0.0,2.0,7.0,1018.4256,0.0,0.0,0.0,0.0,1.0,7.0,0.0,5.0,15000.0,7.0,14939.458,1.0,15000.0,7.0,2.0,5.0,0.0,2.0,0.0,7.0,0.0,0.0,4.0,1.0,0.0,7.0,45.051582,0.0,200.0,2.0,0.0,14902.193,7.0,1.0,4.0,0.0,5.0,5.0,4.0,7.0,14.0,0.0,0.0,7.0,73.0,7.0,1.0,1002.88806,1003.07385,0.0,0.0,0.0,7.0,7.0,0.0,0.0,1500.0,0.0,0.0,0.0,0.0,0.0,0.0,15492.697,4.0,0.0,5.0,4.0,7.0,0.0,2.0,1.0,0.0,2.0,2.0,7.0,5.0,0.0,500.0,0.0,14780.378,21.0,527.9259,1.0,0.0,21.0,15002.292,0